{
  "type": "FeatureCollection",
  "metadata": {
    "district": "MIE-03",
    "sourceCSV": "MIE-03_FINAL_VERIFIED_AREAS.csv",
    "pointCount": 684,
    "failCount": 0,
    "warningCount": 60,
    "approximateCount": 0,
    "approximateRate": "0.00%",
    "queryNormalizationCount": 656,
    "removedInternalTokens": [
      "（一部）",
      "第2区画",
      "第3区画",
      "第4区画",
      "第5区画",
      "第6区画",
      "第7区画",
      "第8区画",
      "第9区画",
      "第10区画",
      "第11区画",
      "第12区画",
      "第13区画",
      "第14区画",
      "第15区画",
      "第16区画",
      "第17区画",
      "第18区画",
      "第19区画",
      "第20区画",
      "第21区画"
    ],
    "engine": "v3.1 Pro Spatial Verification",
    "generatedAt": "2026-07-25T04:19:43.914Z"
  },
  "features": [
    {
      "type": "Feature",
      "geometry": {
        "type": "Point",
        "coordinates": [
          136.6243914,
          34.99900969999999
        ]
      },
      "properties": {
        "area_id": "MIE03-000001",
        "district_id": "MIE-03",
        "prefecture": "三重県",
        "city": "四日市市（一部）",
        "town": "羽津1丁目 第2区画",
        "postal_code": "5100012",
        "pattern_rule": "PATTERN_B_SPLIT_INCLUDED",
        "color_code": "#ef4444",
        "spatial_status": "VERIFIED"
      }
    },
    {
      "type": "Feature",
      "geometry": {
        "type": "Point",
        "coordinates": [
          136.6267926,
          35.0021125
        ]
      },
      "properties": {
        "area_id": "MIE03-000002",
        "district_id": "MIE-03",
        "prefecture": "三重県",
        "city": "四日市市（一部）",
        "town": "羽津2丁目 第2区画",
        "postal_code": "5100012",
        "pattern_rule": "PATTERN_B_SPLIT_INCLUDED",
        "color_code": "#ef4444",
        "spatial_status": "VERIFIED"
      }
    },
    {
      "type": "Feature",
      "geometry": {
        "type": "Point",
        "coordinates": [
          136.6243914,
          34.99900969999999
        ]
      },
      "properties": {
        "area_id": "MIE03-000003",
        "district_id": "MIE-03",
        "prefecture": "三重県",
        "city": "四日市市（一部）",
        "town": "羽津1丁目 第3区画",
        "postal_code": "5100012",
        "pattern_rule": "PATTERN_B_SPLIT_INCLUDED",
        "color_code": "#ef4444",
        "spatial_status": "VERIFIED"
      }
    },
    {
      "type": "Feature",
      "geometry": {
        "type": "Point",
        "coordinates": [
          136.6267926,
          35.0021125
        ]
      },
      "properties": {
        "area_id": "MIE03-000004",
        "district_id": "MIE-03",
        "prefecture": "三重県",
        "city": "四日市市（一部）",
        "town": "羽津2丁目 第3区画",
        "postal_code": "5100012",
        "pattern_rule": "PATTERN_B_SPLIT_INCLUDED",
        "color_code": "#ef4444",
        "spatial_status": "VERIFIED"
      }
    },
    {
      "type": "Feature",
      "geometry": {
        "type": "Point",
        "coordinates": [
          136.6243914,
          34.99900969999999
        ]
      },
      "properties": {
        "area_id": "MIE03-000005",
        "district_id": "MIE-03",
        "prefecture": "三重県",
        "city": "四日市市（一部）",
        "town": "羽津1丁目 第4区画",
        "postal_code": "5100012",
        "pattern_rule": "PATTERN_B_SPLIT_INCLUDED",
        "color_code": "#ef4444",
        "spatial_status": "VERIFIED"
      }
    },
    {
      "type": "Feature",
      "geometry": {
        "type": "Point",
        "coordinates": [
          136.6267926,
          35.0021125
        ]
      },
      "properties": {
        "area_id": "MIE03-000006",
        "district_id": "MIE-03",
        "prefecture": "三重県",
        "city": "四日市市（一部）",
        "town": "羽津2丁目 第4区画",
        "postal_code": "5100012",
        "pattern_rule": "PATTERN_B_SPLIT_INCLUDED",
        "color_code": "#ef4444",
        "spatial_status": "VERIFIED"
      }
    },
    {
      "type": "Feature",
      "geometry": {
        "type": "Point",
        "coordinates": [
          136.6243914,
          34.99900969999999
        ]
      },
      "properties": {
        "area_id": "MIE03-000007",
        "district_id": "MIE-03",
        "prefecture": "三重県",
        "city": "四日市市（一部）",
        "town": "羽津1丁目 第5区画",
        "postal_code": "5100012",
        "pattern_rule": "PATTERN_B_SPLIT_INCLUDED",
        "color_code": "#ef4444",
        "spatial_status": "VERIFIED"
      }
    },
    {
      "type": "Feature",
      "geometry": {
        "type": "Point",
        "coordinates": [
          136.6267926,
          35.0021125
        ]
      },
      "properties": {
        "area_id": "MIE03-000008",
        "district_id": "MIE-03",
        "prefecture": "三重県",
        "city": "四日市市（一部）",
        "town": "羽津2丁目 第5区画",
        "postal_code": "5100012",
        "pattern_rule": "PATTERN_B_SPLIT_INCLUDED",
        "color_code": "#ef4444",
        "spatial_status": "VERIFIED"
      }
    },
    {
      "type": "Feature",
      "geometry": {
        "type": "Point",
        "coordinates": [
          136.6243914,
          34.99900969999999
        ]
      },
      "properties": {
        "area_id": "MIE03-000009",
        "district_id": "MIE-03",
        "prefecture": "三重県",
        "city": "四日市市（一部）",
        "town": "羽津1丁目 第6区画",
        "postal_code": "5100012",
        "pattern_rule": "PATTERN_B_SPLIT_INCLUDED",
        "color_code": "#ef4444",
        "spatial_status": "VERIFIED"
      }
    },
    {
      "type": "Feature",
      "geometry": {
        "type": "Point",
        "coordinates": [
          136.6267926,
          35.0021125
        ]
      },
      "properties": {
        "area_id": "MIE03-000010",
        "district_id": "MIE-03",
        "prefecture": "三重県",
        "city": "四日市市（一部）",
        "town": "羽津2丁目 第6区画",
        "postal_code": "5100012",
        "pattern_rule": "PATTERN_B_SPLIT_INCLUDED",
        "color_code": "#ef4444",
        "spatial_status": "VERIFIED"
      }
    },
    {
      "type": "Feature",
      "geometry": {
        "type": "Point",
        "coordinates": [
          136.6243914,
          34.99900969999999
        ]
      },
      "properties": {
        "area_id": "MIE03-000011",
        "district_id": "MIE-03",
        "prefecture": "三重県",
        "city": "四日市市（一部）",
        "town": "羽津1丁目 第7区画",
        "postal_code": "5100012",
        "pattern_rule": "PATTERN_B_SPLIT_INCLUDED",
        "color_code": "#ef4444",
        "spatial_status": "VERIFIED"
      }
    },
    {
      "type": "Feature",
      "geometry": {
        "type": "Point",
        "coordinates": [
          136.6267926,
          35.0021125
        ]
      },
      "properties": {
        "area_id": "MIE03-000012",
        "district_id": "MIE-03",
        "prefecture": "三重県",
        "city": "四日市市（一部）",
        "town": "羽津2丁目 第7区画",
        "postal_code": "5100012",
        "pattern_rule": "PATTERN_B_SPLIT_INCLUDED",
        "color_code": "#ef4444",
        "spatial_status": "VERIFIED"
      }
    },
    {
      "type": "Feature",
      "geometry": {
        "type": "Point",
        "coordinates": [
          136.6243914,
          34.99900969999999
        ]
      },
      "properties": {
        "area_id": "MIE03-000013",
        "district_id": "MIE-03",
        "prefecture": "三重県",
        "city": "四日市市（一部）",
        "town": "羽津1丁目 第8区画",
        "postal_code": "5100012",
        "pattern_rule": "PATTERN_B_SPLIT_INCLUDED",
        "color_code": "#ef4444",
        "spatial_status": "VERIFIED"
      }
    },
    {
      "type": "Feature",
      "geometry": {
        "type": "Point",
        "coordinates": [
          136.6267926,
          35.0021125
        ]
      },
      "properties": {
        "area_id": "MIE03-000014",
        "district_id": "MIE-03",
        "prefecture": "三重県",
        "city": "四日市市（一部）",
        "town": "羽津2丁目 第8区画",
        "postal_code": "5100012",
        "pattern_rule": "PATTERN_B_SPLIT_INCLUDED",
        "color_code": "#ef4444",
        "spatial_status": "VERIFIED"
      }
    },
    {
      "type": "Feature",
      "geometry": {
        "type": "Point",
        "coordinates": [
          136.6243914,
          34.99900969999999
        ]
      },
      "properties": {
        "area_id": "MIE03-000015",
        "district_id": "MIE-03",
        "prefecture": "三重県",
        "city": "四日市市（一部）",
        "town": "羽津1丁目 第9区画",
        "postal_code": "5100012",
        "pattern_rule": "PATTERN_B_SPLIT_INCLUDED",
        "color_code": "#ef4444",
        "spatial_status": "VERIFIED"
      }
    },
    {
      "type": "Feature",
      "geometry": {
        "type": "Point",
        "coordinates": [
          136.6267926,
          35.0021125
        ]
      },
      "properties": {
        "area_id": "MIE03-000016",
        "district_id": "MIE-03",
        "prefecture": "三重県",
        "city": "四日市市（一部）",
        "town": "羽津2丁目 第9区画",
        "postal_code": "5100012",
        "pattern_rule": "PATTERN_B_SPLIT_INCLUDED",
        "color_code": "#ef4444",
        "spatial_status": "VERIFIED"
      }
    },
    {
      "type": "Feature",
      "geometry": {
        "type": "Point",
        "coordinates": [
          136.6243914,
          34.99900969999999
        ]
      },
      "properties": {
        "area_id": "MIE03-000017",
        "district_id": "MIE-03",
        "prefecture": "三重県",
        "city": "四日市市（一部）",
        "town": "羽津1丁目 第10区画",
        "postal_code": "5100012",
        "pattern_rule": "PATTERN_B_SPLIT_INCLUDED",
        "color_code": "#ef4444",
        "spatial_status": "VERIFIED"
      }
    },
    {
      "type": "Feature",
      "geometry": {
        "type": "Point",
        "coordinates": [
          136.6267926,
          35.0021125
        ]
      },
      "properties": {
        "area_id": "MIE03-000018",
        "district_id": "MIE-03",
        "prefecture": "三重県",
        "city": "四日市市（一部）",
        "town": "羽津2丁目 第10区画",
        "postal_code": "5100012",
        "pattern_rule": "PATTERN_B_SPLIT_INCLUDED",
        "color_code": "#ef4444",
        "spatial_status": "VERIFIED"
      }
    },
    {
      "type": "Feature",
      "geometry": {
        "type": "Point",
        "coordinates": [
          136.6243914,
          34.99900969999999
        ]
      },
      "properties": {
        "area_id": "MIE03-000019",
        "district_id": "MIE-03",
        "prefecture": "三重県",
        "city": "四日市市（一部）",
        "town": "羽津1丁目 第11区画",
        "postal_code": "5100012",
        "pattern_rule": "PATTERN_B_SPLIT_INCLUDED",
        "color_code": "#ef4444",
        "spatial_status": "VERIFIED"
      }
    },
    {
      "type": "Feature",
      "geometry": {
        "type": "Point",
        "coordinates": [
          136.6267926,
          35.0021125
        ]
      },
      "properties": {
        "area_id": "MIE03-000020",
        "district_id": "MIE-03",
        "prefecture": "三重県",
        "city": "四日市市（一部）",
        "town": "羽津2丁目 第11区画",
        "postal_code": "5100012",
        "pattern_rule": "PATTERN_B_SPLIT_INCLUDED",
        "color_code": "#ef4444",
        "spatial_status": "VERIFIED"
      }
    },
    {
      "type": "Feature",
      "geometry": {
        "type": "Point",
        "coordinates": [
          136.6243914,
          34.99900969999999
        ]
      },
      "properties": {
        "area_id": "MIE03-000021",
        "district_id": "MIE-03",
        "prefecture": "三重県",
        "city": "四日市市（一部）",
        "town": "羽津1丁目 第12区画",
        "postal_code": "5100012",
        "pattern_rule": "PATTERN_B_SPLIT_INCLUDED",
        "color_code": "#ef4444",
        "spatial_status": "VERIFIED"
      }
    },
    {
      "type": "Feature",
      "geometry": {
        "type": "Point",
        "coordinates": [
          136.6267926,
          35.0021125
        ]
      },
      "properties": {
        "area_id": "MIE03-000022",
        "district_id": "MIE-03",
        "prefecture": "三重県",
        "city": "四日市市（一部）",
        "town": "羽津2丁目 第12区画",
        "postal_code": "5100012",
        "pattern_rule": "PATTERN_B_SPLIT_INCLUDED",
        "color_code": "#ef4444",
        "spatial_status": "VERIFIED"
      }
    },
    {
      "type": "Feature",
      "geometry": {
        "type": "Point",
        "coordinates": [
          136.6243914,
          34.99900969999999
        ]
      },
      "properties": {
        "area_id": "MIE03-000023",
        "district_id": "MIE-03",
        "prefecture": "三重県",
        "city": "四日市市（一部）",
        "town": "羽津1丁目 第13区画",
        "postal_code": "5100012",
        "pattern_rule": "PATTERN_B_SPLIT_INCLUDED",
        "color_code": "#ef4444",
        "spatial_status": "VERIFIED"
      }
    },
    {
      "type": "Feature",
      "geometry": {
        "type": "Point",
        "coordinates": [
          136.6267926,
          35.0021125
        ]
      },
      "properties": {
        "area_id": "MIE03-000024",
        "district_id": "MIE-03",
        "prefecture": "三重県",
        "city": "四日市市（一部）",
        "town": "羽津2丁目 第13区画",
        "postal_code": "5100012",
        "pattern_rule": "PATTERN_B_SPLIT_INCLUDED",
        "color_code": "#ef4444",
        "spatial_status": "VERIFIED"
      }
    },
    {
      "type": "Feature",
      "geometry": {
        "type": "Point",
        "coordinates": [
          136.6243914,
          34.99900969999999
        ]
      },
      "properties": {
        "area_id": "MIE03-000025",
        "district_id": "MIE-03",
        "prefecture": "三重県",
        "city": "四日市市（一部）",
        "town": "羽津1丁目 第14区画",
        "postal_code": "5100012",
        "pattern_rule": "PATTERN_B_SPLIT_INCLUDED",
        "color_code": "#ef4444",
        "spatial_status": "VERIFIED"
      }
    },
    {
      "type": "Feature",
      "geometry": {
        "type": "Point",
        "coordinates": [
          136.6267926,
          35.0021125
        ]
      },
      "properties": {
        "area_id": "MIE03-000026",
        "district_id": "MIE-03",
        "prefecture": "三重県",
        "city": "四日市市（一部）",
        "town": "羽津2丁目 第14区画",
        "postal_code": "5100012",
        "pattern_rule": "PATTERN_B_SPLIT_INCLUDED",
        "color_code": "#ef4444",
        "spatial_status": "VERIFIED"
      }
    },
    {
      "type": "Feature",
      "geometry": {
        "type": "Point",
        "coordinates": [
          136.6243914,
          34.99900969999999
        ]
      },
      "properties": {
        "area_id": "MIE03-000027",
        "district_id": "MIE-03",
        "prefecture": "三重県",
        "city": "四日市市（一部）",
        "town": "羽津1丁目 第15区画",
        "postal_code": "5100012",
        "pattern_rule": "PATTERN_B_SPLIT_INCLUDED",
        "color_code": "#ef4444",
        "spatial_status": "VERIFIED"
      }
    },
    {
      "type": "Feature",
      "geometry": {
        "type": "Point",
        "coordinates": [
          136.6267926,
          35.0021125
        ]
      },
      "properties": {
        "area_id": "MIE03-000028",
        "district_id": "MIE-03",
        "prefecture": "三重県",
        "city": "四日市市（一部）",
        "town": "羽津2丁目 第15区画",
        "postal_code": "5100012",
        "pattern_rule": "PATTERN_B_SPLIT_INCLUDED",
        "color_code": "#ef4444",
        "spatial_status": "VERIFIED"
      }
    },
    {
      "type": "Feature",
      "geometry": {
        "type": "Point",
        "coordinates": [
          136.6243914,
          34.99900969999999
        ]
      },
      "properties": {
        "area_id": "MIE03-000029",
        "district_id": "MIE-03",
        "prefecture": "三重県",
        "city": "四日市市（一部）",
        "town": "羽津1丁目 第16区画",
        "postal_code": "5100012",
        "pattern_rule": "PATTERN_B_SPLIT_INCLUDED",
        "color_code": "#ef4444",
        "spatial_status": "VERIFIED"
      }
    },
    {
      "type": "Feature",
      "geometry": {
        "type": "Point",
        "coordinates": [
          136.6267926,
          35.0021125
        ]
      },
      "properties": {
        "area_id": "MIE03-000030",
        "district_id": "MIE-03",
        "prefecture": "三重県",
        "city": "四日市市（一部）",
        "town": "羽津2丁目 第16区画",
        "postal_code": "5100012",
        "pattern_rule": "PATTERN_B_SPLIT_INCLUDED",
        "color_code": "#ef4444",
        "spatial_status": "VERIFIED"
      }
    },
    {
      "type": "Feature",
      "geometry": {
        "type": "Point",
        "coordinates": [
          136.6243914,
          34.99900969999999
        ]
      },
      "properties": {
        "area_id": "MIE03-000031",
        "district_id": "MIE-03",
        "prefecture": "三重県",
        "city": "四日市市（一部）",
        "town": "羽津1丁目 第17区画",
        "postal_code": "5100012",
        "pattern_rule": "PATTERN_B_SPLIT_INCLUDED",
        "color_code": "#ef4444",
        "spatial_status": "VERIFIED"
      }
    },
    {
      "type": "Feature",
      "geometry": {
        "type": "Point",
        "coordinates": [
          136.6267926,
          35.0021125
        ]
      },
      "properties": {
        "area_id": "MIE03-000032",
        "district_id": "MIE-03",
        "prefecture": "三重県",
        "city": "四日市市（一部）",
        "town": "羽津2丁目 第17区画",
        "postal_code": "5100012",
        "pattern_rule": "PATTERN_B_SPLIT_INCLUDED",
        "color_code": "#ef4444",
        "spatial_status": "VERIFIED"
      }
    },
    {
      "type": "Feature",
      "geometry": {
        "type": "Point",
        "coordinates": [
          136.6243914,
          34.99900969999999
        ]
      },
      "properties": {
        "area_id": "MIE03-000033",
        "district_id": "MIE-03",
        "prefecture": "三重県",
        "city": "四日市市（一部）",
        "town": "羽津1丁目 第18区画",
        "postal_code": "5100012",
        "pattern_rule": "PATTERN_B_SPLIT_INCLUDED",
        "color_code": "#ef4444",
        "spatial_status": "VERIFIED"
      }
    },
    {
      "type": "Feature",
      "geometry": {
        "type": "Point",
        "coordinates": [
          136.6267926,
          35.0021125
        ]
      },
      "properties": {
        "area_id": "MIE03-000034",
        "district_id": "MIE-03",
        "prefecture": "三重県",
        "city": "四日市市（一部）",
        "town": "羽津2丁目 第18区画",
        "postal_code": "5100012",
        "pattern_rule": "PATTERN_B_SPLIT_INCLUDED",
        "color_code": "#ef4444",
        "spatial_status": "VERIFIED"
      }
    },
    {
      "type": "Feature",
      "geometry": {
        "type": "Point",
        "coordinates": [
          136.6243914,
          34.99900969999999
        ]
      },
      "properties": {
        "area_id": "MIE03-000035",
        "district_id": "MIE-03",
        "prefecture": "三重県",
        "city": "四日市市（一部）",
        "town": "羽津1丁目 第19区画",
        "postal_code": "5100012",
        "pattern_rule": "PATTERN_B_SPLIT_INCLUDED",
        "color_code": "#ef4444",
        "spatial_status": "VERIFIED"
      }
    },
    {
      "type": "Feature",
      "geometry": {
        "type": "Point",
        "coordinates": [
          136.6267926,
          35.0021125
        ]
      },
      "properties": {
        "area_id": "MIE03-000036",
        "district_id": "MIE-03",
        "prefecture": "三重県",
        "city": "四日市市（一部）",
        "town": "羽津2丁目 第19区画",
        "postal_code": "5100012",
        "pattern_rule": "PATTERN_B_SPLIT_INCLUDED",
        "color_code": "#ef4444",
        "spatial_status": "VERIFIED"
      }
    },
    {
      "type": "Feature",
      "geometry": {
        "type": "Point",
        "coordinates": [
          136.6243914,
          34.99900969999999
        ]
      },
      "properties": {
        "area_id": "MIE03-000037",
        "district_id": "MIE-03",
        "prefecture": "三重県",
        "city": "四日市市（一部）",
        "town": "羽津1丁目 第20区画",
        "postal_code": "5100012",
        "pattern_rule": "PATTERN_B_SPLIT_INCLUDED",
        "color_code": "#ef4444",
        "spatial_status": "VERIFIED"
      }
    },
    {
      "type": "Feature",
      "geometry": {
        "type": "Point",
        "coordinates": [
          136.6267926,
          35.0021125
        ]
      },
      "properties": {
        "area_id": "MIE03-000038",
        "district_id": "MIE-03",
        "prefecture": "三重県",
        "city": "四日市市（一部）",
        "town": "羽津2丁目 第20区画",
        "postal_code": "5100012",
        "pattern_rule": "PATTERN_B_SPLIT_INCLUDED",
        "color_code": "#ef4444",
        "spatial_status": "VERIFIED"
      }
    },
    {
      "type": "Feature",
      "geometry": {
        "type": "Point",
        "coordinates": [
          136.6243914,
          34.99900969999999
        ]
      },
      "properties": {
        "area_id": "MIE03-000039",
        "district_id": "MIE-03",
        "prefecture": "三重県",
        "city": "四日市市（一部）",
        "town": "羽津1丁目",
        "postal_code": "5100012",
        "pattern_rule": "PATTERN_B_SPLIT_INCLUDED",
        "color_code": "#ef4444",
        "spatial_status": "VERIFIED"
      }
    },
    {
      "type": "Feature",
      "geometry": {
        "type": "Point",
        "coordinates": [
          136.6267926,
          35.0021125
        ]
      },
      "properties": {
        "area_id": "MIE03-000040",
        "district_id": "MIE-03",
        "prefecture": "三重県",
        "city": "四日市市（一部）",
        "town": "羽津2丁目",
        "postal_code": "5100012",
        "pattern_rule": "PATTERN_B_SPLIT_INCLUDED",
        "color_code": "#ef4444",
        "spatial_status": "VERIFIED"
      }
    },
    {
      "type": "Feature",
      "geometry": {
        "type": "Point",
        "coordinates": [
          136.6509222,
          35.0043917
        ]
      },
      "properties": {
        "area_id": "MIE03-000041",
        "district_id": "MIE-03",
        "prefecture": "三重県",
        "city": "四日市市（一部）",
        "town": "富田1丁目 第2区画",
        "postal_code": "5108014",
        "pattern_rule": "PATTERN_B_SPLIT_INCLUDED",
        "color_code": "#ef4444",
        "spatial_status": "VERIFIED"
      }
    },
    {
      "type": "Feature",
      "geometry": {
        "type": "Point",
        "coordinates": [
          136.6554473,
          35.0049966
        ]
      },
      "properties": {
        "area_id": "MIE03-000042",
        "district_id": "MIE-03",
        "prefecture": "三重県",
        "city": "四日市市（一部）",
        "town": "富田2丁目 第2区画",
        "postal_code": "5108014",
        "pattern_rule": "PATTERN_B_SPLIT_INCLUDED",
        "color_code": "#ef4444",
        "spatial_status": "VERIFIED"
      }
    },
    {
      "type": "Feature",
      "geometry": {
        "type": "Point",
        "coordinates": [
          136.6518272,
          35.0078774
        ]
      },
      "properties": {
        "area_id": "MIE03-000043",
        "district_id": "MIE-03",
        "prefecture": "三重県",
        "city": "四日市市（一部）",
        "town": "富田3丁目 第2区画",
        "postal_code": "5108014",
        "pattern_rule": "PATTERN_B_SPLIT_INCLUDED",
        "color_code": "#ef4444",
        "spatial_status": "VERIFIED"
      }
    },
    {
      "type": "Feature",
      "geometry": {
        "type": "Point",
        "coordinates": [
          136.6509222,
          35.0043917
        ]
      },
      "properties": {
        "area_id": "MIE03-000044",
        "district_id": "MIE-03",
        "prefecture": "三重県",
        "city": "四日市市（一部）",
        "town": "富田1丁目 第3区画",
        "postal_code": "5108014",
        "pattern_rule": "PATTERN_B_SPLIT_INCLUDED",
        "color_code": "#ef4444",
        "spatial_status": "VERIFIED"
      }
    },
    {
      "type": "Feature",
      "geometry": {
        "type": "Point",
        "coordinates": [
          136.6554473,
          35.0049966
        ]
      },
      "properties": {
        "area_id": "MIE03-000045",
        "district_id": "MIE-03",
        "prefecture": "三重県",
        "city": "四日市市（一部）",
        "town": "富田2丁目 第3区画",
        "postal_code": "5108014",
        "pattern_rule": "PATTERN_B_SPLIT_INCLUDED",
        "color_code": "#ef4444",
        "spatial_status": "VERIFIED"
      }
    },
    {
      "type": "Feature",
      "geometry": {
        "type": "Point",
        "coordinates": [
          136.6518272,
          35.0078774
        ]
      },
      "properties": {
        "area_id": "MIE03-000046",
        "district_id": "MIE-03",
        "prefecture": "三重県",
        "city": "四日市市（一部）",
        "town": "富田3丁目 第3区画",
        "postal_code": "5108014",
        "pattern_rule": "PATTERN_B_SPLIT_INCLUDED",
        "color_code": "#ef4444",
        "spatial_status": "VERIFIED"
      }
    },
    {
      "type": "Feature",
      "geometry": {
        "type": "Point",
        "coordinates": [
          136.6509222,
          35.0043917
        ]
      },
      "properties": {
        "area_id": "MIE03-000047",
        "district_id": "MIE-03",
        "prefecture": "三重県",
        "city": "四日市市（一部）",
        "town": "富田1丁目 第4区画",
        "postal_code": "5108014",
        "pattern_rule": "PATTERN_B_SPLIT_INCLUDED",
        "color_code": "#ef4444",
        "spatial_status": "VERIFIED"
      }
    },
    {
      "type": "Feature",
      "geometry": {
        "type": "Point",
        "coordinates": [
          136.6554473,
          35.0049966
        ]
      },
      "properties": {
        "area_id": "MIE03-000048",
        "district_id": "MIE-03",
        "prefecture": "三重県",
        "city": "四日市市（一部）",
        "town": "富田2丁目 第4区画",
        "postal_code": "5108014",
        "pattern_rule": "PATTERN_B_SPLIT_INCLUDED",
        "color_code": "#ef4444",
        "spatial_status": "VERIFIED"
      }
    },
    {
      "type": "Feature",
      "geometry": {
        "type": "Point",
        "coordinates": [
          136.6518272,
          35.0078774
        ]
      },
      "properties": {
        "area_id": "MIE03-000049",
        "district_id": "MIE-03",
        "prefecture": "三重県",
        "city": "四日市市（一部）",
        "town": "富田3丁目 第4区画",
        "postal_code": "5108014",
        "pattern_rule": "PATTERN_B_SPLIT_INCLUDED",
        "color_code": "#ef4444",
        "spatial_status": "VERIFIED"
      }
    },
    {
      "type": "Feature",
      "geometry": {
        "type": "Point",
        "coordinates": [
          136.6509222,
          35.0043917
        ]
      },
      "properties": {
        "area_id": "MIE03-000050",
        "district_id": "MIE-03",
        "prefecture": "三重県",
        "city": "四日市市（一部）",
        "town": "富田1丁目 第5区画",
        "postal_code": "5108014",
        "pattern_rule": "PATTERN_B_SPLIT_INCLUDED",
        "color_code": "#ef4444",
        "spatial_status": "VERIFIED"
      }
    },
    {
      "type": "Feature",
      "geometry": {
        "type": "Point",
        "coordinates": [
          136.6554473,
          35.0049966
        ]
      },
      "properties": {
        "area_id": "MIE03-000051",
        "district_id": "MIE-03",
        "prefecture": "三重県",
        "city": "四日市市（一部）",
        "town": "富田2丁目 第5区画",
        "postal_code": "5108014",
        "pattern_rule": "PATTERN_B_SPLIT_INCLUDED",
        "color_code": "#ef4444",
        "spatial_status": "VERIFIED"
      }
    },
    {
      "type": "Feature",
      "geometry": {
        "type": "Point",
        "coordinates": [
          136.6518272,
          35.0078774
        ]
      },
      "properties": {
        "area_id": "MIE03-000052",
        "district_id": "MIE-03",
        "prefecture": "三重県",
        "city": "四日市市（一部）",
        "town": "富田3丁目 第5区画",
        "postal_code": "5108014",
        "pattern_rule": "PATTERN_B_SPLIT_INCLUDED",
        "color_code": "#ef4444",
        "spatial_status": "VERIFIED"
      }
    },
    {
      "type": "Feature",
      "geometry": {
        "type": "Point",
        "coordinates": [
          136.6509222,
          35.0043917
        ]
      },
      "properties": {
        "area_id": "MIE03-000053",
        "district_id": "MIE-03",
        "prefecture": "三重県",
        "city": "四日市市（一部）",
        "town": "富田1丁目 第6区画",
        "postal_code": "5108014",
        "pattern_rule": "PATTERN_B_SPLIT_INCLUDED",
        "color_code": "#ef4444",
        "spatial_status": "VERIFIED"
      }
    },
    {
      "type": "Feature",
      "geometry": {
        "type": "Point",
        "coordinates": [
          136.6554473,
          35.0049966
        ]
      },
      "properties": {
        "area_id": "MIE03-000054",
        "district_id": "MIE-03",
        "prefecture": "三重県",
        "city": "四日市市（一部）",
        "town": "富田2丁目 第6区画",
        "postal_code": "5108014",
        "pattern_rule": "PATTERN_B_SPLIT_INCLUDED",
        "color_code": "#ef4444",
        "spatial_status": "VERIFIED"
      }
    },
    {
      "type": "Feature",
      "geometry": {
        "type": "Point",
        "coordinates": [
          136.6518272,
          35.0078774
        ]
      },
      "properties": {
        "area_id": "MIE03-000055",
        "district_id": "MIE-03",
        "prefecture": "三重県",
        "city": "四日市市（一部）",
        "town": "富田3丁目 第6区画",
        "postal_code": "5108014",
        "pattern_rule": "PATTERN_B_SPLIT_INCLUDED",
        "color_code": "#ef4444",
        "spatial_status": "VERIFIED"
      }
    },
    {
      "type": "Feature",
      "geometry": {
        "type": "Point",
        "coordinates": [
          136.6509222,
          35.0043917
        ]
      },
      "properties": {
        "area_id": "MIE03-000056",
        "district_id": "MIE-03",
        "prefecture": "三重県",
        "city": "四日市市（一部）",
        "town": "富田1丁目 第7区画",
        "postal_code": "5108014",
        "pattern_rule": "PATTERN_B_SPLIT_INCLUDED",
        "color_code": "#ef4444",
        "spatial_status": "VERIFIED"
      }
    },
    {
      "type": "Feature",
      "geometry": {
        "type": "Point",
        "coordinates": [
          136.6554473,
          35.0049966
        ]
      },
      "properties": {
        "area_id": "MIE03-000057",
        "district_id": "MIE-03",
        "prefecture": "三重県",
        "city": "四日市市（一部）",
        "town": "富田2丁目 第7区画",
        "postal_code": "5108014",
        "pattern_rule": "PATTERN_B_SPLIT_INCLUDED",
        "color_code": "#ef4444",
        "spatial_status": "VERIFIED"
      }
    },
    {
      "type": "Feature",
      "geometry": {
        "type": "Point",
        "coordinates": [
          136.6518272,
          35.0078774
        ]
      },
      "properties": {
        "area_id": "MIE03-000058",
        "district_id": "MIE-03",
        "prefecture": "三重県",
        "city": "四日市市（一部）",
        "town": "富田3丁目 第7区画",
        "postal_code": "5108014",
        "pattern_rule": "PATTERN_B_SPLIT_INCLUDED",
        "color_code": "#ef4444",
        "spatial_status": "VERIFIED"
      }
    },
    {
      "type": "Feature",
      "geometry": {
        "type": "Point",
        "coordinates": [
          136.6509222,
          35.0043917
        ]
      },
      "properties": {
        "area_id": "MIE03-000059",
        "district_id": "MIE-03",
        "prefecture": "三重県",
        "city": "四日市市（一部）",
        "town": "富田1丁目 第8区画",
        "postal_code": "5108014",
        "pattern_rule": "PATTERN_B_SPLIT_INCLUDED",
        "color_code": "#ef4444",
        "spatial_status": "VERIFIED"
      }
    },
    {
      "type": "Feature",
      "geometry": {
        "type": "Point",
        "coordinates": [
          136.6554473,
          35.0049966
        ]
      },
      "properties": {
        "area_id": "MIE03-000060",
        "district_id": "MIE-03",
        "prefecture": "三重県",
        "city": "四日市市（一部）",
        "town": "富田2丁目 第8区画",
        "postal_code": "5108014",
        "pattern_rule": "PATTERN_B_SPLIT_INCLUDED",
        "color_code": "#ef4444",
        "spatial_status": "VERIFIED"
      }
    },
    {
      "type": "Feature",
      "geometry": {
        "type": "Point",
        "coordinates": [
          136.6518272,
          35.0078774
        ]
      },
      "properties": {
        "area_id": "MIE03-000061",
        "district_id": "MIE-03",
        "prefecture": "三重県",
        "city": "四日市市（一部）",
        "town": "富田3丁目 第8区画",
        "postal_code": "5108014",
        "pattern_rule": "PATTERN_B_SPLIT_INCLUDED",
        "color_code": "#ef4444",
        "spatial_status": "VERIFIED"
      }
    },
    {
      "type": "Feature",
      "geometry": {
        "type": "Point",
        "coordinates": [
          136.6509222,
          35.0043917
        ]
      },
      "properties": {
        "area_id": "MIE03-000062",
        "district_id": "MIE-03",
        "prefecture": "三重県",
        "city": "四日市市（一部）",
        "town": "富田1丁目 第9区画",
        "postal_code": "5108014",
        "pattern_rule": "PATTERN_B_SPLIT_INCLUDED",
        "color_code": "#ef4444",
        "spatial_status": "VERIFIED"
      }
    },
    {
      "type": "Feature",
      "geometry": {
        "type": "Point",
        "coordinates": [
          136.6554473,
          35.0049966
        ]
      },
      "properties": {
        "area_id": "MIE03-000063",
        "district_id": "MIE-03",
        "prefecture": "三重県",
        "city": "四日市市（一部）",
        "town": "富田2丁目 第9区画",
        "postal_code": "5108014",
        "pattern_rule": "PATTERN_B_SPLIT_INCLUDED",
        "color_code": "#ef4444",
        "spatial_status": "VERIFIED"
      }
    },
    {
      "type": "Feature",
      "geometry": {
        "type": "Point",
        "coordinates": [
          136.6518272,
          35.0078774
        ]
      },
      "properties": {
        "area_id": "MIE03-000064",
        "district_id": "MIE-03",
        "prefecture": "三重県",
        "city": "四日市市（一部）",
        "town": "富田3丁目 第9区画",
        "postal_code": "5108014",
        "pattern_rule": "PATTERN_B_SPLIT_INCLUDED",
        "color_code": "#ef4444",
        "spatial_status": "VERIFIED"
      }
    },
    {
      "type": "Feature",
      "geometry": {
        "type": "Point",
        "coordinates": [
          136.6509222,
          35.0043917
        ]
      },
      "properties": {
        "area_id": "MIE03-000065",
        "district_id": "MIE-03",
        "prefecture": "三重県",
        "city": "四日市市（一部）",
        "town": "富田1丁目 第10区画",
        "postal_code": "5108014",
        "pattern_rule": "PATTERN_B_SPLIT_INCLUDED",
        "color_code": "#ef4444",
        "spatial_status": "VERIFIED"
      }
    },
    {
      "type": "Feature",
      "geometry": {
        "type": "Point",
        "coordinates": [
          136.6554473,
          35.0049966
        ]
      },
      "properties": {
        "area_id": "MIE03-000066",
        "district_id": "MIE-03",
        "prefecture": "三重県",
        "city": "四日市市（一部）",
        "town": "富田2丁目 第10区画",
        "postal_code": "5108014",
        "pattern_rule": "PATTERN_B_SPLIT_INCLUDED",
        "color_code": "#ef4444",
        "spatial_status": "VERIFIED"
      }
    },
    {
      "type": "Feature",
      "geometry": {
        "type": "Point",
        "coordinates": [
          136.6518272,
          35.0078774
        ]
      },
      "properties": {
        "area_id": "MIE03-000067",
        "district_id": "MIE-03",
        "prefecture": "三重県",
        "city": "四日市市（一部）",
        "town": "富田3丁目 第10区画",
        "postal_code": "5108014",
        "pattern_rule": "PATTERN_B_SPLIT_INCLUDED",
        "color_code": "#ef4444",
        "spatial_status": "VERIFIED"
      }
    },
    {
      "type": "Feature",
      "geometry": {
        "type": "Point",
        "coordinates": [
          136.6509222,
          35.0043917
        ]
      },
      "properties": {
        "area_id": "MIE03-000068",
        "district_id": "MIE-03",
        "prefecture": "三重県",
        "city": "四日市市（一部）",
        "town": "富田1丁目 第11区画",
        "postal_code": "5108014",
        "pattern_rule": "PATTERN_B_SPLIT_INCLUDED",
        "color_code": "#ef4444",
        "spatial_status": "VERIFIED"
      }
    },
    {
      "type": "Feature",
      "geometry": {
        "type": "Point",
        "coordinates": [
          136.6554473,
          35.0049966
        ]
      },
      "properties": {
        "area_id": "MIE03-000069",
        "district_id": "MIE-03",
        "prefecture": "三重県",
        "city": "四日市市（一部）",
        "town": "富田2丁目 第11区画",
        "postal_code": "5108014",
        "pattern_rule": "PATTERN_B_SPLIT_INCLUDED",
        "color_code": "#ef4444",
        "spatial_status": "VERIFIED"
      }
    },
    {
      "type": "Feature",
      "geometry": {
        "type": "Point",
        "coordinates": [
          136.6518272,
          35.0078774
        ]
      },
      "properties": {
        "area_id": "MIE03-000070",
        "district_id": "MIE-03",
        "prefecture": "三重県",
        "city": "四日市市（一部）",
        "town": "富田3丁目 第11区画",
        "postal_code": "5108014",
        "pattern_rule": "PATTERN_B_SPLIT_INCLUDED",
        "color_code": "#ef4444",
        "spatial_status": "VERIFIED"
      }
    },
    {
      "type": "Feature",
      "geometry": {
        "type": "Point",
        "coordinates": [
          136.6509222,
          35.0043917
        ]
      },
      "properties": {
        "area_id": "MIE03-000071",
        "district_id": "MIE-03",
        "prefecture": "三重県",
        "city": "四日市市（一部）",
        "town": "富田1丁目 第12区画",
        "postal_code": "5108014",
        "pattern_rule": "PATTERN_B_SPLIT_INCLUDED",
        "color_code": "#ef4444",
        "spatial_status": "VERIFIED"
      }
    },
    {
      "type": "Feature",
      "geometry": {
        "type": "Point",
        "coordinates": [
          136.6554473,
          35.0049966
        ]
      },
      "properties": {
        "area_id": "MIE03-000072",
        "district_id": "MIE-03",
        "prefecture": "三重県",
        "city": "四日市市（一部）",
        "town": "富田2丁目 第12区画",
        "postal_code": "5108014",
        "pattern_rule": "PATTERN_B_SPLIT_INCLUDED",
        "color_code": "#ef4444",
        "spatial_status": "VERIFIED"
      }
    },
    {
      "type": "Feature",
      "geometry": {
        "type": "Point",
        "coordinates": [
          136.6518272,
          35.0078774
        ]
      },
      "properties": {
        "area_id": "MIE03-000073",
        "district_id": "MIE-03",
        "prefecture": "三重県",
        "city": "四日市市（一部）",
        "town": "富田3丁目 第12区画",
        "postal_code": "5108014",
        "pattern_rule": "PATTERN_B_SPLIT_INCLUDED",
        "color_code": "#ef4444",
        "spatial_status": "VERIFIED"
      }
    },
    {
      "type": "Feature",
      "geometry": {
        "type": "Point",
        "coordinates": [
          136.6509222,
          35.0043917
        ]
      },
      "properties": {
        "area_id": "MIE03-000074",
        "district_id": "MIE-03",
        "prefecture": "三重県",
        "city": "四日市市（一部）",
        "town": "富田1丁目 第13区画",
        "postal_code": "5108014",
        "pattern_rule": "PATTERN_B_SPLIT_INCLUDED",
        "color_code": "#ef4444",
        "spatial_status": "VERIFIED"
      }
    },
    {
      "type": "Feature",
      "geometry": {
        "type": "Point",
        "coordinates": [
          136.6554473,
          35.0049966
        ]
      },
      "properties": {
        "area_id": "MIE03-000075",
        "district_id": "MIE-03",
        "prefecture": "三重県",
        "city": "四日市市（一部）",
        "town": "富田2丁目 第13区画",
        "postal_code": "5108014",
        "pattern_rule": "PATTERN_B_SPLIT_INCLUDED",
        "color_code": "#ef4444",
        "spatial_status": "VERIFIED"
      }
    },
    {
      "type": "Feature",
      "geometry": {
        "type": "Point",
        "coordinates": [
          136.6518272,
          35.0078774
        ]
      },
      "properties": {
        "area_id": "MIE03-000076",
        "district_id": "MIE-03",
        "prefecture": "三重県",
        "city": "四日市市（一部）",
        "town": "富田3丁目 第13区画",
        "postal_code": "5108014",
        "pattern_rule": "PATTERN_B_SPLIT_INCLUDED",
        "color_code": "#ef4444",
        "spatial_status": "VERIFIED"
      }
    },
    {
      "type": "Feature",
      "geometry": {
        "type": "Point",
        "coordinates": [
          136.6509222,
          35.0043917
        ]
      },
      "properties": {
        "area_id": "MIE03-000077",
        "district_id": "MIE-03",
        "prefecture": "三重県",
        "city": "四日市市（一部）",
        "town": "富田1丁目 第14区画",
        "postal_code": "5108014",
        "pattern_rule": "PATTERN_B_SPLIT_INCLUDED",
        "color_code": "#ef4444",
        "spatial_status": "VERIFIED"
      }
    },
    {
      "type": "Feature",
      "geometry": {
        "type": "Point",
        "coordinates": [
          136.6554473,
          35.0049966
        ]
      },
      "properties": {
        "area_id": "MIE03-000078",
        "district_id": "MIE-03",
        "prefecture": "三重県",
        "city": "四日市市（一部）",
        "town": "富田2丁目 第14区画",
        "postal_code": "5108014",
        "pattern_rule": "PATTERN_B_SPLIT_INCLUDED",
        "color_code": "#ef4444",
        "spatial_status": "VERIFIED"
      }
    },
    {
      "type": "Feature",
      "geometry": {
        "type": "Point",
        "coordinates": [
          136.6518272,
          35.0078774
        ]
      },
      "properties": {
        "area_id": "MIE03-000079",
        "district_id": "MIE-03",
        "prefecture": "三重県",
        "city": "四日市市（一部）",
        "town": "富田3丁目 第14区画",
        "postal_code": "5108014",
        "pattern_rule": "PATTERN_B_SPLIT_INCLUDED",
        "color_code": "#ef4444",
        "spatial_status": "VERIFIED"
      }
    },
    {
      "type": "Feature",
      "geometry": {
        "type": "Point",
        "coordinates": [
          136.6509222,
          35.0043917
        ]
      },
      "properties": {
        "area_id": "MIE03-000080",
        "district_id": "MIE-03",
        "prefecture": "三重県",
        "city": "四日市市（一部）",
        "town": "富田1丁目 第15区画",
        "postal_code": "5108014",
        "pattern_rule": "PATTERN_B_SPLIT_INCLUDED",
        "color_code": "#ef4444",
        "spatial_status": "VERIFIED"
      }
    },
    {
      "type": "Feature",
      "geometry": {
        "type": "Point",
        "coordinates": [
          136.6554473,
          35.0049966
        ]
      },
      "properties": {
        "area_id": "MIE03-000081",
        "district_id": "MIE-03",
        "prefecture": "三重県",
        "city": "四日市市（一部）",
        "town": "富田2丁目 第15区画",
        "postal_code": "5108014",
        "pattern_rule": "PATTERN_B_SPLIT_INCLUDED",
        "color_code": "#ef4444",
        "spatial_status": "VERIFIED"
      }
    },
    {
      "type": "Feature",
      "geometry": {
        "type": "Point",
        "coordinates": [
          136.6518272,
          35.0078774
        ]
      },
      "properties": {
        "area_id": "MIE03-000082",
        "district_id": "MIE-03",
        "prefecture": "三重県",
        "city": "四日市市（一部）",
        "town": "富田3丁目 第15区画",
        "postal_code": "5108014",
        "pattern_rule": "PATTERN_B_SPLIT_INCLUDED",
        "color_code": "#ef4444",
        "spatial_status": "VERIFIED"
      }
    },
    {
      "type": "Feature",
      "geometry": {
        "type": "Point",
        "coordinates": [
          136.6509222,
          35.0043917
        ]
      },
      "properties": {
        "area_id": "MIE03-000083",
        "district_id": "MIE-03",
        "prefecture": "三重県",
        "city": "四日市市（一部）",
        "town": "富田1丁目 第16区画",
        "postal_code": "5108014",
        "pattern_rule": "PATTERN_B_SPLIT_INCLUDED",
        "color_code": "#ef4444",
        "spatial_status": "VERIFIED"
      }
    },
    {
      "type": "Feature",
      "geometry": {
        "type": "Point",
        "coordinates": [
          136.6554473,
          35.0049966
        ]
      },
      "properties": {
        "area_id": "MIE03-000084",
        "district_id": "MIE-03",
        "prefecture": "三重県",
        "city": "四日市市（一部）",
        "town": "富田2丁目 第16区画",
        "postal_code": "5108014",
        "pattern_rule": "PATTERN_B_SPLIT_INCLUDED",
        "color_code": "#ef4444",
        "spatial_status": "VERIFIED"
      }
    },
    {
      "type": "Feature",
      "geometry": {
        "type": "Point",
        "coordinates": [
          136.6518272,
          35.0078774
        ]
      },
      "properties": {
        "area_id": "MIE03-000085",
        "district_id": "MIE-03",
        "prefecture": "三重県",
        "city": "四日市市（一部）",
        "town": "富田3丁目 第16区画",
        "postal_code": "5108014",
        "pattern_rule": "PATTERN_B_SPLIT_INCLUDED",
        "color_code": "#ef4444",
        "spatial_status": "VERIFIED"
      }
    },
    {
      "type": "Feature",
      "geometry": {
        "type": "Point",
        "coordinates": [
          136.6509222,
          35.0043917
        ]
      },
      "properties": {
        "area_id": "MIE03-000086",
        "district_id": "MIE-03",
        "prefecture": "三重県",
        "city": "四日市市（一部）",
        "town": "富田1丁目 第17区画",
        "postal_code": "5108014",
        "pattern_rule": "PATTERN_B_SPLIT_INCLUDED",
        "color_code": "#ef4444",
        "spatial_status": "VERIFIED"
      }
    },
    {
      "type": "Feature",
      "geometry": {
        "type": "Point",
        "coordinates": [
          136.6554473,
          35.0049966
        ]
      },
      "properties": {
        "area_id": "MIE03-000087",
        "district_id": "MIE-03",
        "prefecture": "三重県",
        "city": "四日市市（一部）",
        "town": "富田2丁目 第17区画",
        "postal_code": "5108014",
        "pattern_rule": "PATTERN_B_SPLIT_INCLUDED",
        "color_code": "#ef4444",
        "spatial_status": "VERIFIED"
      }
    },
    {
      "type": "Feature",
      "geometry": {
        "type": "Point",
        "coordinates": [
          136.6518272,
          35.0078774
        ]
      },
      "properties": {
        "area_id": "MIE03-000088",
        "district_id": "MIE-03",
        "prefecture": "三重県",
        "city": "四日市市（一部）",
        "town": "富田3丁目 第17区画",
        "postal_code": "5108014",
        "pattern_rule": "PATTERN_B_SPLIT_INCLUDED",
        "color_code": "#ef4444",
        "spatial_status": "VERIFIED"
      }
    },
    {
      "type": "Feature",
      "geometry": {
        "type": "Point",
        "coordinates": [
          136.6509222,
          35.0043917
        ]
      },
      "properties": {
        "area_id": "MIE03-000089",
        "district_id": "MIE-03",
        "prefecture": "三重県",
        "city": "四日市市（一部）",
        "town": "富田1丁目 第18区画",
        "postal_code": "5108014",
        "pattern_rule": "PATTERN_B_SPLIT_INCLUDED",
        "color_code": "#ef4444",
        "spatial_status": "VERIFIED"
      }
    },
    {
      "type": "Feature",
      "geometry": {
        "type": "Point",
        "coordinates": [
          136.6554473,
          35.0049966
        ]
      },
      "properties": {
        "area_id": "MIE03-000090",
        "district_id": "MIE-03",
        "prefecture": "三重県",
        "city": "四日市市（一部）",
        "town": "富田2丁目 第18区画",
        "postal_code": "5108014",
        "pattern_rule": "PATTERN_B_SPLIT_INCLUDED",
        "color_code": "#ef4444",
        "spatial_status": "VERIFIED"
      }
    },
    {
      "type": "Feature",
      "geometry": {
        "type": "Point",
        "coordinates": [
          136.6518272,
          35.0078774
        ]
      },
      "properties": {
        "area_id": "MIE03-000091",
        "district_id": "MIE-03",
        "prefecture": "三重県",
        "city": "四日市市（一部）",
        "town": "富田3丁目 第18区画",
        "postal_code": "5108014",
        "pattern_rule": "PATTERN_B_SPLIT_INCLUDED",
        "color_code": "#ef4444",
        "spatial_status": "VERIFIED"
      }
    },
    {
      "type": "Feature",
      "geometry": {
        "type": "Point",
        "coordinates": [
          136.6509222,
          35.0043917
        ]
      },
      "properties": {
        "area_id": "MIE03-000092",
        "district_id": "MIE-03",
        "prefecture": "三重県",
        "city": "四日市市（一部）",
        "town": "富田1丁目 第19区画",
        "postal_code": "5108014",
        "pattern_rule": "PATTERN_B_SPLIT_INCLUDED",
        "color_code": "#ef4444",
        "spatial_status": "VERIFIED"
      }
    },
    {
      "type": "Feature",
      "geometry": {
        "type": "Point",
        "coordinates": [
          136.6554473,
          35.0049966
        ]
      },
      "properties": {
        "area_id": "MIE03-000093",
        "district_id": "MIE-03",
        "prefecture": "三重県",
        "city": "四日市市（一部）",
        "town": "富田2丁目 第19区画",
        "postal_code": "5108014",
        "pattern_rule": "PATTERN_B_SPLIT_INCLUDED",
        "color_code": "#ef4444",
        "spatial_status": "VERIFIED"
      }
    },
    {
      "type": "Feature",
      "geometry": {
        "type": "Point",
        "coordinates": [
          136.6518272,
          35.0078774
        ]
      },
      "properties": {
        "area_id": "MIE03-000094",
        "district_id": "MIE-03",
        "prefecture": "三重県",
        "city": "四日市市（一部）",
        "town": "富田3丁目 第19区画",
        "postal_code": "5108014",
        "pattern_rule": "PATTERN_B_SPLIT_INCLUDED",
        "color_code": "#ef4444",
        "spatial_status": "VERIFIED"
      }
    },
    {
      "type": "Feature",
      "geometry": {
        "type": "Point",
        "coordinates": [
          136.6509222,
          35.0043917
        ]
      },
      "properties": {
        "area_id": "MIE03-000095",
        "district_id": "MIE-03",
        "prefecture": "三重県",
        "city": "四日市市（一部）",
        "town": "富田1丁目 第20区画",
        "postal_code": "5108014",
        "pattern_rule": "PATTERN_B_SPLIT_INCLUDED",
        "color_code": "#ef4444",
        "spatial_status": "VERIFIED"
      }
    },
    {
      "type": "Feature",
      "geometry": {
        "type": "Point",
        "coordinates": [
          136.6554473,
          35.0049966
        ]
      },
      "properties": {
        "area_id": "MIE03-000096",
        "district_id": "MIE-03",
        "prefecture": "三重県",
        "city": "四日市市（一部）",
        "town": "富田2丁目 第20区画",
        "postal_code": "5108014",
        "pattern_rule": "PATTERN_B_SPLIT_INCLUDED",
        "color_code": "#ef4444",
        "spatial_status": "VERIFIED"
      }
    },
    {
      "type": "Feature",
      "geometry": {
        "type": "Point",
        "coordinates": [
          136.6518272,
          35.0078774
        ]
      },
      "properties": {
        "area_id": "MIE03-000097",
        "district_id": "MIE-03",
        "prefecture": "三重県",
        "city": "四日市市（一部）",
        "town": "富田3丁目 第20区画",
        "postal_code": "5108014",
        "pattern_rule": "PATTERN_B_SPLIT_INCLUDED",
        "color_code": "#ef4444",
        "spatial_status": "VERIFIED"
      }
    },
    {
      "type": "Feature",
      "geometry": {
        "type": "Point",
        "coordinates": [
          136.6509222,
          35.0043917
        ]
      },
      "properties": {
        "area_id": "MIE03-000098",
        "district_id": "MIE-03",
        "prefecture": "三重県",
        "city": "四日市市（一部）",
        "town": "富田1丁目 第21区画",
        "postal_code": "5108014",
        "pattern_rule": "PATTERN_B_SPLIT_INCLUDED",
        "color_code": "#ef4444",
        "spatial_status": "VERIFIED"
      }
    },
    {
      "type": "Feature",
      "geometry": {
        "type": "Point",
        "coordinates": [
          136.6554473,
          35.0049966
        ]
      },
      "properties": {
        "area_id": "MIE03-000099",
        "district_id": "MIE-03",
        "prefecture": "三重県",
        "city": "四日市市（一部）",
        "town": "富田2丁目 第21区画",
        "postal_code": "5108014",
        "pattern_rule": "PATTERN_B_SPLIT_INCLUDED",
        "color_code": "#ef4444",
        "spatial_status": "VERIFIED"
      }
    },
    {
      "type": "Feature",
      "geometry": {
        "type": "Point",
        "coordinates": [
          136.6518272,
          35.0078774
        ]
      },
      "properties": {
        "area_id": "MIE03-000100",
        "district_id": "MIE-03",
        "prefecture": "三重県",
        "city": "四日市市（一部）",
        "town": "富田3丁目 第21区画",
        "postal_code": "5108014",
        "pattern_rule": "PATTERN_B_SPLIT_INCLUDED",
        "color_code": "#ef4444",
        "spatial_status": "VERIFIED"
      }
    },
    {
      "type": "Feature",
      "geometry": {
        "type": "Point",
        "coordinates": [
          136.6509222,
          35.0043917
        ]
      },
      "properties": {
        "area_id": "MIE03-000101",
        "district_id": "MIE-03",
        "prefecture": "三重県",
        "city": "四日市市（一部）",
        "town": "富田1丁目",
        "postal_code": "5108014",
        "pattern_rule": "PATTERN_B_SPLIT_INCLUDED",
        "color_code": "#ef4444",
        "spatial_status": "VERIFIED"
      }
    },
    {
      "type": "Feature",
      "geometry": {
        "type": "Point",
        "coordinates": [
          136.6554473,
          35.0049966
        ]
      },
      "properties": {
        "area_id": "MIE03-000102",
        "district_id": "MIE-03",
        "prefecture": "三重県",
        "city": "四日市市（一部）",
        "town": "富田2丁目",
        "postal_code": "5108014",
        "pattern_rule": "PATTERN_B_SPLIT_INCLUDED",
        "color_code": "#ef4444",
        "spatial_status": "VERIFIED"
      }
    },
    {
      "type": "Feature",
      "geometry": {
        "type": "Point",
        "coordinates": [
          136.6518272,
          35.0078774
        ]
      },
      "properties": {
        "area_id": "MIE03-000103",
        "district_id": "MIE-03",
        "prefecture": "三重県",
        "city": "四日市市（一部）",
        "town": "富田3丁目",
        "postal_code": "5108014",
        "pattern_rule": "PATTERN_B_SPLIT_INCLUDED",
        "color_code": "#ef4444",
        "spatial_status": "VERIFIED"
      }
    },
    {
      "type": "Feature",
      "geometry": {
        "type": "Point",
        "coordinates": [
          136.6596712,
          35.0096738
        ]
      },
      "properties": {
        "area_id": "MIE03-000104",
        "district_id": "MIE-03",
        "prefecture": "三重県",
        "city": "四日市市（一部）",
        "town": "富州原町 第2区画",
        "postal_code": "5108016",
        "pattern_rule": "PATTERN_B_SPLIT_INCLUDED",
        "color_code": "#ef4444",
        "spatial_status": "VERIFIED"
      }
    },
    {
      "type": "Feature",
      "geometry": {
        "type": "Point",
        "coordinates": [
          136.6596712,
          35.0096738
        ]
      },
      "properties": {
        "area_id": "MIE03-000105",
        "district_id": "MIE-03",
        "prefecture": "三重県",
        "city": "四日市市（一部）",
        "town": "富州原町 第3区画",
        "postal_code": "5108016",
        "pattern_rule": "PATTERN_B_SPLIT_INCLUDED",
        "color_code": "#ef4444",
        "spatial_status": "VERIFIED"
      }
    },
    {
      "type": "Feature",
      "geometry": {
        "type": "Point",
        "coordinates": [
          136.6596712,
          35.0096738
        ]
      },
      "properties": {
        "area_id": "MIE03-000106",
        "district_id": "MIE-03",
        "prefecture": "三重県",
        "city": "四日市市（一部）",
        "town": "富州原町 第4区画",
        "postal_code": "5108016",
        "pattern_rule": "PATTERN_B_SPLIT_INCLUDED",
        "color_code": "#ef4444",
        "spatial_status": "VERIFIED"
      }
    },
    {
      "type": "Feature",
      "geometry": {
        "type": "Point",
        "coordinates": [
          136.6596712,
          35.0096738
        ]
      },
      "properties": {
        "area_id": "MIE03-000107",
        "district_id": "MIE-03",
        "prefecture": "三重県",
        "city": "四日市市（一部）",
        "town": "富州原町 第5区画",
        "postal_code": "5108016",
        "pattern_rule": "PATTERN_B_SPLIT_INCLUDED",
        "color_code": "#ef4444",
        "spatial_status": "VERIFIED"
      }
    },
    {
      "type": "Feature",
      "geometry": {
        "type": "Point",
        "coordinates": [
          136.6596712,
          35.0096738
        ]
      },
      "properties": {
        "area_id": "MIE03-000108",
        "district_id": "MIE-03",
        "prefecture": "三重県",
        "city": "四日市市（一部）",
        "town": "富州原町 第6区画",
        "postal_code": "5108016",
        "pattern_rule": "PATTERN_B_SPLIT_INCLUDED",
        "color_code": "#ef4444",
        "spatial_status": "VERIFIED"
      }
    },
    {
      "type": "Feature",
      "geometry": {
        "type": "Point",
        "coordinates": [
          136.6596712,
          35.0096738
        ]
      },
      "properties": {
        "area_id": "MIE03-000109",
        "district_id": "MIE-03",
        "prefecture": "三重県",
        "city": "四日市市（一部）",
        "town": "富州原町 第7区画",
        "postal_code": "5108016",
        "pattern_rule": "PATTERN_B_SPLIT_INCLUDED",
        "color_code": "#ef4444",
        "spatial_status": "VERIFIED"
      }
    },
    {
      "type": "Feature",
      "geometry": {
        "type": "Point",
        "coordinates": [
          136.6596712,
          35.0096738
        ]
      },
      "properties": {
        "area_id": "MIE03-000110",
        "district_id": "MIE-03",
        "prefecture": "三重県",
        "city": "四日市市（一部）",
        "town": "富州原町 第8区画",
        "postal_code": "5108016",
        "pattern_rule": "PATTERN_B_SPLIT_INCLUDED",
        "color_code": "#ef4444",
        "spatial_status": "VERIFIED"
      }
    },
    {
      "type": "Feature",
      "geometry": {
        "type": "Point",
        "coordinates": [
          136.6596712,
          35.0096738
        ]
      },
      "properties": {
        "area_id": "MIE03-000111",
        "district_id": "MIE-03",
        "prefecture": "三重県",
        "city": "四日市市（一部）",
        "town": "富州原町 第9区画",
        "postal_code": "5108016",
        "pattern_rule": "PATTERN_B_SPLIT_INCLUDED",
        "color_code": "#ef4444",
        "spatial_status": "VERIFIED"
      }
    },
    {
      "type": "Feature",
      "geometry": {
        "type": "Point",
        "coordinates": [
          136.6596712,
          35.0096738
        ]
      },
      "properties": {
        "area_id": "MIE03-000112",
        "district_id": "MIE-03",
        "prefecture": "三重県",
        "city": "四日市市（一部）",
        "town": "富州原町 第10区画",
        "postal_code": "5108016",
        "pattern_rule": "PATTERN_B_SPLIT_INCLUDED",
        "color_code": "#ef4444",
        "spatial_status": "VERIFIED"
      }
    },
    {
      "type": "Feature",
      "geometry": {
        "type": "Point",
        "coordinates": [
          136.6596712,
          35.0096738
        ]
      },
      "properties": {
        "area_id": "MIE03-000113",
        "district_id": "MIE-03",
        "prefecture": "三重県",
        "city": "四日市市（一部）",
        "town": "富州原町 第11区画",
        "postal_code": "5108016",
        "pattern_rule": "PATTERN_B_SPLIT_INCLUDED",
        "color_code": "#ef4444",
        "spatial_status": "VERIFIED"
      }
    },
    {
      "type": "Feature",
      "geometry": {
        "type": "Point",
        "coordinates": [
          136.6596712,
          35.0096738
        ]
      },
      "properties": {
        "area_id": "MIE03-000114",
        "district_id": "MIE-03",
        "prefecture": "三重県",
        "city": "四日市市（一部）",
        "town": "富州原町 第12区画",
        "postal_code": "5108016",
        "pattern_rule": "PATTERN_B_SPLIT_INCLUDED",
        "color_code": "#ef4444",
        "spatial_status": "VERIFIED"
      }
    },
    {
      "type": "Feature",
      "geometry": {
        "type": "Point",
        "coordinates": [
          136.6596712,
          35.0096738
        ]
      },
      "properties": {
        "area_id": "MIE03-000115",
        "district_id": "MIE-03",
        "prefecture": "三重県",
        "city": "四日市市（一部）",
        "town": "富州原町 第13区画",
        "postal_code": "5108016",
        "pattern_rule": "PATTERN_B_SPLIT_INCLUDED",
        "color_code": "#ef4444",
        "spatial_status": "VERIFIED"
      }
    },
    {
      "type": "Feature",
      "geometry": {
        "type": "Point",
        "coordinates": [
          136.6596712,
          35.0096738
        ]
      },
      "properties": {
        "area_id": "MIE03-000116",
        "district_id": "MIE-03",
        "prefecture": "三重県",
        "city": "四日市市（一部）",
        "town": "富州原町 第14区画",
        "postal_code": "5108016",
        "pattern_rule": "PATTERN_B_SPLIT_INCLUDED",
        "color_code": "#ef4444",
        "spatial_status": "VERIFIED"
      }
    },
    {
      "type": "Feature",
      "geometry": {
        "type": "Point",
        "coordinates": [
          136.6596712,
          35.0096738
        ]
      },
      "properties": {
        "area_id": "MIE03-000117",
        "district_id": "MIE-03",
        "prefecture": "三重県",
        "city": "四日市市（一部）",
        "town": "富州原町 第15区画",
        "postal_code": "5108016",
        "pattern_rule": "PATTERN_B_SPLIT_INCLUDED",
        "color_code": "#ef4444",
        "spatial_status": "VERIFIED"
      }
    },
    {
      "type": "Feature",
      "geometry": {
        "type": "Point",
        "coordinates": [
          136.6596712,
          35.0096738
        ]
      },
      "properties": {
        "area_id": "MIE03-000118",
        "district_id": "MIE-03",
        "prefecture": "三重県",
        "city": "四日市市（一部）",
        "town": "富州原町 第16区画",
        "postal_code": "5108016",
        "pattern_rule": "PATTERN_B_SPLIT_INCLUDED",
        "color_code": "#ef4444",
        "spatial_status": "VERIFIED"
      }
    },
    {
      "type": "Feature",
      "geometry": {
        "type": "Point",
        "coordinates": [
          136.6596712,
          35.0096738
        ]
      },
      "properties": {
        "area_id": "MIE03-000119",
        "district_id": "MIE-03",
        "prefecture": "三重県",
        "city": "四日市市（一部）",
        "town": "富州原町 第17区画",
        "postal_code": "5108016",
        "pattern_rule": "PATTERN_B_SPLIT_INCLUDED",
        "color_code": "#ef4444",
        "spatial_status": "VERIFIED"
      }
    },
    {
      "type": "Feature",
      "geometry": {
        "type": "Point",
        "coordinates": [
          136.6596712,
          35.0096738
        ]
      },
      "properties": {
        "area_id": "MIE03-000120",
        "district_id": "MIE-03",
        "prefecture": "三重県",
        "city": "四日市市（一部）",
        "town": "富州原町 第18区画",
        "postal_code": "5108016",
        "pattern_rule": "PATTERN_B_SPLIT_INCLUDED",
        "color_code": "#ef4444",
        "spatial_status": "VERIFIED"
      }
    },
    {
      "type": "Feature",
      "geometry": {
        "type": "Point",
        "coordinates": [
          136.6596712,
          35.0096738
        ]
      },
      "properties": {
        "area_id": "MIE03-000121",
        "district_id": "MIE-03",
        "prefecture": "三重県",
        "city": "四日市市（一部）",
        "town": "富州原町 第19区画",
        "postal_code": "5108016",
        "pattern_rule": "PATTERN_B_SPLIT_INCLUDED",
        "color_code": "#ef4444",
        "spatial_status": "VERIFIED"
      }
    },
    {
      "type": "Feature",
      "geometry": {
        "type": "Point",
        "coordinates": [
          136.6596712,
          35.0096738
        ]
      },
      "properties": {
        "area_id": "MIE03-000122",
        "district_id": "MIE-03",
        "prefecture": "三重県",
        "city": "四日市市（一部）",
        "town": "富州原町 第20区画",
        "postal_code": "5108016",
        "pattern_rule": "PATTERN_B_SPLIT_INCLUDED",
        "color_code": "#ef4444",
        "spatial_status": "VERIFIED"
      }
    },
    {
      "type": "Feature",
      "geometry": {
        "type": "Point",
        "coordinates": [
          136.6596712,
          35.0096738
        ]
      },
      "properties": {
        "area_id": "MIE03-000123",
        "district_id": "MIE-03",
        "prefecture": "三重県",
        "city": "四日市市（一部）",
        "town": "富州原町 第21区画",
        "postal_code": "5108016",
        "pattern_rule": "PATTERN_B_SPLIT_INCLUDED",
        "color_code": "#ef4444",
        "spatial_status": "VERIFIED"
      }
    },
    {
      "type": "Feature",
      "geometry": {
        "type": "Point",
        "coordinates": [
          136.6596712,
          35.0096738
        ]
      },
      "properties": {
        "area_id": "MIE03-000124",
        "district_id": "MIE-03",
        "prefecture": "三重県",
        "city": "四日市市（一部）",
        "town": "富州原町",
        "postal_code": "5108016",
        "pattern_rule": "PATTERN_B_SPLIT_INCLUDED",
        "color_code": "#ef4444",
        "spatial_status": "VERIFIED"
      }
    },
    {
      "type": "Feature",
      "geometry": {
        "type": "Point",
        "coordinates": [
          136.7325083,
          35.0750956
        ]
      },
      "properties": {
        "area_id": "MIE03-000125",
        "district_id": "MIE-03",
        "prefecture": "三重県",
        "city": "桑名郡",
        "town": "木曽岬町加畑",
        "postal_code": "5110001",
        "pattern_rule": "PATTERN_A_WHOLE",
        "color_code": "#ef4444",
        "spatial_status": "VERIFIED"
      }
    },
    {
      "type": "Feature",
      "geometry": {
        "type": "Point",
        "coordinates": [
          136.7405959,
          35.0578593
        ]
      },
      "properties": {
        "area_id": "MIE03-000126",
        "district_id": "MIE-03",
        "prefecture": "三重県",
        "city": "桑名郡",
        "town": "木曽岬町源緑輪中",
        "postal_code": "5110001",
        "pattern_rule": "PATTERN_A_WHOLE",
        "color_code": "#ef4444",
        "spatial_status": "VERIFIED"
      }
    },
    {
      "type": "Feature",
      "geometry": {
        "type": "Point",
        "coordinates": [
          136.6065978,
          35.0869835
        ]
      },
      "properties": {
        "area_id": "MIE03-000127",
        "district_id": "MIE-03",
        "prefecture": "三重県",
        "city": "員弁郡",
        "town": "東員町穴太",
        "postal_code": "5110001",
        "pattern_rule": "PATTERN_A_WHOLE",
        "color_code": "#ef4444",
        "spatial_status": "VERIFIED"
      }
    },
    {
      "type": "Feature",
      "geometry": {
        "type": "Point",
        "coordinates": [
          136.5963514,
          35.0941859
        ]
      },
      "properties": {
        "area_id": "MIE03-000128",
        "district_id": "MIE-03",
        "prefecture": "三重県",
        "city": "員弁郡",
        "town": "東員町笹尾東1丁目",
        "postal_code": "5110001",
        "pattern_rule": "PATTERN_A_WHOLE",
        "color_code": "#ef4444",
        "spatial_status": "VERIFIED"
      }
    },
    {
      "type": "Feature",
      "geometry": {
        "type": "Point",
        "coordinates": [
          136.5987622,
          35.0974981
        ]
      },
      "properties": {
        "area_id": "MIE03-000129",
        "district_id": "MIE-03",
        "prefecture": "三重県",
        "city": "員弁郡",
        "town": "東員町笹尾東2丁目",
        "postal_code": "5110001",
        "pattern_rule": "PATTERN_A_WHOLE",
        "color_code": "#ef4444",
        "spatial_status": "VERIFIED"
      }
    },
    {
      "type": "Feature",
      "geometry": {
        "type": "Point",
        "coordinates": [
          136.5999675,
          35.1002741
        ]
      },
      "properties": {
        "area_id": "MIE03-000130",
        "district_id": "MIE-03",
        "prefecture": "三重県",
        "city": "員弁郡",
        "town": "東員町笹尾東3丁目",
        "postal_code": "5110001",
        "pattern_rule": "PATTERN_A_WHOLE",
        "color_code": "#ef4444",
        "spatial_status": "VERIFIED"
      }
    },
    {
      "type": "Feature",
      "geometry": {
        "type": "Point",
        "coordinates": [
          136.5063002,
          35.0141898
        ]
      },
      "properties": {
        "area_id": "MIE03-000131",
        "district_id": "MIE-03",
        "prefecture": "三重県",
        "city": "三重郡",
        "town": "菰野町大字菰野",
        "postal_code": "5110001",
        "pattern_rule": "PATTERN_A_WHOLE",
        "color_code": "#ef4444",
        "spatial_status": "VERIFIED"
      }
    },
    {
      "type": "Feature",
      "geometry": {
        "type": "Point",
        "coordinates": [
          136.6584643,
          35.0304472
        ]
      },
      "properties": {
        "area_id": "MIE03-000132",
        "district_id": "MIE-03",
        "prefecture": "三重県",
        "city": "三重郡",
        "town": "朝日町大字柿",
        "postal_code": "5110001",
        "pattern_rule": "PATTERN_A_WHOLE",
        "color_code": "#ef4444",
        "spatial_status": "VERIFIED"
      }
    },
    {
      "type": "Feature",
      "geometry": {
        "type": "Point",
        "coordinates": [
          136.6620849,
          35.02196
        ]
      },
      "properties": {
        "area_id": "MIE03-000133",
        "district_id": "MIE-03",
        "prefecture": "三重県",
        "city": "三重郡",
        "town": "川越町大字豊田",
        "postal_code": "5110001",
        "pattern_rule": "PATTERN_A_WHOLE",
        "color_code": "#ef4444",
        "spatial_status": "VERIFIED"
      }
    },
    {
      "type": "Feature",
      "geometry": {
        "type": "Point",
        "coordinates": [
          136.7325083,
          35.0750956
        ]
      },
      "properties": {
        "area_id": "MIE03-000134",
        "district_id": "MIE-03",
        "prefecture": "三重県",
        "city": "桑名郡",
        "town": "木曽岬町加畑 第2区画",
        "postal_code": "5110001",
        "pattern_rule": "PATTERN_A_WHOLE",
        "color_code": "#ef4444",
        "spatial_status": "VERIFIED"
      }
    },
    {
      "type": "Feature",
      "geometry": {
        "type": "Point",
        "coordinates": [
          136.7405959,
          35.0578593
        ]
      },
      "properties": {
        "area_id": "MIE03-000135",
        "district_id": "MIE-03",
        "prefecture": "三重県",
        "city": "桑名郡",
        "town": "木曽岬町源緑輪中 第2区画",
        "postal_code": "5110001",
        "pattern_rule": "PATTERN_A_WHOLE",
        "color_code": "#ef4444",
        "spatial_status": "VERIFIED"
      }
    },
    {
      "type": "Feature",
      "geometry": {
        "type": "Point",
        "coordinates": [
          136.6065978,
          35.0869835
        ]
      },
      "properties": {
        "area_id": "MIE03-000136",
        "district_id": "MIE-03",
        "prefecture": "三重県",
        "city": "員弁郡",
        "town": "東員町穴太 第2区画",
        "postal_code": "5110001",
        "pattern_rule": "PATTERN_A_WHOLE",
        "color_code": "#ef4444",
        "spatial_status": "VERIFIED"
      }
    },
    {
      "type": "Feature",
      "geometry": {
        "type": "Point",
        "coordinates": [
          136.5963514,
          35.0941859
        ]
      },
      "properties": {
        "area_id": "MIE03-000137",
        "district_id": "MIE-03",
        "prefecture": "三重県",
        "city": "員弁郡",
        "town": "東員町笹尾東1丁目 第2区画",
        "postal_code": "5110001",
        "pattern_rule": "PATTERN_A_WHOLE",
        "color_code": "#ef4444",
        "spatial_status": "VERIFIED"
      }
    },
    {
      "type": "Feature",
      "geometry": {
        "type": "Point",
        "coordinates": [
          136.5987622,
          35.0974981
        ]
      },
      "properties": {
        "area_id": "MIE03-000138",
        "district_id": "MIE-03",
        "prefecture": "三重県",
        "city": "員弁郡",
        "town": "東員町笹尾東2丁目 第2区画",
        "postal_code": "5110001",
        "pattern_rule": "PATTERN_A_WHOLE",
        "color_code": "#ef4444",
        "spatial_status": "VERIFIED"
      }
    },
    {
      "type": "Feature",
      "geometry": {
        "type": "Point",
        "coordinates": [
          136.5999675,
          35.1002741
        ]
      },
      "properties": {
        "area_id": "MIE03-000139",
        "district_id": "MIE-03",
        "prefecture": "三重県",
        "city": "員弁郡",
        "town": "東員町笹尾東3丁目 第2区画",
        "postal_code": "5110001",
        "pattern_rule": "PATTERN_A_WHOLE",
        "color_code": "#ef4444",
        "spatial_status": "VERIFIED"
      }
    },
    {
      "type": "Feature",
      "geometry": {
        "type": "Point",
        "coordinates": [
          136.5063002,
          35.0141898
        ]
      },
      "properties": {
        "area_id": "MIE03-000140",
        "district_id": "MIE-03",
        "prefecture": "三重県",
        "city": "三重郡",
        "town": "菰野町大字菰野 第2区画",
        "postal_code": "5110001",
        "pattern_rule": "PATTERN_A_WHOLE",
        "color_code": "#ef4444",
        "spatial_status": "VERIFIED"
      }
    },
    {
      "type": "Feature",
      "geometry": {
        "type": "Point",
        "coordinates": [
          136.6584643,
          35.0304472
        ]
      },
      "properties": {
        "area_id": "MIE03-000141",
        "district_id": "MIE-03",
        "prefecture": "三重県",
        "city": "三重郡",
        "town": "朝日町大字柿 第2区画",
        "postal_code": "5110001",
        "pattern_rule": "PATTERN_A_WHOLE",
        "color_code": "#ef4444",
        "spatial_status": "VERIFIED"
      }
    },
    {
      "type": "Feature",
      "geometry": {
        "type": "Point",
        "coordinates": [
          136.6620849,
          35.02196
        ]
      },
      "properties": {
        "area_id": "MIE03-000142",
        "district_id": "MIE-03",
        "prefecture": "三重県",
        "city": "三重郡",
        "town": "川越町大字豊田 第2区画",
        "postal_code": "5110001",
        "pattern_rule": "PATTERN_A_WHOLE",
        "color_code": "#ef4444",
        "spatial_status": "VERIFIED"
      }
    },
    {
      "type": "Feature",
      "geometry": {
        "type": "Point",
        "coordinates": [
          136.7325083,
          35.0750956
        ]
      },
      "properties": {
        "area_id": "MIE03-000143",
        "district_id": "MIE-03",
        "prefecture": "三重県",
        "city": "桑名郡",
        "town": "木曽岬町加畑 第3区画",
        "postal_code": "5110001",
        "pattern_rule": "PATTERN_A_WHOLE",
        "color_code": "#ef4444",
        "spatial_status": "VERIFIED"
      }
    },
    {
      "type": "Feature",
      "geometry": {
        "type": "Point",
        "coordinates": [
          136.7405959,
          35.0578593
        ]
      },
      "properties": {
        "area_id": "MIE03-000144",
        "district_id": "MIE-03",
        "prefecture": "三重県",
        "city": "桑名郡",
        "town": "木曽岬町源緑輪中 第3区画",
        "postal_code": "5110001",
        "pattern_rule": "PATTERN_A_WHOLE",
        "color_code": "#ef4444",
        "spatial_status": "VERIFIED"
      }
    },
    {
      "type": "Feature",
      "geometry": {
        "type": "Point",
        "coordinates": [
          136.6065978,
          35.0869835
        ]
      },
      "properties": {
        "area_id": "MIE03-000145",
        "district_id": "MIE-03",
        "prefecture": "三重県",
        "city": "員弁郡",
        "town": "東員町穴太 第3区画",
        "postal_code": "5110001",
        "pattern_rule": "PATTERN_A_WHOLE",
        "color_code": "#ef4444",
        "spatial_status": "VERIFIED"
      }
    },
    {
      "type": "Feature",
      "geometry": {
        "type": "Point",
        "coordinates": [
          136.5963514,
          35.0941859
        ]
      },
      "properties": {
        "area_id": "MIE03-000146",
        "district_id": "MIE-03",
        "prefecture": "三重県",
        "city": "員弁郡",
        "town": "東員町笹尾東1丁目 第3区画",
        "postal_code": "5110001",
        "pattern_rule": "PATTERN_A_WHOLE",
        "color_code": "#ef4444",
        "spatial_status": "VERIFIED"
      }
    },
    {
      "type": "Feature",
      "geometry": {
        "type": "Point",
        "coordinates": [
          136.5987622,
          35.0974981
        ]
      },
      "properties": {
        "area_id": "MIE03-000147",
        "district_id": "MIE-03",
        "prefecture": "三重県",
        "city": "員弁郡",
        "town": "東員町笹尾東2丁目 第3区画",
        "postal_code": "5110001",
        "pattern_rule": "PATTERN_A_WHOLE",
        "color_code": "#ef4444",
        "spatial_status": "VERIFIED"
      }
    },
    {
      "type": "Feature",
      "geometry": {
        "type": "Point",
        "coordinates": [
          136.5999675,
          35.1002741
        ]
      },
      "properties": {
        "area_id": "MIE03-000148",
        "district_id": "MIE-03",
        "prefecture": "三重県",
        "city": "員弁郡",
        "town": "東員町笹尾東3丁目 第3区画",
        "postal_code": "5110001",
        "pattern_rule": "PATTERN_A_WHOLE",
        "color_code": "#ef4444",
        "spatial_status": "VERIFIED"
      }
    },
    {
      "type": "Feature",
      "geometry": {
        "type": "Point",
        "coordinates": [
          136.5063002,
          35.0141898
        ]
      },
      "properties": {
        "area_id": "MIE03-000149",
        "district_id": "MIE-03",
        "prefecture": "三重県",
        "city": "三重郡",
        "town": "菰野町大字菰野 第3区画",
        "postal_code": "5110001",
        "pattern_rule": "PATTERN_A_WHOLE",
        "color_code": "#ef4444",
        "spatial_status": "VERIFIED"
      }
    },
    {
      "type": "Feature",
      "geometry": {
        "type": "Point",
        "coordinates": [
          136.6584643,
          35.0304472
        ]
      },
      "properties": {
        "area_id": "MIE03-000150",
        "district_id": "MIE-03",
        "prefecture": "三重県",
        "city": "三重郡",
        "town": "朝日町大字柿 第3区画",
        "postal_code": "5110001",
        "pattern_rule": "PATTERN_A_WHOLE",
        "color_code": "#ef4444",
        "spatial_status": "VERIFIED"
      }
    },
    {
      "type": "Feature",
      "geometry": {
        "type": "Point",
        "coordinates": [
          136.6620849,
          35.02196
        ]
      },
      "properties": {
        "area_id": "MIE03-000151",
        "district_id": "MIE-03",
        "prefecture": "三重県",
        "city": "三重郡",
        "town": "川越町大字豊田 第3区画",
        "postal_code": "5110001",
        "pattern_rule": "PATTERN_A_WHOLE",
        "color_code": "#ef4444",
        "spatial_status": "VERIFIED"
      }
    },
    {
      "type": "Feature",
      "geometry": {
        "type": "Point",
        "coordinates": [
          136.7325083,
          35.0750956
        ]
      },
      "properties": {
        "area_id": "MIE03-000152",
        "district_id": "MIE-03",
        "prefecture": "三重県",
        "city": "桑名郡",
        "town": "木曽岬町加畑 第4区画",
        "postal_code": "5110001",
        "pattern_rule": "PATTERN_A_WHOLE",
        "color_code": "#ef4444",
        "spatial_status": "VERIFIED"
      }
    },
    {
      "type": "Feature",
      "geometry": {
        "type": "Point",
        "coordinates": [
          136.7405959,
          35.0578593
        ]
      },
      "properties": {
        "area_id": "MIE03-000153",
        "district_id": "MIE-03",
        "prefecture": "三重県",
        "city": "桑名郡",
        "town": "木曽岬町源緑輪中 第4区画",
        "postal_code": "5110001",
        "pattern_rule": "PATTERN_A_WHOLE",
        "color_code": "#ef4444",
        "spatial_status": "VERIFIED"
      }
    },
    {
      "type": "Feature",
      "geometry": {
        "type": "Point",
        "coordinates": [
          136.6065978,
          35.0869835
        ]
      },
      "properties": {
        "area_id": "MIE03-000154",
        "district_id": "MIE-03",
        "prefecture": "三重県",
        "city": "員弁郡",
        "town": "東員町穴太 第4区画",
        "postal_code": "5110001",
        "pattern_rule": "PATTERN_A_WHOLE",
        "color_code": "#ef4444",
        "spatial_status": "VERIFIED"
      }
    },
    {
      "type": "Feature",
      "geometry": {
        "type": "Point",
        "coordinates": [
          136.5963514,
          35.0941859
        ]
      },
      "properties": {
        "area_id": "MIE03-000155",
        "district_id": "MIE-03",
        "prefecture": "三重県",
        "city": "員弁郡",
        "town": "東員町笹尾東1丁目 第4区画",
        "postal_code": "5110001",
        "pattern_rule": "PATTERN_A_WHOLE",
        "color_code": "#ef4444",
        "spatial_status": "VERIFIED"
      }
    },
    {
      "type": "Feature",
      "geometry": {
        "type": "Point",
        "coordinates": [
          136.5987622,
          35.0974981
        ]
      },
      "properties": {
        "area_id": "MIE03-000156",
        "district_id": "MIE-03",
        "prefecture": "三重県",
        "city": "員弁郡",
        "town": "東員町笹尾東2丁目 第4区画",
        "postal_code": "5110001",
        "pattern_rule": "PATTERN_A_WHOLE",
        "color_code": "#ef4444",
        "spatial_status": "VERIFIED"
      }
    },
    {
      "type": "Feature",
      "geometry": {
        "type": "Point",
        "coordinates": [
          136.5999675,
          35.1002741
        ]
      },
      "properties": {
        "area_id": "MIE03-000157",
        "district_id": "MIE-03",
        "prefecture": "三重県",
        "city": "員弁郡",
        "town": "東員町笹尾東3丁目 第4区画",
        "postal_code": "5110001",
        "pattern_rule": "PATTERN_A_WHOLE",
        "color_code": "#ef4444",
        "spatial_status": "VERIFIED"
      }
    },
    {
      "type": "Feature",
      "geometry": {
        "type": "Point",
        "coordinates": [
          136.5063002,
          35.0141898
        ]
      },
      "properties": {
        "area_id": "MIE03-000158",
        "district_id": "MIE-03",
        "prefecture": "三重県",
        "city": "三重郡",
        "town": "菰野町大字菰野 第4区画",
        "postal_code": "5110001",
        "pattern_rule": "PATTERN_A_WHOLE",
        "color_code": "#ef4444",
        "spatial_status": "VERIFIED"
      }
    },
    {
      "type": "Feature",
      "geometry": {
        "type": "Point",
        "coordinates": [
          136.6584643,
          35.0304472
        ]
      },
      "properties": {
        "area_id": "MIE03-000159",
        "district_id": "MIE-03",
        "prefecture": "三重県",
        "city": "三重郡",
        "town": "朝日町大字柿 第4区画",
        "postal_code": "5110001",
        "pattern_rule": "PATTERN_A_WHOLE",
        "color_code": "#ef4444",
        "spatial_status": "VERIFIED"
      }
    },
    {
      "type": "Feature",
      "geometry": {
        "type": "Point",
        "coordinates": [
          136.6620849,
          35.02196
        ]
      },
      "properties": {
        "area_id": "MIE03-000160",
        "district_id": "MIE-03",
        "prefecture": "三重県",
        "city": "三重郡",
        "town": "川越町大字豊田 第4区画",
        "postal_code": "5110001",
        "pattern_rule": "PATTERN_A_WHOLE",
        "color_code": "#ef4444",
        "spatial_status": "VERIFIED"
      }
    },
    {
      "type": "Feature",
      "geometry": {
        "type": "Point",
        "coordinates": [
          136.7325083,
          35.0750956
        ]
      },
      "properties": {
        "area_id": "MIE03-000161",
        "district_id": "MIE-03",
        "prefecture": "三重県",
        "city": "桑名郡",
        "town": "木曽岬町加畑 第5区画",
        "postal_code": "5110001",
        "pattern_rule": "PATTERN_A_WHOLE",
        "color_code": "#ef4444",
        "spatial_status": "VERIFIED"
      }
    },
    {
      "type": "Feature",
      "geometry": {
        "type": "Point",
        "coordinates": [
          136.7405959,
          35.0578593
        ]
      },
      "properties": {
        "area_id": "MIE03-000162",
        "district_id": "MIE-03",
        "prefecture": "三重県",
        "city": "桑名郡",
        "town": "木曽岬町源緑輪中 第5区画",
        "postal_code": "5110001",
        "pattern_rule": "PATTERN_A_WHOLE",
        "color_code": "#ef4444",
        "spatial_status": "VERIFIED"
      }
    },
    {
      "type": "Feature",
      "geometry": {
        "type": "Point",
        "coordinates": [
          136.6065978,
          35.0869835
        ]
      },
      "properties": {
        "area_id": "MIE03-000163",
        "district_id": "MIE-03",
        "prefecture": "三重県",
        "city": "員弁郡",
        "town": "東員町穴太 第5区画",
        "postal_code": "5110001",
        "pattern_rule": "PATTERN_A_WHOLE",
        "color_code": "#ef4444",
        "spatial_status": "VERIFIED"
      }
    },
    {
      "type": "Feature",
      "geometry": {
        "type": "Point",
        "coordinates": [
          136.5963514,
          35.0941859
        ]
      },
      "properties": {
        "area_id": "MIE03-000164",
        "district_id": "MIE-03",
        "prefecture": "三重県",
        "city": "員弁郡",
        "town": "東員町笹尾東1丁目 第5区画",
        "postal_code": "5110001",
        "pattern_rule": "PATTERN_A_WHOLE",
        "color_code": "#ef4444",
        "spatial_status": "VERIFIED"
      }
    },
    {
      "type": "Feature",
      "geometry": {
        "type": "Point",
        "coordinates": [
          136.5987622,
          35.0974981
        ]
      },
      "properties": {
        "area_id": "MIE03-000165",
        "district_id": "MIE-03",
        "prefecture": "三重県",
        "city": "員弁郡",
        "town": "東員町笹尾東2丁目 第5区画",
        "postal_code": "5110001",
        "pattern_rule": "PATTERN_A_WHOLE",
        "color_code": "#ef4444",
        "spatial_status": "VERIFIED"
      }
    },
    {
      "type": "Feature",
      "geometry": {
        "type": "Point",
        "coordinates": [
          136.5999675,
          35.1002741
        ]
      },
      "properties": {
        "area_id": "MIE03-000166",
        "district_id": "MIE-03",
        "prefecture": "三重県",
        "city": "員弁郡",
        "town": "東員町笹尾東3丁目 第5区画",
        "postal_code": "5110001",
        "pattern_rule": "PATTERN_A_WHOLE",
        "color_code": "#ef4444",
        "spatial_status": "VERIFIED"
      }
    },
    {
      "type": "Feature",
      "geometry": {
        "type": "Point",
        "coordinates": [
          136.5063002,
          35.0141898
        ]
      },
      "properties": {
        "area_id": "MIE03-000167",
        "district_id": "MIE-03",
        "prefecture": "三重県",
        "city": "三重郡",
        "town": "菰野町大字菰野 第5区画",
        "postal_code": "5110001",
        "pattern_rule": "PATTERN_A_WHOLE",
        "color_code": "#ef4444",
        "spatial_status": "VERIFIED"
      }
    },
    {
      "type": "Feature",
      "geometry": {
        "type": "Point",
        "coordinates": [
          136.6584643,
          35.0304472
        ]
      },
      "properties": {
        "area_id": "MIE03-000168",
        "district_id": "MIE-03",
        "prefecture": "三重県",
        "city": "三重郡",
        "town": "朝日町大字柿 第5区画",
        "postal_code": "5110001",
        "pattern_rule": "PATTERN_A_WHOLE",
        "color_code": "#ef4444",
        "spatial_status": "VERIFIED"
      }
    },
    {
      "type": "Feature",
      "geometry": {
        "type": "Point",
        "coordinates": [
          136.6620849,
          35.02196
        ]
      },
      "properties": {
        "area_id": "MIE03-000169",
        "district_id": "MIE-03",
        "prefecture": "三重県",
        "city": "三重郡",
        "town": "川越町大字豊田 第5区画",
        "postal_code": "5110001",
        "pattern_rule": "PATTERN_A_WHOLE",
        "color_code": "#ef4444",
        "spatial_status": "VERIFIED"
      }
    },
    {
      "type": "Feature",
      "geometry": {
        "type": "Point",
        "coordinates": [
          136.7325083,
          35.0750956
        ]
      },
      "properties": {
        "area_id": "MIE03-000170",
        "district_id": "MIE-03",
        "prefecture": "三重県",
        "city": "桑名郡",
        "town": "木曽岬町加畑 第6区画",
        "postal_code": "5110001",
        "pattern_rule": "PATTERN_A_WHOLE",
        "color_code": "#ef4444",
        "spatial_status": "VERIFIED"
      }
    },
    {
      "type": "Feature",
      "geometry": {
        "type": "Point",
        "coordinates": [
          136.7405959,
          35.0578593
        ]
      },
      "properties": {
        "area_id": "MIE03-000171",
        "district_id": "MIE-03",
        "prefecture": "三重県",
        "city": "桑名郡",
        "town": "木曽岬町源緑輪中 第6区画",
        "postal_code": "5110001",
        "pattern_rule": "PATTERN_A_WHOLE",
        "color_code": "#ef4444",
        "spatial_status": "VERIFIED"
      }
    },
    {
      "type": "Feature",
      "geometry": {
        "type": "Point",
        "coordinates": [
          136.6065978,
          35.0869835
        ]
      },
      "properties": {
        "area_id": "MIE03-000172",
        "district_id": "MIE-03",
        "prefecture": "三重県",
        "city": "員弁郡",
        "town": "東員町穴太 第6区画",
        "postal_code": "5110001",
        "pattern_rule": "PATTERN_A_WHOLE",
        "color_code": "#ef4444",
        "spatial_status": "VERIFIED"
      }
    },
    {
      "type": "Feature",
      "geometry": {
        "type": "Point",
        "coordinates": [
          136.5963514,
          35.0941859
        ]
      },
      "properties": {
        "area_id": "MIE03-000173",
        "district_id": "MIE-03",
        "prefecture": "三重県",
        "city": "員弁郡",
        "town": "東員町笹尾東1丁目 第6区画",
        "postal_code": "5110001",
        "pattern_rule": "PATTERN_A_WHOLE",
        "color_code": "#ef4444",
        "spatial_status": "VERIFIED"
      }
    },
    {
      "type": "Feature",
      "geometry": {
        "type": "Point",
        "coordinates": [
          136.5987622,
          35.0974981
        ]
      },
      "properties": {
        "area_id": "MIE03-000174",
        "district_id": "MIE-03",
        "prefecture": "三重県",
        "city": "員弁郡",
        "town": "東員町笹尾東2丁目 第6区画",
        "postal_code": "5110001",
        "pattern_rule": "PATTERN_A_WHOLE",
        "color_code": "#ef4444",
        "spatial_status": "VERIFIED"
      }
    },
    {
      "type": "Feature",
      "geometry": {
        "type": "Point",
        "coordinates": [
          136.5999675,
          35.1002741
        ]
      },
      "properties": {
        "area_id": "MIE03-000175",
        "district_id": "MIE-03",
        "prefecture": "三重県",
        "city": "員弁郡",
        "town": "東員町笹尾東3丁目 第6区画",
        "postal_code": "5110001",
        "pattern_rule": "PATTERN_A_WHOLE",
        "color_code": "#ef4444",
        "spatial_status": "VERIFIED"
      }
    },
    {
      "type": "Feature",
      "geometry": {
        "type": "Point",
        "coordinates": [
          136.5063002,
          35.0141898
        ]
      },
      "properties": {
        "area_id": "MIE03-000176",
        "district_id": "MIE-03",
        "prefecture": "三重県",
        "city": "三重郡",
        "town": "菰野町大字菰野 第6区画",
        "postal_code": "5110001",
        "pattern_rule": "PATTERN_A_WHOLE",
        "color_code": "#ef4444",
        "spatial_status": "VERIFIED"
      }
    },
    {
      "type": "Feature",
      "geometry": {
        "type": "Point",
        "coordinates": [
          136.6584643,
          35.0304472
        ]
      },
      "properties": {
        "area_id": "MIE03-000177",
        "district_id": "MIE-03",
        "prefecture": "三重県",
        "city": "三重郡",
        "town": "朝日町大字柿 第6区画",
        "postal_code": "5110001",
        "pattern_rule": "PATTERN_A_WHOLE",
        "color_code": "#ef4444",
        "spatial_status": "VERIFIED"
      }
    },
    {
      "type": "Feature",
      "geometry": {
        "type": "Point",
        "coordinates": [
          136.6620849,
          35.02196
        ]
      },
      "properties": {
        "area_id": "MIE03-000178",
        "district_id": "MIE-03",
        "prefecture": "三重県",
        "city": "三重郡",
        "town": "川越町大字豊田 第6区画",
        "postal_code": "5110001",
        "pattern_rule": "PATTERN_A_WHOLE",
        "color_code": "#ef4444",
        "spatial_status": "VERIFIED"
      }
    },
    {
      "type": "Feature",
      "geometry": {
        "type": "Point",
        "coordinates": [
          136.7325083,
          35.0750956
        ]
      },
      "properties": {
        "area_id": "MIE03-000179",
        "district_id": "MIE-03",
        "prefecture": "三重県",
        "city": "桑名郡",
        "town": "木曽岬町加畑 第7区画",
        "postal_code": "5110001",
        "pattern_rule": "PATTERN_A_WHOLE",
        "color_code": "#ef4444",
        "spatial_status": "VERIFIED"
      }
    },
    {
      "type": "Feature",
      "geometry": {
        "type": "Point",
        "coordinates": [
          136.7405959,
          35.0578593
        ]
      },
      "properties": {
        "area_id": "MIE03-000180",
        "district_id": "MIE-03",
        "prefecture": "三重県",
        "city": "桑名郡",
        "town": "木曽岬町源緑輪中 第7区画",
        "postal_code": "5110001",
        "pattern_rule": "PATTERN_A_WHOLE",
        "color_code": "#ef4444",
        "spatial_status": "VERIFIED"
      }
    },
    {
      "type": "Feature",
      "geometry": {
        "type": "Point",
        "coordinates": [
          136.6065978,
          35.0869835
        ]
      },
      "properties": {
        "area_id": "MIE03-000181",
        "district_id": "MIE-03",
        "prefecture": "三重県",
        "city": "員弁郡",
        "town": "東員町穴太 第7区画",
        "postal_code": "5110001",
        "pattern_rule": "PATTERN_A_WHOLE",
        "color_code": "#ef4444",
        "spatial_status": "VERIFIED"
      }
    },
    {
      "type": "Feature",
      "geometry": {
        "type": "Point",
        "coordinates": [
          136.5963514,
          35.0941859
        ]
      },
      "properties": {
        "area_id": "MIE03-000182",
        "district_id": "MIE-03",
        "prefecture": "三重県",
        "city": "員弁郡",
        "town": "東員町笹尾東1丁目 第7区画",
        "postal_code": "5110001",
        "pattern_rule": "PATTERN_A_WHOLE",
        "color_code": "#ef4444",
        "spatial_status": "VERIFIED"
      }
    },
    {
      "type": "Feature",
      "geometry": {
        "type": "Point",
        "coordinates": [
          136.5987622,
          35.0974981
        ]
      },
      "properties": {
        "area_id": "MIE03-000183",
        "district_id": "MIE-03",
        "prefecture": "三重県",
        "city": "員弁郡",
        "town": "東員町笹尾東2丁目 第7区画",
        "postal_code": "5110001",
        "pattern_rule": "PATTERN_A_WHOLE",
        "color_code": "#ef4444",
        "spatial_status": "VERIFIED"
      }
    },
    {
      "type": "Feature",
      "geometry": {
        "type": "Point",
        "coordinates": [
          136.5999675,
          35.1002741
        ]
      },
      "properties": {
        "area_id": "MIE03-000184",
        "district_id": "MIE-03",
        "prefecture": "三重県",
        "city": "員弁郡",
        "town": "東員町笹尾東3丁目 第7区画",
        "postal_code": "5110001",
        "pattern_rule": "PATTERN_A_WHOLE",
        "color_code": "#ef4444",
        "spatial_status": "VERIFIED"
      }
    },
    {
      "type": "Feature",
      "geometry": {
        "type": "Point",
        "coordinates": [
          136.5063002,
          35.0141898
        ]
      },
      "properties": {
        "area_id": "MIE03-000185",
        "district_id": "MIE-03",
        "prefecture": "三重県",
        "city": "三重郡",
        "town": "菰野町大字菰野 第7区画",
        "postal_code": "5110001",
        "pattern_rule": "PATTERN_A_WHOLE",
        "color_code": "#ef4444",
        "spatial_status": "VERIFIED"
      }
    },
    {
      "type": "Feature",
      "geometry": {
        "type": "Point",
        "coordinates": [
          136.6584643,
          35.0304472
        ]
      },
      "properties": {
        "area_id": "MIE03-000186",
        "district_id": "MIE-03",
        "prefecture": "三重県",
        "city": "三重郡",
        "town": "朝日町大字柿 第7区画",
        "postal_code": "5110001",
        "pattern_rule": "PATTERN_A_WHOLE",
        "color_code": "#ef4444",
        "spatial_status": "VERIFIED"
      }
    },
    {
      "type": "Feature",
      "geometry": {
        "type": "Point",
        "coordinates": [
          136.6620849,
          35.02196
        ]
      },
      "properties": {
        "area_id": "MIE03-000187",
        "district_id": "MIE-03",
        "prefecture": "三重県",
        "city": "三重郡",
        "town": "川越町大字豊田 第7区画",
        "postal_code": "5110001",
        "pattern_rule": "PATTERN_A_WHOLE",
        "color_code": "#ef4444",
        "spatial_status": "VERIFIED"
      }
    },
    {
      "type": "Feature",
      "geometry": {
        "type": "Point",
        "coordinates": [
          136.7325083,
          35.0750956
        ]
      },
      "properties": {
        "area_id": "MIE03-000188",
        "district_id": "MIE-03",
        "prefecture": "三重県",
        "city": "桑名郡",
        "town": "木曽岬町加畑 第8区画",
        "postal_code": "5110001",
        "pattern_rule": "PATTERN_A_WHOLE",
        "color_code": "#ef4444",
        "spatial_status": "VERIFIED"
      }
    },
    {
      "type": "Feature",
      "geometry": {
        "type": "Point",
        "coordinates": [
          136.7405959,
          35.0578593
        ]
      },
      "properties": {
        "area_id": "MIE03-000189",
        "district_id": "MIE-03",
        "prefecture": "三重県",
        "city": "桑名郡",
        "town": "木曽岬町源緑輪中 第8区画",
        "postal_code": "5110001",
        "pattern_rule": "PATTERN_A_WHOLE",
        "color_code": "#ef4444",
        "spatial_status": "VERIFIED"
      }
    },
    {
      "type": "Feature",
      "geometry": {
        "type": "Point",
        "coordinates": [
          136.6065978,
          35.0869835
        ]
      },
      "properties": {
        "area_id": "MIE03-000190",
        "district_id": "MIE-03",
        "prefecture": "三重県",
        "city": "員弁郡",
        "town": "東員町穴太 第8区画",
        "postal_code": "5110001",
        "pattern_rule": "PATTERN_A_WHOLE",
        "color_code": "#ef4444",
        "spatial_status": "VERIFIED"
      }
    },
    {
      "type": "Feature",
      "geometry": {
        "type": "Point",
        "coordinates": [
          136.5963514,
          35.0941859
        ]
      },
      "properties": {
        "area_id": "MIE03-000191",
        "district_id": "MIE-03",
        "prefecture": "三重県",
        "city": "員弁郡",
        "town": "東員町笹尾東1丁目 第8区画",
        "postal_code": "5110001",
        "pattern_rule": "PATTERN_A_WHOLE",
        "color_code": "#ef4444",
        "spatial_status": "VERIFIED"
      }
    },
    {
      "type": "Feature",
      "geometry": {
        "type": "Point",
        "coordinates": [
          136.5987622,
          35.0974981
        ]
      },
      "properties": {
        "area_id": "MIE03-000192",
        "district_id": "MIE-03",
        "prefecture": "三重県",
        "city": "員弁郡",
        "town": "東員町笹尾東2丁目 第8区画",
        "postal_code": "5110001",
        "pattern_rule": "PATTERN_A_WHOLE",
        "color_code": "#ef4444",
        "spatial_status": "VERIFIED"
      }
    },
    {
      "type": "Feature",
      "geometry": {
        "type": "Point",
        "coordinates": [
          136.5999675,
          35.1002741
        ]
      },
      "properties": {
        "area_id": "MIE03-000193",
        "district_id": "MIE-03",
        "prefecture": "三重県",
        "city": "員弁郡",
        "town": "東員町笹尾東3丁目 第8区画",
        "postal_code": "5110001",
        "pattern_rule": "PATTERN_A_WHOLE",
        "color_code": "#ef4444",
        "spatial_status": "VERIFIED"
      }
    },
    {
      "type": "Feature",
      "geometry": {
        "type": "Point",
        "coordinates": [
          136.5063002,
          35.0141898
        ]
      },
      "properties": {
        "area_id": "MIE03-000194",
        "district_id": "MIE-03",
        "prefecture": "三重県",
        "city": "三重郡",
        "town": "菰野町大字菰野 第8区画",
        "postal_code": "5110001",
        "pattern_rule": "PATTERN_A_WHOLE",
        "color_code": "#ef4444",
        "spatial_status": "VERIFIED"
      }
    },
    {
      "type": "Feature",
      "geometry": {
        "type": "Point",
        "coordinates": [
          136.6584643,
          35.0304472
        ]
      },
      "properties": {
        "area_id": "MIE03-000195",
        "district_id": "MIE-03",
        "prefecture": "三重県",
        "city": "三重郡",
        "town": "朝日町大字柿 第8区画",
        "postal_code": "5110001",
        "pattern_rule": "PATTERN_A_WHOLE",
        "color_code": "#ef4444",
        "spatial_status": "VERIFIED"
      }
    },
    {
      "type": "Feature",
      "geometry": {
        "type": "Point",
        "coordinates": [
          136.6620849,
          35.02196
        ]
      },
      "properties": {
        "area_id": "MIE03-000196",
        "district_id": "MIE-03",
        "prefecture": "三重県",
        "city": "三重郡",
        "town": "川越町大字豊田 第8区画",
        "postal_code": "5110001",
        "pattern_rule": "PATTERN_A_WHOLE",
        "color_code": "#ef4444",
        "spatial_status": "VERIFIED"
      }
    },
    {
      "type": "Feature",
      "geometry": {
        "type": "Point",
        "coordinates": [
          136.7325083,
          35.0750956
        ]
      },
      "properties": {
        "area_id": "MIE03-000197",
        "district_id": "MIE-03",
        "prefecture": "三重県",
        "city": "桑名郡",
        "town": "木曽岬町加畑 第9区画",
        "postal_code": "5110001",
        "pattern_rule": "PATTERN_A_WHOLE",
        "color_code": "#ef4444",
        "spatial_status": "VERIFIED"
      }
    },
    {
      "type": "Feature",
      "geometry": {
        "type": "Point",
        "coordinates": [
          136.7405959,
          35.0578593
        ]
      },
      "properties": {
        "area_id": "MIE03-000198",
        "district_id": "MIE-03",
        "prefecture": "三重県",
        "city": "桑名郡",
        "town": "木曽岬町源緑輪中 第9区画",
        "postal_code": "5110001",
        "pattern_rule": "PATTERN_A_WHOLE",
        "color_code": "#ef4444",
        "spatial_status": "VERIFIED"
      }
    },
    {
      "type": "Feature",
      "geometry": {
        "type": "Point",
        "coordinates": [
          136.6065978,
          35.0869835
        ]
      },
      "properties": {
        "area_id": "MIE03-000199",
        "district_id": "MIE-03",
        "prefecture": "三重県",
        "city": "員弁郡",
        "town": "東員町穴太 第9区画",
        "postal_code": "5110001",
        "pattern_rule": "PATTERN_A_WHOLE",
        "color_code": "#ef4444",
        "spatial_status": "VERIFIED"
      }
    },
    {
      "type": "Feature",
      "geometry": {
        "type": "Point",
        "coordinates": [
          136.5963514,
          35.0941859
        ]
      },
      "properties": {
        "area_id": "MIE03-000200",
        "district_id": "MIE-03",
        "prefecture": "三重県",
        "city": "員弁郡",
        "town": "東員町笹尾東1丁目 第9区画",
        "postal_code": "5110001",
        "pattern_rule": "PATTERN_A_WHOLE",
        "color_code": "#ef4444",
        "spatial_status": "VERIFIED"
      }
    },
    {
      "type": "Feature",
      "geometry": {
        "type": "Point",
        "coordinates": [
          136.5987622,
          35.0974981
        ]
      },
      "properties": {
        "area_id": "MIE03-000201",
        "district_id": "MIE-03",
        "prefecture": "三重県",
        "city": "員弁郡",
        "town": "東員町笹尾東2丁目 第9区画",
        "postal_code": "5110001",
        "pattern_rule": "PATTERN_A_WHOLE",
        "color_code": "#ef4444",
        "spatial_status": "VERIFIED"
      }
    },
    {
      "type": "Feature",
      "geometry": {
        "type": "Point",
        "coordinates": [
          136.5999675,
          35.1002741
        ]
      },
      "properties": {
        "area_id": "MIE03-000202",
        "district_id": "MIE-03",
        "prefecture": "三重県",
        "city": "員弁郡",
        "town": "東員町笹尾東3丁目 第9区画",
        "postal_code": "5110001",
        "pattern_rule": "PATTERN_A_WHOLE",
        "color_code": "#ef4444",
        "spatial_status": "VERIFIED"
      }
    },
    {
      "type": "Feature",
      "geometry": {
        "type": "Point",
        "coordinates": [
          136.5063002,
          35.0141898
        ]
      },
      "properties": {
        "area_id": "MIE03-000203",
        "district_id": "MIE-03",
        "prefecture": "三重県",
        "city": "三重郡",
        "town": "菰野町大字菰野 第9区画",
        "postal_code": "5110001",
        "pattern_rule": "PATTERN_A_WHOLE",
        "color_code": "#ef4444",
        "spatial_status": "VERIFIED"
      }
    },
    {
      "type": "Feature",
      "geometry": {
        "type": "Point",
        "coordinates": [
          136.6584643,
          35.0304472
        ]
      },
      "properties": {
        "area_id": "MIE03-000204",
        "district_id": "MIE-03",
        "prefecture": "三重県",
        "city": "三重郡",
        "town": "朝日町大字柿 第9区画",
        "postal_code": "5110001",
        "pattern_rule": "PATTERN_A_WHOLE",
        "color_code": "#ef4444",
        "spatial_status": "VERIFIED"
      }
    },
    {
      "type": "Feature",
      "geometry": {
        "type": "Point",
        "coordinates": [
          136.6620849,
          35.02196
        ]
      },
      "properties": {
        "area_id": "MIE03-000205",
        "district_id": "MIE-03",
        "prefecture": "三重県",
        "city": "三重郡",
        "town": "川越町大字豊田 第9区画",
        "postal_code": "5110001",
        "pattern_rule": "PATTERN_A_WHOLE",
        "color_code": "#ef4444",
        "spatial_status": "VERIFIED"
      }
    },
    {
      "type": "Feature",
      "geometry": {
        "type": "Point",
        "coordinates": [
          136.7325083,
          35.0750956
        ]
      },
      "properties": {
        "area_id": "MIE03-000206",
        "district_id": "MIE-03",
        "prefecture": "三重県",
        "city": "桑名郡",
        "town": "木曽岬町加畑 第10区画",
        "postal_code": "5110001",
        "pattern_rule": "PATTERN_A_WHOLE",
        "color_code": "#ef4444",
        "spatial_status": "VERIFIED"
      }
    },
    {
      "type": "Feature",
      "geometry": {
        "type": "Point",
        "coordinates": [
          136.7405959,
          35.0578593
        ]
      },
      "properties": {
        "area_id": "MIE03-000207",
        "district_id": "MIE-03",
        "prefecture": "三重県",
        "city": "桑名郡",
        "town": "木曽岬町源緑輪中 第10区画",
        "postal_code": "5110001",
        "pattern_rule": "PATTERN_A_WHOLE",
        "color_code": "#ef4444",
        "spatial_status": "VERIFIED"
      }
    },
    {
      "type": "Feature",
      "geometry": {
        "type": "Point",
        "coordinates": [
          136.6065978,
          35.0869835
        ]
      },
      "properties": {
        "area_id": "MIE03-000208",
        "district_id": "MIE-03",
        "prefecture": "三重県",
        "city": "員弁郡",
        "town": "東員町穴太 第10区画",
        "postal_code": "5110001",
        "pattern_rule": "PATTERN_A_WHOLE",
        "color_code": "#ef4444",
        "spatial_status": "VERIFIED"
      }
    },
    {
      "type": "Feature",
      "geometry": {
        "type": "Point",
        "coordinates": [
          136.5963514,
          35.0941859
        ]
      },
      "properties": {
        "area_id": "MIE03-000209",
        "district_id": "MIE-03",
        "prefecture": "三重県",
        "city": "員弁郡",
        "town": "東員町笹尾東1丁目 第10区画",
        "postal_code": "5110001",
        "pattern_rule": "PATTERN_A_WHOLE",
        "color_code": "#ef4444",
        "spatial_status": "VERIFIED"
      }
    },
    {
      "type": "Feature",
      "geometry": {
        "type": "Point",
        "coordinates": [
          136.5987622,
          35.0974981
        ]
      },
      "properties": {
        "area_id": "MIE03-000210",
        "district_id": "MIE-03",
        "prefecture": "三重県",
        "city": "員弁郡",
        "town": "東員町笹尾東2丁目 第10区画",
        "postal_code": "5110001",
        "pattern_rule": "PATTERN_A_WHOLE",
        "color_code": "#ef4444",
        "spatial_status": "VERIFIED"
      }
    },
    {
      "type": "Feature",
      "geometry": {
        "type": "Point",
        "coordinates": [
          136.5999675,
          35.1002741
        ]
      },
      "properties": {
        "area_id": "MIE03-000211",
        "district_id": "MIE-03",
        "prefecture": "三重県",
        "city": "員弁郡",
        "town": "東員町笹尾東3丁目 第10区画",
        "postal_code": "5110001",
        "pattern_rule": "PATTERN_A_WHOLE",
        "color_code": "#ef4444",
        "spatial_status": "VERIFIED"
      }
    },
    {
      "type": "Feature",
      "geometry": {
        "type": "Point",
        "coordinates": [
          136.5063002,
          35.0141898
        ]
      },
      "properties": {
        "area_id": "MIE03-000212",
        "district_id": "MIE-03",
        "prefecture": "三重県",
        "city": "三重郡",
        "town": "菰野町大字菰野 第10区画",
        "postal_code": "5110001",
        "pattern_rule": "PATTERN_A_WHOLE",
        "color_code": "#ef4444",
        "spatial_status": "VERIFIED"
      }
    },
    {
      "type": "Feature",
      "geometry": {
        "type": "Point",
        "coordinates": [
          136.6584643,
          35.0304472
        ]
      },
      "properties": {
        "area_id": "MIE03-000213",
        "district_id": "MIE-03",
        "prefecture": "三重県",
        "city": "三重郡",
        "town": "朝日町大字柿 第10区画",
        "postal_code": "5110001",
        "pattern_rule": "PATTERN_A_WHOLE",
        "color_code": "#ef4444",
        "spatial_status": "VERIFIED"
      }
    },
    {
      "type": "Feature",
      "geometry": {
        "type": "Point",
        "coordinates": [
          136.6620849,
          35.02196
        ]
      },
      "properties": {
        "area_id": "MIE03-000214",
        "district_id": "MIE-03",
        "prefecture": "三重県",
        "city": "三重郡",
        "town": "川越町大字豊田 第10区画",
        "postal_code": "5110001",
        "pattern_rule": "PATTERN_A_WHOLE",
        "color_code": "#ef4444",
        "spatial_status": "VERIFIED"
      }
    },
    {
      "type": "Feature",
      "geometry": {
        "type": "Point",
        "coordinates": [
          136.7325083,
          35.0750956
        ]
      },
      "properties": {
        "area_id": "MIE03-000215",
        "district_id": "MIE-03",
        "prefecture": "三重県",
        "city": "桑名郡",
        "town": "木曽岬町加畑 第11区画",
        "postal_code": "5110001",
        "pattern_rule": "PATTERN_A_WHOLE",
        "color_code": "#ef4444",
        "spatial_status": "VERIFIED"
      }
    },
    {
      "type": "Feature",
      "geometry": {
        "type": "Point",
        "coordinates": [
          136.7405959,
          35.0578593
        ]
      },
      "properties": {
        "area_id": "MIE03-000216",
        "district_id": "MIE-03",
        "prefecture": "三重県",
        "city": "桑名郡",
        "town": "木曽岬町源緑輪中 第11区画",
        "postal_code": "5110001",
        "pattern_rule": "PATTERN_A_WHOLE",
        "color_code": "#ef4444",
        "spatial_status": "VERIFIED"
      }
    },
    {
      "type": "Feature",
      "geometry": {
        "type": "Point",
        "coordinates": [
          136.6065978,
          35.0869835
        ]
      },
      "properties": {
        "area_id": "MIE03-000217",
        "district_id": "MIE-03",
        "prefecture": "三重県",
        "city": "員弁郡",
        "town": "東員町穴太 第11区画",
        "postal_code": "5110001",
        "pattern_rule": "PATTERN_A_WHOLE",
        "color_code": "#ef4444",
        "spatial_status": "VERIFIED"
      }
    },
    {
      "type": "Feature",
      "geometry": {
        "type": "Point",
        "coordinates": [
          136.5963514,
          35.0941859
        ]
      },
      "properties": {
        "area_id": "MIE03-000218",
        "district_id": "MIE-03",
        "prefecture": "三重県",
        "city": "員弁郡",
        "town": "東員町笹尾東1丁目 第11区画",
        "postal_code": "5110001",
        "pattern_rule": "PATTERN_A_WHOLE",
        "color_code": "#ef4444",
        "spatial_status": "VERIFIED"
      }
    },
    {
      "type": "Feature",
      "geometry": {
        "type": "Point",
        "coordinates": [
          136.5987622,
          35.0974981
        ]
      },
      "properties": {
        "area_id": "MIE03-000219",
        "district_id": "MIE-03",
        "prefecture": "三重県",
        "city": "員弁郡",
        "town": "東員町笹尾東2丁目 第11区画",
        "postal_code": "5110001",
        "pattern_rule": "PATTERN_A_WHOLE",
        "color_code": "#ef4444",
        "spatial_status": "VERIFIED"
      }
    },
    {
      "type": "Feature",
      "geometry": {
        "type": "Point",
        "coordinates": [
          136.5999675,
          35.1002741
        ]
      },
      "properties": {
        "area_id": "MIE03-000220",
        "district_id": "MIE-03",
        "prefecture": "三重県",
        "city": "員弁郡",
        "town": "東員町笹尾東3丁目 第11区画",
        "postal_code": "5110001",
        "pattern_rule": "PATTERN_A_WHOLE",
        "color_code": "#ef4444",
        "spatial_status": "VERIFIED"
      }
    },
    {
      "type": "Feature",
      "geometry": {
        "type": "Point",
        "coordinates": [
          136.5063002,
          35.0141898
        ]
      },
      "properties": {
        "area_id": "MIE03-000221",
        "district_id": "MIE-03",
        "prefecture": "三重県",
        "city": "三重郡",
        "town": "菰野町大字菰野 第11区画",
        "postal_code": "5110001",
        "pattern_rule": "PATTERN_A_WHOLE",
        "color_code": "#ef4444",
        "spatial_status": "VERIFIED"
      }
    },
    {
      "type": "Feature",
      "geometry": {
        "type": "Point",
        "coordinates": [
          136.6584643,
          35.0304472
        ]
      },
      "properties": {
        "area_id": "MIE03-000222",
        "district_id": "MIE-03",
        "prefecture": "三重県",
        "city": "三重郡",
        "town": "朝日町大字柿 第11区画",
        "postal_code": "5110001",
        "pattern_rule": "PATTERN_A_WHOLE",
        "color_code": "#ef4444",
        "spatial_status": "VERIFIED"
      }
    },
    {
      "type": "Feature",
      "geometry": {
        "type": "Point",
        "coordinates": [
          136.6620849,
          35.02196
        ]
      },
      "properties": {
        "area_id": "MIE03-000223",
        "district_id": "MIE-03",
        "prefecture": "三重県",
        "city": "三重郡",
        "town": "川越町大字豊田 第11区画",
        "postal_code": "5110001",
        "pattern_rule": "PATTERN_A_WHOLE",
        "color_code": "#ef4444",
        "spatial_status": "VERIFIED"
      }
    },
    {
      "type": "Feature",
      "geometry": {
        "type": "Point",
        "coordinates": [
          136.7325083,
          35.0750956
        ]
      },
      "properties": {
        "area_id": "MIE03-000224",
        "district_id": "MIE-03",
        "prefecture": "三重県",
        "city": "桑名郡",
        "town": "木曽岬町加畑 第12区画",
        "postal_code": "5110001",
        "pattern_rule": "PATTERN_A_WHOLE",
        "color_code": "#ef4444",
        "spatial_status": "VERIFIED"
      }
    },
    {
      "type": "Feature",
      "geometry": {
        "type": "Point",
        "coordinates": [
          136.7405959,
          35.0578593
        ]
      },
      "properties": {
        "area_id": "MIE03-000225",
        "district_id": "MIE-03",
        "prefecture": "三重県",
        "city": "桑名郡",
        "town": "木曽岬町源緑輪中 第12区画",
        "postal_code": "5110001",
        "pattern_rule": "PATTERN_A_WHOLE",
        "color_code": "#ef4444",
        "spatial_status": "VERIFIED"
      }
    },
    {
      "type": "Feature",
      "geometry": {
        "type": "Point",
        "coordinates": [
          136.6065978,
          35.0869835
        ]
      },
      "properties": {
        "area_id": "MIE03-000226",
        "district_id": "MIE-03",
        "prefecture": "三重県",
        "city": "員弁郡",
        "town": "東員町穴太 第12区画",
        "postal_code": "5110001",
        "pattern_rule": "PATTERN_A_WHOLE",
        "color_code": "#ef4444",
        "spatial_status": "VERIFIED"
      }
    },
    {
      "type": "Feature",
      "geometry": {
        "type": "Point",
        "coordinates": [
          136.5963514,
          35.0941859
        ]
      },
      "properties": {
        "area_id": "MIE03-000227",
        "district_id": "MIE-03",
        "prefecture": "三重県",
        "city": "員弁郡",
        "town": "東員町笹尾東1丁目 第12区画",
        "postal_code": "5110001",
        "pattern_rule": "PATTERN_A_WHOLE",
        "color_code": "#ef4444",
        "spatial_status": "VERIFIED"
      }
    },
    {
      "type": "Feature",
      "geometry": {
        "type": "Point",
        "coordinates": [
          136.5987622,
          35.0974981
        ]
      },
      "properties": {
        "area_id": "MIE03-000228",
        "district_id": "MIE-03",
        "prefecture": "三重県",
        "city": "員弁郡",
        "town": "東員町笹尾東2丁目 第12区画",
        "postal_code": "5110001",
        "pattern_rule": "PATTERN_A_WHOLE",
        "color_code": "#ef4444",
        "spatial_status": "VERIFIED"
      }
    },
    {
      "type": "Feature",
      "geometry": {
        "type": "Point",
        "coordinates": [
          136.5999675,
          35.1002741
        ]
      },
      "properties": {
        "area_id": "MIE03-000229",
        "district_id": "MIE-03",
        "prefecture": "三重県",
        "city": "員弁郡",
        "town": "東員町笹尾東3丁目 第12区画",
        "postal_code": "5110001",
        "pattern_rule": "PATTERN_A_WHOLE",
        "color_code": "#ef4444",
        "spatial_status": "VERIFIED"
      }
    },
    {
      "type": "Feature",
      "geometry": {
        "type": "Point",
        "coordinates": [
          136.5063002,
          35.0141898
        ]
      },
      "properties": {
        "area_id": "MIE03-000230",
        "district_id": "MIE-03",
        "prefecture": "三重県",
        "city": "三重郡",
        "town": "菰野町大字菰野 第12区画",
        "postal_code": "5110001",
        "pattern_rule": "PATTERN_A_WHOLE",
        "color_code": "#ef4444",
        "spatial_status": "VERIFIED"
      }
    },
    {
      "type": "Feature",
      "geometry": {
        "type": "Point",
        "coordinates": [
          136.6584643,
          35.0304472
        ]
      },
      "properties": {
        "area_id": "MIE03-000231",
        "district_id": "MIE-03",
        "prefecture": "三重県",
        "city": "三重郡",
        "town": "朝日町大字柿 第12区画",
        "postal_code": "5110001",
        "pattern_rule": "PATTERN_A_WHOLE",
        "color_code": "#ef4444",
        "spatial_status": "VERIFIED"
      }
    },
    {
      "type": "Feature",
      "geometry": {
        "type": "Point",
        "coordinates": [
          136.6620849,
          35.02196
        ]
      },
      "properties": {
        "area_id": "MIE03-000232",
        "district_id": "MIE-03",
        "prefecture": "三重県",
        "city": "三重郡",
        "town": "川越町大字豊田 第12区画",
        "postal_code": "5110001",
        "pattern_rule": "PATTERN_A_WHOLE",
        "color_code": "#ef4444",
        "spatial_status": "VERIFIED"
      }
    },
    {
      "type": "Feature",
      "geometry": {
        "type": "Point",
        "coordinates": [
          136.7325083,
          35.0750956
        ]
      },
      "properties": {
        "area_id": "MIE03-000233",
        "district_id": "MIE-03",
        "prefecture": "三重県",
        "city": "桑名郡",
        "town": "木曽岬町加畑 第13区画",
        "postal_code": "5110001",
        "pattern_rule": "PATTERN_A_WHOLE",
        "color_code": "#ef4444",
        "spatial_status": "VERIFIED"
      }
    },
    {
      "type": "Feature",
      "geometry": {
        "type": "Point",
        "coordinates": [
          136.7405959,
          35.0578593
        ]
      },
      "properties": {
        "area_id": "MIE03-000234",
        "district_id": "MIE-03",
        "prefecture": "三重県",
        "city": "桑名郡",
        "town": "木曽岬町源緑輪中 第13区画",
        "postal_code": "5110001",
        "pattern_rule": "PATTERN_A_WHOLE",
        "color_code": "#ef4444",
        "spatial_status": "VERIFIED"
      }
    },
    {
      "type": "Feature",
      "geometry": {
        "type": "Point",
        "coordinates": [
          136.6065978,
          35.0869835
        ]
      },
      "properties": {
        "area_id": "MIE03-000235",
        "district_id": "MIE-03",
        "prefecture": "三重県",
        "city": "員弁郡",
        "town": "東員町穴太 第13区画",
        "postal_code": "5110001",
        "pattern_rule": "PATTERN_A_WHOLE",
        "color_code": "#ef4444",
        "spatial_status": "VERIFIED"
      }
    },
    {
      "type": "Feature",
      "geometry": {
        "type": "Point",
        "coordinates": [
          136.5963514,
          35.0941859
        ]
      },
      "properties": {
        "area_id": "MIE03-000236",
        "district_id": "MIE-03",
        "prefecture": "三重県",
        "city": "員弁郡",
        "town": "東員町笹尾東1丁目 第13区画",
        "postal_code": "5110001",
        "pattern_rule": "PATTERN_A_WHOLE",
        "color_code": "#ef4444",
        "spatial_status": "VERIFIED"
      }
    },
    {
      "type": "Feature",
      "geometry": {
        "type": "Point",
        "coordinates": [
          136.5987622,
          35.0974981
        ]
      },
      "properties": {
        "area_id": "MIE03-000237",
        "district_id": "MIE-03",
        "prefecture": "三重県",
        "city": "員弁郡",
        "town": "東員町笹尾東2丁目 第13区画",
        "postal_code": "5110001",
        "pattern_rule": "PATTERN_A_WHOLE",
        "color_code": "#ef4444",
        "spatial_status": "VERIFIED"
      }
    },
    {
      "type": "Feature",
      "geometry": {
        "type": "Point",
        "coordinates": [
          136.5999675,
          35.1002741
        ]
      },
      "properties": {
        "area_id": "MIE03-000238",
        "district_id": "MIE-03",
        "prefecture": "三重県",
        "city": "員弁郡",
        "town": "東員町笹尾東3丁目 第13区画",
        "postal_code": "5110001",
        "pattern_rule": "PATTERN_A_WHOLE",
        "color_code": "#ef4444",
        "spatial_status": "VERIFIED"
      }
    },
    {
      "type": "Feature",
      "geometry": {
        "type": "Point",
        "coordinates": [
          136.5063002,
          35.0141898
        ]
      },
      "properties": {
        "area_id": "MIE03-000239",
        "district_id": "MIE-03",
        "prefecture": "三重県",
        "city": "三重郡",
        "town": "菰野町大字菰野 第13区画",
        "postal_code": "5110001",
        "pattern_rule": "PATTERN_A_WHOLE",
        "color_code": "#ef4444",
        "spatial_status": "VERIFIED"
      }
    },
    {
      "type": "Feature",
      "geometry": {
        "type": "Point",
        "coordinates": [
          136.6584643,
          35.0304472
        ]
      },
      "properties": {
        "area_id": "MIE03-000240",
        "district_id": "MIE-03",
        "prefecture": "三重県",
        "city": "三重郡",
        "town": "朝日町大字柿 第13区画",
        "postal_code": "5110001",
        "pattern_rule": "PATTERN_A_WHOLE",
        "color_code": "#ef4444",
        "spatial_status": "VERIFIED"
      }
    },
    {
      "type": "Feature",
      "geometry": {
        "type": "Point",
        "coordinates": [
          136.6620849,
          35.02196
        ]
      },
      "properties": {
        "area_id": "MIE03-000241",
        "district_id": "MIE-03",
        "prefecture": "三重県",
        "city": "三重郡",
        "town": "川越町大字豊田 第13区画",
        "postal_code": "5110001",
        "pattern_rule": "PATTERN_A_WHOLE",
        "color_code": "#ef4444",
        "spatial_status": "VERIFIED"
      }
    },
    {
      "type": "Feature",
      "geometry": {
        "type": "Point",
        "coordinates": [
          136.7325083,
          35.0750956
        ]
      },
      "properties": {
        "area_id": "MIE03-000242",
        "district_id": "MIE-03",
        "prefecture": "三重県",
        "city": "桑名郡",
        "town": "木曽岬町加畑 第14区画",
        "postal_code": "5110001",
        "pattern_rule": "PATTERN_A_WHOLE",
        "color_code": "#ef4444",
        "spatial_status": "VERIFIED"
      }
    },
    {
      "type": "Feature",
      "geometry": {
        "type": "Point",
        "coordinates": [
          136.7405959,
          35.0578593
        ]
      },
      "properties": {
        "area_id": "MIE03-000243",
        "district_id": "MIE-03",
        "prefecture": "三重県",
        "city": "桑名郡",
        "town": "木曽岬町源緑輪中 第14区画",
        "postal_code": "5110001",
        "pattern_rule": "PATTERN_A_WHOLE",
        "color_code": "#ef4444",
        "spatial_status": "VERIFIED"
      }
    },
    {
      "type": "Feature",
      "geometry": {
        "type": "Point",
        "coordinates": [
          136.6065978,
          35.0869835
        ]
      },
      "properties": {
        "area_id": "MIE03-000244",
        "district_id": "MIE-03",
        "prefecture": "三重県",
        "city": "員弁郡",
        "town": "東員町穴太 第14区画",
        "postal_code": "5110001",
        "pattern_rule": "PATTERN_A_WHOLE",
        "color_code": "#ef4444",
        "spatial_status": "VERIFIED"
      }
    },
    {
      "type": "Feature",
      "geometry": {
        "type": "Point",
        "coordinates": [
          136.5963514,
          35.0941859
        ]
      },
      "properties": {
        "area_id": "MIE03-000245",
        "district_id": "MIE-03",
        "prefecture": "三重県",
        "city": "員弁郡",
        "town": "東員町笹尾東1丁目 第14区画",
        "postal_code": "5110001",
        "pattern_rule": "PATTERN_A_WHOLE",
        "color_code": "#ef4444",
        "spatial_status": "VERIFIED"
      }
    },
    {
      "type": "Feature",
      "geometry": {
        "type": "Point",
        "coordinates": [
          136.5987622,
          35.0974981
        ]
      },
      "properties": {
        "area_id": "MIE03-000246",
        "district_id": "MIE-03",
        "prefecture": "三重県",
        "city": "員弁郡",
        "town": "東員町笹尾東2丁目 第14区画",
        "postal_code": "5110001",
        "pattern_rule": "PATTERN_A_WHOLE",
        "color_code": "#ef4444",
        "spatial_status": "VERIFIED"
      }
    },
    {
      "type": "Feature",
      "geometry": {
        "type": "Point",
        "coordinates": [
          136.5999675,
          35.1002741
        ]
      },
      "properties": {
        "area_id": "MIE03-000247",
        "district_id": "MIE-03",
        "prefecture": "三重県",
        "city": "員弁郡",
        "town": "東員町笹尾東3丁目 第14区画",
        "postal_code": "5110001",
        "pattern_rule": "PATTERN_A_WHOLE",
        "color_code": "#ef4444",
        "spatial_status": "VERIFIED"
      }
    },
    {
      "type": "Feature",
      "geometry": {
        "type": "Point",
        "coordinates": [
          136.5063002,
          35.0141898
        ]
      },
      "properties": {
        "area_id": "MIE03-000248",
        "district_id": "MIE-03",
        "prefecture": "三重県",
        "city": "三重郡",
        "town": "菰野町大字菰野 第14区画",
        "postal_code": "5110001",
        "pattern_rule": "PATTERN_A_WHOLE",
        "color_code": "#ef4444",
        "spatial_status": "VERIFIED"
      }
    },
    {
      "type": "Feature",
      "geometry": {
        "type": "Point",
        "coordinates": [
          136.6584643,
          35.0304472
        ]
      },
      "properties": {
        "area_id": "MIE03-000249",
        "district_id": "MIE-03",
        "prefecture": "三重県",
        "city": "三重郡",
        "town": "朝日町大字柿 第14区画",
        "postal_code": "5110001",
        "pattern_rule": "PATTERN_A_WHOLE",
        "color_code": "#ef4444",
        "spatial_status": "VERIFIED"
      }
    },
    {
      "type": "Feature",
      "geometry": {
        "type": "Point",
        "coordinates": [
          136.6620849,
          35.02196
        ]
      },
      "properties": {
        "area_id": "MIE03-000250",
        "district_id": "MIE-03",
        "prefecture": "三重県",
        "city": "三重郡",
        "town": "川越町大字豊田 第14区画",
        "postal_code": "5110001",
        "pattern_rule": "PATTERN_A_WHOLE",
        "color_code": "#ef4444",
        "spatial_status": "VERIFIED"
      }
    },
    {
      "type": "Feature",
      "geometry": {
        "type": "Point",
        "coordinates": [
          136.7325083,
          35.0750956
        ]
      },
      "properties": {
        "area_id": "MIE03-000251",
        "district_id": "MIE-03",
        "prefecture": "三重県",
        "city": "桑名郡",
        "town": "木曽岬町加畑 第15区画",
        "postal_code": "5110001",
        "pattern_rule": "PATTERN_A_WHOLE",
        "color_code": "#ef4444",
        "spatial_status": "VERIFIED"
      }
    },
    {
      "type": "Feature",
      "geometry": {
        "type": "Point",
        "coordinates": [
          136.7405959,
          35.0578593
        ]
      },
      "properties": {
        "area_id": "MIE03-000252",
        "district_id": "MIE-03",
        "prefecture": "三重県",
        "city": "桑名郡",
        "town": "木曽岬町源緑輪中 第15区画",
        "postal_code": "5110001",
        "pattern_rule": "PATTERN_A_WHOLE",
        "color_code": "#ef4444",
        "spatial_status": "VERIFIED"
      }
    },
    {
      "type": "Feature",
      "geometry": {
        "type": "Point",
        "coordinates": [
          136.6065978,
          35.0869835
        ]
      },
      "properties": {
        "area_id": "MIE03-000253",
        "district_id": "MIE-03",
        "prefecture": "三重県",
        "city": "員弁郡",
        "town": "東員町穴太 第15区画",
        "postal_code": "5110001",
        "pattern_rule": "PATTERN_A_WHOLE",
        "color_code": "#ef4444",
        "spatial_status": "VERIFIED"
      }
    },
    {
      "type": "Feature",
      "geometry": {
        "type": "Point",
        "coordinates": [
          136.5963514,
          35.0941859
        ]
      },
      "properties": {
        "area_id": "MIE03-000254",
        "district_id": "MIE-03",
        "prefecture": "三重県",
        "city": "員弁郡",
        "town": "東員町笹尾東1丁目 第15区画",
        "postal_code": "5110001",
        "pattern_rule": "PATTERN_A_WHOLE",
        "color_code": "#ef4444",
        "spatial_status": "VERIFIED"
      }
    },
    {
      "type": "Feature",
      "geometry": {
        "type": "Point",
        "coordinates": [
          136.5987622,
          35.0974981
        ]
      },
      "properties": {
        "area_id": "MIE03-000255",
        "district_id": "MIE-03",
        "prefecture": "三重県",
        "city": "員弁郡",
        "town": "東員町笹尾東2丁目 第15区画",
        "postal_code": "5110001",
        "pattern_rule": "PATTERN_A_WHOLE",
        "color_code": "#ef4444",
        "spatial_status": "VERIFIED"
      }
    },
    {
      "type": "Feature",
      "geometry": {
        "type": "Point",
        "coordinates": [
          136.5999675,
          35.1002741
        ]
      },
      "properties": {
        "area_id": "MIE03-000256",
        "district_id": "MIE-03",
        "prefecture": "三重県",
        "city": "員弁郡",
        "town": "東員町笹尾東3丁目 第15区画",
        "postal_code": "5110001",
        "pattern_rule": "PATTERN_A_WHOLE",
        "color_code": "#ef4444",
        "spatial_status": "VERIFIED"
      }
    },
    {
      "type": "Feature",
      "geometry": {
        "type": "Point",
        "coordinates": [
          136.5063002,
          35.0141898
        ]
      },
      "properties": {
        "area_id": "MIE03-000257",
        "district_id": "MIE-03",
        "prefecture": "三重県",
        "city": "三重郡",
        "town": "菰野町大字菰野 第15区画",
        "postal_code": "5110001",
        "pattern_rule": "PATTERN_A_WHOLE",
        "color_code": "#ef4444",
        "spatial_status": "VERIFIED"
      }
    },
    {
      "type": "Feature",
      "geometry": {
        "type": "Point",
        "coordinates": [
          136.6584643,
          35.0304472
        ]
      },
      "properties": {
        "area_id": "MIE03-000258",
        "district_id": "MIE-03",
        "prefecture": "三重県",
        "city": "三重郡",
        "town": "朝日町大字柿 第15区画",
        "postal_code": "5110001",
        "pattern_rule": "PATTERN_A_WHOLE",
        "color_code": "#ef4444",
        "spatial_status": "VERIFIED"
      }
    },
    {
      "type": "Feature",
      "geometry": {
        "type": "Point",
        "coordinates": [
          136.6620849,
          35.02196
        ]
      },
      "properties": {
        "area_id": "MIE03-000259",
        "district_id": "MIE-03",
        "prefecture": "三重県",
        "city": "三重郡",
        "town": "川越町大字豊田 第15区画",
        "postal_code": "5110001",
        "pattern_rule": "PATTERN_A_WHOLE",
        "color_code": "#ef4444",
        "spatial_status": "VERIFIED"
      }
    },
    {
      "type": "Feature",
      "geometry": {
        "type": "Point",
        "coordinates": [
          136.7325083,
          35.0750956
        ]
      },
      "properties": {
        "area_id": "MIE03-000260",
        "district_id": "MIE-03",
        "prefecture": "三重県",
        "city": "桑名郡",
        "town": "木曽岬町加畑 第16区画",
        "postal_code": "5110001",
        "pattern_rule": "PATTERN_A_WHOLE",
        "color_code": "#ef4444",
        "spatial_status": "VERIFIED"
      }
    },
    {
      "type": "Feature",
      "geometry": {
        "type": "Point",
        "coordinates": [
          136.7405959,
          35.0578593
        ]
      },
      "properties": {
        "area_id": "MIE03-000261",
        "district_id": "MIE-03",
        "prefecture": "三重県",
        "city": "桑名郡",
        "town": "木曽岬町源緑輪中 第16区画",
        "postal_code": "5110001",
        "pattern_rule": "PATTERN_A_WHOLE",
        "color_code": "#ef4444",
        "spatial_status": "VERIFIED"
      }
    },
    {
      "type": "Feature",
      "geometry": {
        "type": "Point",
        "coordinates": [
          136.6065978,
          35.0869835
        ]
      },
      "properties": {
        "area_id": "MIE03-000262",
        "district_id": "MIE-03",
        "prefecture": "三重県",
        "city": "員弁郡",
        "town": "東員町穴太 第16区画",
        "postal_code": "5110001",
        "pattern_rule": "PATTERN_A_WHOLE",
        "color_code": "#ef4444",
        "spatial_status": "VERIFIED"
      }
    },
    {
      "type": "Feature",
      "geometry": {
        "type": "Point",
        "coordinates": [
          136.5963514,
          35.0941859
        ]
      },
      "properties": {
        "area_id": "MIE03-000263",
        "district_id": "MIE-03",
        "prefecture": "三重県",
        "city": "員弁郡",
        "town": "東員町笹尾東1丁目 第16区画",
        "postal_code": "5110001",
        "pattern_rule": "PATTERN_A_WHOLE",
        "color_code": "#ef4444",
        "spatial_status": "VERIFIED"
      }
    },
    {
      "type": "Feature",
      "geometry": {
        "type": "Point",
        "coordinates": [
          136.5987622,
          35.0974981
        ]
      },
      "properties": {
        "area_id": "MIE03-000264",
        "district_id": "MIE-03",
        "prefecture": "三重県",
        "city": "員弁郡",
        "town": "東員町笹尾東2丁目 第16区画",
        "postal_code": "5110001",
        "pattern_rule": "PATTERN_A_WHOLE",
        "color_code": "#ef4444",
        "spatial_status": "VERIFIED"
      }
    },
    {
      "type": "Feature",
      "geometry": {
        "type": "Point",
        "coordinates": [
          136.5999675,
          35.1002741
        ]
      },
      "properties": {
        "area_id": "MIE03-000265",
        "district_id": "MIE-03",
        "prefecture": "三重県",
        "city": "員弁郡",
        "town": "東員町笹尾東3丁目 第16区画",
        "postal_code": "5110001",
        "pattern_rule": "PATTERN_A_WHOLE",
        "color_code": "#ef4444",
        "spatial_status": "VERIFIED"
      }
    },
    {
      "type": "Feature",
      "geometry": {
        "type": "Point",
        "coordinates": [
          136.5063002,
          35.0141898
        ]
      },
      "properties": {
        "area_id": "MIE03-000266",
        "district_id": "MIE-03",
        "prefecture": "三重県",
        "city": "三重郡",
        "town": "菰野町大字菰野 第16区画",
        "postal_code": "5110001",
        "pattern_rule": "PATTERN_A_WHOLE",
        "color_code": "#ef4444",
        "spatial_status": "VERIFIED"
      }
    },
    {
      "type": "Feature",
      "geometry": {
        "type": "Point",
        "coordinates": [
          136.6584643,
          35.0304472
        ]
      },
      "properties": {
        "area_id": "MIE03-000267",
        "district_id": "MIE-03",
        "prefecture": "三重県",
        "city": "三重郡",
        "town": "朝日町大字柿 第16区画",
        "postal_code": "5110001",
        "pattern_rule": "PATTERN_A_WHOLE",
        "color_code": "#ef4444",
        "spatial_status": "VERIFIED"
      }
    },
    {
      "type": "Feature",
      "geometry": {
        "type": "Point",
        "coordinates": [
          136.6620849,
          35.02196
        ]
      },
      "properties": {
        "area_id": "MIE03-000268",
        "district_id": "MIE-03",
        "prefecture": "三重県",
        "city": "三重郡",
        "town": "川越町大字豊田 第16区画",
        "postal_code": "5110001",
        "pattern_rule": "PATTERN_A_WHOLE",
        "color_code": "#ef4444",
        "spatial_status": "VERIFIED"
      }
    },
    {
      "type": "Feature",
      "geometry": {
        "type": "Point",
        "coordinates": [
          136.7325083,
          35.0750956
        ]
      },
      "properties": {
        "area_id": "MIE03-000269",
        "district_id": "MIE-03",
        "prefecture": "三重県",
        "city": "桑名郡",
        "town": "木曽岬町加畑 第17区画",
        "postal_code": "5110001",
        "pattern_rule": "PATTERN_A_WHOLE",
        "color_code": "#ef4444",
        "spatial_status": "VERIFIED"
      }
    },
    {
      "type": "Feature",
      "geometry": {
        "type": "Point",
        "coordinates": [
          136.7405959,
          35.0578593
        ]
      },
      "properties": {
        "area_id": "MIE03-000270",
        "district_id": "MIE-03",
        "prefecture": "三重県",
        "city": "桑名郡",
        "town": "木曽岬町源緑輪中 第17区画",
        "postal_code": "5110001",
        "pattern_rule": "PATTERN_A_WHOLE",
        "color_code": "#ef4444",
        "spatial_status": "VERIFIED"
      }
    },
    {
      "type": "Feature",
      "geometry": {
        "type": "Point",
        "coordinates": [
          136.6065978,
          35.0869835
        ]
      },
      "properties": {
        "area_id": "MIE03-000271",
        "district_id": "MIE-03",
        "prefecture": "三重県",
        "city": "員弁郡",
        "town": "東員町穴太 第17区画",
        "postal_code": "5110001",
        "pattern_rule": "PATTERN_A_WHOLE",
        "color_code": "#ef4444",
        "spatial_status": "VERIFIED"
      }
    },
    {
      "type": "Feature",
      "geometry": {
        "type": "Point",
        "coordinates": [
          136.5963514,
          35.0941859
        ]
      },
      "properties": {
        "area_id": "MIE03-000272",
        "district_id": "MIE-03",
        "prefecture": "三重県",
        "city": "員弁郡",
        "town": "東員町笹尾東1丁目 第17区画",
        "postal_code": "5110001",
        "pattern_rule": "PATTERN_A_WHOLE",
        "color_code": "#ef4444",
        "spatial_status": "VERIFIED"
      }
    },
    {
      "type": "Feature",
      "geometry": {
        "type": "Point",
        "coordinates": [
          136.5987622,
          35.0974981
        ]
      },
      "properties": {
        "area_id": "MIE03-000273",
        "district_id": "MIE-03",
        "prefecture": "三重県",
        "city": "員弁郡",
        "town": "東員町笹尾東2丁目 第17区画",
        "postal_code": "5110001",
        "pattern_rule": "PATTERN_A_WHOLE",
        "color_code": "#ef4444",
        "spatial_status": "VERIFIED"
      }
    },
    {
      "type": "Feature",
      "geometry": {
        "type": "Point",
        "coordinates": [
          136.5999675,
          35.1002741
        ]
      },
      "properties": {
        "area_id": "MIE03-000274",
        "district_id": "MIE-03",
        "prefecture": "三重県",
        "city": "員弁郡",
        "town": "東員町笹尾東3丁目 第17区画",
        "postal_code": "5110001",
        "pattern_rule": "PATTERN_A_WHOLE",
        "color_code": "#ef4444",
        "spatial_status": "VERIFIED"
      }
    },
    {
      "type": "Feature",
      "geometry": {
        "type": "Point",
        "coordinates": [
          136.5063002,
          35.0141898
        ]
      },
      "properties": {
        "area_id": "MIE03-000275",
        "district_id": "MIE-03",
        "prefecture": "三重県",
        "city": "三重郡",
        "town": "菰野町大字菰野 第17区画",
        "postal_code": "5110001",
        "pattern_rule": "PATTERN_A_WHOLE",
        "color_code": "#ef4444",
        "spatial_status": "VERIFIED"
      }
    },
    {
      "type": "Feature",
      "geometry": {
        "type": "Point",
        "coordinates": [
          136.6584643,
          35.0304472
        ]
      },
      "properties": {
        "area_id": "MIE03-000276",
        "district_id": "MIE-03",
        "prefecture": "三重県",
        "city": "三重郡",
        "town": "朝日町大字柿 第17区画",
        "postal_code": "5110001",
        "pattern_rule": "PATTERN_A_WHOLE",
        "color_code": "#ef4444",
        "spatial_status": "VERIFIED"
      }
    },
    {
      "type": "Feature",
      "geometry": {
        "type": "Point",
        "coordinates": [
          136.6620849,
          35.02196
        ]
      },
      "properties": {
        "area_id": "MIE03-000277",
        "district_id": "MIE-03",
        "prefecture": "三重県",
        "city": "三重郡",
        "town": "川越町大字豊田 第17区画",
        "postal_code": "5110001",
        "pattern_rule": "PATTERN_A_WHOLE",
        "color_code": "#ef4444",
        "spatial_status": "VERIFIED"
      }
    },
    {
      "type": "Feature",
      "geometry": {
        "type": "Point",
        "coordinates": [
          136.7325083,
          35.0750956
        ]
      },
      "properties": {
        "area_id": "MIE03-000278",
        "district_id": "MIE-03",
        "prefecture": "三重県",
        "city": "桑名郡",
        "town": "木曽岬町加畑 第18区画",
        "postal_code": "5110001",
        "pattern_rule": "PATTERN_A_WHOLE",
        "color_code": "#ef4444",
        "spatial_status": "VERIFIED"
      }
    },
    {
      "type": "Feature",
      "geometry": {
        "type": "Point",
        "coordinates": [
          136.7405959,
          35.0578593
        ]
      },
      "properties": {
        "area_id": "MIE03-000279",
        "district_id": "MIE-03",
        "prefecture": "三重県",
        "city": "桑名郡",
        "town": "木曽岬町源緑輪中 第18区画",
        "postal_code": "5110001",
        "pattern_rule": "PATTERN_A_WHOLE",
        "color_code": "#ef4444",
        "spatial_status": "VERIFIED"
      }
    },
    {
      "type": "Feature",
      "geometry": {
        "type": "Point",
        "coordinates": [
          136.6065978,
          35.0869835
        ]
      },
      "properties": {
        "area_id": "MIE03-000280",
        "district_id": "MIE-03",
        "prefecture": "三重県",
        "city": "員弁郡",
        "town": "東員町穴太 第18区画",
        "postal_code": "5110001",
        "pattern_rule": "PATTERN_A_WHOLE",
        "color_code": "#ef4444",
        "spatial_status": "VERIFIED"
      }
    },
    {
      "type": "Feature",
      "geometry": {
        "type": "Point",
        "coordinates": [
          136.5963514,
          35.0941859
        ]
      },
      "properties": {
        "area_id": "MIE03-000281",
        "district_id": "MIE-03",
        "prefecture": "三重県",
        "city": "員弁郡",
        "town": "東員町笹尾東1丁目 第18区画",
        "postal_code": "5110001",
        "pattern_rule": "PATTERN_A_WHOLE",
        "color_code": "#ef4444",
        "spatial_status": "VERIFIED"
      }
    },
    {
      "type": "Feature",
      "geometry": {
        "type": "Point",
        "coordinates": [
          136.5987622,
          35.0974981
        ]
      },
      "properties": {
        "area_id": "MIE03-000282",
        "district_id": "MIE-03",
        "prefecture": "三重県",
        "city": "員弁郡",
        "town": "東員町笹尾東2丁目 第18区画",
        "postal_code": "5110001",
        "pattern_rule": "PATTERN_A_WHOLE",
        "color_code": "#ef4444",
        "spatial_status": "VERIFIED"
      }
    },
    {
      "type": "Feature",
      "geometry": {
        "type": "Point",
        "coordinates": [
          136.5999675,
          35.1002741
        ]
      },
      "properties": {
        "area_id": "MIE03-000283",
        "district_id": "MIE-03",
        "prefecture": "三重県",
        "city": "員弁郡",
        "town": "東員町笹尾東3丁目 第18区画",
        "postal_code": "5110001",
        "pattern_rule": "PATTERN_A_WHOLE",
        "color_code": "#ef4444",
        "spatial_status": "VERIFIED"
      }
    },
    {
      "type": "Feature",
      "geometry": {
        "type": "Point",
        "coordinates": [
          136.5063002,
          35.0141898
        ]
      },
      "properties": {
        "area_id": "MIE03-000284",
        "district_id": "MIE-03",
        "prefecture": "三重県",
        "city": "三重郡",
        "town": "菰野町大字菰野 第18区画",
        "postal_code": "5110001",
        "pattern_rule": "PATTERN_A_WHOLE",
        "color_code": "#ef4444",
        "spatial_status": "VERIFIED"
      }
    },
    {
      "type": "Feature",
      "geometry": {
        "type": "Point",
        "coordinates": [
          136.6584643,
          35.0304472
        ]
      },
      "properties": {
        "area_id": "MIE03-000285",
        "district_id": "MIE-03",
        "prefecture": "三重県",
        "city": "三重郡",
        "town": "朝日町大字柿 第18区画",
        "postal_code": "5110001",
        "pattern_rule": "PATTERN_A_WHOLE",
        "color_code": "#ef4444",
        "spatial_status": "VERIFIED"
      }
    },
    {
      "type": "Feature",
      "geometry": {
        "type": "Point",
        "coordinates": [
          136.6620849,
          35.02196
        ]
      },
      "properties": {
        "area_id": "MIE03-000286",
        "district_id": "MIE-03",
        "prefecture": "三重県",
        "city": "三重郡",
        "town": "川越町大字豊田 第18区画",
        "postal_code": "5110001",
        "pattern_rule": "PATTERN_A_WHOLE",
        "color_code": "#ef4444",
        "spatial_status": "VERIFIED"
      }
    },
    {
      "type": "Feature",
      "geometry": {
        "type": "Point",
        "coordinates": [
          136.7325083,
          35.0750956
        ]
      },
      "properties": {
        "area_id": "MIE03-000287",
        "district_id": "MIE-03",
        "prefecture": "三重県",
        "city": "桑名郡",
        "town": "木曽岬町加畑 第19区画",
        "postal_code": "5110001",
        "pattern_rule": "PATTERN_A_WHOLE",
        "color_code": "#ef4444",
        "spatial_status": "VERIFIED"
      }
    },
    {
      "type": "Feature",
      "geometry": {
        "type": "Point",
        "coordinates": [
          136.7405959,
          35.0578593
        ]
      },
      "properties": {
        "area_id": "MIE03-000288",
        "district_id": "MIE-03",
        "prefecture": "三重県",
        "city": "桑名郡",
        "town": "木曽岬町源緑輪中 第19区画",
        "postal_code": "5110001",
        "pattern_rule": "PATTERN_A_WHOLE",
        "color_code": "#ef4444",
        "spatial_status": "VERIFIED"
      }
    },
    {
      "type": "Feature",
      "geometry": {
        "type": "Point",
        "coordinates": [
          136.6065978,
          35.0869835
        ]
      },
      "properties": {
        "area_id": "MIE03-000289",
        "district_id": "MIE-03",
        "prefecture": "三重県",
        "city": "員弁郡",
        "town": "東員町穴太 第19区画",
        "postal_code": "5110001",
        "pattern_rule": "PATTERN_A_WHOLE",
        "color_code": "#ef4444",
        "spatial_status": "VERIFIED"
      }
    },
    {
      "type": "Feature",
      "geometry": {
        "type": "Point",
        "coordinates": [
          136.5963514,
          35.0941859
        ]
      },
      "properties": {
        "area_id": "MIE03-000290",
        "district_id": "MIE-03",
        "prefecture": "三重県",
        "city": "員弁郡",
        "town": "東員町笹尾東1丁目 第19区画",
        "postal_code": "5110001",
        "pattern_rule": "PATTERN_A_WHOLE",
        "color_code": "#ef4444",
        "spatial_status": "VERIFIED"
      }
    },
    {
      "type": "Feature",
      "geometry": {
        "type": "Point",
        "coordinates": [
          136.5987622,
          35.0974981
        ]
      },
      "properties": {
        "area_id": "MIE03-000291",
        "district_id": "MIE-03",
        "prefecture": "三重県",
        "city": "員弁郡",
        "town": "東員町笹尾東2丁目 第19区画",
        "postal_code": "5110001",
        "pattern_rule": "PATTERN_A_WHOLE",
        "color_code": "#ef4444",
        "spatial_status": "VERIFIED"
      }
    },
    {
      "type": "Feature",
      "geometry": {
        "type": "Point",
        "coordinates": [
          136.5999675,
          35.1002741
        ]
      },
      "properties": {
        "area_id": "MIE03-000292",
        "district_id": "MIE-03",
        "prefecture": "三重県",
        "city": "員弁郡",
        "town": "東員町笹尾東3丁目 第19区画",
        "postal_code": "5110001",
        "pattern_rule": "PATTERN_A_WHOLE",
        "color_code": "#ef4444",
        "spatial_status": "VERIFIED"
      }
    },
    {
      "type": "Feature",
      "geometry": {
        "type": "Point",
        "coordinates": [
          136.5063002,
          35.0141898
        ]
      },
      "properties": {
        "area_id": "MIE03-000293",
        "district_id": "MIE-03",
        "prefecture": "三重県",
        "city": "三重郡",
        "town": "菰野町大字菰野 第19区画",
        "postal_code": "5110001",
        "pattern_rule": "PATTERN_A_WHOLE",
        "color_code": "#ef4444",
        "spatial_status": "VERIFIED"
      }
    },
    {
      "type": "Feature",
      "geometry": {
        "type": "Point",
        "coordinates": [
          136.6584643,
          35.0304472
        ]
      },
      "properties": {
        "area_id": "MIE03-000294",
        "district_id": "MIE-03",
        "prefecture": "三重県",
        "city": "三重郡",
        "town": "朝日町大字柿 第19区画",
        "postal_code": "5110001",
        "pattern_rule": "PATTERN_A_WHOLE",
        "color_code": "#ef4444",
        "spatial_status": "VERIFIED"
      }
    },
    {
      "type": "Feature",
      "geometry": {
        "type": "Point",
        "coordinates": [
          136.6620849,
          35.02196
        ]
      },
      "properties": {
        "area_id": "MIE03-000295",
        "district_id": "MIE-03",
        "prefecture": "三重県",
        "city": "三重郡",
        "town": "川越町大字豊田 第19区画",
        "postal_code": "5110001",
        "pattern_rule": "PATTERN_A_WHOLE",
        "color_code": "#ef4444",
        "spatial_status": "VERIFIED"
      }
    },
    {
      "type": "Feature",
      "geometry": {
        "type": "Point",
        "coordinates": [
          136.7325083,
          35.0750956
        ]
      },
      "properties": {
        "area_id": "MIE03-000296",
        "district_id": "MIE-03",
        "prefecture": "三重県",
        "city": "桑名郡",
        "town": "木曽岬町加畑 第20区画",
        "postal_code": "5110001",
        "pattern_rule": "PATTERN_A_WHOLE",
        "color_code": "#ef4444",
        "spatial_status": "VERIFIED"
      }
    },
    {
      "type": "Feature",
      "geometry": {
        "type": "Point",
        "coordinates": [
          136.7405959,
          35.0578593
        ]
      },
      "properties": {
        "area_id": "MIE03-000297",
        "district_id": "MIE-03",
        "prefecture": "三重県",
        "city": "桑名郡",
        "town": "木曽岬町源緑輪中 第20区画",
        "postal_code": "5110001",
        "pattern_rule": "PATTERN_A_WHOLE",
        "color_code": "#ef4444",
        "spatial_status": "VERIFIED"
      }
    },
    {
      "type": "Feature",
      "geometry": {
        "type": "Point",
        "coordinates": [
          136.6065978,
          35.0869835
        ]
      },
      "properties": {
        "area_id": "MIE03-000298",
        "district_id": "MIE-03",
        "prefecture": "三重県",
        "city": "員弁郡",
        "town": "東員町穴太 第20区画",
        "postal_code": "5110001",
        "pattern_rule": "PATTERN_A_WHOLE",
        "color_code": "#ef4444",
        "spatial_status": "VERIFIED"
      }
    },
    {
      "type": "Feature",
      "geometry": {
        "type": "Point",
        "coordinates": [
          136.5963514,
          35.0941859
        ]
      },
      "properties": {
        "area_id": "MIE03-000299",
        "district_id": "MIE-03",
        "prefecture": "三重県",
        "city": "員弁郡",
        "town": "東員町笹尾東1丁目 第20区画",
        "postal_code": "5110001",
        "pattern_rule": "PATTERN_A_WHOLE",
        "color_code": "#ef4444",
        "spatial_status": "VERIFIED"
      }
    },
    {
      "type": "Feature",
      "geometry": {
        "type": "Point",
        "coordinates": [
          136.5987622,
          35.0974981
        ]
      },
      "properties": {
        "area_id": "MIE03-000300",
        "district_id": "MIE-03",
        "prefecture": "三重県",
        "city": "員弁郡",
        "town": "東員町笹尾東2丁目 第20区画",
        "postal_code": "5110001",
        "pattern_rule": "PATTERN_A_WHOLE",
        "color_code": "#ef4444",
        "spatial_status": "VERIFIED"
      }
    },
    {
      "type": "Feature",
      "geometry": {
        "type": "Point",
        "coordinates": [
          136.5999675,
          35.1002741
        ]
      },
      "properties": {
        "area_id": "MIE03-000301",
        "district_id": "MIE-03",
        "prefecture": "三重県",
        "city": "員弁郡",
        "town": "東員町笹尾東3丁目 第20区画",
        "postal_code": "5110001",
        "pattern_rule": "PATTERN_A_WHOLE",
        "color_code": "#ef4444",
        "spatial_status": "VERIFIED"
      }
    },
    {
      "type": "Feature",
      "geometry": {
        "type": "Point",
        "coordinates": [
          136.5063002,
          35.0141898
        ]
      },
      "properties": {
        "area_id": "MIE03-000302",
        "district_id": "MIE-03",
        "prefecture": "三重県",
        "city": "三重郡",
        "town": "菰野町大字菰野 第20区画",
        "postal_code": "5110001",
        "pattern_rule": "PATTERN_A_WHOLE",
        "color_code": "#ef4444",
        "spatial_status": "VERIFIED"
      }
    },
    {
      "type": "Feature",
      "geometry": {
        "type": "Point",
        "coordinates": [
          136.6584643,
          35.0304472
        ]
      },
      "properties": {
        "area_id": "MIE03-000303",
        "district_id": "MIE-03",
        "prefecture": "三重県",
        "city": "三重郡",
        "town": "朝日町大字柿 第20区画",
        "postal_code": "5110001",
        "pattern_rule": "PATTERN_A_WHOLE",
        "color_code": "#ef4444",
        "spatial_status": "VERIFIED"
      }
    },
    {
      "type": "Feature",
      "geometry": {
        "type": "Point",
        "coordinates": [
          136.6620849,
          35.02196
        ]
      },
      "properties": {
        "area_id": "MIE03-000304",
        "district_id": "MIE-03",
        "prefecture": "三重県",
        "city": "三重郡",
        "town": "川越町大字豊田 第20区画",
        "postal_code": "5110001",
        "pattern_rule": "PATTERN_A_WHOLE",
        "color_code": "#ef4444",
        "spatial_status": "VERIFIED"
      }
    },
    {
      "type": "Feature",
      "geometry": {
        "type": "Point",
        "coordinates": [
          136.7007211,
          35.0660027
        ]
      },
      "properties": {
        "area_id": "MIE03-000305",
        "district_id": "MIE-03",
        "prefecture": "三重県",
        "city": "桑名市",
        "town": "吉之丸 第2区画",
        "postal_code": "5110032",
        "pattern_rule": "PATTERN_A_WHOLE",
        "color_code": "#f59e0b",
        "spatial_status": "WARNING"
      }
    },
    {
      "type": "Feature",
      "geometry": {
        "type": "Point",
        "coordinates": [
          136.7007211,
          35.0660027
        ]
      },
      "properties": {
        "area_id": "MIE03-000306",
        "district_id": "MIE-03",
        "prefecture": "三重県",
        "city": "桑名市",
        "town": "吉之丸 第3区画",
        "postal_code": "5110032",
        "pattern_rule": "PATTERN_A_WHOLE",
        "color_code": "#f59e0b",
        "spatial_status": "WARNING"
      }
    },
    {
      "type": "Feature",
      "geometry": {
        "type": "Point",
        "coordinates": [
          136.7007211,
          35.0660027
        ]
      },
      "properties": {
        "area_id": "MIE03-000307",
        "district_id": "MIE-03",
        "prefecture": "三重県",
        "city": "桑名市",
        "town": "吉之丸 第4区画",
        "postal_code": "5110032",
        "pattern_rule": "PATTERN_A_WHOLE",
        "color_code": "#f59e0b",
        "spatial_status": "WARNING"
      }
    },
    {
      "type": "Feature",
      "geometry": {
        "type": "Point",
        "coordinates": [
          136.7007211,
          35.0660027
        ]
      },
      "properties": {
        "area_id": "MIE03-000308",
        "district_id": "MIE-03",
        "prefecture": "三重県",
        "city": "桑名市",
        "town": "吉之丸 第5区画",
        "postal_code": "5110032",
        "pattern_rule": "PATTERN_A_WHOLE",
        "color_code": "#f59e0b",
        "spatial_status": "WARNING"
      }
    },
    {
      "type": "Feature",
      "geometry": {
        "type": "Point",
        "coordinates": [
          136.7007211,
          35.0660027
        ]
      },
      "properties": {
        "area_id": "MIE03-000309",
        "district_id": "MIE-03",
        "prefecture": "三重県",
        "city": "桑名市",
        "town": "吉之丸 第6区画",
        "postal_code": "5110032",
        "pattern_rule": "PATTERN_A_WHOLE",
        "color_code": "#f59e0b",
        "spatial_status": "WARNING"
      }
    },
    {
      "type": "Feature",
      "geometry": {
        "type": "Point",
        "coordinates": [
          136.7007211,
          35.0660027
        ]
      },
      "properties": {
        "area_id": "MIE03-000310",
        "district_id": "MIE-03",
        "prefecture": "三重県",
        "city": "桑名市",
        "town": "吉之丸 第7区画",
        "postal_code": "5110032",
        "pattern_rule": "PATTERN_A_WHOLE",
        "color_code": "#f59e0b",
        "spatial_status": "WARNING"
      }
    },
    {
      "type": "Feature",
      "geometry": {
        "type": "Point",
        "coordinates": [
          136.7007211,
          35.0660027
        ]
      },
      "properties": {
        "area_id": "MIE03-000311",
        "district_id": "MIE-03",
        "prefecture": "三重県",
        "city": "桑名市",
        "town": "吉之丸 第8区画",
        "postal_code": "5110032",
        "pattern_rule": "PATTERN_A_WHOLE",
        "color_code": "#f59e0b",
        "spatial_status": "WARNING"
      }
    },
    {
      "type": "Feature",
      "geometry": {
        "type": "Point",
        "coordinates": [
          136.7007211,
          35.0660027
        ]
      },
      "properties": {
        "area_id": "MIE03-000312",
        "district_id": "MIE-03",
        "prefecture": "三重県",
        "city": "桑名市",
        "town": "吉之丸 第9区画",
        "postal_code": "5110032",
        "pattern_rule": "PATTERN_A_WHOLE",
        "color_code": "#f59e0b",
        "spatial_status": "WARNING"
      }
    },
    {
      "type": "Feature",
      "geometry": {
        "type": "Point",
        "coordinates": [
          136.7007211,
          35.0660027
        ]
      },
      "properties": {
        "area_id": "MIE03-000313",
        "district_id": "MIE-03",
        "prefecture": "三重県",
        "city": "桑名市",
        "town": "吉之丸 第10区画",
        "postal_code": "5110032",
        "pattern_rule": "PATTERN_A_WHOLE",
        "color_code": "#f59e0b",
        "spatial_status": "WARNING"
      }
    },
    {
      "type": "Feature",
      "geometry": {
        "type": "Point",
        "coordinates": [
          136.7007211,
          35.0660027
        ]
      },
      "properties": {
        "area_id": "MIE03-000314",
        "district_id": "MIE-03",
        "prefecture": "三重県",
        "city": "桑名市",
        "town": "吉之丸 第11区画",
        "postal_code": "5110032",
        "pattern_rule": "PATTERN_A_WHOLE",
        "color_code": "#f59e0b",
        "spatial_status": "WARNING"
      }
    },
    {
      "type": "Feature",
      "geometry": {
        "type": "Point",
        "coordinates": [
          136.7007211,
          35.0660027
        ]
      },
      "properties": {
        "area_id": "MIE03-000315",
        "district_id": "MIE-03",
        "prefecture": "三重県",
        "city": "桑名市",
        "town": "吉之丸 第12区画",
        "postal_code": "5110032",
        "pattern_rule": "PATTERN_A_WHOLE",
        "color_code": "#f59e0b",
        "spatial_status": "WARNING"
      }
    },
    {
      "type": "Feature",
      "geometry": {
        "type": "Point",
        "coordinates": [
          136.7007211,
          35.0660027
        ]
      },
      "properties": {
        "area_id": "MIE03-000316",
        "district_id": "MIE-03",
        "prefecture": "三重県",
        "city": "桑名市",
        "town": "吉之丸 第13区画",
        "postal_code": "5110032",
        "pattern_rule": "PATTERN_A_WHOLE",
        "color_code": "#f59e0b",
        "spatial_status": "WARNING"
      }
    },
    {
      "type": "Feature",
      "geometry": {
        "type": "Point",
        "coordinates": [
          136.7007211,
          35.0660027
        ]
      },
      "properties": {
        "area_id": "MIE03-000317",
        "district_id": "MIE-03",
        "prefecture": "三重県",
        "city": "桑名市",
        "town": "吉之丸 第14区画",
        "postal_code": "5110032",
        "pattern_rule": "PATTERN_A_WHOLE",
        "color_code": "#f59e0b",
        "spatial_status": "WARNING"
      }
    },
    {
      "type": "Feature",
      "geometry": {
        "type": "Point",
        "coordinates": [
          136.7007211,
          35.0660027
        ]
      },
      "properties": {
        "area_id": "MIE03-000318",
        "district_id": "MIE-03",
        "prefecture": "三重県",
        "city": "桑名市",
        "town": "吉之丸 第15区画",
        "postal_code": "5110032",
        "pattern_rule": "PATTERN_A_WHOLE",
        "color_code": "#f59e0b",
        "spatial_status": "WARNING"
      }
    },
    {
      "type": "Feature",
      "geometry": {
        "type": "Point",
        "coordinates": [
          136.7007211,
          35.0660027
        ]
      },
      "properties": {
        "area_id": "MIE03-000319",
        "district_id": "MIE-03",
        "prefecture": "三重県",
        "city": "桑名市",
        "town": "吉之丸 第16区画",
        "postal_code": "5110032",
        "pattern_rule": "PATTERN_A_WHOLE",
        "color_code": "#f59e0b",
        "spatial_status": "WARNING"
      }
    },
    {
      "type": "Feature",
      "geometry": {
        "type": "Point",
        "coordinates": [
          136.7007211,
          35.0660027
        ]
      },
      "properties": {
        "area_id": "MIE03-000320",
        "district_id": "MIE-03",
        "prefecture": "三重県",
        "city": "桑名市",
        "town": "吉之丸 第17区画",
        "postal_code": "5110032",
        "pattern_rule": "PATTERN_A_WHOLE",
        "color_code": "#f59e0b",
        "spatial_status": "WARNING"
      }
    },
    {
      "type": "Feature",
      "geometry": {
        "type": "Point",
        "coordinates": [
          136.7007211,
          35.0660027
        ]
      },
      "properties": {
        "area_id": "MIE03-000321",
        "district_id": "MIE-03",
        "prefecture": "三重県",
        "city": "桑名市",
        "town": "吉之丸 第18区画",
        "postal_code": "5110032",
        "pattern_rule": "PATTERN_A_WHOLE",
        "color_code": "#f59e0b",
        "spatial_status": "WARNING"
      }
    },
    {
      "type": "Feature",
      "geometry": {
        "type": "Point",
        "coordinates": [
          136.7007211,
          35.0660027
        ]
      },
      "properties": {
        "area_id": "MIE03-000322",
        "district_id": "MIE-03",
        "prefecture": "三重県",
        "city": "桑名市",
        "town": "吉之丸 第19区画",
        "postal_code": "5110032",
        "pattern_rule": "PATTERN_A_WHOLE",
        "color_code": "#f59e0b",
        "spatial_status": "WARNING"
      }
    },
    {
      "type": "Feature",
      "geometry": {
        "type": "Point",
        "coordinates": [
          136.7007211,
          35.0660027
        ]
      },
      "properties": {
        "area_id": "MIE03-000323",
        "district_id": "MIE-03",
        "prefecture": "三重県",
        "city": "桑名市",
        "town": "吉之丸 第20区画",
        "postal_code": "5110032",
        "pattern_rule": "PATTERN_A_WHOLE",
        "color_code": "#f59e0b",
        "spatial_status": "WARNING"
      }
    },
    {
      "type": "Feature",
      "geometry": {
        "type": "Point",
        "coordinates": [
          136.7007211,
          35.0660027
        ]
      },
      "properties": {
        "area_id": "MIE03-000324",
        "district_id": "MIE-03",
        "prefecture": "三重県",
        "city": "桑名市",
        "town": "吉之丸",
        "postal_code": "5110032",
        "pattern_rule": "PATTERN_A_WHOLE",
        "color_code": "#f59e0b",
        "spatial_status": "WARNING"
      }
    },
    {
      "type": "Feature",
      "geometry": {
        "type": "Point",
        "coordinates": [
          136.6500172,
          35.1354047
        ]
      },
      "properties": {
        "area_id": "MIE03-000325",
        "district_id": "MIE-03",
        "prefecture": "三重県",
        "city": "桑名市",
        "town": "多度町香取 第2区画",
        "postal_code": "5110102",
        "pattern_rule": "PATTERN_A_WHOLE",
        "color_code": "#ef4444",
        "spatial_status": "VERIFIED"
      }
    },
    {
      "type": "Feature",
      "geometry": {
        "type": "Point",
        "coordinates": [
          136.6500172,
          35.1354047
        ]
      },
      "properties": {
        "area_id": "MIE03-000326",
        "district_id": "MIE-03",
        "prefecture": "三重県",
        "city": "桑名市",
        "town": "多度町香取 第3区画",
        "postal_code": "5110102",
        "pattern_rule": "PATTERN_A_WHOLE",
        "color_code": "#ef4444",
        "spatial_status": "VERIFIED"
      }
    },
    {
      "type": "Feature",
      "geometry": {
        "type": "Point",
        "coordinates": [
          136.6500172,
          35.1354047
        ]
      },
      "properties": {
        "area_id": "MIE03-000327",
        "district_id": "MIE-03",
        "prefecture": "三重県",
        "city": "桑名市",
        "town": "多度町香取 第4区画",
        "postal_code": "5110102",
        "pattern_rule": "PATTERN_A_WHOLE",
        "color_code": "#ef4444",
        "spatial_status": "VERIFIED"
      }
    },
    {
      "type": "Feature",
      "geometry": {
        "type": "Point",
        "coordinates": [
          136.6500172,
          35.1354047
        ]
      },
      "properties": {
        "area_id": "MIE03-000328",
        "district_id": "MIE-03",
        "prefecture": "三重県",
        "city": "桑名市",
        "town": "多度町香取 第5区画",
        "postal_code": "5110102",
        "pattern_rule": "PATTERN_A_WHOLE",
        "color_code": "#ef4444",
        "spatial_status": "VERIFIED"
      }
    },
    {
      "type": "Feature",
      "geometry": {
        "type": "Point",
        "coordinates": [
          136.6500172,
          35.1354047
        ]
      },
      "properties": {
        "area_id": "MIE03-000329",
        "district_id": "MIE-03",
        "prefecture": "三重県",
        "city": "桑名市",
        "town": "多度町香取 第6区画",
        "postal_code": "5110102",
        "pattern_rule": "PATTERN_A_WHOLE",
        "color_code": "#ef4444",
        "spatial_status": "VERIFIED"
      }
    },
    {
      "type": "Feature",
      "geometry": {
        "type": "Point",
        "coordinates": [
          136.6500172,
          35.1354047
        ]
      },
      "properties": {
        "area_id": "MIE03-000330",
        "district_id": "MIE-03",
        "prefecture": "三重県",
        "city": "桑名市",
        "town": "多度町香取 第7区画",
        "postal_code": "5110102",
        "pattern_rule": "PATTERN_A_WHOLE",
        "color_code": "#ef4444",
        "spatial_status": "VERIFIED"
      }
    },
    {
      "type": "Feature",
      "geometry": {
        "type": "Point",
        "coordinates": [
          136.6500172,
          35.1354047
        ]
      },
      "properties": {
        "area_id": "MIE03-000331",
        "district_id": "MIE-03",
        "prefecture": "三重県",
        "city": "桑名市",
        "town": "多度町香取 第8区画",
        "postal_code": "5110102",
        "pattern_rule": "PATTERN_A_WHOLE",
        "color_code": "#ef4444",
        "spatial_status": "VERIFIED"
      }
    },
    {
      "type": "Feature",
      "geometry": {
        "type": "Point",
        "coordinates": [
          136.6500172,
          35.1354047
        ]
      },
      "properties": {
        "area_id": "MIE03-000332",
        "district_id": "MIE-03",
        "prefecture": "三重県",
        "city": "桑名市",
        "town": "多度町香取 第9区画",
        "postal_code": "5110102",
        "pattern_rule": "PATTERN_A_WHOLE",
        "color_code": "#ef4444",
        "spatial_status": "VERIFIED"
      }
    },
    {
      "type": "Feature",
      "geometry": {
        "type": "Point",
        "coordinates": [
          136.6500172,
          35.1354047
        ]
      },
      "properties": {
        "area_id": "MIE03-000333",
        "district_id": "MIE-03",
        "prefecture": "三重県",
        "city": "桑名市",
        "town": "多度町香取 第10区画",
        "postal_code": "5110102",
        "pattern_rule": "PATTERN_A_WHOLE",
        "color_code": "#ef4444",
        "spatial_status": "VERIFIED"
      }
    },
    {
      "type": "Feature",
      "geometry": {
        "type": "Point",
        "coordinates": [
          136.6500172,
          35.1354047
        ]
      },
      "properties": {
        "area_id": "MIE03-000334",
        "district_id": "MIE-03",
        "prefecture": "三重県",
        "city": "桑名市",
        "town": "多度町香取 第11区画",
        "postal_code": "5110102",
        "pattern_rule": "PATTERN_A_WHOLE",
        "color_code": "#ef4444",
        "spatial_status": "VERIFIED"
      }
    },
    {
      "type": "Feature",
      "geometry": {
        "type": "Point",
        "coordinates": [
          136.6500172,
          35.1354047
        ]
      },
      "properties": {
        "area_id": "MIE03-000335",
        "district_id": "MIE-03",
        "prefecture": "三重県",
        "city": "桑名市",
        "town": "多度町香取 第12区画",
        "postal_code": "5110102",
        "pattern_rule": "PATTERN_A_WHOLE",
        "color_code": "#ef4444",
        "spatial_status": "VERIFIED"
      }
    },
    {
      "type": "Feature",
      "geometry": {
        "type": "Point",
        "coordinates": [
          136.6500172,
          35.1354047
        ]
      },
      "properties": {
        "area_id": "MIE03-000336",
        "district_id": "MIE-03",
        "prefecture": "三重県",
        "city": "桑名市",
        "town": "多度町香取 第13区画",
        "postal_code": "5110102",
        "pattern_rule": "PATTERN_A_WHOLE",
        "color_code": "#ef4444",
        "spatial_status": "VERIFIED"
      }
    },
    {
      "type": "Feature",
      "geometry": {
        "type": "Point",
        "coordinates": [
          136.6500172,
          35.1354047
        ]
      },
      "properties": {
        "area_id": "MIE03-000337",
        "district_id": "MIE-03",
        "prefecture": "三重県",
        "city": "桑名市",
        "town": "多度町香取 第14区画",
        "postal_code": "5110102",
        "pattern_rule": "PATTERN_A_WHOLE",
        "color_code": "#ef4444",
        "spatial_status": "VERIFIED"
      }
    },
    {
      "type": "Feature",
      "geometry": {
        "type": "Point",
        "coordinates": [
          136.6500172,
          35.1354047
        ]
      },
      "properties": {
        "area_id": "MIE03-000338",
        "district_id": "MIE-03",
        "prefecture": "三重県",
        "city": "桑名市",
        "town": "多度町香取 第15区画",
        "postal_code": "5110102",
        "pattern_rule": "PATTERN_A_WHOLE",
        "color_code": "#ef4444",
        "spatial_status": "VERIFIED"
      }
    },
    {
      "type": "Feature",
      "geometry": {
        "type": "Point",
        "coordinates": [
          136.6500172,
          35.1354047
        ]
      },
      "properties": {
        "area_id": "MIE03-000339",
        "district_id": "MIE-03",
        "prefecture": "三重県",
        "city": "桑名市",
        "town": "多度町香取 第16区画",
        "postal_code": "5110102",
        "pattern_rule": "PATTERN_A_WHOLE",
        "color_code": "#ef4444",
        "spatial_status": "VERIFIED"
      }
    },
    {
      "type": "Feature",
      "geometry": {
        "type": "Point",
        "coordinates": [
          136.6500172,
          35.1354047
        ]
      },
      "properties": {
        "area_id": "MIE03-000340",
        "district_id": "MIE-03",
        "prefecture": "三重県",
        "city": "桑名市",
        "town": "多度町香取 第17区画",
        "postal_code": "5110102",
        "pattern_rule": "PATTERN_A_WHOLE",
        "color_code": "#ef4444",
        "spatial_status": "VERIFIED"
      }
    },
    {
      "type": "Feature",
      "geometry": {
        "type": "Point",
        "coordinates": [
          136.6500172,
          35.1354047
        ]
      },
      "properties": {
        "area_id": "MIE03-000341",
        "district_id": "MIE-03",
        "prefecture": "三重県",
        "city": "桑名市",
        "town": "多度町香取 第18区画",
        "postal_code": "5110102",
        "pattern_rule": "PATTERN_A_WHOLE",
        "color_code": "#ef4444",
        "spatial_status": "VERIFIED"
      }
    },
    {
      "type": "Feature",
      "geometry": {
        "type": "Point",
        "coordinates": [
          136.6500172,
          35.1354047
        ]
      },
      "properties": {
        "area_id": "MIE03-000342",
        "district_id": "MIE-03",
        "prefecture": "三重県",
        "city": "桑名市",
        "town": "多度町香取 第19区画",
        "postal_code": "5110102",
        "pattern_rule": "PATTERN_A_WHOLE",
        "color_code": "#ef4444",
        "spatial_status": "VERIFIED"
      }
    },
    {
      "type": "Feature",
      "geometry": {
        "type": "Point",
        "coordinates": [
          136.6500172,
          35.1354047
        ]
      },
      "properties": {
        "area_id": "MIE03-000343",
        "district_id": "MIE-03",
        "prefecture": "三重県",
        "city": "桑名市",
        "town": "多度町香取 第20区画",
        "postal_code": "5110102",
        "pattern_rule": "PATTERN_A_WHOLE",
        "color_code": "#ef4444",
        "spatial_status": "VERIFIED"
      }
    },
    {
      "type": "Feature",
      "geometry": {
        "type": "Point",
        "coordinates": [
          136.6500172,
          35.1354047
        ]
      },
      "properties": {
        "area_id": "MIE03-000344",
        "district_id": "MIE-03",
        "prefecture": "三重県",
        "city": "桑名市",
        "town": "多度町香取",
        "postal_code": "5110102",
        "pattern_rule": "PATTERN_A_WHOLE",
        "color_code": "#ef4444",
        "spatial_status": "VERIFIED"
      }
    },
    {
      "type": "Feature",
      "geometry": {
        "type": "Point",
        "coordinates": [
          136.5054327,
          35.122495
        ]
      },
      "properties": {
        "area_id": "MIE03-000345",
        "district_id": "MIE-03",
        "prefecture": "三重県",
        "city": "いなべ市",
        "town": "大安町丹生川 第10区画",
        "postal_code": "5110201",
        "pattern_rule": "PATTERN_A_WHOLE",
        "color_code": "#ef4444",
        "spatial_status": "VERIFIED"
      }
    },
    {
      "type": "Feature",
      "geometry": {
        "type": "Point",
        "coordinates": [
          136.5054327,
          35.122495
        ]
      },
      "properties": {
        "area_id": "MIE03-000346",
        "district_id": "MIE-03",
        "prefecture": "三重県",
        "city": "いなべ市",
        "town": "大安町丹生川 第11区画",
        "postal_code": "5110201",
        "pattern_rule": "PATTERN_A_WHOLE",
        "color_code": "#ef4444",
        "spatial_status": "VERIFIED"
      }
    },
    {
      "type": "Feature",
      "geometry": {
        "type": "Point",
        "coordinates": [
          136.5054327,
          35.122495
        ]
      },
      "properties": {
        "area_id": "MIE03-000347",
        "district_id": "MIE-03",
        "prefecture": "三重県",
        "city": "いなべ市",
        "town": "大安町丹生川 第12区画",
        "postal_code": "5110201",
        "pattern_rule": "PATTERN_A_WHOLE",
        "color_code": "#ef4444",
        "spatial_status": "VERIFIED"
      }
    },
    {
      "type": "Feature",
      "geometry": {
        "type": "Point",
        "coordinates": [
          136.5054327,
          35.122495
        ]
      },
      "properties": {
        "area_id": "MIE03-000348",
        "district_id": "MIE-03",
        "prefecture": "三重県",
        "city": "いなべ市",
        "town": "大安町丹生川 第13区画",
        "postal_code": "5110201",
        "pattern_rule": "PATTERN_A_WHOLE",
        "color_code": "#ef4444",
        "spatial_status": "VERIFIED"
      }
    },
    {
      "type": "Feature",
      "geometry": {
        "type": "Point",
        "coordinates": [
          136.5054327,
          35.122495
        ]
      },
      "properties": {
        "area_id": "MIE03-000349",
        "district_id": "MIE-03",
        "prefecture": "三重県",
        "city": "いなべ市",
        "town": "大安町丹生川 第14区画",
        "postal_code": "5110201",
        "pattern_rule": "PATTERN_A_WHOLE",
        "color_code": "#ef4444",
        "spatial_status": "VERIFIED"
      }
    },
    {
      "type": "Feature",
      "geometry": {
        "type": "Point",
        "coordinates": [
          136.5054327,
          35.122495
        ]
      },
      "properties": {
        "area_id": "MIE03-000350",
        "district_id": "MIE-03",
        "prefecture": "三重県",
        "city": "いなべ市",
        "town": "大安町丹生川 第15区画",
        "postal_code": "5110201",
        "pattern_rule": "PATTERN_A_WHOLE",
        "color_code": "#ef4444",
        "spatial_status": "VERIFIED"
      }
    },
    {
      "type": "Feature",
      "geometry": {
        "type": "Point",
        "coordinates": [
          136.5054327,
          35.122495
        ]
      },
      "properties": {
        "area_id": "MIE03-000351",
        "district_id": "MIE-03",
        "prefecture": "三重県",
        "city": "いなべ市",
        "town": "大安町丹生川 第16区画",
        "postal_code": "5110201",
        "pattern_rule": "PATTERN_A_WHOLE",
        "color_code": "#ef4444",
        "spatial_status": "VERIFIED"
      }
    },
    {
      "type": "Feature",
      "geometry": {
        "type": "Point",
        "coordinates": [
          136.5054327,
          35.122495
        ]
      },
      "properties": {
        "area_id": "MIE03-000352",
        "district_id": "MIE-03",
        "prefecture": "三重県",
        "city": "いなべ市",
        "town": "大安町丹生川 第17区画",
        "postal_code": "5110201",
        "pattern_rule": "PATTERN_A_WHOLE",
        "color_code": "#ef4444",
        "spatial_status": "VERIFIED"
      }
    },
    {
      "type": "Feature",
      "geometry": {
        "type": "Point",
        "coordinates": [
          136.5054327,
          35.122495
        ]
      },
      "properties": {
        "area_id": "MIE03-000353",
        "district_id": "MIE-03",
        "prefecture": "三重県",
        "city": "いなべ市",
        "town": "大安町丹生川 第18区画",
        "postal_code": "5110201",
        "pattern_rule": "PATTERN_A_WHOLE",
        "color_code": "#ef4444",
        "spatial_status": "VERIFIED"
      }
    },
    {
      "type": "Feature",
      "geometry": {
        "type": "Point",
        "coordinates": [
          136.5054327,
          35.122495
        ]
      },
      "properties": {
        "area_id": "MIE03-000354",
        "district_id": "MIE-03",
        "prefecture": "三重県",
        "city": "いなべ市",
        "town": "大安町丹生川 第19区画",
        "postal_code": "5110201",
        "pattern_rule": "PATTERN_A_WHOLE",
        "color_code": "#ef4444",
        "spatial_status": "VERIFIED"
      }
    },
    {
      "type": "Feature",
      "geometry": {
        "type": "Point",
        "coordinates": [
          136.5054327,
          35.122495
        ]
      },
      "properties": {
        "area_id": "MIE03-000355",
        "district_id": "MIE-03",
        "prefecture": "三重県",
        "city": "いなべ市",
        "town": "大安町丹生川 第20区画",
        "postal_code": "5110201",
        "pattern_rule": "PATTERN_A_WHOLE",
        "color_code": "#ef4444",
        "spatial_status": "VERIFIED"
      }
    },
    {
      "type": "Feature",
      "geometry": {
        "type": "Point",
        "coordinates": [
          136.5766119,
          35.1133139
        ]
      },
      "properties": {
        "area_id": "MIE03-000356",
        "district_id": "MIE-03",
        "prefecture": "三重県",
        "city": "いなべ市",
        "town": "員弁町大泉 第2区画",
        "postal_code": "5110224",
        "pattern_rule": "PATTERN_A_WHOLE",
        "color_code": "#ef4444",
        "spatial_status": "VERIFIED"
      }
    },
    {
      "type": "Feature",
      "geometry": {
        "type": "Point",
        "coordinates": [
          136.5766119,
          35.1133139
        ]
      },
      "properties": {
        "area_id": "MIE03-000357",
        "district_id": "MIE-03",
        "prefecture": "三重県",
        "city": "いなべ市",
        "town": "員弁町大泉 第3区画",
        "postal_code": "5110224",
        "pattern_rule": "PATTERN_A_WHOLE",
        "color_code": "#ef4444",
        "spatial_status": "VERIFIED"
      }
    },
    {
      "type": "Feature",
      "geometry": {
        "type": "Point",
        "coordinates": [
          136.5766119,
          35.1133139
        ]
      },
      "properties": {
        "area_id": "MIE03-000358",
        "district_id": "MIE-03",
        "prefecture": "三重県",
        "city": "いなべ市",
        "town": "員弁町大泉 第4区画",
        "postal_code": "5110224",
        "pattern_rule": "PATTERN_A_WHOLE",
        "color_code": "#ef4444",
        "spatial_status": "VERIFIED"
      }
    },
    {
      "type": "Feature",
      "geometry": {
        "type": "Point",
        "coordinates": [
          136.5766119,
          35.1133139
        ]
      },
      "properties": {
        "area_id": "MIE03-000359",
        "district_id": "MIE-03",
        "prefecture": "三重県",
        "city": "いなべ市",
        "town": "員弁町大泉 第5区画",
        "postal_code": "5110224",
        "pattern_rule": "PATTERN_A_WHOLE",
        "color_code": "#ef4444",
        "spatial_status": "VERIFIED"
      }
    },
    {
      "type": "Feature",
      "geometry": {
        "type": "Point",
        "coordinates": [
          136.5766119,
          35.1133139
        ]
      },
      "properties": {
        "area_id": "MIE03-000360",
        "district_id": "MIE-03",
        "prefecture": "三重県",
        "city": "いなべ市",
        "town": "員弁町大泉 第6区画",
        "postal_code": "5110224",
        "pattern_rule": "PATTERN_A_WHOLE",
        "color_code": "#ef4444",
        "spatial_status": "VERIFIED"
      }
    },
    {
      "type": "Feature",
      "geometry": {
        "type": "Point",
        "coordinates": [
          136.5766119,
          35.1133139
        ]
      },
      "properties": {
        "area_id": "MIE03-000361",
        "district_id": "MIE-03",
        "prefecture": "三重県",
        "city": "いなべ市",
        "town": "員弁町大泉 第7区画",
        "postal_code": "5110224",
        "pattern_rule": "PATTERN_A_WHOLE",
        "color_code": "#ef4444",
        "spatial_status": "VERIFIED"
      }
    },
    {
      "type": "Feature",
      "geometry": {
        "type": "Point",
        "coordinates": [
          136.5766119,
          35.1133139
        ]
      },
      "properties": {
        "area_id": "MIE03-000362",
        "district_id": "MIE-03",
        "prefecture": "三重県",
        "city": "いなべ市",
        "town": "員弁町大泉 第8区画",
        "postal_code": "5110224",
        "pattern_rule": "PATTERN_A_WHOLE",
        "color_code": "#ef4444",
        "spatial_status": "VERIFIED"
      }
    },
    {
      "type": "Feature",
      "geometry": {
        "type": "Point",
        "coordinates": [
          136.5766119,
          35.1133139
        ]
      },
      "properties": {
        "area_id": "MIE03-000363",
        "district_id": "MIE-03",
        "prefecture": "三重県",
        "city": "いなべ市",
        "town": "員弁町大泉 第9区画",
        "postal_code": "5110224",
        "pattern_rule": "PATTERN_A_WHOLE",
        "color_code": "#ef4444",
        "spatial_status": "VERIFIED"
      }
    },
    {
      "type": "Feature",
      "geometry": {
        "type": "Point",
        "coordinates": [
          136.5766119,
          35.1133139
        ]
      },
      "properties": {
        "area_id": "MIE03-000364",
        "district_id": "MIE-03",
        "prefecture": "三重県",
        "city": "いなべ市",
        "town": "員弁町大泉 第10区画",
        "postal_code": "5110224",
        "pattern_rule": "PATTERN_A_WHOLE",
        "color_code": "#ef4444",
        "spatial_status": "VERIFIED"
      }
    },
    {
      "type": "Feature",
      "geometry": {
        "type": "Point",
        "coordinates": [
          136.5766119,
          35.1133139
        ]
      },
      "properties": {
        "area_id": "MIE03-000365",
        "district_id": "MIE-03",
        "prefecture": "三重県",
        "city": "いなべ市",
        "town": "員弁町大泉 第11区画",
        "postal_code": "5110224",
        "pattern_rule": "PATTERN_A_WHOLE",
        "color_code": "#ef4444",
        "spatial_status": "VERIFIED"
      }
    },
    {
      "type": "Feature",
      "geometry": {
        "type": "Point",
        "coordinates": [
          136.5766119,
          35.1133139
        ]
      },
      "properties": {
        "area_id": "MIE03-000366",
        "district_id": "MIE-03",
        "prefecture": "三重県",
        "city": "いなべ市",
        "town": "員弁町大泉 第12区画",
        "postal_code": "5110224",
        "pattern_rule": "PATTERN_A_WHOLE",
        "color_code": "#ef4444",
        "spatial_status": "VERIFIED"
      }
    },
    {
      "type": "Feature",
      "geometry": {
        "type": "Point",
        "coordinates": [
          136.5766119,
          35.1133139
        ]
      },
      "properties": {
        "area_id": "MIE03-000367",
        "district_id": "MIE-03",
        "prefecture": "三重県",
        "city": "いなべ市",
        "town": "員弁町大泉 第13区画",
        "postal_code": "5110224",
        "pattern_rule": "PATTERN_A_WHOLE",
        "color_code": "#ef4444",
        "spatial_status": "VERIFIED"
      }
    },
    {
      "type": "Feature",
      "geometry": {
        "type": "Point",
        "coordinates": [
          136.5766119,
          35.1133139
        ]
      },
      "properties": {
        "area_id": "MIE03-000368",
        "district_id": "MIE-03",
        "prefecture": "三重県",
        "city": "いなべ市",
        "town": "員弁町大泉 第14区画",
        "postal_code": "5110224",
        "pattern_rule": "PATTERN_A_WHOLE",
        "color_code": "#ef4444",
        "spatial_status": "VERIFIED"
      }
    },
    {
      "type": "Feature",
      "geometry": {
        "type": "Point",
        "coordinates": [
          136.5766119,
          35.1133139
        ]
      },
      "properties": {
        "area_id": "MIE03-000369",
        "district_id": "MIE-03",
        "prefecture": "三重県",
        "city": "いなべ市",
        "town": "員弁町大泉 第15区画",
        "postal_code": "5110224",
        "pattern_rule": "PATTERN_A_WHOLE",
        "color_code": "#ef4444",
        "spatial_status": "VERIFIED"
      }
    },
    {
      "type": "Feature",
      "geometry": {
        "type": "Point",
        "coordinates": [
          136.5766119,
          35.1133139
        ]
      },
      "properties": {
        "area_id": "MIE03-000370",
        "district_id": "MIE-03",
        "prefecture": "三重県",
        "city": "いなべ市",
        "town": "員弁町大泉 第16区画",
        "postal_code": "5110224",
        "pattern_rule": "PATTERN_A_WHOLE",
        "color_code": "#ef4444",
        "spatial_status": "VERIFIED"
      }
    },
    {
      "type": "Feature",
      "geometry": {
        "type": "Point",
        "coordinates": [
          136.5766119,
          35.1133139
        ]
      },
      "properties": {
        "area_id": "MIE03-000371",
        "district_id": "MIE-03",
        "prefecture": "三重県",
        "city": "いなべ市",
        "town": "員弁町大泉 第17区画",
        "postal_code": "5110224",
        "pattern_rule": "PATTERN_A_WHOLE",
        "color_code": "#ef4444",
        "spatial_status": "VERIFIED"
      }
    },
    {
      "type": "Feature",
      "geometry": {
        "type": "Point",
        "coordinates": [
          136.5766119,
          35.1133139
        ]
      },
      "properties": {
        "area_id": "MIE03-000372",
        "district_id": "MIE-03",
        "prefecture": "三重県",
        "city": "いなべ市",
        "town": "員弁町大泉 第18区画",
        "postal_code": "5110224",
        "pattern_rule": "PATTERN_A_WHOLE",
        "color_code": "#ef4444",
        "spatial_status": "VERIFIED"
      }
    },
    {
      "type": "Feature",
      "geometry": {
        "type": "Point",
        "coordinates": [
          136.5766119,
          35.1133139
        ]
      },
      "properties": {
        "area_id": "MIE03-000373",
        "district_id": "MIE-03",
        "prefecture": "三重県",
        "city": "いなべ市",
        "town": "員弁町大泉 第19区画",
        "postal_code": "5110224",
        "pattern_rule": "PATTERN_A_WHOLE",
        "color_code": "#ef4444",
        "spatial_status": "VERIFIED"
      }
    },
    {
      "type": "Feature",
      "geometry": {
        "type": "Point",
        "coordinates": [
          136.5766119,
          35.1133139
        ]
      },
      "properties": {
        "area_id": "MIE03-000374",
        "district_id": "MIE-03",
        "prefecture": "三重県",
        "city": "いなべ市",
        "town": "員弁町大泉 第20区画",
        "postal_code": "5110224",
        "pattern_rule": "PATTERN_A_WHOLE",
        "color_code": "#ef4444",
        "spatial_status": "VERIFIED"
      }
    },
    {
      "type": "Feature",
      "geometry": {
        "type": "Point",
        "coordinates": [
          136.5766119,
          35.1133139
        ]
      },
      "properties": {
        "area_id": "MIE03-000375",
        "district_id": "MIE-03",
        "prefecture": "三重県",
        "city": "いなべ市",
        "town": "員弁町大泉",
        "postal_code": "5110224",
        "pattern_rule": "PATTERN_A_WHOLE",
        "color_code": "#ef4444",
        "spatial_status": "VERIFIED"
      }
    },
    {
      "type": "Feature",
      "geometry": {
        "type": "Point",
        "coordinates": [
          136.5054327,
          35.122495
        ]
      },
      "properties": {
        "area_id": "MIE03-000376",
        "district_id": "MIE-03",
        "prefecture": "三重県",
        "city": "いなべ市",
        "town": "大安町丹生川",
        "postal_code": "5110261",
        "pattern_rule": "PATTERN_A_WHOLE",
        "color_code": "#ef4444",
        "spatial_status": "VERIFIED"
      }
    },
    {
      "type": "Feature",
      "geometry": {
        "type": "Point",
        "coordinates": [
          136.5054327,
          35.122495
        ]
      },
      "properties": {
        "area_id": "MIE03-000377",
        "district_id": "MIE-03",
        "prefecture": "三重県",
        "city": "いなべ市",
        "town": "大安町丹生川 第2区画",
        "postal_code": "5110261",
        "pattern_rule": "PATTERN_A_WHOLE",
        "color_code": "#ef4444",
        "spatial_status": "VERIFIED"
      }
    },
    {
      "type": "Feature",
      "geometry": {
        "type": "Point",
        "coordinates": [
          136.5054327,
          35.122495
        ]
      },
      "properties": {
        "area_id": "MIE03-000378",
        "district_id": "MIE-03",
        "prefecture": "三重県",
        "city": "いなべ市",
        "town": "大安町丹生川 第3区画",
        "postal_code": "5110261",
        "pattern_rule": "PATTERN_A_WHOLE",
        "color_code": "#ef4444",
        "spatial_status": "VERIFIED"
      }
    },
    {
      "type": "Feature",
      "geometry": {
        "type": "Point",
        "coordinates": [
          136.5054327,
          35.122495
        ]
      },
      "properties": {
        "area_id": "MIE03-000379",
        "district_id": "MIE-03",
        "prefecture": "三重県",
        "city": "いなべ市",
        "town": "大安町丹生川 第4区画",
        "postal_code": "5110261",
        "pattern_rule": "PATTERN_A_WHOLE",
        "color_code": "#ef4444",
        "spatial_status": "VERIFIED"
      }
    },
    {
      "type": "Feature",
      "geometry": {
        "type": "Point",
        "coordinates": [
          136.5054327,
          35.122495
        ]
      },
      "properties": {
        "area_id": "MIE03-000380",
        "district_id": "MIE-03",
        "prefecture": "三重県",
        "city": "いなべ市",
        "town": "大安町丹生川 第5区画",
        "postal_code": "5110261",
        "pattern_rule": "PATTERN_A_WHOLE",
        "color_code": "#ef4444",
        "spatial_status": "VERIFIED"
      }
    },
    {
      "type": "Feature",
      "geometry": {
        "type": "Point",
        "coordinates": [
          136.5054327,
          35.122495
        ]
      },
      "properties": {
        "area_id": "MIE03-000381",
        "district_id": "MIE-03",
        "prefecture": "三重県",
        "city": "いなべ市",
        "town": "大安町丹生川 第6区画",
        "postal_code": "5110261",
        "pattern_rule": "PATTERN_A_WHOLE",
        "color_code": "#ef4444",
        "spatial_status": "VERIFIED"
      }
    },
    {
      "type": "Feature",
      "geometry": {
        "type": "Point",
        "coordinates": [
          136.5054327,
          35.122495
        ]
      },
      "properties": {
        "area_id": "MIE03-000382",
        "district_id": "MIE-03",
        "prefecture": "三重県",
        "city": "いなべ市",
        "town": "大安町丹生川 第7区画",
        "postal_code": "5110261",
        "pattern_rule": "PATTERN_A_WHOLE",
        "color_code": "#ef4444",
        "spatial_status": "VERIFIED"
      }
    },
    {
      "type": "Feature",
      "geometry": {
        "type": "Point",
        "coordinates": [
          136.5054327,
          35.122495
        ]
      },
      "properties": {
        "area_id": "MIE03-000383",
        "district_id": "MIE-03",
        "prefecture": "三重県",
        "city": "いなべ市",
        "town": "大安町丹生川 第8区画",
        "postal_code": "5110261",
        "pattern_rule": "PATTERN_A_WHOLE",
        "color_code": "#ef4444",
        "spatial_status": "VERIFIED"
      }
    },
    {
      "type": "Feature",
      "geometry": {
        "type": "Point",
        "coordinates": [
          136.5054327,
          35.122495
        ]
      },
      "properties": {
        "area_id": "MIE03-000384",
        "district_id": "MIE-03",
        "prefecture": "三重県",
        "city": "いなべ市",
        "town": "大安町丹生川 第9区画",
        "postal_code": "5110261",
        "pattern_rule": "PATTERN_A_WHOLE",
        "color_code": "#ef4444",
        "spatial_status": "VERIFIED"
      }
    },
    {
      "type": "Feature",
      "geometry": {
        "type": "Point",
        "coordinates": [
          136.5210876,
          35.1533293
        ]
      },
      "properties": {
        "area_id": "MIE03-000385",
        "district_id": "MIE-03",
        "prefecture": "三重県",
        "city": "いなべ市",
        "town": "北勢町阿下喜 第2区画",
        "postal_code": "5110428",
        "pattern_rule": "PATTERN_A_WHOLE",
        "color_code": "#ef4444",
        "spatial_status": "VERIFIED"
      }
    },
    {
      "type": "Feature",
      "geometry": {
        "type": "Point",
        "coordinates": [
          136.5210876,
          35.1533293
        ]
      },
      "properties": {
        "area_id": "MIE03-000386",
        "district_id": "MIE-03",
        "prefecture": "三重県",
        "city": "いなべ市",
        "town": "北勢町阿下喜 第3区画",
        "postal_code": "5110428",
        "pattern_rule": "PATTERN_A_WHOLE",
        "color_code": "#ef4444",
        "spatial_status": "VERIFIED"
      }
    },
    {
      "type": "Feature",
      "geometry": {
        "type": "Point",
        "coordinates": [
          136.5210876,
          35.1533293
        ]
      },
      "properties": {
        "area_id": "MIE03-000387",
        "district_id": "MIE-03",
        "prefecture": "三重県",
        "city": "いなべ市",
        "town": "北勢町阿下喜 第4区画",
        "postal_code": "5110428",
        "pattern_rule": "PATTERN_A_WHOLE",
        "color_code": "#ef4444",
        "spatial_status": "VERIFIED"
      }
    },
    {
      "type": "Feature",
      "geometry": {
        "type": "Point",
        "coordinates": [
          136.5210876,
          35.1533293
        ]
      },
      "properties": {
        "area_id": "MIE03-000388",
        "district_id": "MIE-03",
        "prefecture": "三重県",
        "city": "いなべ市",
        "town": "北勢町阿下喜 第5区画",
        "postal_code": "5110428",
        "pattern_rule": "PATTERN_A_WHOLE",
        "color_code": "#ef4444",
        "spatial_status": "VERIFIED"
      }
    },
    {
      "type": "Feature",
      "geometry": {
        "type": "Point",
        "coordinates": [
          136.5210876,
          35.1533293
        ]
      },
      "properties": {
        "area_id": "MIE03-000389",
        "district_id": "MIE-03",
        "prefecture": "三重県",
        "city": "いなべ市",
        "town": "北勢町阿下喜 第6区画",
        "postal_code": "5110428",
        "pattern_rule": "PATTERN_A_WHOLE",
        "color_code": "#ef4444",
        "spatial_status": "VERIFIED"
      }
    },
    {
      "type": "Feature",
      "geometry": {
        "type": "Point",
        "coordinates": [
          136.5210876,
          35.1533293
        ]
      },
      "properties": {
        "area_id": "MIE03-000390",
        "district_id": "MIE-03",
        "prefecture": "三重県",
        "city": "いなべ市",
        "town": "北勢町阿下喜 第7区画",
        "postal_code": "5110428",
        "pattern_rule": "PATTERN_A_WHOLE",
        "color_code": "#ef4444",
        "spatial_status": "VERIFIED"
      }
    },
    {
      "type": "Feature",
      "geometry": {
        "type": "Point",
        "coordinates": [
          136.5210876,
          35.1533293
        ]
      },
      "properties": {
        "area_id": "MIE03-000391",
        "district_id": "MIE-03",
        "prefecture": "三重県",
        "city": "いなべ市",
        "town": "北勢町阿下喜 第8区画",
        "postal_code": "5110428",
        "pattern_rule": "PATTERN_A_WHOLE",
        "color_code": "#ef4444",
        "spatial_status": "VERIFIED"
      }
    },
    {
      "type": "Feature",
      "geometry": {
        "type": "Point",
        "coordinates": [
          136.5210876,
          35.1533293
        ]
      },
      "properties": {
        "area_id": "MIE03-000392",
        "district_id": "MIE-03",
        "prefecture": "三重県",
        "city": "いなべ市",
        "town": "北勢町阿下喜 第9区画",
        "postal_code": "5110428",
        "pattern_rule": "PATTERN_A_WHOLE",
        "color_code": "#ef4444",
        "spatial_status": "VERIFIED"
      }
    },
    {
      "type": "Feature",
      "geometry": {
        "type": "Point",
        "coordinates": [
          136.5210876,
          35.1533293
        ]
      },
      "properties": {
        "area_id": "MIE03-000393",
        "district_id": "MIE-03",
        "prefecture": "三重県",
        "city": "いなべ市",
        "town": "北勢町阿下喜 第10区画",
        "postal_code": "5110428",
        "pattern_rule": "PATTERN_A_WHOLE",
        "color_code": "#ef4444",
        "spatial_status": "VERIFIED"
      }
    },
    {
      "type": "Feature",
      "geometry": {
        "type": "Point",
        "coordinates": [
          136.5210876,
          35.1533293
        ]
      },
      "properties": {
        "area_id": "MIE03-000394",
        "district_id": "MIE-03",
        "prefecture": "三重県",
        "city": "いなべ市",
        "town": "北勢町阿下喜 第11区画",
        "postal_code": "5110428",
        "pattern_rule": "PATTERN_A_WHOLE",
        "color_code": "#ef4444",
        "spatial_status": "VERIFIED"
      }
    },
    {
      "type": "Feature",
      "geometry": {
        "type": "Point",
        "coordinates": [
          136.5210876,
          35.1533293
        ]
      },
      "properties": {
        "area_id": "MIE03-000395",
        "district_id": "MIE-03",
        "prefecture": "三重県",
        "city": "いなべ市",
        "town": "北勢町阿下喜 第12区画",
        "postal_code": "5110428",
        "pattern_rule": "PATTERN_A_WHOLE",
        "color_code": "#ef4444",
        "spatial_status": "VERIFIED"
      }
    },
    {
      "type": "Feature",
      "geometry": {
        "type": "Point",
        "coordinates": [
          136.5210876,
          35.1533293
        ]
      },
      "properties": {
        "area_id": "MIE03-000396",
        "district_id": "MIE-03",
        "prefecture": "三重県",
        "city": "いなべ市",
        "town": "北勢町阿下喜 第13区画",
        "postal_code": "5110428",
        "pattern_rule": "PATTERN_A_WHOLE",
        "color_code": "#ef4444",
        "spatial_status": "VERIFIED"
      }
    },
    {
      "type": "Feature",
      "geometry": {
        "type": "Point",
        "coordinates": [
          136.5210876,
          35.1533293
        ]
      },
      "properties": {
        "area_id": "MIE03-000397",
        "district_id": "MIE-03",
        "prefecture": "三重県",
        "city": "いなべ市",
        "town": "北勢町阿下喜 第14区画",
        "postal_code": "5110428",
        "pattern_rule": "PATTERN_A_WHOLE",
        "color_code": "#ef4444",
        "spatial_status": "VERIFIED"
      }
    },
    {
      "type": "Feature",
      "geometry": {
        "type": "Point",
        "coordinates": [
          136.5210876,
          35.1533293
        ]
      },
      "properties": {
        "area_id": "MIE03-000398",
        "district_id": "MIE-03",
        "prefecture": "三重県",
        "city": "いなべ市",
        "town": "北勢町阿下喜 第15区画",
        "postal_code": "5110428",
        "pattern_rule": "PATTERN_A_WHOLE",
        "color_code": "#ef4444",
        "spatial_status": "VERIFIED"
      }
    },
    {
      "type": "Feature",
      "geometry": {
        "type": "Point",
        "coordinates": [
          136.5210876,
          35.1533293
        ]
      },
      "properties": {
        "area_id": "MIE03-000399",
        "district_id": "MIE-03",
        "prefecture": "三重県",
        "city": "いなべ市",
        "town": "北勢町阿下喜 第16区画",
        "postal_code": "5110428",
        "pattern_rule": "PATTERN_A_WHOLE",
        "color_code": "#ef4444",
        "spatial_status": "VERIFIED"
      }
    },
    {
      "type": "Feature",
      "geometry": {
        "type": "Point",
        "coordinates": [
          136.5210876,
          35.1533293
        ]
      },
      "properties": {
        "area_id": "MIE03-000400",
        "district_id": "MIE-03",
        "prefecture": "三重県",
        "city": "いなべ市",
        "town": "北勢町阿下喜 第17区画",
        "postal_code": "5110428",
        "pattern_rule": "PATTERN_A_WHOLE",
        "color_code": "#ef4444",
        "spatial_status": "VERIFIED"
      }
    },
    {
      "type": "Feature",
      "geometry": {
        "type": "Point",
        "coordinates": [
          136.5210876,
          35.1533293
        ]
      },
      "properties": {
        "area_id": "MIE03-000401",
        "district_id": "MIE-03",
        "prefecture": "三重県",
        "city": "いなべ市",
        "town": "北勢町阿下喜 第18区画",
        "postal_code": "5110428",
        "pattern_rule": "PATTERN_A_WHOLE",
        "color_code": "#ef4444",
        "spatial_status": "VERIFIED"
      }
    },
    {
      "type": "Feature",
      "geometry": {
        "type": "Point",
        "coordinates": [
          136.5210876,
          35.1533293
        ]
      },
      "properties": {
        "area_id": "MIE03-000402",
        "district_id": "MIE-03",
        "prefecture": "三重県",
        "city": "いなべ市",
        "town": "北勢町阿下喜 第19区画",
        "postal_code": "5110428",
        "pattern_rule": "PATTERN_A_WHOLE",
        "color_code": "#ef4444",
        "spatial_status": "VERIFIED"
      }
    },
    {
      "type": "Feature",
      "geometry": {
        "type": "Point",
        "coordinates": [
          136.5210876,
          35.1533293
        ]
      },
      "properties": {
        "area_id": "MIE03-000403",
        "district_id": "MIE-03",
        "prefecture": "三重県",
        "city": "いなべ市",
        "town": "北勢町阿下喜 第20区画",
        "postal_code": "5110428",
        "pattern_rule": "PATTERN_A_WHOLE",
        "color_code": "#ef4444",
        "spatial_status": "VERIFIED"
      }
    },
    {
      "type": "Feature",
      "geometry": {
        "type": "Point",
        "coordinates": [
          136.5210876,
          35.1533293
        ]
      },
      "properties": {
        "area_id": "MIE03-000404",
        "district_id": "MIE-03",
        "prefecture": "三重県",
        "city": "いなべ市",
        "town": "北勢町阿下喜",
        "postal_code": "5110428",
        "pattern_rule": "PATTERN_A_WHOLE",
        "color_code": "#ef4444",
        "spatial_status": "VERIFIED"
      }
    },
    {
      "type": "Feature",
      "geometry": {
        "type": "Point",
        "coordinates": [
          136.4897946,
          35.1747675
        ]
      },
      "properties": {
        "area_id": "MIE03-000405",
        "district_id": "MIE-03",
        "prefecture": "三重県",
        "city": "いなべ市",
        "town": "藤原町市場 第2区画",
        "postal_code": "5110511",
        "pattern_rule": "PATTERN_A_WHOLE",
        "color_code": "#ef4444",
        "spatial_status": "VERIFIED"
      }
    },
    {
      "type": "Feature",
      "geometry": {
        "type": "Point",
        "coordinates": [
          136.4897946,
          35.1747675
        ]
      },
      "properties": {
        "area_id": "MIE03-000406",
        "district_id": "MIE-03",
        "prefecture": "三重県",
        "city": "いなべ市",
        "town": "藤原町市場 第3区画",
        "postal_code": "5110511",
        "pattern_rule": "PATTERN_A_WHOLE",
        "color_code": "#ef4444",
        "spatial_status": "VERIFIED"
      }
    },
    {
      "type": "Feature",
      "geometry": {
        "type": "Point",
        "coordinates": [
          136.4897946,
          35.1747675
        ]
      },
      "properties": {
        "area_id": "MIE03-000407",
        "district_id": "MIE-03",
        "prefecture": "三重県",
        "city": "いなべ市",
        "town": "藤原町市場 第4区画",
        "postal_code": "5110511",
        "pattern_rule": "PATTERN_A_WHOLE",
        "color_code": "#ef4444",
        "spatial_status": "VERIFIED"
      }
    },
    {
      "type": "Feature",
      "geometry": {
        "type": "Point",
        "coordinates": [
          136.4897946,
          35.1747675
        ]
      },
      "properties": {
        "area_id": "MIE03-000408",
        "district_id": "MIE-03",
        "prefecture": "三重県",
        "city": "いなべ市",
        "town": "藤原町市場 第5区画",
        "postal_code": "5110511",
        "pattern_rule": "PATTERN_A_WHOLE",
        "color_code": "#ef4444",
        "spatial_status": "VERIFIED"
      }
    },
    {
      "type": "Feature",
      "geometry": {
        "type": "Point",
        "coordinates": [
          136.4897946,
          35.1747675
        ]
      },
      "properties": {
        "area_id": "MIE03-000409",
        "district_id": "MIE-03",
        "prefecture": "三重県",
        "city": "いなべ市",
        "town": "藤原町市場 第6区画",
        "postal_code": "5110511",
        "pattern_rule": "PATTERN_A_WHOLE",
        "color_code": "#ef4444",
        "spatial_status": "VERIFIED"
      }
    },
    {
      "type": "Feature",
      "geometry": {
        "type": "Point",
        "coordinates": [
          136.4897946,
          35.1747675
        ]
      },
      "properties": {
        "area_id": "MIE03-000410",
        "district_id": "MIE-03",
        "prefecture": "三重県",
        "city": "いなべ市",
        "town": "藤原町市場 第7区画",
        "postal_code": "5110511",
        "pattern_rule": "PATTERN_A_WHOLE",
        "color_code": "#ef4444",
        "spatial_status": "VERIFIED"
      }
    },
    {
      "type": "Feature",
      "geometry": {
        "type": "Point",
        "coordinates": [
          136.4897946,
          35.1747675
        ]
      },
      "properties": {
        "area_id": "MIE03-000411",
        "district_id": "MIE-03",
        "prefecture": "三重県",
        "city": "いなべ市",
        "town": "藤原町市場 第8区画",
        "postal_code": "5110511",
        "pattern_rule": "PATTERN_A_WHOLE",
        "color_code": "#ef4444",
        "spatial_status": "VERIFIED"
      }
    },
    {
      "type": "Feature",
      "geometry": {
        "type": "Point",
        "coordinates": [
          136.4897946,
          35.1747675
        ]
      },
      "properties": {
        "area_id": "MIE03-000412",
        "district_id": "MIE-03",
        "prefecture": "三重県",
        "city": "いなべ市",
        "town": "藤原町市場 第9区画",
        "postal_code": "5110511",
        "pattern_rule": "PATTERN_A_WHOLE",
        "color_code": "#ef4444",
        "spatial_status": "VERIFIED"
      }
    },
    {
      "type": "Feature",
      "geometry": {
        "type": "Point",
        "coordinates": [
          136.4897946,
          35.1747675
        ]
      },
      "properties": {
        "area_id": "MIE03-000413",
        "district_id": "MIE-03",
        "prefecture": "三重県",
        "city": "いなべ市",
        "town": "藤原町市場 第10区画",
        "postal_code": "5110511",
        "pattern_rule": "PATTERN_A_WHOLE",
        "color_code": "#ef4444",
        "spatial_status": "VERIFIED"
      }
    },
    {
      "type": "Feature",
      "geometry": {
        "type": "Point",
        "coordinates": [
          136.4897946,
          35.1747675
        ]
      },
      "properties": {
        "area_id": "MIE03-000414",
        "district_id": "MIE-03",
        "prefecture": "三重県",
        "city": "いなべ市",
        "town": "藤原町市場 第11区画",
        "postal_code": "5110511",
        "pattern_rule": "PATTERN_A_WHOLE",
        "color_code": "#ef4444",
        "spatial_status": "VERIFIED"
      }
    },
    {
      "type": "Feature",
      "geometry": {
        "type": "Point",
        "coordinates": [
          136.4897946,
          35.1747675
        ]
      },
      "properties": {
        "area_id": "MIE03-000415",
        "district_id": "MIE-03",
        "prefecture": "三重県",
        "city": "いなべ市",
        "town": "藤原町市場 第12区画",
        "postal_code": "5110511",
        "pattern_rule": "PATTERN_A_WHOLE",
        "color_code": "#ef4444",
        "spatial_status": "VERIFIED"
      }
    },
    {
      "type": "Feature",
      "geometry": {
        "type": "Point",
        "coordinates": [
          136.4897946,
          35.1747675
        ]
      },
      "properties": {
        "area_id": "MIE03-000416",
        "district_id": "MIE-03",
        "prefecture": "三重県",
        "city": "いなべ市",
        "town": "藤原町市場 第13区画",
        "postal_code": "5110511",
        "pattern_rule": "PATTERN_A_WHOLE",
        "color_code": "#ef4444",
        "spatial_status": "VERIFIED"
      }
    },
    {
      "type": "Feature",
      "geometry": {
        "type": "Point",
        "coordinates": [
          136.4897946,
          35.1747675
        ]
      },
      "properties": {
        "area_id": "MIE03-000417",
        "district_id": "MIE-03",
        "prefecture": "三重県",
        "city": "いなべ市",
        "town": "藤原町市場 第14区画",
        "postal_code": "5110511",
        "pattern_rule": "PATTERN_A_WHOLE",
        "color_code": "#ef4444",
        "spatial_status": "VERIFIED"
      }
    },
    {
      "type": "Feature",
      "geometry": {
        "type": "Point",
        "coordinates": [
          136.4897946,
          35.1747675
        ]
      },
      "properties": {
        "area_id": "MIE03-000418",
        "district_id": "MIE-03",
        "prefecture": "三重県",
        "city": "いなべ市",
        "town": "藤原町市場 第15区画",
        "postal_code": "5110511",
        "pattern_rule": "PATTERN_A_WHOLE",
        "color_code": "#ef4444",
        "spatial_status": "VERIFIED"
      }
    },
    {
      "type": "Feature",
      "geometry": {
        "type": "Point",
        "coordinates": [
          136.4897946,
          35.1747675
        ]
      },
      "properties": {
        "area_id": "MIE03-000419",
        "district_id": "MIE-03",
        "prefecture": "三重県",
        "city": "いなべ市",
        "town": "藤原町市場 第16区画",
        "postal_code": "5110511",
        "pattern_rule": "PATTERN_A_WHOLE",
        "color_code": "#ef4444",
        "spatial_status": "VERIFIED"
      }
    },
    {
      "type": "Feature",
      "geometry": {
        "type": "Point",
        "coordinates": [
          136.4897946,
          35.1747675
        ]
      },
      "properties": {
        "area_id": "MIE03-000420",
        "district_id": "MIE-03",
        "prefecture": "三重県",
        "city": "いなべ市",
        "town": "藤原町市場 第17区画",
        "postal_code": "5110511",
        "pattern_rule": "PATTERN_A_WHOLE",
        "color_code": "#ef4444",
        "spatial_status": "VERIFIED"
      }
    },
    {
      "type": "Feature",
      "geometry": {
        "type": "Point",
        "coordinates": [
          136.4897946,
          35.1747675
        ]
      },
      "properties": {
        "area_id": "MIE03-000421",
        "district_id": "MIE-03",
        "prefecture": "三重県",
        "city": "いなべ市",
        "town": "藤原町市場 第18区画",
        "postal_code": "5110511",
        "pattern_rule": "PATTERN_A_WHOLE",
        "color_code": "#ef4444",
        "spatial_status": "VERIFIED"
      }
    },
    {
      "type": "Feature",
      "geometry": {
        "type": "Point",
        "coordinates": [
          136.4897946,
          35.1747675
        ]
      },
      "properties": {
        "area_id": "MIE03-000422",
        "district_id": "MIE-03",
        "prefecture": "三重県",
        "city": "いなべ市",
        "town": "藤原町市場 第19区画",
        "postal_code": "5110511",
        "pattern_rule": "PATTERN_A_WHOLE",
        "color_code": "#ef4444",
        "spatial_status": "VERIFIED"
      }
    },
    {
      "type": "Feature",
      "geometry": {
        "type": "Point",
        "coordinates": [
          136.4897946,
          35.1747675
        ]
      },
      "properties": {
        "area_id": "MIE03-000423",
        "district_id": "MIE-03",
        "prefecture": "三重県",
        "city": "いなべ市",
        "town": "藤原町市場 第20区画",
        "postal_code": "5110511",
        "pattern_rule": "PATTERN_A_WHOLE",
        "color_code": "#ef4444",
        "spatial_status": "VERIFIED"
      }
    },
    {
      "type": "Feature",
      "geometry": {
        "type": "Point",
        "coordinates": [
          136.4897946,
          35.1747675
        ]
      },
      "properties": {
        "area_id": "MIE03-000424",
        "district_id": "MIE-03",
        "prefecture": "三重県",
        "city": "いなべ市",
        "town": "藤原町市場",
        "postal_code": "5110511",
        "pattern_rule": "PATTERN_A_WHOLE",
        "color_code": "#ef4444",
        "spatial_status": "VERIFIED"
      }
    },
    {
      "type": "Feature",
      "geometry": {
        "type": "Point",
        "coordinates": [
          136.691162,
          35.0553997
        ]
      },
      "properties": {
        "area_id": "MIE03-000425",
        "district_id": "MIE-03",
        "prefecture": "三重県",
        "city": "桑名市",
        "town": "江場1丁目 第2区画",
        "postal_code": "5110836",
        "pattern_rule": "PATTERN_A_WHOLE",
        "color_code": "#f59e0b",
        "spatial_status": "WARNING"
      }
    },
    {
      "type": "Feature",
      "geometry": {
        "type": "Point",
        "coordinates": [
          136.6788337,
          35.0544787
        ]
      },
      "properties": {
        "area_id": "MIE03-000426",
        "district_id": "MIE-03",
        "prefecture": "三重県",
        "city": "桑名市",
        "town": "江場2丁目 第2区画",
        "postal_code": "5110836",
        "pattern_rule": "PATTERN_A_WHOLE",
        "color_code": "#ef4444",
        "spatial_status": "VERIFIED"
      }
    },
    {
      "type": "Feature",
      "geometry": {
        "type": "Point",
        "coordinates": [
          136.6959433,
          35.0568223
        ]
      },
      "properties": {
        "area_id": "MIE03-000427",
        "district_id": "MIE-03",
        "prefecture": "三重県",
        "city": "桑名市",
        "town": "江場3丁目 第2区画",
        "postal_code": "5110836",
        "pattern_rule": "PATTERN_A_WHOLE",
        "color_code": "#f59e0b",
        "spatial_status": "WARNING"
      }
    },
    {
      "type": "Feature",
      "geometry": {
        "type": "Point",
        "coordinates": [
          136.691162,
          35.0553997
        ]
      },
      "properties": {
        "area_id": "MIE03-000428",
        "district_id": "MIE-03",
        "prefecture": "三重県",
        "city": "桑名市",
        "town": "江場1丁目 第3区画",
        "postal_code": "5110836",
        "pattern_rule": "PATTERN_A_WHOLE",
        "color_code": "#f59e0b",
        "spatial_status": "WARNING"
      }
    },
    {
      "type": "Feature",
      "geometry": {
        "type": "Point",
        "coordinates": [
          136.6788337,
          35.0544787
        ]
      },
      "properties": {
        "area_id": "MIE03-000429",
        "district_id": "MIE-03",
        "prefecture": "三重県",
        "city": "桑名市",
        "town": "江場2丁目 第3区画",
        "postal_code": "5110836",
        "pattern_rule": "PATTERN_A_WHOLE",
        "color_code": "#ef4444",
        "spatial_status": "VERIFIED"
      }
    },
    {
      "type": "Feature",
      "geometry": {
        "type": "Point",
        "coordinates": [
          136.6959433,
          35.0568223
        ]
      },
      "properties": {
        "area_id": "MIE03-000430",
        "district_id": "MIE-03",
        "prefecture": "三重県",
        "city": "桑名市",
        "town": "江場3丁目 第3区画",
        "postal_code": "5110836",
        "pattern_rule": "PATTERN_A_WHOLE",
        "color_code": "#f59e0b",
        "spatial_status": "WARNING"
      }
    },
    {
      "type": "Feature",
      "geometry": {
        "type": "Point",
        "coordinates": [
          136.691162,
          35.0553997
        ]
      },
      "properties": {
        "area_id": "MIE03-000431",
        "district_id": "MIE-03",
        "prefecture": "三重県",
        "city": "桑名市",
        "town": "江場1丁目 第4区画",
        "postal_code": "5110836",
        "pattern_rule": "PATTERN_A_WHOLE",
        "color_code": "#f59e0b",
        "spatial_status": "WARNING"
      }
    },
    {
      "type": "Feature",
      "geometry": {
        "type": "Point",
        "coordinates": [
          136.6788337,
          35.0544787
        ]
      },
      "properties": {
        "area_id": "MIE03-000432",
        "district_id": "MIE-03",
        "prefecture": "三重県",
        "city": "桑名市",
        "town": "江場2丁目 第4区画",
        "postal_code": "5110836",
        "pattern_rule": "PATTERN_A_WHOLE",
        "color_code": "#ef4444",
        "spatial_status": "VERIFIED"
      }
    },
    {
      "type": "Feature",
      "geometry": {
        "type": "Point",
        "coordinates": [
          136.6959433,
          35.0568223
        ]
      },
      "properties": {
        "area_id": "MIE03-000433",
        "district_id": "MIE-03",
        "prefecture": "三重県",
        "city": "桑名市",
        "town": "江場3丁目 第4区画",
        "postal_code": "5110836",
        "pattern_rule": "PATTERN_A_WHOLE",
        "color_code": "#f59e0b",
        "spatial_status": "WARNING"
      }
    },
    {
      "type": "Feature",
      "geometry": {
        "type": "Point",
        "coordinates": [
          136.691162,
          35.0553997
        ]
      },
      "properties": {
        "area_id": "MIE03-000434",
        "district_id": "MIE-03",
        "prefecture": "三重県",
        "city": "桑名市",
        "town": "江場1丁目 第5区画",
        "postal_code": "5110836",
        "pattern_rule": "PATTERN_A_WHOLE",
        "color_code": "#f59e0b",
        "spatial_status": "WARNING"
      }
    },
    {
      "type": "Feature",
      "geometry": {
        "type": "Point",
        "coordinates": [
          136.6788337,
          35.0544787
        ]
      },
      "properties": {
        "area_id": "MIE03-000435",
        "district_id": "MIE-03",
        "prefecture": "三重県",
        "city": "桑名市",
        "town": "江場2丁目 第5区画",
        "postal_code": "5110836",
        "pattern_rule": "PATTERN_A_WHOLE",
        "color_code": "#ef4444",
        "spatial_status": "VERIFIED"
      }
    },
    {
      "type": "Feature",
      "geometry": {
        "type": "Point",
        "coordinates": [
          136.6959433,
          35.0568223
        ]
      },
      "properties": {
        "area_id": "MIE03-000436",
        "district_id": "MIE-03",
        "prefecture": "三重県",
        "city": "桑名市",
        "town": "江場3丁目 第5区画",
        "postal_code": "5110836",
        "pattern_rule": "PATTERN_A_WHOLE",
        "color_code": "#f59e0b",
        "spatial_status": "WARNING"
      }
    },
    {
      "type": "Feature",
      "geometry": {
        "type": "Point",
        "coordinates": [
          136.691162,
          35.0553997
        ]
      },
      "properties": {
        "area_id": "MIE03-000437",
        "district_id": "MIE-03",
        "prefecture": "三重県",
        "city": "桑名市",
        "town": "江場1丁目 第6区画",
        "postal_code": "5110836",
        "pattern_rule": "PATTERN_A_WHOLE",
        "color_code": "#f59e0b",
        "spatial_status": "WARNING"
      }
    },
    {
      "type": "Feature",
      "geometry": {
        "type": "Point",
        "coordinates": [
          136.6788337,
          35.0544787
        ]
      },
      "properties": {
        "area_id": "MIE03-000438",
        "district_id": "MIE-03",
        "prefecture": "三重県",
        "city": "桑名市",
        "town": "江場2丁目 第6区画",
        "postal_code": "5110836",
        "pattern_rule": "PATTERN_A_WHOLE",
        "color_code": "#ef4444",
        "spatial_status": "VERIFIED"
      }
    },
    {
      "type": "Feature",
      "geometry": {
        "type": "Point",
        "coordinates": [
          136.6959433,
          35.0568223
        ]
      },
      "properties": {
        "area_id": "MIE03-000439",
        "district_id": "MIE-03",
        "prefecture": "三重県",
        "city": "桑名市",
        "town": "江場3丁目 第6区画",
        "postal_code": "5110836",
        "pattern_rule": "PATTERN_A_WHOLE",
        "color_code": "#f59e0b",
        "spatial_status": "WARNING"
      }
    },
    {
      "type": "Feature",
      "geometry": {
        "type": "Point",
        "coordinates": [
          136.691162,
          35.0553997
        ]
      },
      "properties": {
        "area_id": "MIE03-000440",
        "district_id": "MIE-03",
        "prefecture": "三重県",
        "city": "桑名市",
        "town": "江場1丁目 第7区画",
        "postal_code": "5110836",
        "pattern_rule": "PATTERN_A_WHOLE",
        "color_code": "#f59e0b",
        "spatial_status": "WARNING"
      }
    },
    {
      "type": "Feature",
      "geometry": {
        "type": "Point",
        "coordinates": [
          136.6788337,
          35.0544787
        ]
      },
      "properties": {
        "area_id": "MIE03-000441",
        "district_id": "MIE-03",
        "prefecture": "三重県",
        "city": "桑名市",
        "town": "江場2丁目 第7区画",
        "postal_code": "5110836",
        "pattern_rule": "PATTERN_A_WHOLE",
        "color_code": "#ef4444",
        "spatial_status": "VERIFIED"
      }
    },
    {
      "type": "Feature",
      "geometry": {
        "type": "Point",
        "coordinates": [
          136.6959433,
          35.0568223
        ]
      },
      "properties": {
        "area_id": "MIE03-000442",
        "district_id": "MIE-03",
        "prefecture": "三重県",
        "city": "桑名市",
        "town": "江場3丁目 第7区画",
        "postal_code": "5110836",
        "pattern_rule": "PATTERN_A_WHOLE",
        "color_code": "#f59e0b",
        "spatial_status": "WARNING"
      }
    },
    {
      "type": "Feature",
      "geometry": {
        "type": "Point",
        "coordinates": [
          136.691162,
          35.0553997
        ]
      },
      "properties": {
        "area_id": "MIE03-000443",
        "district_id": "MIE-03",
        "prefecture": "三重県",
        "city": "桑名市",
        "town": "江場1丁目 第8区画",
        "postal_code": "5110836",
        "pattern_rule": "PATTERN_A_WHOLE",
        "color_code": "#f59e0b",
        "spatial_status": "WARNING"
      }
    },
    {
      "type": "Feature",
      "geometry": {
        "type": "Point",
        "coordinates": [
          136.6788337,
          35.0544787
        ]
      },
      "properties": {
        "area_id": "MIE03-000444",
        "district_id": "MIE-03",
        "prefecture": "三重県",
        "city": "桑名市",
        "town": "江場2丁目 第8区画",
        "postal_code": "5110836",
        "pattern_rule": "PATTERN_A_WHOLE",
        "color_code": "#ef4444",
        "spatial_status": "VERIFIED"
      }
    },
    {
      "type": "Feature",
      "geometry": {
        "type": "Point",
        "coordinates": [
          136.6959433,
          35.0568223
        ]
      },
      "properties": {
        "area_id": "MIE03-000445",
        "district_id": "MIE-03",
        "prefecture": "三重県",
        "city": "桑名市",
        "town": "江場3丁目 第8区画",
        "postal_code": "5110836",
        "pattern_rule": "PATTERN_A_WHOLE",
        "color_code": "#f59e0b",
        "spatial_status": "WARNING"
      }
    },
    {
      "type": "Feature",
      "geometry": {
        "type": "Point",
        "coordinates": [
          136.691162,
          35.0553997
        ]
      },
      "properties": {
        "area_id": "MIE03-000446",
        "district_id": "MIE-03",
        "prefecture": "三重県",
        "city": "桑名市",
        "town": "江場1丁目 第9区画",
        "postal_code": "5110836",
        "pattern_rule": "PATTERN_A_WHOLE",
        "color_code": "#f59e0b",
        "spatial_status": "WARNING"
      }
    },
    {
      "type": "Feature",
      "geometry": {
        "type": "Point",
        "coordinates": [
          136.6788337,
          35.0544787
        ]
      },
      "properties": {
        "area_id": "MIE03-000447",
        "district_id": "MIE-03",
        "prefecture": "三重県",
        "city": "桑名市",
        "town": "江場2丁目 第9区画",
        "postal_code": "5110836",
        "pattern_rule": "PATTERN_A_WHOLE",
        "color_code": "#ef4444",
        "spatial_status": "VERIFIED"
      }
    },
    {
      "type": "Feature",
      "geometry": {
        "type": "Point",
        "coordinates": [
          136.6959433,
          35.0568223
        ]
      },
      "properties": {
        "area_id": "MIE03-000448",
        "district_id": "MIE-03",
        "prefecture": "三重県",
        "city": "桑名市",
        "town": "江場3丁目 第9区画",
        "postal_code": "5110836",
        "pattern_rule": "PATTERN_A_WHOLE",
        "color_code": "#f59e0b",
        "spatial_status": "WARNING"
      }
    },
    {
      "type": "Feature",
      "geometry": {
        "type": "Point",
        "coordinates": [
          136.691162,
          35.0553997
        ]
      },
      "properties": {
        "area_id": "MIE03-000449",
        "district_id": "MIE-03",
        "prefecture": "三重県",
        "city": "桑名市",
        "town": "江場1丁目 第10区画",
        "postal_code": "5110836",
        "pattern_rule": "PATTERN_A_WHOLE",
        "color_code": "#f59e0b",
        "spatial_status": "WARNING"
      }
    },
    {
      "type": "Feature",
      "geometry": {
        "type": "Point",
        "coordinates": [
          136.6788337,
          35.0544787
        ]
      },
      "properties": {
        "area_id": "MIE03-000450",
        "district_id": "MIE-03",
        "prefecture": "三重県",
        "city": "桑名市",
        "town": "江場2丁目 第10区画",
        "postal_code": "5110836",
        "pattern_rule": "PATTERN_A_WHOLE",
        "color_code": "#ef4444",
        "spatial_status": "VERIFIED"
      }
    },
    {
      "type": "Feature",
      "geometry": {
        "type": "Point",
        "coordinates": [
          136.6959433,
          35.0568223
        ]
      },
      "properties": {
        "area_id": "MIE03-000451",
        "district_id": "MIE-03",
        "prefecture": "三重県",
        "city": "桑名市",
        "town": "江場3丁目 第10区画",
        "postal_code": "5110836",
        "pattern_rule": "PATTERN_A_WHOLE",
        "color_code": "#f59e0b",
        "spatial_status": "WARNING"
      }
    },
    {
      "type": "Feature",
      "geometry": {
        "type": "Point",
        "coordinates": [
          136.691162,
          35.0553997
        ]
      },
      "properties": {
        "area_id": "MIE03-000452",
        "district_id": "MIE-03",
        "prefecture": "三重県",
        "city": "桑名市",
        "town": "江場1丁目 第11区画",
        "postal_code": "5110836",
        "pattern_rule": "PATTERN_A_WHOLE",
        "color_code": "#f59e0b",
        "spatial_status": "WARNING"
      }
    },
    {
      "type": "Feature",
      "geometry": {
        "type": "Point",
        "coordinates": [
          136.6788337,
          35.0544787
        ]
      },
      "properties": {
        "area_id": "MIE03-000453",
        "district_id": "MIE-03",
        "prefecture": "三重県",
        "city": "桑名市",
        "town": "江場2丁目 第11区画",
        "postal_code": "5110836",
        "pattern_rule": "PATTERN_A_WHOLE",
        "color_code": "#ef4444",
        "spatial_status": "VERIFIED"
      }
    },
    {
      "type": "Feature",
      "geometry": {
        "type": "Point",
        "coordinates": [
          136.6959433,
          35.0568223
        ]
      },
      "properties": {
        "area_id": "MIE03-000454",
        "district_id": "MIE-03",
        "prefecture": "三重県",
        "city": "桑名市",
        "town": "江場3丁目 第11区画",
        "postal_code": "5110836",
        "pattern_rule": "PATTERN_A_WHOLE",
        "color_code": "#f59e0b",
        "spatial_status": "WARNING"
      }
    },
    {
      "type": "Feature",
      "geometry": {
        "type": "Point",
        "coordinates": [
          136.691162,
          35.0553997
        ]
      },
      "properties": {
        "area_id": "MIE03-000455",
        "district_id": "MIE-03",
        "prefecture": "三重県",
        "city": "桑名市",
        "town": "江場1丁目 第12区画",
        "postal_code": "5110836",
        "pattern_rule": "PATTERN_A_WHOLE",
        "color_code": "#f59e0b",
        "spatial_status": "WARNING"
      }
    },
    {
      "type": "Feature",
      "geometry": {
        "type": "Point",
        "coordinates": [
          136.6788337,
          35.0544787
        ]
      },
      "properties": {
        "area_id": "MIE03-000456",
        "district_id": "MIE-03",
        "prefecture": "三重県",
        "city": "桑名市",
        "town": "江場2丁目 第12区画",
        "postal_code": "5110836",
        "pattern_rule": "PATTERN_A_WHOLE",
        "color_code": "#ef4444",
        "spatial_status": "VERIFIED"
      }
    },
    {
      "type": "Feature",
      "geometry": {
        "type": "Point",
        "coordinates": [
          136.6959433,
          35.0568223
        ]
      },
      "properties": {
        "area_id": "MIE03-000457",
        "district_id": "MIE-03",
        "prefecture": "三重県",
        "city": "桑名市",
        "town": "江場3丁目 第12区画",
        "postal_code": "5110836",
        "pattern_rule": "PATTERN_A_WHOLE",
        "color_code": "#f59e0b",
        "spatial_status": "WARNING"
      }
    },
    {
      "type": "Feature",
      "geometry": {
        "type": "Point",
        "coordinates": [
          136.691162,
          35.0553997
        ]
      },
      "properties": {
        "area_id": "MIE03-000458",
        "district_id": "MIE-03",
        "prefecture": "三重県",
        "city": "桑名市",
        "town": "江場1丁目 第13区画",
        "postal_code": "5110836",
        "pattern_rule": "PATTERN_A_WHOLE",
        "color_code": "#f59e0b",
        "spatial_status": "WARNING"
      }
    },
    {
      "type": "Feature",
      "geometry": {
        "type": "Point",
        "coordinates": [
          136.6788337,
          35.0544787
        ]
      },
      "properties": {
        "area_id": "MIE03-000459",
        "district_id": "MIE-03",
        "prefecture": "三重県",
        "city": "桑名市",
        "town": "江場2丁目 第13区画",
        "postal_code": "5110836",
        "pattern_rule": "PATTERN_A_WHOLE",
        "color_code": "#ef4444",
        "spatial_status": "VERIFIED"
      }
    },
    {
      "type": "Feature",
      "geometry": {
        "type": "Point",
        "coordinates": [
          136.6959433,
          35.0568223
        ]
      },
      "properties": {
        "area_id": "MIE03-000460",
        "district_id": "MIE-03",
        "prefecture": "三重県",
        "city": "桑名市",
        "town": "江場3丁目 第13区画",
        "postal_code": "5110836",
        "pattern_rule": "PATTERN_A_WHOLE",
        "color_code": "#f59e0b",
        "spatial_status": "WARNING"
      }
    },
    {
      "type": "Feature",
      "geometry": {
        "type": "Point",
        "coordinates": [
          136.691162,
          35.0553997
        ]
      },
      "properties": {
        "area_id": "MIE03-000461",
        "district_id": "MIE-03",
        "prefecture": "三重県",
        "city": "桑名市",
        "town": "江場1丁目 第14区画",
        "postal_code": "5110836",
        "pattern_rule": "PATTERN_A_WHOLE",
        "color_code": "#f59e0b",
        "spatial_status": "WARNING"
      }
    },
    {
      "type": "Feature",
      "geometry": {
        "type": "Point",
        "coordinates": [
          136.6788337,
          35.0544787
        ]
      },
      "properties": {
        "area_id": "MIE03-000462",
        "district_id": "MIE-03",
        "prefecture": "三重県",
        "city": "桑名市",
        "town": "江場2丁目 第14区画",
        "postal_code": "5110836",
        "pattern_rule": "PATTERN_A_WHOLE",
        "color_code": "#ef4444",
        "spatial_status": "VERIFIED"
      }
    },
    {
      "type": "Feature",
      "geometry": {
        "type": "Point",
        "coordinates": [
          136.6959433,
          35.0568223
        ]
      },
      "properties": {
        "area_id": "MIE03-000463",
        "district_id": "MIE-03",
        "prefecture": "三重県",
        "city": "桑名市",
        "town": "江場3丁目 第14区画",
        "postal_code": "5110836",
        "pattern_rule": "PATTERN_A_WHOLE",
        "color_code": "#f59e0b",
        "spatial_status": "WARNING"
      }
    },
    {
      "type": "Feature",
      "geometry": {
        "type": "Point",
        "coordinates": [
          136.691162,
          35.0553997
        ]
      },
      "properties": {
        "area_id": "MIE03-000464",
        "district_id": "MIE-03",
        "prefecture": "三重県",
        "city": "桑名市",
        "town": "江場1丁目 第15区画",
        "postal_code": "5110836",
        "pattern_rule": "PATTERN_A_WHOLE",
        "color_code": "#f59e0b",
        "spatial_status": "WARNING"
      }
    },
    {
      "type": "Feature",
      "geometry": {
        "type": "Point",
        "coordinates": [
          136.6788337,
          35.0544787
        ]
      },
      "properties": {
        "area_id": "MIE03-000465",
        "district_id": "MIE-03",
        "prefecture": "三重県",
        "city": "桑名市",
        "town": "江場2丁目 第15区画",
        "postal_code": "5110836",
        "pattern_rule": "PATTERN_A_WHOLE",
        "color_code": "#ef4444",
        "spatial_status": "VERIFIED"
      }
    },
    {
      "type": "Feature",
      "geometry": {
        "type": "Point",
        "coordinates": [
          136.6959433,
          35.0568223
        ]
      },
      "properties": {
        "area_id": "MIE03-000466",
        "district_id": "MIE-03",
        "prefecture": "三重県",
        "city": "桑名市",
        "town": "江場3丁目 第15区画",
        "postal_code": "5110836",
        "pattern_rule": "PATTERN_A_WHOLE",
        "color_code": "#f59e0b",
        "spatial_status": "WARNING"
      }
    },
    {
      "type": "Feature",
      "geometry": {
        "type": "Point",
        "coordinates": [
          136.691162,
          35.0553997
        ]
      },
      "properties": {
        "area_id": "MIE03-000467",
        "district_id": "MIE-03",
        "prefecture": "三重県",
        "city": "桑名市",
        "town": "江場1丁目 第16区画",
        "postal_code": "5110836",
        "pattern_rule": "PATTERN_A_WHOLE",
        "color_code": "#f59e0b",
        "spatial_status": "WARNING"
      }
    },
    {
      "type": "Feature",
      "geometry": {
        "type": "Point",
        "coordinates": [
          136.6788337,
          35.0544787
        ]
      },
      "properties": {
        "area_id": "MIE03-000468",
        "district_id": "MIE-03",
        "prefecture": "三重県",
        "city": "桑名市",
        "town": "江場2丁目 第16区画",
        "postal_code": "5110836",
        "pattern_rule": "PATTERN_A_WHOLE",
        "color_code": "#ef4444",
        "spatial_status": "VERIFIED"
      }
    },
    {
      "type": "Feature",
      "geometry": {
        "type": "Point",
        "coordinates": [
          136.6959433,
          35.0568223
        ]
      },
      "properties": {
        "area_id": "MIE03-000469",
        "district_id": "MIE-03",
        "prefecture": "三重県",
        "city": "桑名市",
        "town": "江場3丁目 第16区画",
        "postal_code": "5110836",
        "pattern_rule": "PATTERN_A_WHOLE",
        "color_code": "#f59e0b",
        "spatial_status": "WARNING"
      }
    },
    {
      "type": "Feature",
      "geometry": {
        "type": "Point",
        "coordinates": [
          136.691162,
          35.0553997
        ]
      },
      "properties": {
        "area_id": "MIE03-000470",
        "district_id": "MIE-03",
        "prefecture": "三重県",
        "city": "桑名市",
        "town": "江場1丁目 第17区画",
        "postal_code": "5110836",
        "pattern_rule": "PATTERN_A_WHOLE",
        "color_code": "#f59e0b",
        "spatial_status": "WARNING"
      }
    },
    {
      "type": "Feature",
      "geometry": {
        "type": "Point",
        "coordinates": [
          136.6788337,
          35.0544787
        ]
      },
      "properties": {
        "area_id": "MIE03-000471",
        "district_id": "MIE-03",
        "prefecture": "三重県",
        "city": "桑名市",
        "town": "江場2丁目 第17区画",
        "postal_code": "5110836",
        "pattern_rule": "PATTERN_A_WHOLE",
        "color_code": "#ef4444",
        "spatial_status": "VERIFIED"
      }
    },
    {
      "type": "Feature",
      "geometry": {
        "type": "Point",
        "coordinates": [
          136.6959433,
          35.0568223
        ]
      },
      "properties": {
        "area_id": "MIE03-000472",
        "district_id": "MIE-03",
        "prefecture": "三重県",
        "city": "桑名市",
        "town": "江場3丁目 第17区画",
        "postal_code": "5110836",
        "pattern_rule": "PATTERN_A_WHOLE",
        "color_code": "#f59e0b",
        "spatial_status": "WARNING"
      }
    },
    {
      "type": "Feature",
      "geometry": {
        "type": "Point",
        "coordinates": [
          136.691162,
          35.0553997
        ]
      },
      "properties": {
        "area_id": "MIE03-000473",
        "district_id": "MIE-03",
        "prefecture": "三重県",
        "city": "桑名市",
        "town": "江場1丁目 第18区画",
        "postal_code": "5110836",
        "pattern_rule": "PATTERN_A_WHOLE",
        "color_code": "#f59e0b",
        "spatial_status": "WARNING"
      }
    },
    {
      "type": "Feature",
      "geometry": {
        "type": "Point",
        "coordinates": [
          136.6788337,
          35.0544787
        ]
      },
      "properties": {
        "area_id": "MIE03-000474",
        "district_id": "MIE-03",
        "prefecture": "三重県",
        "city": "桑名市",
        "town": "江場2丁目 第18区画",
        "postal_code": "5110836",
        "pattern_rule": "PATTERN_A_WHOLE",
        "color_code": "#ef4444",
        "spatial_status": "VERIFIED"
      }
    },
    {
      "type": "Feature",
      "geometry": {
        "type": "Point",
        "coordinates": [
          136.6959433,
          35.0568223
        ]
      },
      "properties": {
        "area_id": "MIE03-000475",
        "district_id": "MIE-03",
        "prefecture": "三重県",
        "city": "桑名市",
        "town": "江場3丁目 第18区画",
        "postal_code": "5110836",
        "pattern_rule": "PATTERN_A_WHOLE",
        "color_code": "#f59e0b",
        "spatial_status": "WARNING"
      }
    },
    {
      "type": "Feature",
      "geometry": {
        "type": "Point",
        "coordinates": [
          136.691162,
          35.0553997
        ]
      },
      "properties": {
        "area_id": "MIE03-000476",
        "district_id": "MIE-03",
        "prefecture": "三重県",
        "city": "桑名市",
        "town": "江場1丁目 第19区画",
        "postal_code": "5110836",
        "pattern_rule": "PATTERN_A_WHOLE",
        "color_code": "#f59e0b",
        "spatial_status": "WARNING"
      }
    },
    {
      "type": "Feature",
      "geometry": {
        "type": "Point",
        "coordinates": [
          136.6788337,
          35.0544787
        ]
      },
      "properties": {
        "area_id": "MIE03-000477",
        "district_id": "MIE-03",
        "prefecture": "三重県",
        "city": "桑名市",
        "town": "江場2丁目 第19区画",
        "postal_code": "5110836",
        "pattern_rule": "PATTERN_A_WHOLE",
        "color_code": "#ef4444",
        "spatial_status": "VERIFIED"
      }
    },
    {
      "type": "Feature",
      "geometry": {
        "type": "Point",
        "coordinates": [
          136.6959433,
          35.0568223
        ]
      },
      "properties": {
        "area_id": "MIE03-000478",
        "district_id": "MIE-03",
        "prefecture": "三重県",
        "city": "桑名市",
        "town": "江場3丁目 第19区画",
        "postal_code": "5110836",
        "pattern_rule": "PATTERN_A_WHOLE",
        "color_code": "#f59e0b",
        "spatial_status": "WARNING"
      }
    },
    {
      "type": "Feature",
      "geometry": {
        "type": "Point",
        "coordinates": [
          136.691162,
          35.0553997
        ]
      },
      "properties": {
        "area_id": "MIE03-000479",
        "district_id": "MIE-03",
        "prefecture": "三重県",
        "city": "桑名市",
        "town": "江場1丁目 第20区画",
        "postal_code": "5110836",
        "pattern_rule": "PATTERN_A_WHOLE",
        "color_code": "#f59e0b",
        "spatial_status": "WARNING"
      }
    },
    {
      "type": "Feature",
      "geometry": {
        "type": "Point",
        "coordinates": [
          136.6788337,
          35.0544787
        ]
      },
      "properties": {
        "area_id": "MIE03-000480",
        "district_id": "MIE-03",
        "prefecture": "三重県",
        "city": "桑名市",
        "town": "江場2丁目 第20区画",
        "postal_code": "5110836",
        "pattern_rule": "PATTERN_A_WHOLE",
        "color_code": "#ef4444",
        "spatial_status": "VERIFIED"
      }
    },
    {
      "type": "Feature",
      "geometry": {
        "type": "Point",
        "coordinates": [
          136.6959433,
          35.0568223
        ]
      },
      "properties": {
        "area_id": "MIE03-000481",
        "district_id": "MIE-03",
        "prefecture": "三重県",
        "city": "桑名市",
        "town": "江場3丁目 第20区画",
        "postal_code": "5110836",
        "pattern_rule": "PATTERN_A_WHOLE",
        "color_code": "#f59e0b",
        "spatial_status": "WARNING"
      }
    },
    {
      "type": "Feature",
      "geometry": {
        "type": "Point",
        "coordinates": [
          136.691162,
          35.0553997
        ]
      },
      "properties": {
        "area_id": "MIE03-000482",
        "district_id": "MIE-03",
        "prefecture": "三重県",
        "city": "桑名市",
        "town": "江場1丁目",
        "postal_code": "5110836",
        "pattern_rule": "PATTERN_A_WHOLE",
        "color_code": "#f59e0b",
        "spatial_status": "WARNING"
      }
    },
    {
      "type": "Feature",
      "geometry": {
        "type": "Point",
        "coordinates": [
          136.6788337,
          35.0544787
        ]
      },
      "properties": {
        "area_id": "MIE03-000483",
        "district_id": "MIE-03",
        "prefecture": "三重県",
        "city": "桑名市",
        "town": "江場2丁目",
        "postal_code": "5110836",
        "pattern_rule": "PATTERN_A_WHOLE",
        "color_code": "#ef4444",
        "spatial_status": "VERIFIED"
      }
    },
    {
      "type": "Feature",
      "geometry": {
        "type": "Point",
        "coordinates": [
          136.6959433,
          35.0568223
        ]
      },
      "properties": {
        "area_id": "MIE03-000484",
        "district_id": "MIE-03",
        "prefecture": "三重県",
        "city": "桑名市",
        "town": "江場3丁目",
        "postal_code": "5110836",
        "pattern_rule": "PATTERN_A_WHOLE",
        "color_code": "#f59e0b",
        "spatial_status": "WARNING"
      }
    },
    {
      "type": "Feature",
      "geometry": {
        "type": "Point",
        "coordinates": [
          136.654844,
          35.0860127
        ]
      },
      "properties": {
        "area_id": "MIE03-000485",
        "district_id": "MIE-03",
        "prefecture": "三重県",
        "city": "桑名市",
        "town": "播磨 第2区画",
        "postal_code": "5110862",
        "pattern_rule": "PATTERN_A_WHOLE",
        "color_code": "#ef4444",
        "spatial_status": "VERIFIED"
      }
    },
    {
      "type": "Feature",
      "geometry": {
        "type": "Point",
        "coordinates": [
          136.654844,
          35.0860127
        ]
      },
      "properties": {
        "area_id": "MIE03-000486",
        "district_id": "MIE-03",
        "prefecture": "三重県",
        "city": "桑名市",
        "town": "播磨 第3区画",
        "postal_code": "5110862",
        "pattern_rule": "PATTERN_A_WHOLE",
        "color_code": "#ef4444",
        "spatial_status": "VERIFIED"
      }
    },
    {
      "type": "Feature",
      "geometry": {
        "type": "Point",
        "coordinates": [
          136.654844,
          35.0860127
        ]
      },
      "properties": {
        "area_id": "MIE03-000487",
        "district_id": "MIE-03",
        "prefecture": "三重県",
        "city": "桑名市",
        "town": "播磨 第4区画",
        "postal_code": "5110862",
        "pattern_rule": "PATTERN_A_WHOLE",
        "color_code": "#ef4444",
        "spatial_status": "VERIFIED"
      }
    },
    {
      "type": "Feature",
      "geometry": {
        "type": "Point",
        "coordinates": [
          136.654844,
          35.0860127
        ]
      },
      "properties": {
        "area_id": "MIE03-000488",
        "district_id": "MIE-03",
        "prefecture": "三重県",
        "city": "桑名市",
        "town": "播磨 第5区画",
        "postal_code": "5110862",
        "pattern_rule": "PATTERN_A_WHOLE",
        "color_code": "#ef4444",
        "spatial_status": "VERIFIED"
      }
    },
    {
      "type": "Feature",
      "geometry": {
        "type": "Point",
        "coordinates": [
          136.654844,
          35.0860127
        ]
      },
      "properties": {
        "area_id": "MIE03-000489",
        "district_id": "MIE-03",
        "prefecture": "三重県",
        "city": "桑名市",
        "town": "播磨 第6区画",
        "postal_code": "5110862",
        "pattern_rule": "PATTERN_A_WHOLE",
        "color_code": "#ef4444",
        "spatial_status": "VERIFIED"
      }
    },
    {
      "type": "Feature",
      "geometry": {
        "type": "Point",
        "coordinates": [
          136.654844,
          35.0860127
        ]
      },
      "properties": {
        "area_id": "MIE03-000490",
        "district_id": "MIE-03",
        "prefecture": "三重県",
        "city": "桑名市",
        "town": "播磨 第7区画",
        "postal_code": "5110862",
        "pattern_rule": "PATTERN_A_WHOLE",
        "color_code": "#ef4444",
        "spatial_status": "VERIFIED"
      }
    },
    {
      "type": "Feature",
      "geometry": {
        "type": "Point",
        "coordinates": [
          136.654844,
          35.0860127
        ]
      },
      "properties": {
        "area_id": "MIE03-000491",
        "district_id": "MIE-03",
        "prefecture": "三重県",
        "city": "桑名市",
        "town": "播磨 第8区画",
        "postal_code": "5110862",
        "pattern_rule": "PATTERN_A_WHOLE",
        "color_code": "#ef4444",
        "spatial_status": "VERIFIED"
      }
    },
    {
      "type": "Feature",
      "geometry": {
        "type": "Point",
        "coordinates": [
          136.654844,
          35.0860127
        ]
      },
      "properties": {
        "area_id": "MIE03-000492",
        "district_id": "MIE-03",
        "prefecture": "三重県",
        "city": "桑名市",
        "town": "播磨 第9区画",
        "postal_code": "5110862",
        "pattern_rule": "PATTERN_A_WHOLE",
        "color_code": "#ef4444",
        "spatial_status": "VERIFIED"
      }
    },
    {
      "type": "Feature",
      "geometry": {
        "type": "Point",
        "coordinates": [
          136.654844,
          35.0860127
        ]
      },
      "properties": {
        "area_id": "MIE03-000493",
        "district_id": "MIE-03",
        "prefecture": "三重県",
        "city": "桑名市",
        "town": "播磨 第10区画",
        "postal_code": "5110862",
        "pattern_rule": "PATTERN_A_WHOLE",
        "color_code": "#ef4444",
        "spatial_status": "VERIFIED"
      }
    },
    {
      "type": "Feature",
      "geometry": {
        "type": "Point",
        "coordinates": [
          136.654844,
          35.0860127
        ]
      },
      "properties": {
        "area_id": "MIE03-000494",
        "district_id": "MIE-03",
        "prefecture": "三重県",
        "city": "桑名市",
        "town": "播磨 第11区画",
        "postal_code": "5110862",
        "pattern_rule": "PATTERN_A_WHOLE",
        "color_code": "#ef4444",
        "spatial_status": "VERIFIED"
      }
    },
    {
      "type": "Feature",
      "geometry": {
        "type": "Point",
        "coordinates": [
          136.654844,
          35.0860127
        ]
      },
      "properties": {
        "area_id": "MIE03-000495",
        "district_id": "MIE-03",
        "prefecture": "三重県",
        "city": "桑名市",
        "town": "播磨 第12区画",
        "postal_code": "5110862",
        "pattern_rule": "PATTERN_A_WHOLE",
        "color_code": "#ef4444",
        "spatial_status": "VERIFIED"
      }
    },
    {
      "type": "Feature",
      "geometry": {
        "type": "Point",
        "coordinates": [
          136.654844,
          35.0860127
        ]
      },
      "properties": {
        "area_id": "MIE03-000496",
        "district_id": "MIE-03",
        "prefecture": "三重県",
        "city": "桑名市",
        "town": "播磨 第13区画",
        "postal_code": "5110862",
        "pattern_rule": "PATTERN_A_WHOLE",
        "color_code": "#ef4444",
        "spatial_status": "VERIFIED"
      }
    },
    {
      "type": "Feature",
      "geometry": {
        "type": "Point",
        "coordinates": [
          136.654844,
          35.0860127
        ]
      },
      "properties": {
        "area_id": "MIE03-000497",
        "district_id": "MIE-03",
        "prefecture": "三重県",
        "city": "桑名市",
        "town": "播磨 第14区画",
        "postal_code": "5110862",
        "pattern_rule": "PATTERN_A_WHOLE",
        "color_code": "#ef4444",
        "spatial_status": "VERIFIED"
      }
    },
    {
      "type": "Feature",
      "geometry": {
        "type": "Point",
        "coordinates": [
          136.654844,
          35.0860127
        ]
      },
      "properties": {
        "area_id": "MIE03-000498",
        "district_id": "MIE-03",
        "prefecture": "三重県",
        "city": "桑名市",
        "town": "播磨 第15区画",
        "postal_code": "5110862",
        "pattern_rule": "PATTERN_A_WHOLE",
        "color_code": "#ef4444",
        "spatial_status": "VERIFIED"
      }
    },
    {
      "type": "Feature",
      "geometry": {
        "type": "Point",
        "coordinates": [
          136.654844,
          35.0860127
        ]
      },
      "properties": {
        "area_id": "MIE03-000499",
        "district_id": "MIE-03",
        "prefecture": "三重県",
        "city": "桑名市",
        "town": "播磨 第16区画",
        "postal_code": "5110862",
        "pattern_rule": "PATTERN_A_WHOLE",
        "color_code": "#ef4444",
        "spatial_status": "VERIFIED"
      }
    },
    {
      "type": "Feature",
      "geometry": {
        "type": "Point",
        "coordinates": [
          136.654844,
          35.0860127
        ]
      },
      "properties": {
        "area_id": "MIE03-000500",
        "district_id": "MIE-03",
        "prefecture": "三重県",
        "city": "桑名市",
        "town": "播磨 第17区画",
        "postal_code": "5110862",
        "pattern_rule": "PATTERN_A_WHOLE",
        "color_code": "#ef4444",
        "spatial_status": "VERIFIED"
      }
    },
    {
      "type": "Feature",
      "geometry": {
        "type": "Point",
        "coordinates": [
          136.654844,
          35.0860127
        ]
      },
      "properties": {
        "area_id": "MIE03-000501",
        "district_id": "MIE-03",
        "prefecture": "三重県",
        "city": "桑名市",
        "town": "播磨 第18区画",
        "postal_code": "5110862",
        "pattern_rule": "PATTERN_A_WHOLE",
        "color_code": "#ef4444",
        "spatial_status": "VERIFIED"
      }
    },
    {
      "type": "Feature",
      "geometry": {
        "type": "Point",
        "coordinates": [
          136.654844,
          35.0860127
        ]
      },
      "properties": {
        "area_id": "MIE03-000502",
        "district_id": "MIE-03",
        "prefecture": "三重県",
        "city": "桑名市",
        "town": "播磨 第19区画",
        "postal_code": "5110862",
        "pattern_rule": "PATTERN_A_WHOLE",
        "color_code": "#ef4444",
        "spatial_status": "VERIFIED"
      }
    },
    {
      "type": "Feature",
      "geometry": {
        "type": "Point",
        "coordinates": [
          136.654844,
          35.0860127
        ]
      },
      "properties": {
        "area_id": "MIE03-000503",
        "district_id": "MIE-03",
        "prefecture": "三重県",
        "city": "桑名市",
        "town": "播磨 第20区画",
        "postal_code": "5110862",
        "pattern_rule": "PATTERN_A_WHOLE",
        "color_code": "#ef4444",
        "spatial_status": "VERIFIED"
      }
    },
    {
      "type": "Feature",
      "geometry": {
        "type": "Point",
        "coordinates": [
          136.654844,
          35.0860127
        ]
      },
      "properties": {
        "area_id": "MIE03-000504",
        "district_id": "MIE-03",
        "prefecture": "三重県",
        "city": "桑名市",
        "town": "播磨",
        "postal_code": "5110862",
        "pattern_rule": "PATTERN_A_WHOLE",
        "color_code": "#ef4444",
        "spatial_status": "VERIFIED"
      }
    },
    {
      "type": "Feature",
      "geometry": {
        "type": "Point",
        "coordinates": [
          136.6406668,
          35.0788771
        ]
      },
      "properties": {
        "area_id": "MIE03-000505",
        "district_id": "MIE-03",
        "prefecture": "三重県",
        "city": "桑名市",
        "town": "大山田1丁目 第2区画",
        "postal_code": "5110903",
        "pattern_rule": "PATTERN_A_WHOLE",
        "color_code": "#ef4444",
        "spatial_status": "VERIFIED"
      }
    },
    {
      "type": "Feature",
      "geometry": {
        "type": "Point",
        "coordinates": [
          136.639762,
          35.0809965
        ]
      },
      "properties": {
        "area_id": "MIE03-000506",
        "district_id": "MIE-03",
        "prefecture": "三重県",
        "city": "桑名市",
        "town": "大山田2丁目 第2区画",
        "postal_code": "5110903",
        "pattern_rule": "PATTERN_A_WHOLE",
        "color_code": "#ef4444",
        "spatial_status": "VERIFIED"
      }
    },
    {
      "type": "Feature",
      "geometry": {
        "type": "Point",
        "coordinates": [
          136.6400636,
          35.0830914
        ]
      },
      "properties": {
        "area_id": "MIE03-000507",
        "district_id": "MIE-03",
        "prefecture": "三重県",
        "city": "桑名市",
        "town": "大山田3丁目 第2区画",
        "postal_code": "5110903",
        "pattern_rule": "PATTERN_A_WHOLE",
        "color_code": "#ef4444",
        "spatial_status": "VERIFIED"
      }
    },
    {
      "type": "Feature",
      "geometry": {
        "type": "Point",
        "coordinates": [
          136.6334289,
          35.0851864
        ]
      },
      "properties": {
        "area_id": "MIE03-000508",
        "district_id": "MIE-03",
        "prefecture": "三重県",
        "city": "桑名市",
        "town": "大山田4丁目 第2区画",
        "postal_code": "5110903",
        "pattern_rule": "PATTERN_A_WHOLE",
        "color_code": "#ef4444",
        "spatial_status": "VERIFIED"
      }
    },
    {
      "type": "Feature",
      "geometry": {
        "type": "Point",
        "coordinates": [
          136.6340321,
          35.0832134
        ]
      },
      "properties": {
        "area_id": "MIE03-000509",
        "district_id": "MIE-03",
        "prefecture": "三重県",
        "city": "桑名市",
        "town": "大山田5丁目 第2区画",
        "postal_code": "5110903",
        "pattern_rule": "PATTERN_A_WHOLE",
        "color_code": "#ef4444",
        "spatial_status": "VERIFIED"
      }
    },
    {
      "type": "Feature",
      "geometry": {
        "type": "Point",
        "coordinates": [
          136.6373493,
          35.0810454
        ]
      },
      "properties": {
        "area_id": "MIE03-000510",
        "district_id": "MIE-03",
        "prefecture": "三重県",
        "city": "桑名市",
        "town": "大山田6丁目 第2区画",
        "postal_code": "5110903",
        "pattern_rule": "PATTERN_A_WHOLE",
        "color_code": "#ef4444",
        "spatial_status": "VERIFIED"
      }
    },
    {
      "type": "Feature",
      "geometry": {
        "type": "Point",
        "coordinates": [
          136.6352383,
          35.0809481
        ]
      },
      "properties": {
        "area_id": "MIE03-000511",
        "district_id": "MIE-03",
        "prefecture": "三重県",
        "city": "桑名市",
        "town": "大山田7丁目 第2区画",
        "postal_code": "5110903",
        "pattern_rule": "PATTERN_A_WHOLE",
        "color_code": "#ef4444",
        "spatial_status": "VERIFIED"
      }
    },
    {
      "type": "Feature",
      "geometry": {
        "type": "Point",
        "coordinates": [
          136.6373493,
          35.0788043
        ]
      },
      "properties": {
        "area_id": "MIE03-000512",
        "district_id": "MIE-03",
        "prefecture": "三重県",
        "city": "桑名市",
        "town": "大山田8丁目 第2区画",
        "postal_code": "5110903",
        "pattern_rule": "PATTERN_A_WHOLE",
        "color_code": "#ef4444",
        "spatial_status": "VERIFIED"
      }
    },
    {
      "type": "Feature",
      "geometry": {
        "type": "Point",
        "coordinates": [
          136.6406668,
          35.0788771
        ]
      },
      "properties": {
        "area_id": "MIE03-000513",
        "district_id": "MIE-03",
        "prefecture": "三重県",
        "city": "桑名市",
        "town": "大山田1丁目 第3区画",
        "postal_code": "5110903",
        "pattern_rule": "PATTERN_A_WHOLE",
        "color_code": "#ef4444",
        "spatial_status": "VERIFIED"
      }
    },
    {
      "type": "Feature",
      "geometry": {
        "type": "Point",
        "coordinates": [
          136.639762,
          35.0809965
        ]
      },
      "properties": {
        "area_id": "MIE03-000514",
        "district_id": "MIE-03",
        "prefecture": "三重県",
        "city": "桑名市",
        "town": "大山田2丁目 第3区画",
        "postal_code": "5110903",
        "pattern_rule": "PATTERN_A_WHOLE",
        "color_code": "#ef4444",
        "spatial_status": "VERIFIED"
      }
    },
    {
      "type": "Feature",
      "geometry": {
        "type": "Point",
        "coordinates": [
          136.6400636,
          35.0830914
        ]
      },
      "properties": {
        "area_id": "MIE03-000515",
        "district_id": "MIE-03",
        "prefecture": "三重県",
        "city": "桑名市",
        "town": "大山田3丁目 第3区画",
        "postal_code": "5110903",
        "pattern_rule": "PATTERN_A_WHOLE",
        "color_code": "#ef4444",
        "spatial_status": "VERIFIED"
      }
    },
    {
      "type": "Feature",
      "geometry": {
        "type": "Point",
        "coordinates": [
          136.6334289,
          35.0851864
        ]
      },
      "properties": {
        "area_id": "MIE03-000516",
        "district_id": "MIE-03",
        "prefecture": "三重県",
        "city": "桑名市",
        "town": "大山田4丁目 第3区画",
        "postal_code": "5110903",
        "pattern_rule": "PATTERN_A_WHOLE",
        "color_code": "#ef4444",
        "spatial_status": "VERIFIED"
      }
    },
    {
      "type": "Feature",
      "geometry": {
        "type": "Point",
        "coordinates": [
          136.6340321,
          35.0832134
        ]
      },
      "properties": {
        "area_id": "MIE03-000517",
        "district_id": "MIE-03",
        "prefecture": "三重県",
        "city": "桑名市",
        "town": "大山田5丁目 第3区画",
        "postal_code": "5110903",
        "pattern_rule": "PATTERN_A_WHOLE",
        "color_code": "#ef4444",
        "spatial_status": "VERIFIED"
      }
    },
    {
      "type": "Feature",
      "geometry": {
        "type": "Point",
        "coordinates": [
          136.6373493,
          35.0810454
        ]
      },
      "properties": {
        "area_id": "MIE03-000518",
        "district_id": "MIE-03",
        "prefecture": "三重県",
        "city": "桑名市",
        "town": "大山田6丁目 第3区画",
        "postal_code": "5110903",
        "pattern_rule": "PATTERN_A_WHOLE",
        "color_code": "#ef4444",
        "spatial_status": "VERIFIED"
      }
    },
    {
      "type": "Feature",
      "geometry": {
        "type": "Point",
        "coordinates": [
          136.6352383,
          35.0809481
        ]
      },
      "properties": {
        "area_id": "MIE03-000519",
        "district_id": "MIE-03",
        "prefecture": "三重県",
        "city": "桑名市",
        "town": "大山田7丁目 第3区画",
        "postal_code": "5110903",
        "pattern_rule": "PATTERN_A_WHOLE",
        "color_code": "#ef4444",
        "spatial_status": "VERIFIED"
      }
    },
    {
      "type": "Feature",
      "geometry": {
        "type": "Point",
        "coordinates": [
          136.6373493,
          35.0788043
        ]
      },
      "properties": {
        "area_id": "MIE03-000520",
        "district_id": "MIE-03",
        "prefecture": "三重県",
        "city": "桑名市",
        "town": "大山田8丁目 第3区画",
        "postal_code": "5110903",
        "pattern_rule": "PATTERN_A_WHOLE",
        "color_code": "#ef4444",
        "spatial_status": "VERIFIED"
      }
    },
    {
      "type": "Feature",
      "geometry": {
        "type": "Point",
        "coordinates": [
          136.6406668,
          35.0788771
        ]
      },
      "properties": {
        "area_id": "MIE03-000521",
        "district_id": "MIE-03",
        "prefecture": "三重県",
        "city": "桑名市",
        "town": "大山田1丁目 第4区画",
        "postal_code": "5110903",
        "pattern_rule": "PATTERN_A_WHOLE",
        "color_code": "#ef4444",
        "spatial_status": "VERIFIED"
      }
    },
    {
      "type": "Feature",
      "geometry": {
        "type": "Point",
        "coordinates": [
          136.639762,
          35.0809965
        ]
      },
      "properties": {
        "area_id": "MIE03-000522",
        "district_id": "MIE-03",
        "prefecture": "三重県",
        "city": "桑名市",
        "town": "大山田2丁目 第4区画",
        "postal_code": "5110903",
        "pattern_rule": "PATTERN_A_WHOLE",
        "color_code": "#ef4444",
        "spatial_status": "VERIFIED"
      }
    },
    {
      "type": "Feature",
      "geometry": {
        "type": "Point",
        "coordinates": [
          136.6400636,
          35.0830914
        ]
      },
      "properties": {
        "area_id": "MIE03-000523",
        "district_id": "MIE-03",
        "prefecture": "三重県",
        "city": "桑名市",
        "town": "大山田3丁目 第4区画",
        "postal_code": "5110903",
        "pattern_rule": "PATTERN_A_WHOLE",
        "color_code": "#ef4444",
        "spatial_status": "VERIFIED"
      }
    },
    {
      "type": "Feature",
      "geometry": {
        "type": "Point",
        "coordinates": [
          136.6334289,
          35.0851864
        ]
      },
      "properties": {
        "area_id": "MIE03-000524",
        "district_id": "MIE-03",
        "prefecture": "三重県",
        "city": "桑名市",
        "town": "大山田4丁目 第4区画",
        "postal_code": "5110903",
        "pattern_rule": "PATTERN_A_WHOLE",
        "color_code": "#ef4444",
        "spatial_status": "VERIFIED"
      }
    },
    {
      "type": "Feature",
      "geometry": {
        "type": "Point",
        "coordinates": [
          136.6340321,
          35.0832134
        ]
      },
      "properties": {
        "area_id": "MIE03-000525",
        "district_id": "MIE-03",
        "prefecture": "三重県",
        "city": "桑名市",
        "town": "大山田5丁目 第4区画",
        "postal_code": "5110903",
        "pattern_rule": "PATTERN_A_WHOLE",
        "color_code": "#ef4444",
        "spatial_status": "VERIFIED"
      }
    },
    {
      "type": "Feature",
      "geometry": {
        "type": "Point",
        "coordinates": [
          136.6373493,
          35.0810454
        ]
      },
      "properties": {
        "area_id": "MIE03-000526",
        "district_id": "MIE-03",
        "prefecture": "三重県",
        "city": "桑名市",
        "town": "大山田6丁目 第4区画",
        "postal_code": "5110903",
        "pattern_rule": "PATTERN_A_WHOLE",
        "color_code": "#ef4444",
        "spatial_status": "VERIFIED"
      }
    },
    {
      "type": "Feature",
      "geometry": {
        "type": "Point",
        "coordinates": [
          136.6352383,
          35.0809481
        ]
      },
      "properties": {
        "area_id": "MIE03-000527",
        "district_id": "MIE-03",
        "prefecture": "三重県",
        "city": "桑名市",
        "town": "大山田7丁目 第4区画",
        "postal_code": "5110903",
        "pattern_rule": "PATTERN_A_WHOLE",
        "color_code": "#ef4444",
        "spatial_status": "VERIFIED"
      }
    },
    {
      "type": "Feature",
      "geometry": {
        "type": "Point",
        "coordinates": [
          136.6373493,
          35.0788043
        ]
      },
      "properties": {
        "area_id": "MIE03-000528",
        "district_id": "MIE-03",
        "prefecture": "三重県",
        "city": "桑名市",
        "town": "大山田8丁目 第4区画",
        "postal_code": "5110903",
        "pattern_rule": "PATTERN_A_WHOLE",
        "color_code": "#ef4444",
        "spatial_status": "VERIFIED"
      }
    },
    {
      "type": "Feature",
      "geometry": {
        "type": "Point",
        "coordinates": [
          136.6406668,
          35.0788771
        ]
      },
      "properties": {
        "area_id": "MIE03-000529",
        "district_id": "MIE-03",
        "prefecture": "三重県",
        "city": "桑名市",
        "town": "大山田1丁目 第5区画",
        "postal_code": "5110903",
        "pattern_rule": "PATTERN_A_WHOLE",
        "color_code": "#ef4444",
        "spatial_status": "VERIFIED"
      }
    },
    {
      "type": "Feature",
      "geometry": {
        "type": "Point",
        "coordinates": [
          136.639762,
          35.0809965
        ]
      },
      "properties": {
        "area_id": "MIE03-000530",
        "district_id": "MIE-03",
        "prefecture": "三重県",
        "city": "桑名市",
        "town": "大山田2丁目 第5区画",
        "postal_code": "5110903",
        "pattern_rule": "PATTERN_A_WHOLE",
        "color_code": "#ef4444",
        "spatial_status": "VERIFIED"
      }
    },
    {
      "type": "Feature",
      "geometry": {
        "type": "Point",
        "coordinates": [
          136.6400636,
          35.0830914
        ]
      },
      "properties": {
        "area_id": "MIE03-000531",
        "district_id": "MIE-03",
        "prefecture": "三重県",
        "city": "桑名市",
        "town": "大山田3丁目 第5区画",
        "postal_code": "5110903",
        "pattern_rule": "PATTERN_A_WHOLE",
        "color_code": "#ef4444",
        "spatial_status": "VERIFIED"
      }
    },
    {
      "type": "Feature",
      "geometry": {
        "type": "Point",
        "coordinates": [
          136.6334289,
          35.0851864
        ]
      },
      "properties": {
        "area_id": "MIE03-000532",
        "district_id": "MIE-03",
        "prefecture": "三重県",
        "city": "桑名市",
        "town": "大山田4丁目 第5区画",
        "postal_code": "5110903",
        "pattern_rule": "PATTERN_A_WHOLE",
        "color_code": "#ef4444",
        "spatial_status": "VERIFIED"
      }
    },
    {
      "type": "Feature",
      "geometry": {
        "type": "Point",
        "coordinates": [
          136.6340321,
          35.0832134
        ]
      },
      "properties": {
        "area_id": "MIE03-000533",
        "district_id": "MIE-03",
        "prefecture": "三重県",
        "city": "桑名市",
        "town": "大山田5丁目 第5区画",
        "postal_code": "5110903",
        "pattern_rule": "PATTERN_A_WHOLE",
        "color_code": "#ef4444",
        "spatial_status": "VERIFIED"
      }
    },
    {
      "type": "Feature",
      "geometry": {
        "type": "Point",
        "coordinates": [
          136.6373493,
          35.0810454
        ]
      },
      "properties": {
        "area_id": "MIE03-000534",
        "district_id": "MIE-03",
        "prefecture": "三重県",
        "city": "桑名市",
        "town": "大山田6丁目 第5区画",
        "postal_code": "5110903",
        "pattern_rule": "PATTERN_A_WHOLE",
        "color_code": "#ef4444",
        "spatial_status": "VERIFIED"
      }
    },
    {
      "type": "Feature",
      "geometry": {
        "type": "Point",
        "coordinates": [
          136.6352383,
          35.0809481
        ]
      },
      "properties": {
        "area_id": "MIE03-000535",
        "district_id": "MIE-03",
        "prefecture": "三重県",
        "city": "桑名市",
        "town": "大山田7丁目 第5区画",
        "postal_code": "5110903",
        "pattern_rule": "PATTERN_A_WHOLE",
        "color_code": "#ef4444",
        "spatial_status": "VERIFIED"
      }
    },
    {
      "type": "Feature",
      "geometry": {
        "type": "Point",
        "coordinates": [
          136.6373493,
          35.0788043
        ]
      },
      "properties": {
        "area_id": "MIE03-000536",
        "district_id": "MIE-03",
        "prefecture": "三重県",
        "city": "桑名市",
        "town": "大山田8丁目 第5区画",
        "postal_code": "5110903",
        "pattern_rule": "PATTERN_A_WHOLE",
        "color_code": "#ef4444",
        "spatial_status": "VERIFIED"
      }
    },
    {
      "type": "Feature",
      "geometry": {
        "type": "Point",
        "coordinates": [
          136.6406668,
          35.0788771
        ]
      },
      "properties": {
        "area_id": "MIE03-000537",
        "district_id": "MIE-03",
        "prefecture": "三重県",
        "city": "桑名市",
        "town": "大山田1丁目 第6区画",
        "postal_code": "5110903",
        "pattern_rule": "PATTERN_A_WHOLE",
        "color_code": "#ef4444",
        "spatial_status": "VERIFIED"
      }
    },
    {
      "type": "Feature",
      "geometry": {
        "type": "Point",
        "coordinates": [
          136.639762,
          35.0809965
        ]
      },
      "properties": {
        "area_id": "MIE03-000538",
        "district_id": "MIE-03",
        "prefecture": "三重県",
        "city": "桑名市",
        "town": "大山田2丁目 第6区画",
        "postal_code": "5110903",
        "pattern_rule": "PATTERN_A_WHOLE",
        "color_code": "#ef4444",
        "spatial_status": "VERIFIED"
      }
    },
    {
      "type": "Feature",
      "geometry": {
        "type": "Point",
        "coordinates": [
          136.6400636,
          35.0830914
        ]
      },
      "properties": {
        "area_id": "MIE03-000539",
        "district_id": "MIE-03",
        "prefecture": "三重県",
        "city": "桑名市",
        "town": "大山田3丁目 第6区画",
        "postal_code": "5110903",
        "pattern_rule": "PATTERN_A_WHOLE",
        "color_code": "#ef4444",
        "spatial_status": "VERIFIED"
      }
    },
    {
      "type": "Feature",
      "geometry": {
        "type": "Point",
        "coordinates": [
          136.6334289,
          35.0851864
        ]
      },
      "properties": {
        "area_id": "MIE03-000540",
        "district_id": "MIE-03",
        "prefecture": "三重県",
        "city": "桑名市",
        "town": "大山田4丁目 第6区画",
        "postal_code": "5110903",
        "pattern_rule": "PATTERN_A_WHOLE",
        "color_code": "#ef4444",
        "spatial_status": "VERIFIED"
      }
    },
    {
      "type": "Feature",
      "geometry": {
        "type": "Point",
        "coordinates": [
          136.6340321,
          35.0832134
        ]
      },
      "properties": {
        "area_id": "MIE03-000541",
        "district_id": "MIE-03",
        "prefecture": "三重県",
        "city": "桑名市",
        "town": "大山田5丁目 第6区画",
        "postal_code": "5110903",
        "pattern_rule": "PATTERN_A_WHOLE",
        "color_code": "#ef4444",
        "spatial_status": "VERIFIED"
      }
    },
    {
      "type": "Feature",
      "geometry": {
        "type": "Point",
        "coordinates": [
          136.6373493,
          35.0810454
        ]
      },
      "properties": {
        "area_id": "MIE03-000542",
        "district_id": "MIE-03",
        "prefecture": "三重県",
        "city": "桑名市",
        "town": "大山田6丁目 第6区画",
        "postal_code": "5110903",
        "pattern_rule": "PATTERN_A_WHOLE",
        "color_code": "#ef4444",
        "spatial_status": "VERIFIED"
      }
    },
    {
      "type": "Feature",
      "geometry": {
        "type": "Point",
        "coordinates": [
          136.6352383,
          35.0809481
        ]
      },
      "properties": {
        "area_id": "MIE03-000543",
        "district_id": "MIE-03",
        "prefecture": "三重県",
        "city": "桑名市",
        "town": "大山田7丁目 第6区画",
        "postal_code": "5110903",
        "pattern_rule": "PATTERN_A_WHOLE",
        "color_code": "#ef4444",
        "spatial_status": "VERIFIED"
      }
    },
    {
      "type": "Feature",
      "geometry": {
        "type": "Point",
        "coordinates": [
          136.6373493,
          35.0788043
        ]
      },
      "properties": {
        "area_id": "MIE03-000544",
        "district_id": "MIE-03",
        "prefecture": "三重県",
        "city": "桑名市",
        "town": "大山田8丁目 第6区画",
        "postal_code": "5110903",
        "pattern_rule": "PATTERN_A_WHOLE",
        "color_code": "#ef4444",
        "spatial_status": "VERIFIED"
      }
    },
    {
      "type": "Feature",
      "geometry": {
        "type": "Point",
        "coordinates": [
          136.6406668,
          35.0788771
        ]
      },
      "properties": {
        "area_id": "MIE03-000545",
        "district_id": "MIE-03",
        "prefecture": "三重県",
        "city": "桑名市",
        "town": "大山田1丁目 第7区画",
        "postal_code": "5110903",
        "pattern_rule": "PATTERN_A_WHOLE",
        "color_code": "#ef4444",
        "spatial_status": "VERIFIED"
      }
    },
    {
      "type": "Feature",
      "geometry": {
        "type": "Point",
        "coordinates": [
          136.639762,
          35.0809965
        ]
      },
      "properties": {
        "area_id": "MIE03-000546",
        "district_id": "MIE-03",
        "prefecture": "三重県",
        "city": "桑名市",
        "town": "大山田2丁目 第7区画",
        "postal_code": "5110903",
        "pattern_rule": "PATTERN_A_WHOLE",
        "color_code": "#ef4444",
        "spatial_status": "VERIFIED"
      }
    },
    {
      "type": "Feature",
      "geometry": {
        "type": "Point",
        "coordinates": [
          136.6400636,
          35.0830914
        ]
      },
      "properties": {
        "area_id": "MIE03-000547",
        "district_id": "MIE-03",
        "prefecture": "三重県",
        "city": "桑名市",
        "town": "大山田3丁目 第7区画",
        "postal_code": "5110903",
        "pattern_rule": "PATTERN_A_WHOLE",
        "color_code": "#ef4444",
        "spatial_status": "VERIFIED"
      }
    },
    {
      "type": "Feature",
      "geometry": {
        "type": "Point",
        "coordinates": [
          136.6334289,
          35.0851864
        ]
      },
      "properties": {
        "area_id": "MIE03-000548",
        "district_id": "MIE-03",
        "prefecture": "三重県",
        "city": "桑名市",
        "town": "大山田4丁目 第7区画",
        "postal_code": "5110903",
        "pattern_rule": "PATTERN_A_WHOLE",
        "color_code": "#ef4444",
        "spatial_status": "VERIFIED"
      }
    },
    {
      "type": "Feature",
      "geometry": {
        "type": "Point",
        "coordinates": [
          136.6340321,
          35.0832134
        ]
      },
      "properties": {
        "area_id": "MIE03-000549",
        "district_id": "MIE-03",
        "prefecture": "三重県",
        "city": "桑名市",
        "town": "大山田5丁目 第7区画",
        "postal_code": "5110903",
        "pattern_rule": "PATTERN_A_WHOLE",
        "color_code": "#ef4444",
        "spatial_status": "VERIFIED"
      }
    },
    {
      "type": "Feature",
      "geometry": {
        "type": "Point",
        "coordinates": [
          136.6373493,
          35.0810454
        ]
      },
      "properties": {
        "area_id": "MIE03-000550",
        "district_id": "MIE-03",
        "prefecture": "三重県",
        "city": "桑名市",
        "town": "大山田6丁目 第7区画",
        "postal_code": "5110903",
        "pattern_rule": "PATTERN_A_WHOLE",
        "color_code": "#ef4444",
        "spatial_status": "VERIFIED"
      }
    },
    {
      "type": "Feature",
      "geometry": {
        "type": "Point",
        "coordinates": [
          136.6352383,
          35.0809481
        ]
      },
      "properties": {
        "area_id": "MIE03-000551",
        "district_id": "MIE-03",
        "prefecture": "三重県",
        "city": "桑名市",
        "town": "大山田7丁目 第7区画",
        "postal_code": "5110903",
        "pattern_rule": "PATTERN_A_WHOLE",
        "color_code": "#ef4444",
        "spatial_status": "VERIFIED"
      }
    },
    {
      "type": "Feature",
      "geometry": {
        "type": "Point",
        "coordinates": [
          136.6373493,
          35.0788043
        ]
      },
      "properties": {
        "area_id": "MIE03-000552",
        "district_id": "MIE-03",
        "prefecture": "三重県",
        "city": "桑名市",
        "town": "大山田8丁目 第7区画",
        "postal_code": "5110903",
        "pattern_rule": "PATTERN_A_WHOLE",
        "color_code": "#ef4444",
        "spatial_status": "VERIFIED"
      }
    },
    {
      "type": "Feature",
      "geometry": {
        "type": "Point",
        "coordinates": [
          136.6406668,
          35.0788771
        ]
      },
      "properties": {
        "area_id": "MIE03-000553",
        "district_id": "MIE-03",
        "prefecture": "三重県",
        "city": "桑名市",
        "town": "大山田1丁目 第8区画",
        "postal_code": "5110903",
        "pattern_rule": "PATTERN_A_WHOLE",
        "color_code": "#ef4444",
        "spatial_status": "VERIFIED"
      }
    },
    {
      "type": "Feature",
      "geometry": {
        "type": "Point",
        "coordinates": [
          136.639762,
          35.0809965
        ]
      },
      "properties": {
        "area_id": "MIE03-000554",
        "district_id": "MIE-03",
        "prefecture": "三重県",
        "city": "桑名市",
        "town": "大山田2丁目 第8区画",
        "postal_code": "5110903",
        "pattern_rule": "PATTERN_A_WHOLE",
        "color_code": "#ef4444",
        "spatial_status": "VERIFIED"
      }
    },
    {
      "type": "Feature",
      "geometry": {
        "type": "Point",
        "coordinates": [
          136.6400636,
          35.0830914
        ]
      },
      "properties": {
        "area_id": "MIE03-000555",
        "district_id": "MIE-03",
        "prefecture": "三重県",
        "city": "桑名市",
        "town": "大山田3丁目 第8区画",
        "postal_code": "5110903",
        "pattern_rule": "PATTERN_A_WHOLE",
        "color_code": "#ef4444",
        "spatial_status": "VERIFIED"
      }
    },
    {
      "type": "Feature",
      "geometry": {
        "type": "Point",
        "coordinates": [
          136.6334289,
          35.0851864
        ]
      },
      "properties": {
        "area_id": "MIE03-000556",
        "district_id": "MIE-03",
        "prefecture": "三重県",
        "city": "桑名市",
        "town": "大山田4丁目 第8区画",
        "postal_code": "5110903",
        "pattern_rule": "PATTERN_A_WHOLE",
        "color_code": "#ef4444",
        "spatial_status": "VERIFIED"
      }
    },
    {
      "type": "Feature",
      "geometry": {
        "type": "Point",
        "coordinates": [
          136.6340321,
          35.0832134
        ]
      },
      "properties": {
        "area_id": "MIE03-000557",
        "district_id": "MIE-03",
        "prefecture": "三重県",
        "city": "桑名市",
        "town": "大山田5丁目 第8区画",
        "postal_code": "5110903",
        "pattern_rule": "PATTERN_A_WHOLE",
        "color_code": "#ef4444",
        "spatial_status": "VERIFIED"
      }
    },
    {
      "type": "Feature",
      "geometry": {
        "type": "Point",
        "coordinates": [
          136.6373493,
          35.0810454
        ]
      },
      "properties": {
        "area_id": "MIE03-000558",
        "district_id": "MIE-03",
        "prefecture": "三重県",
        "city": "桑名市",
        "town": "大山田6丁目 第8区画",
        "postal_code": "5110903",
        "pattern_rule": "PATTERN_A_WHOLE",
        "color_code": "#ef4444",
        "spatial_status": "VERIFIED"
      }
    },
    {
      "type": "Feature",
      "geometry": {
        "type": "Point",
        "coordinates": [
          136.6352383,
          35.0809481
        ]
      },
      "properties": {
        "area_id": "MIE03-000559",
        "district_id": "MIE-03",
        "prefecture": "三重県",
        "city": "桑名市",
        "town": "大山田7丁目 第8区画",
        "postal_code": "5110903",
        "pattern_rule": "PATTERN_A_WHOLE",
        "color_code": "#ef4444",
        "spatial_status": "VERIFIED"
      }
    },
    {
      "type": "Feature",
      "geometry": {
        "type": "Point",
        "coordinates": [
          136.6373493,
          35.0788043
        ]
      },
      "properties": {
        "area_id": "MIE03-000560",
        "district_id": "MIE-03",
        "prefecture": "三重県",
        "city": "桑名市",
        "town": "大山田8丁目 第8区画",
        "postal_code": "5110903",
        "pattern_rule": "PATTERN_A_WHOLE",
        "color_code": "#ef4444",
        "spatial_status": "VERIFIED"
      }
    },
    {
      "type": "Feature",
      "geometry": {
        "type": "Point",
        "coordinates": [
          136.6406668,
          35.0788771
        ]
      },
      "properties": {
        "area_id": "MIE03-000561",
        "district_id": "MIE-03",
        "prefecture": "三重県",
        "city": "桑名市",
        "town": "大山田1丁目 第9区画",
        "postal_code": "5110903",
        "pattern_rule": "PATTERN_A_WHOLE",
        "color_code": "#ef4444",
        "spatial_status": "VERIFIED"
      }
    },
    {
      "type": "Feature",
      "geometry": {
        "type": "Point",
        "coordinates": [
          136.639762,
          35.0809965
        ]
      },
      "properties": {
        "area_id": "MIE03-000562",
        "district_id": "MIE-03",
        "prefecture": "三重県",
        "city": "桑名市",
        "town": "大山田2丁目 第9区画",
        "postal_code": "5110903",
        "pattern_rule": "PATTERN_A_WHOLE",
        "color_code": "#ef4444",
        "spatial_status": "VERIFIED"
      }
    },
    {
      "type": "Feature",
      "geometry": {
        "type": "Point",
        "coordinates": [
          136.6400636,
          35.0830914
        ]
      },
      "properties": {
        "area_id": "MIE03-000563",
        "district_id": "MIE-03",
        "prefecture": "三重県",
        "city": "桑名市",
        "town": "大山田3丁目 第9区画",
        "postal_code": "5110903",
        "pattern_rule": "PATTERN_A_WHOLE",
        "color_code": "#ef4444",
        "spatial_status": "VERIFIED"
      }
    },
    {
      "type": "Feature",
      "geometry": {
        "type": "Point",
        "coordinates": [
          136.6334289,
          35.0851864
        ]
      },
      "properties": {
        "area_id": "MIE03-000564",
        "district_id": "MIE-03",
        "prefecture": "三重県",
        "city": "桑名市",
        "town": "大山田4丁目 第9区画",
        "postal_code": "5110903",
        "pattern_rule": "PATTERN_A_WHOLE",
        "color_code": "#ef4444",
        "spatial_status": "VERIFIED"
      }
    },
    {
      "type": "Feature",
      "geometry": {
        "type": "Point",
        "coordinates": [
          136.6340321,
          35.0832134
        ]
      },
      "properties": {
        "area_id": "MIE03-000565",
        "district_id": "MIE-03",
        "prefecture": "三重県",
        "city": "桑名市",
        "town": "大山田5丁目 第9区画",
        "postal_code": "5110903",
        "pattern_rule": "PATTERN_A_WHOLE",
        "color_code": "#ef4444",
        "spatial_status": "VERIFIED"
      }
    },
    {
      "type": "Feature",
      "geometry": {
        "type": "Point",
        "coordinates": [
          136.6373493,
          35.0810454
        ]
      },
      "properties": {
        "area_id": "MIE03-000566",
        "district_id": "MIE-03",
        "prefecture": "三重県",
        "city": "桑名市",
        "town": "大山田6丁目 第9区画",
        "postal_code": "5110903",
        "pattern_rule": "PATTERN_A_WHOLE",
        "color_code": "#ef4444",
        "spatial_status": "VERIFIED"
      }
    },
    {
      "type": "Feature",
      "geometry": {
        "type": "Point",
        "coordinates": [
          136.6352383,
          35.0809481
        ]
      },
      "properties": {
        "area_id": "MIE03-000567",
        "district_id": "MIE-03",
        "prefecture": "三重県",
        "city": "桑名市",
        "town": "大山田7丁目 第9区画",
        "postal_code": "5110903",
        "pattern_rule": "PATTERN_A_WHOLE",
        "color_code": "#ef4444",
        "spatial_status": "VERIFIED"
      }
    },
    {
      "type": "Feature",
      "geometry": {
        "type": "Point",
        "coordinates": [
          136.6373493,
          35.0788043
        ]
      },
      "properties": {
        "area_id": "MIE03-000568",
        "district_id": "MIE-03",
        "prefecture": "三重県",
        "city": "桑名市",
        "town": "大山田8丁目 第9区画",
        "postal_code": "5110903",
        "pattern_rule": "PATTERN_A_WHOLE",
        "color_code": "#ef4444",
        "spatial_status": "VERIFIED"
      }
    },
    {
      "type": "Feature",
      "geometry": {
        "type": "Point",
        "coordinates": [
          136.6406668,
          35.0788771
        ]
      },
      "properties": {
        "area_id": "MIE03-000569",
        "district_id": "MIE-03",
        "prefecture": "三重県",
        "city": "桑名市",
        "town": "大山田1丁目 第10区画",
        "postal_code": "5110903",
        "pattern_rule": "PATTERN_A_WHOLE",
        "color_code": "#ef4444",
        "spatial_status": "VERIFIED"
      }
    },
    {
      "type": "Feature",
      "geometry": {
        "type": "Point",
        "coordinates": [
          136.639762,
          35.0809965
        ]
      },
      "properties": {
        "area_id": "MIE03-000570",
        "district_id": "MIE-03",
        "prefecture": "三重県",
        "city": "桑名市",
        "town": "大山田2丁目 第10区画",
        "postal_code": "5110903",
        "pattern_rule": "PATTERN_A_WHOLE",
        "color_code": "#ef4444",
        "spatial_status": "VERIFIED"
      }
    },
    {
      "type": "Feature",
      "geometry": {
        "type": "Point",
        "coordinates": [
          136.6400636,
          35.0830914
        ]
      },
      "properties": {
        "area_id": "MIE03-000571",
        "district_id": "MIE-03",
        "prefecture": "三重県",
        "city": "桑名市",
        "town": "大山田3丁目 第10区画",
        "postal_code": "5110903",
        "pattern_rule": "PATTERN_A_WHOLE",
        "color_code": "#ef4444",
        "spatial_status": "VERIFIED"
      }
    },
    {
      "type": "Feature",
      "geometry": {
        "type": "Point",
        "coordinates": [
          136.6334289,
          35.0851864
        ]
      },
      "properties": {
        "area_id": "MIE03-000572",
        "district_id": "MIE-03",
        "prefecture": "三重県",
        "city": "桑名市",
        "town": "大山田4丁目 第10区画",
        "postal_code": "5110903",
        "pattern_rule": "PATTERN_A_WHOLE",
        "color_code": "#ef4444",
        "spatial_status": "VERIFIED"
      }
    },
    {
      "type": "Feature",
      "geometry": {
        "type": "Point",
        "coordinates": [
          136.6340321,
          35.0832134
        ]
      },
      "properties": {
        "area_id": "MIE03-000573",
        "district_id": "MIE-03",
        "prefecture": "三重県",
        "city": "桑名市",
        "town": "大山田5丁目 第10区画",
        "postal_code": "5110903",
        "pattern_rule": "PATTERN_A_WHOLE",
        "color_code": "#ef4444",
        "spatial_status": "VERIFIED"
      }
    },
    {
      "type": "Feature",
      "geometry": {
        "type": "Point",
        "coordinates": [
          136.6373493,
          35.0810454
        ]
      },
      "properties": {
        "area_id": "MIE03-000574",
        "district_id": "MIE-03",
        "prefecture": "三重県",
        "city": "桑名市",
        "town": "大山田6丁目 第10区画",
        "postal_code": "5110903",
        "pattern_rule": "PATTERN_A_WHOLE",
        "color_code": "#ef4444",
        "spatial_status": "VERIFIED"
      }
    },
    {
      "type": "Feature",
      "geometry": {
        "type": "Point",
        "coordinates": [
          136.6352383,
          35.0809481
        ]
      },
      "properties": {
        "area_id": "MIE03-000575",
        "district_id": "MIE-03",
        "prefecture": "三重県",
        "city": "桑名市",
        "town": "大山田7丁目 第10区画",
        "postal_code": "5110903",
        "pattern_rule": "PATTERN_A_WHOLE",
        "color_code": "#ef4444",
        "spatial_status": "VERIFIED"
      }
    },
    {
      "type": "Feature",
      "geometry": {
        "type": "Point",
        "coordinates": [
          136.6373493,
          35.0788043
        ]
      },
      "properties": {
        "area_id": "MIE03-000576",
        "district_id": "MIE-03",
        "prefecture": "三重県",
        "city": "桑名市",
        "town": "大山田8丁目 第10区画",
        "postal_code": "5110903",
        "pattern_rule": "PATTERN_A_WHOLE",
        "color_code": "#ef4444",
        "spatial_status": "VERIFIED"
      }
    },
    {
      "type": "Feature",
      "geometry": {
        "type": "Point",
        "coordinates": [
          136.6406668,
          35.0788771
        ]
      },
      "properties": {
        "area_id": "MIE03-000577",
        "district_id": "MIE-03",
        "prefecture": "三重県",
        "city": "桑名市",
        "town": "大山田1丁目 第11区画",
        "postal_code": "5110903",
        "pattern_rule": "PATTERN_A_WHOLE",
        "color_code": "#ef4444",
        "spatial_status": "VERIFIED"
      }
    },
    {
      "type": "Feature",
      "geometry": {
        "type": "Point",
        "coordinates": [
          136.639762,
          35.0809965
        ]
      },
      "properties": {
        "area_id": "MIE03-000578",
        "district_id": "MIE-03",
        "prefecture": "三重県",
        "city": "桑名市",
        "town": "大山田2丁目 第11区画",
        "postal_code": "5110903",
        "pattern_rule": "PATTERN_A_WHOLE",
        "color_code": "#ef4444",
        "spatial_status": "VERIFIED"
      }
    },
    {
      "type": "Feature",
      "geometry": {
        "type": "Point",
        "coordinates": [
          136.6400636,
          35.0830914
        ]
      },
      "properties": {
        "area_id": "MIE03-000579",
        "district_id": "MIE-03",
        "prefecture": "三重県",
        "city": "桑名市",
        "town": "大山田3丁目 第11区画",
        "postal_code": "5110903",
        "pattern_rule": "PATTERN_A_WHOLE",
        "color_code": "#ef4444",
        "spatial_status": "VERIFIED"
      }
    },
    {
      "type": "Feature",
      "geometry": {
        "type": "Point",
        "coordinates": [
          136.6334289,
          35.0851864
        ]
      },
      "properties": {
        "area_id": "MIE03-000580",
        "district_id": "MIE-03",
        "prefecture": "三重県",
        "city": "桑名市",
        "town": "大山田4丁目 第11区画",
        "postal_code": "5110903",
        "pattern_rule": "PATTERN_A_WHOLE",
        "color_code": "#ef4444",
        "spatial_status": "VERIFIED"
      }
    },
    {
      "type": "Feature",
      "geometry": {
        "type": "Point",
        "coordinates": [
          136.6340321,
          35.0832134
        ]
      },
      "properties": {
        "area_id": "MIE03-000581",
        "district_id": "MIE-03",
        "prefecture": "三重県",
        "city": "桑名市",
        "town": "大山田5丁目 第11区画",
        "postal_code": "5110903",
        "pattern_rule": "PATTERN_A_WHOLE",
        "color_code": "#ef4444",
        "spatial_status": "VERIFIED"
      }
    },
    {
      "type": "Feature",
      "geometry": {
        "type": "Point",
        "coordinates": [
          136.6373493,
          35.0810454
        ]
      },
      "properties": {
        "area_id": "MIE03-000582",
        "district_id": "MIE-03",
        "prefecture": "三重県",
        "city": "桑名市",
        "town": "大山田6丁目 第11区画",
        "postal_code": "5110903",
        "pattern_rule": "PATTERN_A_WHOLE",
        "color_code": "#ef4444",
        "spatial_status": "VERIFIED"
      }
    },
    {
      "type": "Feature",
      "geometry": {
        "type": "Point",
        "coordinates": [
          136.6352383,
          35.0809481
        ]
      },
      "properties": {
        "area_id": "MIE03-000583",
        "district_id": "MIE-03",
        "prefecture": "三重県",
        "city": "桑名市",
        "town": "大山田7丁目 第11区画",
        "postal_code": "5110903",
        "pattern_rule": "PATTERN_A_WHOLE",
        "color_code": "#ef4444",
        "spatial_status": "VERIFIED"
      }
    },
    {
      "type": "Feature",
      "geometry": {
        "type": "Point",
        "coordinates": [
          136.6373493,
          35.0788043
        ]
      },
      "properties": {
        "area_id": "MIE03-000584",
        "district_id": "MIE-03",
        "prefecture": "三重県",
        "city": "桑名市",
        "town": "大山田8丁目 第11区画",
        "postal_code": "5110903",
        "pattern_rule": "PATTERN_A_WHOLE",
        "color_code": "#ef4444",
        "spatial_status": "VERIFIED"
      }
    },
    {
      "type": "Feature",
      "geometry": {
        "type": "Point",
        "coordinates": [
          136.6406668,
          35.0788771
        ]
      },
      "properties": {
        "area_id": "MIE03-000585",
        "district_id": "MIE-03",
        "prefecture": "三重県",
        "city": "桑名市",
        "town": "大山田1丁目 第12区画",
        "postal_code": "5110903",
        "pattern_rule": "PATTERN_A_WHOLE",
        "color_code": "#ef4444",
        "spatial_status": "VERIFIED"
      }
    },
    {
      "type": "Feature",
      "geometry": {
        "type": "Point",
        "coordinates": [
          136.639762,
          35.0809965
        ]
      },
      "properties": {
        "area_id": "MIE03-000586",
        "district_id": "MIE-03",
        "prefecture": "三重県",
        "city": "桑名市",
        "town": "大山田2丁目 第12区画",
        "postal_code": "5110903",
        "pattern_rule": "PATTERN_A_WHOLE",
        "color_code": "#ef4444",
        "spatial_status": "VERIFIED"
      }
    },
    {
      "type": "Feature",
      "geometry": {
        "type": "Point",
        "coordinates": [
          136.6400636,
          35.0830914
        ]
      },
      "properties": {
        "area_id": "MIE03-000587",
        "district_id": "MIE-03",
        "prefecture": "三重県",
        "city": "桑名市",
        "town": "大山田3丁目 第12区画",
        "postal_code": "5110903",
        "pattern_rule": "PATTERN_A_WHOLE",
        "color_code": "#ef4444",
        "spatial_status": "VERIFIED"
      }
    },
    {
      "type": "Feature",
      "geometry": {
        "type": "Point",
        "coordinates": [
          136.6334289,
          35.0851864
        ]
      },
      "properties": {
        "area_id": "MIE03-000588",
        "district_id": "MIE-03",
        "prefecture": "三重県",
        "city": "桑名市",
        "town": "大山田4丁目 第12区画",
        "postal_code": "5110903",
        "pattern_rule": "PATTERN_A_WHOLE",
        "color_code": "#ef4444",
        "spatial_status": "VERIFIED"
      }
    },
    {
      "type": "Feature",
      "geometry": {
        "type": "Point",
        "coordinates": [
          136.6340321,
          35.0832134
        ]
      },
      "properties": {
        "area_id": "MIE03-000589",
        "district_id": "MIE-03",
        "prefecture": "三重県",
        "city": "桑名市",
        "town": "大山田5丁目 第12区画",
        "postal_code": "5110903",
        "pattern_rule": "PATTERN_A_WHOLE",
        "color_code": "#ef4444",
        "spatial_status": "VERIFIED"
      }
    },
    {
      "type": "Feature",
      "geometry": {
        "type": "Point",
        "coordinates": [
          136.6373493,
          35.0810454
        ]
      },
      "properties": {
        "area_id": "MIE03-000590",
        "district_id": "MIE-03",
        "prefecture": "三重県",
        "city": "桑名市",
        "town": "大山田6丁目 第12区画",
        "postal_code": "5110903",
        "pattern_rule": "PATTERN_A_WHOLE",
        "color_code": "#ef4444",
        "spatial_status": "VERIFIED"
      }
    },
    {
      "type": "Feature",
      "geometry": {
        "type": "Point",
        "coordinates": [
          136.6352383,
          35.0809481
        ]
      },
      "properties": {
        "area_id": "MIE03-000591",
        "district_id": "MIE-03",
        "prefecture": "三重県",
        "city": "桑名市",
        "town": "大山田7丁目 第12区画",
        "postal_code": "5110903",
        "pattern_rule": "PATTERN_A_WHOLE",
        "color_code": "#ef4444",
        "spatial_status": "VERIFIED"
      }
    },
    {
      "type": "Feature",
      "geometry": {
        "type": "Point",
        "coordinates": [
          136.6373493,
          35.0788043
        ]
      },
      "properties": {
        "area_id": "MIE03-000592",
        "district_id": "MIE-03",
        "prefecture": "三重県",
        "city": "桑名市",
        "town": "大山田8丁目 第12区画",
        "postal_code": "5110903",
        "pattern_rule": "PATTERN_A_WHOLE",
        "color_code": "#ef4444",
        "spatial_status": "VERIFIED"
      }
    },
    {
      "type": "Feature",
      "geometry": {
        "type": "Point",
        "coordinates": [
          136.6406668,
          35.0788771
        ]
      },
      "properties": {
        "area_id": "MIE03-000593",
        "district_id": "MIE-03",
        "prefecture": "三重県",
        "city": "桑名市",
        "town": "大山田1丁目 第13区画",
        "postal_code": "5110903",
        "pattern_rule": "PATTERN_A_WHOLE",
        "color_code": "#ef4444",
        "spatial_status": "VERIFIED"
      }
    },
    {
      "type": "Feature",
      "geometry": {
        "type": "Point",
        "coordinates": [
          136.639762,
          35.0809965
        ]
      },
      "properties": {
        "area_id": "MIE03-000594",
        "district_id": "MIE-03",
        "prefecture": "三重県",
        "city": "桑名市",
        "town": "大山田2丁目 第13区画",
        "postal_code": "5110903",
        "pattern_rule": "PATTERN_A_WHOLE",
        "color_code": "#ef4444",
        "spatial_status": "VERIFIED"
      }
    },
    {
      "type": "Feature",
      "geometry": {
        "type": "Point",
        "coordinates": [
          136.6400636,
          35.0830914
        ]
      },
      "properties": {
        "area_id": "MIE03-000595",
        "district_id": "MIE-03",
        "prefecture": "三重県",
        "city": "桑名市",
        "town": "大山田3丁目 第13区画",
        "postal_code": "5110903",
        "pattern_rule": "PATTERN_A_WHOLE",
        "color_code": "#ef4444",
        "spatial_status": "VERIFIED"
      }
    },
    {
      "type": "Feature",
      "geometry": {
        "type": "Point",
        "coordinates": [
          136.6334289,
          35.0851864
        ]
      },
      "properties": {
        "area_id": "MIE03-000596",
        "district_id": "MIE-03",
        "prefecture": "三重県",
        "city": "桑名市",
        "town": "大山田4丁目 第13区画",
        "postal_code": "5110903",
        "pattern_rule": "PATTERN_A_WHOLE",
        "color_code": "#ef4444",
        "spatial_status": "VERIFIED"
      }
    },
    {
      "type": "Feature",
      "geometry": {
        "type": "Point",
        "coordinates": [
          136.6340321,
          35.0832134
        ]
      },
      "properties": {
        "area_id": "MIE03-000597",
        "district_id": "MIE-03",
        "prefecture": "三重県",
        "city": "桑名市",
        "town": "大山田5丁目 第13区画",
        "postal_code": "5110903",
        "pattern_rule": "PATTERN_A_WHOLE",
        "color_code": "#ef4444",
        "spatial_status": "VERIFIED"
      }
    },
    {
      "type": "Feature",
      "geometry": {
        "type": "Point",
        "coordinates": [
          136.6373493,
          35.0810454
        ]
      },
      "properties": {
        "area_id": "MIE03-000598",
        "district_id": "MIE-03",
        "prefecture": "三重県",
        "city": "桑名市",
        "town": "大山田6丁目 第13区画",
        "postal_code": "5110903",
        "pattern_rule": "PATTERN_A_WHOLE",
        "color_code": "#ef4444",
        "spatial_status": "VERIFIED"
      }
    },
    {
      "type": "Feature",
      "geometry": {
        "type": "Point",
        "coordinates": [
          136.6352383,
          35.0809481
        ]
      },
      "properties": {
        "area_id": "MIE03-000599",
        "district_id": "MIE-03",
        "prefecture": "三重県",
        "city": "桑名市",
        "town": "大山田7丁目 第13区画",
        "postal_code": "5110903",
        "pattern_rule": "PATTERN_A_WHOLE",
        "color_code": "#ef4444",
        "spatial_status": "VERIFIED"
      }
    },
    {
      "type": "Feature",
      "geometry": {
        "type": "Point",
        "coordinates": [
          136.6373493,
          35.0788043
        ]
      },
      "properties": {
        "area_id": "MIE03-000600",
        "district_id": "MIE-03",
        "prefecture": "三重県",
        "city": "桑名市",
        "town": "大山田8丁目 第13区画",
        "postal_code": "5110903",
        "pattern_rule": "PATTERN_A_WHOLE",
        "color_code": "#ef4444",
        "spatial_status": "VERIFIED"
      }
    },
    {
      "type": "Feature",
      "geometry": {
        "type": "Point",
        "coordinates": [
          136.6406668,
          35.0788771
        ]
      },
      "properties": {
        "area_id": "MIE03-000601",
        "district_id": "MIE-03",
        "prefecture": "三重県",
        "city": "桑名市",
        "town": "大山田1丁目 第14区画",
        "postal_code": "5110903",
        "pattern_rule": "PATTERN_A_WHOLE",
        "color_code": "#ef4444",
        "spatial_status": "VERIFIED"
      }
    },
    {
      "type": "Feature",
      "geometry": {
        "type": "Point",
        "coordinates": [
          136.639762,
          35.0809965
        ]
      },
      "properties": {
        "area_id": "MIE03-000602",
        "district_id": "MIE-03",
        "prefecture": "三重県",
        "city": "桑名市",
        "town": "大山田2丁目 第14区画",
        "postal_code": "5110903",
        "pattern_rule": "PATTERN_A_WHOLE",
        "color_code": "#ef4444",
        "spatial_status": "VERIFIED"
      }
    },
    {
      "type": "Feature",
      "geometry": {
        "type": "Point",
        "coordinates": [
          136.6400636,
          35.0830914
        ]
      },
      "properties": {
        "area_id": "MIE03-000603",
        "district_id": "MIE-03",
        "prefecture": "三重県",
        "city": "桑名市",
        "town": "大山田3丁目 第14区画",
        "postal_code": "5110903",
        "pattern_rule": "PATTERN_A_WHOLE",
        "color_code": "#ef4444",
        "spatial_status": "VERIFIED"
      }
    },
    {
      "type": "Feature",
      "geometry": {
        "type": "Point",
        "coordinates": [
          136.6334289,
          35.0851864
        ]
      },
      "properties": {
        "area_id": "MIE03-000604",
        "district_id": "MIE-03",
        "prefecture": "三重県",
        "city": "桑名市",
        "town": "大山田4丁目 第14区画",
        "postal_code": "5110903",
        "pattern_rule": "PATTERN_A_WHOLE",
        "color_code": "#ef4444",
        "spatial_status": "VERIFIED"
      }
    },
    {
      "type": "Feature",
      "geometry": {
        "type": "Point",
        "coordinates": [
          136.6340321,
          35.0832134
        ]
      },
      "properties": {
        "area_id": "MIE03-000605",
        "district_id": "MIE-03",
        "prefecture": "三重県",
        "city": "桑名市",
        "town": "大山田5丁目 第14区画",
        "postal_code": "5110903",
        "pattern_rule": "PATTERN_A_WHOLE",
        "color_code": "#ef4444",
        "spatial_status": "VERIFIED"
      }
    },
    {
      "type": "Feature",
      "geometry": {
        "type": "Point",
        "coordinates": [
          136.6373493,
          35.0810454
        ]
      },
      "properties": {
        "area_id": "MIE03-000606",
        "district_id": "MIE-03",
        "prefecture": "三重県",
        "city": "桑名市",
        "town": "大山田6丁目 第14区画",
        "postal_code": "5110903",
        "pattern_rule": "PATTERN_A_WHOLE",
        "color_code": "#ef4444",
        "spatial_status": "VERIFIED"
      }
    },
    {
      "type": "Feature",
      "geometry": {
        "type": "Point",
        "coordinates": [
          136.6352383,
          35.0809481
        ]
      },
      "properties": {
        "area_id": "MIE03-000607",
        "district_id": "MIE-03",
        "prefecture": "三重県",
        "city": "桑名市",
        "town": "大山田7丁目 第14区画",
        "postal_code": "5110903",
        "pattern_rule": "PATTERN_A_WHOLE",
        "color_code": "#ef4444",
        "spatial_status": "VERIFIED"
      }
    },
    {
      "type": "Feature",
      "geometry": {
        "type": "Point",
        "coordinates": [
          136.6373493,
          35.0788043
        ]
      },
      "properties": {
        "area_id": "MIE03-000608",
        "district_id": "MIE-03",
        "prefecture": "三重県",
        "city": "桑名市",
        "town": "大山田8丁目 第14区画",
        "postal_code": "5110903",
        "pattern_rule": "PATTERN_A_WHOLE",
        "color_code": "#ef4444",
        "spatial_status": "VERIFIED"
      }
    },
    {
      "type": "Feature",
      "geometry": {
        "type": "Point",
        "coordinates": [
          136.6406668,
          35.0788771
        ]
      },
      "properties": {
        "area_id": "MIE03-000609",
        "district_id": "MIE-03",
        "prefecture": "三重県",
        "city": "桑名市",
        "town": "大山田1丁目 第15区画",
        "postal_code": "5110903",
        "pattern_rule": "PATTERN_A_WHOLE",
        "color_code": "#ef4444",
        "spatial_status": "VERIFIED"
      }
    },
    {
      "type": "Feature",
      "geometry": {
        "type": "Point",
        "coordinates": [
          136.639762,
          35.0809965
        ]
      },
      "properties": {
        "area_id": "MIE03-000610",
        "district_id": "MIE-03",
        "prefecture": "三重県",
        "city": "桑名市",
        "town": "大山田2丁目 第15区画",
        "postal_code": "5110903",
        "pattern_rule": "PATTERN_A_WHOLE",
        "color_code": "#ef4444",
        "spatial_status": "VERIFIED"
      }
    },
    {
      "type": "Feature",
      "geometry": {
        "type": "Point",
        "coordinates": [
          136.6400636,
          35.0830914
        ]
      },
      "properties": {
        "area_id": "MIE03-000611",
        "district_id": "MIE-03",
        "prefecture": "三重県",
        "city": "桑名市",
        "town": "大山田3丁目 第15区画",
        "postal_code": "5110903",
        "pattern_rule": "PATTERN_A_WHOLE",
        "color_code": "#ef4444",
        "spatial_status": "VERIFIED"
      }
    },
    {
      "type": "Feature",
      "geometry": {
        "type": "Point",
        "coordinates": [
          136.6334289,
          35.0851864
        ]
      },
      "properties": {
        "area_id": "MIE03-000612",
        "district_id": "MIE-03",
        "prefecture": "三重県",
        "city": "桑名市",
        "town": "大山田4丁目 第15区画",
        "postal_code": "5110903",
        "pattern_rule": "PATTERN_A_WHOLE",
        "color_code": "#ef4444",
        "spatial_status": "VERIFIED"
      }
    },
    {
      "type": "Feature",
      "geometry": {
        "type": "Point",
        "coordinates": [
          136.6340321,
          35.0832134
        ]
      },
      "properties": {
        "area_id": "MIE03-000613",
        "district_id": "MIE-03",
        "prefecture": "三重県",
        "city": "桑名市",
        "town": "大山田5丁目 第15区画",
        "postal_code": "5110903",
        "pattern_rule": "PATTERN_A_WHOLE",
        "color_code": "#ef4444",
        "spatial_status": "VERIFIED"
      }
    },
    {
      "type": "Feature",
      "geometry": {
        "type": "Point",
        "coordinates": [
          136.6373493,
          35.0810454
        ]
      },
      "properties": {
        "area_id": "MIE03-000614",
        "district_id": "MIE-03",
        "prefecture": "三重県",
        "city": "桑名市",
        "town": "大山田6丁目 第15区画",
        "postal_code": "5110903",
        "pattern_rule": "PATTERN_A_WHOLE",
        "color_code": "#ef4444",
        "spatial_status": "VERIFIED"
      }
    },
    {
      "type": "Feature",
      "geometry": {
        "type": "Point",
        "coordinates": [
          136.6352383,
          35.0809481
        ]
      },
      "properties": {
        "area_id": "MIE03-000615",
        "district_id": "MIE-03",
        "prefecture": "三重県",
        "city": "桑名市",
        "town": "大山田7丁目 第15区画",
        "postal_code": "5110903",
        "pattern_rule": "PATTERN_A_WHOLE",
        "color_code": "#ef4444",
        "spatial_status": "VERIFIED"
      }
    },
    {
      "type": "Feature",
      "geometry": {
        "type": "Point",
        "coordinates": [
          136.6373493,
          35.0788043
        ]
      },
      "properties": {
        "area_id": "MIE03-000616",
        "district_id": "MIE-03",
        "prefecture": "三重県",
        "city": "桑名市",
        "town": "大山田8丁目 第15区画",
        "postal_code": "5110903",
        "pattern_rule": "PATTERN_A_WHOLE",
        "color_code": "#ef4444",
        "spatial_status": "VERIFIED"
      }
    },
    {
      "type": "Feature",
      "geometry": {
        "type": "Point",
        "coordinates": [
          136.6406668,
          35.0788771
        ]
      },
      "properties": {
        "area_id": "MIE03-000617",
        "district_id": "MIE-03",
        "prefecture": "三重県",
        "city": "桑名市",
        "town": "大山田1丁目 第16区画",
        "postal_code": "5110903",
        "pattern_rule": "PATTERN_A_WHOLE",
        "color_code": "#ef4444",
        "spatial_status": "VERIFIED"
      }
    },
    {
      "type": "Feature",
      "geometry": {
        "type": "Point",
        "coordinates": [
          136.639762,
          35.0809965
        ]
      },
      "properties": {
        "area_id": "MIE03-000618",
        "district_id": "MIE-03",
        "prefecture": "三重県",
        "city": "桑名市",
        "town": "大山田2丁目 第16区画",
        "postal_code": "5110903",
        "pattern_rule": "PATTERN_A_WHOLE",
        "color_code": "#ef4444",
        "spatial_status": "VERIFIED"
      }
    },
    {
      "type": "Feature",
      "geometry": {
        "type": "Point",
        "coordinates": [
          136.6400636,
          35.0830914
        ]
      },
      "properties": {
        "area_id": "MIE03-000619",
        "district_id": "MIE-03",
        "prefecture": "三重県",
        "city": "桑名市",
        "town": "大山田3丁目 第16区画",
        "postal_code": "5110903",
        "pattern_rule": "PATTERN_A_WHOLE",
        "color_code": "#ef4444",
        "spatial_status": "VERIFIED"
      }
    },
    {
      "type": "Feature",
      "geometry": {
        "type": "Point",
        "coordinates": [
          136.6334289,
          35.0851864
        ]
      },
      "properties": {
        "area_id": "MIE03-000620",
        "district_id": "MIE-03",
        "prefecture": "三重県",
        "city": "桑名市",
        "town": "大山田4丁目 第16区画",
        "postal_code": "5110903",
        "pattern_rule": "PATTERN_A_WHOLE",
        "color_code": "#ef4444",
        "spatial_status": "VERIFIED"
      }
    },
    {
      "type": "Feature",
      "geometry": {
        "type": "Point",
        "coordinates": [
          136.6340321,
          35.0832134
        ]
      },
      "properties": {
        "area_id": "MIE03-000621",
        "district_id": "MIE-03",
        "prefecture": "三重県",
        "city": "桑名市",
        "town": "大山田5丁目 第16区画",
        "postal_code": "5110903",
        "pattern_rule": "PATTERN_A_WHOLE",
        "color_code": "#ef4444",
        "spatial_status": "VERIFIED"
      }
    },
    {
      "type": "Feature",
      "geometry": {
        "type": "Point",
        "coordinates": [
          136.6373493,
          35.0810454
        ]
      },
      "properties": {
        "area_id": "MIE03-000622",
        "district_id": "MIE-03",
        "prefecture": "三重県",
        "city": "桑名市",
        "town": "大山田6丁目 第16区画",
        "postal_code": "5110903",
        "pattern_rule": "PATTERN_A_WHOLE",
        "color_code": "#ef4444",
        "spatial_status": "VERIFIED"
      }
    },
    {
      "type": "Feature",
      "geometry": {
        "type": "Point",
        "coordinates": [
          136.6352383,
          35.0809481
        ]
      },
      "properties": {
        "area_id": "MIE03-000623",
        "district_id": "MIE-03",
        "prefecture": "三重県",
        "city": "桑名市",
        "town": "大山田7丁目 第16区画",
        "postal_code": "5110903",
        "pattern_rule": "PATTERN_A_WHOLE",
        "color_code": "#ef4444",
        "spatial_status": "VERIFIED"
      }
    },
    {
      "type": "Feature",
      "geometry": {
        "type": "Point",
        "coordinates": [
          136.6373493,
          35.0788043
        ]
      },
      "properties": {
        "area_id": "MIE03-000624",
        "district_id": "MIE-03",
        "prefecture": "三重県",
        "city": "桑名市",
        "town": "大山田8丁目 第16区画",
        "postal_code": "5110903",
        "pattern_rule": "PATTERN_A_WHOLE",
        "color_code": "#ef4444",
        "spatial_status": "VERIFIED"
      }
    },
    {
      "type": "Feature",
      "geometry": {
        "type": "Point",
        "coordinates": [
          136.6406668,
          35.0788771
        ]
      },
      "properties": {
        "area_id": "MIE03-000625",
        "district_id": "MIE-03",
        "prefecture": "三重県",
        "city": "桑名市",
        "town": "大山田1丁目 第17区画",
        "postal_code": "5110903",
        "pattern_rule": "PATTERN_A_WHOLE",
        "color_code": "#ef4444",
        "spatial_status": "VERIFIED"
      }
    },
    {
      "type": "Feature",
      "geometry": {
        "type": "Point",
        "coordinates": [
          136.639762,
          35.0809965
        ]
      },
      "properties": {
        "area_id": "MIE03-000626",
        "district_id": "MIE-03",
        "prefecture": "三重県",
        "city": "桑名市",
        "town": "大山田2丁目 第17区画",
        "postal_code": "5110903",
        "pattern_rule": "PATTERN_A_WHOLE",
        "color_code": "#ef4444",
        "spatial_status": "VERIFIED"
      }
    },
    {
      "type": "Feature",
      "geometry": {
        "type": "Point",
        "coordinates": [
          136.6400636,
          35.0830914
        ]
      },
      "properties": {
        "area_id": "MIE03-000627",
        "district_id": "MIE-03",
        "prefecture": "三重県",
        "city": "桑名市",
        "town": "大山田3丁目 第17区画",
        "postal_code": "5110903",
        "pattern_rule": "PATTERN_A_WHOLE",
        "color_code": "#ef4444",
        "spatial_status": "VERIFIED"
      }
    },
    {
      "type": "Feature",
      "geometry": {
        "type": "Point",
        "coordinates": [
          136.6334289,
          35.0851864
        ]
      },
      "properties": {
        "area_id": "MIE03-000628",
        "district_id": "MIE-03",
        "prefecture": "三重県",
        "city": "桑名市",
        "town": "大山田4丁目 第17区画",
        "postal_code": "5110903",
        "pattern_rule": "PATTERN_A_WHOLE",
        "color_code": "#ef4444",
        "spatial_status": "VERIFIED"
      }
    },
    {
      "type": "Feature",
      "geometry": {
        "type": "Point",
        "coordinates": [
          136.6340321,
          35.0832134
        ]
      },
      "properties": {
        "area_id": "MIE03-000629",
        "district_id": "MIE-03",
        "prefecture": "三重県",
        "city": "桑名市",
        "town": "大山田5丁目 第17区画",
        "postal_code": "5110903",
        "pattern_rule": "PATTERN_A_WHOLE",
        "color_code": "#ef4444",
        "spatial_status": "VERIFIED"
      }
    },
    {
      "type": "Feature",
      "geometry": {
        "type": "Point",
        "coordinates": [
          136.6373493,
          35.0810454
        ]
      },
      "properties": {
        "area_id": "MIE03-000630",
        "district_id": "MIE-03",
        "prefecture": "三重県",
        "city": "桑名市",
        "town": "大山田6丁目 第17区画",
        "postal_code": "5110903",
        "pattern_rule": "PATTERN_A_WHOLE",
        "color_code": "#ef4444",
        "spatial_status": "VERIFIED"
      }
    },
    {
      "type": "Feature",
      "geometry": {
        "type": "Point",
        "coordinates": [
          136.6352383,
          35.0809481
        ]
      },
      "properties": {
        "area_id": "MIE03-000631",
        "district_id": "MIE-03",
        "prefecture": "三重県",
        "city": "桑名市",
        "town": "大山田7丁目 第17区画",
        "postal_code": "5110903",
        "pattern_rule": "PATTERN_A_WHOLE",
        "color_code": "#ef4444",
        "spatial_status": "VERIFIED"
      }
    },
    {
      "type": "Feature",
      "geometry": {
        "type": "Point",
        "coordinates": [
          136.6373493,
          35.0788043
        ]
      },
      "properties": {
        "area_id": "MIE03-000632",
        "district_id": "MIE-03",
        "prefecture": "三重県",
        "city": "桑名市",
        "town": "大山田8丁目 第17区画",
        "postal_code": "5110903",
        "pattern_rule": "PATTERN_A_WHOLE",
        "color_code": "#ef4444",
        "spatial_status": "VERIFIED"
      }
    },
    {
      "type": "Feature",
      "geometry": {
        "type": "Point",
        "coordinates": [
          136.6406668,
          35.0788771
        ]
      },
      "properties": {
        "area_id": "MIE03-000633",
        "district_id": "MIE-03",
        "prefecture": "三重県",
        "city": "桑名市",
        "town": "大山田1丁目 第18区画",
        "postal_code": "5110903",
        "pattern_rule": "PATTERN_A_WHOLE",
        "color_code": "#ef4444",
        "spatial_status": "VERIFIED"
      }
    },
    {
      "type": "Feature",
      "geometry": {
        "type": "Point",
        "coordinates": [
          136.639762,
          35.0809965
        ]
      },
      "properties": {
        "area_id": "MIE03-000634",
        "district_id": "MIE-03",
        "prefecture": "三重県",
        "city": "桑名市",
        "town": "大山田2丁目 第18区画",
        "postal_code": "5110903",
        "pattern_rule": "PATTERN_A_WHOLE",
        "color_code": "#ef4444",
        "spatial_status": "VERIFIED"
      }
    },
    {
      "type": "Feature",
      "geometry": {
        "type": "Point",
        "coordinates": [
          136.6400636,
          35.0830914
        ]
      },
      "properties": {
        "area_id": "MIE03-000635",
        "district_id": "MIE-03",
        "prefecture": "三重県",
        "city": "桑名市",
        "town": "大山田3丁目 第18区画",
        "postal_code": "5110903",
        "pattern_rule": "PATTERN_A_WHOLE",
        "color_code": "#ef4444",
        "spatial_status": "VERIFIED"
      }
    },
    {
      "type": "Feature",
      "geometry": {
        "type": "Point",
        "coordinates": [
          136.6334289,
          35.0851864
        ]
      },
      "properties": {
        "area_id": "MIE03-000636",
        "district_id": "MIE-03",
        "prefecture": "三重県",
        "city": "桑名市",
        "town": "大山田4丁目 第18区画",
        "postal_code": "5110903",
        "pattern_rule": "PATTERN_A_WHOLE",
        "color_code": "#ef4444",
        "spatial_status": "VERIFIED"
      }
    },
    {
      "type": "Feature",
      "geometry": {
        "type": "Point",
        "coordinates": [
          136.6340321,
          35.0832134
        ]
      },
      "properties": {
        "area_id": "MIE03-000637",
        "district_id": "MIE-03",
        "prefecture": "三重県",
        "city": "桑名市",
        "town": "大山田5丁目 第18区画",
        "postal_code": "5110903",
        "pattern_rule": "PATTERN_A_WHOLE",
        "color_code": "#ef4444",
        "spatial_status": "VERIFIED"
      }
    },
    {
      "type": "Feature",
      "geometry": {
        "type": "Point",
        "coordinates": [
          136.6373493,
          35.0810454
        ]
      },
      "properties": {
        "area_id": "MIE03-000638",
        "district_id": "MIE-03",
        "prefecture": "三重県",
        "city": "桑名市",
        "town": "大山田6丁目 第18区画",
        "postal_code": "5110903",
        "pattern_rule": "PATTERN_A_WHOLE",
        "color_code": "#ef4444",
        "spatial_status": "VERIFIED"
      }
    },
    {
      "type": "Feature",
      "geometry": {
        "type": "Point",
        "coordinates": [
          136.6352383,
          35.0809481
        ]
      },
      "properties": {
        "area_id": "MIE03-000639",
        "district_id": "MIE-03",
        "prefecture": "三重県",
        "city": "桑名市",
        "town": "大山田7丁目 第18区画",
        "postal_code": "5110903",
        "pattern_rule": "PATTERN_A_WHOLE",
        "color_code": "#ef4444",
        "spatial_status": "VERIFIED"
      }
    },
    {
      "type": "Feature",
      "geometry": {
        "type": "Point",
        "coordinates": [
          136.6373493,
          35.0788043
        ]
      },
      "properties": {
        "area_id": "MIE03-000640",
        "district_id": "MIE-03",
        "prefecture": "三重県",
        "city": "桑名市",
        "town": "大山田8丁目 第18区画",
        "postal_code": "5110903",
        "pattern_rule": "PATTERN_A_WHOLE",
        "color_code": "#ef4444",
        "spatial_status": "VERIFIED"
      }
    },
    {
      "type": "Feature",
      "geometry": {
        "type": "Point",
        "coordinates": [
          136.6406668,
          35.0788771
        ]
      },
      "properties": {
        "area_id": "MIE03-000641",
        "district_id": "MIE-03",
        "prefecture": "三重県",
        "city": "桑名市",
        "town": "大山田1丁目 第19区画",
        "postal_code": "5110903",
        "pattern_rule": "PATTERN_A_WHOLE",
        "color_code": "#ef4444",
        "spatial_status": "VERIFIED"
      }
    },
    {
      "type": "Feature",
      "geometry": {
        "type": "Point",
        "coordinates": [
          136.639762,
          35.0809965
        ]
      },
      "properties": {
        "area_id": "MIE03-000642",
        "district_id": "MIE-03",
        "prefecture": "三重県",
        "city": "桑名市",
        "town": "大山田2丁目 第19区画",
        "postal_code": "5110903",
        "pattern_rule": "PATTERN_A_WHOLE",
        "color_code": "#ef4444",
        "spatial_status": "VERIFIED"
      }
    },
    {
      "type": "Feature",
      "geometry": {
        "type": "Point",
        "coordinates": [
          136.6400636,
          35.0830914
        ]
      },
      "properties": {
        "area_id": "MIE03-000643",
        "district_id": "MIE-03",
        "prefecture": "三重県",
        "city": "桑名市",
        "town": "大山田3丁目 第19区画",
        "postal_code": "5110903",
        "pattern_rule": "PATTERN_A_WHOLE",
        "color_code": "#ef4444",
        "spatial_status": "VERIFIED"
      }
    },
    {
      "type": "Feature",
      "geometry": {
        "type": "Point",
        "coordinates": [
          136.6334289,
          35.0851864
        ]
      },
      "properties": {
        "area_id": "MIE03-000644",
        "district_id": "MIE-03",
        "prefecture": "三重県",
        "city": "桑名市",
        "town": "大山田4丁目 第19区画",
        "postal_code": "5110903",
        "pattern_rule": "PATTERN_A_WHOLE",
        "color_code": "#ef4444",
        "spatial_status": "VERIFIED"
      }
    },
    {
      "type": "Feature",
      "geometry": {
        "type": "Point",
        "coordinates": [
          136.6340321,
          35.0832134
        ]
      },
      "properties": {
        "area_id": "MIE03-000645",
        "district_id": "MIE-03",
        "prefecture": "三重県",
        "city": "桑名市",
        "town": "大山田5丁目 第19区画",
        "postal_code": "5110903",
        "pattern_rule": "PATTERN_A_WHOLE",
        "color_code": "#ef4444",
        "spatial_status": "VERIFIED"
      }
    },
    {
      "type": "Feature",
      "geometry": {
        "type": "Point",
        "coordinates": [
          136.6373493,
          35.0810454
        ]
      },
      "properties": {
        "area_id": "MIE03-000646",
        "district_id": "MIE-03",
        "prefecture": "三重県",
        "city": "桑名市",
        "town": "大山田6丁目 第19区画",
        "postal_code": "5110903",
        "pattern_rule": "PATTERN_A_WHOLE",
        "color_code": "#ef4444",
        "spatial_status": "VERIFIED"
      }
    },
    {
      "type": "Feature",
      "geometry": {
        "type": "Point",
        "coordinates": [
          136.6352383,
          35.0809481
        ]
      },
      "properties": {
        "area_id": "MIE03-000647",
        "district_id": "MIE-03",
        "prefecture": "三重県",
        "city": "桑名市",
        "town": "大山田7丁目 第19区画",
        "postal_code": "5110903",
        "pattern_rule": "PATTERN_A_WHOLE",
        "color_code": "#ef4444",
        "spatial_status": "VERIFIED"
      }
    },
    {
      "type": "Feature",
      "geometry": {
        "type": "Point",
        "coordinates": [
          136.6373493,
          35.0788043
        ]
      },
      "properties": {
        "area_id": "MIE03-000648",
        "district_id": "MIE-03",
        "prefecture": "三重県",
        "city": "桑名市",
        "town": "大山田8丁目 第19区画",
        "postal_code": "5110903",
        "pattern_rule": "PATTERN_A_WHOLE",
        "color_code": "#ef4444",
        "spatial_status": "VERIFIED"
      }
    },
    {
      "type": "Feature",
      "geometry": {
        "type": "Point",
        "coordinates": [
          136.6406668,
          35.0788771
        ]
      },
      "properties": {
        "area_id": "MIE03-000649",
        "district_id": "MIE-03",
        "prefecture": "三重県",
        "city": "桑名市",
        "town": "大山田1丁目 第20区画",
        "postal_code": "5110903",
        "pattern_rule": "PATTERN_A_WHOLE",
        "color_code": "#ef4444",
        "spatial_status": "VERIFIED"
      }
    },
    {
      "type": "Feature",
      "geometry": {
        "type": "Point",
        "coordinates": [
          136.639762,
          35.0809965
        ]
      },
      "properties": {
        "area_id": "MIE03-000650",
        "district_id": "MIE-03",
        "prefecture": "三重県",
        "city": "桑名市",
        "town": "大山田2丁目 第20区画",
        "postal_code": "5110903",
        "pattern_rule": "PATTERN_A_WHOLE",
        "color_code": "#ef4444",
        "spatial_status": "VERIFIED"
      }
    },
    {
      "type": "Feature",
      "geometry": {
        "type": "Point",
        "coordinates": [
          136.6400636,
          35.0830914
        ]
      },
      "properties": {
        "area_id": "MIE03-000651",
        "district_id": "MIE-03",
        "prefecture": "三重県",
        "city": "桑名市",
        "town": "大山田3丁目 第20区画",
        "postal_code": "5110903",
        "pattern_rule": "PATTERN_A_WHOLE",
        "color_code": "#ef4444",
        "spatial_status": "VERIFIED"
      }
    },
    {
      "type": "Feature",
      "geometry": {
        "type": "Point",
        "coordinates": [
          136.6334289,
          35.0851864
        ]
      },
      "properties": {
        "area_id": "MIE03-000652",
        "district_id": "MIE-03",
        "prefecture": "三重県",
        "city": "桑名市",
        "town": "大山田4丁目 第20区画",
        "postal_code": "5110903",
        "pattern_rule": "PATTERN_A_WHOLE",
        "color_code": "#ef4444",
        "spatial_status": "VERIFIED"
      }
    },
    {
      "type": "Feature",
      "geometry": {
        "type": "Point",
        "coordinates": [
          136.6340321,
          35.0832134
        ]
      },
      "properties": {
        "area_id": "MIE03-000653",
        "district_id": "MIE-03",
        "prefecture": "三重県",
        "city": "桑名市",
        "town": "大山田5丁目 第20区画",
        "postal_code": "5110903",
        "pattern_rule": "PATTERN_A_WHOLE",
        "color_code": "#ef4444",
        "spatial_status": "VERIFIED"
      }
    },
    {
      "type": "Feature",
      "geometry": {
        "type": "Point",
        "coordinates": [
          136.6373493,
          35.0810454
        ]
      },
      "properties": {
        "area_id": "MIE03-000654",
        "district_id": "MIE-03",
        "prefecture": "三重県",
        "city": "桑名市",
        "town": "大山田6丁目 第20区画",
        "postal_code": "5110903",
        "pattern_rule": "PATTERN_A_WHOLE",
        "color_code": "#ef4444",
        "spatial_status": "VERIFIED"
      }
    },
    {
      "type": "Feature",
      "geometry": {
        "type": "Point",
        "coordinates": [
          136.6352383,
          35.0809481
        ]
      },
      "properties": {
        "area_id": "MIE03-000655",
        "district_id": "MIE-03",
        "prefecture": "三重県",
        "city": "桑名市",
        "town": "大山田7丁目 第20区画",
        "postal_code": "5110903",
        "pattern_rule": "PATTERN_A_WHOLE",
        "color_code": "#ef4444",
        "spatial_status": "VERIFIED"
      }
    },
    {
      "type": "Feature",
      "geometry": {
        "type": "Point",
        "coordinates": [
          136.6373493,
          35.0788043
        ]
      },
      "properties": {
        "area_id": "MIE03-000656",
        "district_id": "MIE-03",
        "prefecture": "三重県",
        "city": "桑名市",
        "town": "大山田8丁目 第20区画",
        "postal_code": "5110903",
        "pattern_rule": "PATTERN_A_WHOLE",
        "color_code": "#ef4444",
        "spatial_status": "VERIFIED"
      }
    },
    {
      "type": "Feature",
      "geometry": {
        "type": "Point",
        "coordinates": [
          136.6406668,
          35.0788771
        ]
      },
      "properties": {
        "area_id": "MIE03-000657",
        "district_id": "MIE-03",
        "prefecture": "三重県",
        "city": "桑名市",
        "town": "大山田1丁目",
        "postal_code": "5110903",
        "pattern_rule": "PATTERN_A_WHOLE",
        "color_code": "#ef4444",
        "spatial_status": "VERIFIED"
      }
    },
    {
      "type": "Feature",
      "geometry": {
        "type": "Point",
        "coordinates": [
          136.639762,
          35.0809965
        ]
      },
      "properties": {
        "area_id": "MIE03-000658",
        "district_id": "MIE-03",
        "prefecture": "三重県",
        "city": "桑名市",
        "town": "大山田2丁目",
        "postal_code": "5110903",
        "pattern_rule": "PATTERN_A_WHOLE",
        "color_code": "#ef4444",
        "spatial_status": "VERIFIED"
      }
    },
    {
      "type": "Feature",
      "geometry": {
        "type": "Point",
        "coordinates": [
          136.6400636,
          35.0830914
        ]
      },
      "properties": {
        "area_id": "MIE03-000659",
        "district_id": "MIE-03",
        "prefecture": "三重県",
        "city": "桑名市",
        "town": "大山田3丁目",
        "postal_code": "5110903",
        "pattern_rule": "PATTERN_A_WHOLE",
        "color_code": "#ef4444",
        "spatial_status": "VERIFIED"
      }
    },
    {
      "type": "Feature",
      "geometry": {
        "type": "Point",
        "coordinates": [
          136.6334289,
          35.0851864
        ]
      },
      "properties": {
        "area_id": "MIE03-000660",
        "district_id": "MIE-03",
        "prefecture": "三重県",
        "city": "桑名市",
        "town": "大山田4丁目",
        "postal_code": "5110903",
        "pattern_rule": "PATTERN_A_WHOLE",
        "color_code": "#ef4444",
        "spatial_status": "VERIFIED"
      }
    },
    {
      "type": "Feature",
      "geometry": {
        "type": "Point",
        "coordinates": [
          136.6340321,
          35.0832134
        ]
      },
      "properties": {
        "area_id": "MIE03-000661",
        "district_id": "MIE-03",
        "prefecture": "三重県",
        "city": "桑名市",
        "town": "大山田5丁目",
        "postal_code": "5110903",
        "pattern_rule": "PATTERN_A_WHOLE",
        "color_code": "#ef4444",
        "spatial_status": "VERIFIED"
      }
    },
    {
      "type": "Feature",
      "geometry": {
        "type": "Point",
        "coordinates": [
          136.6373493,
          35.0810454
        ]
      },
      "properties": {
        "area_id": "MIE03-000662",
        "district_id": "MIE-03",
        "prefecture": "三重県",
        "city": "桑名市",
        "town": "大山田6丁目",
        "postal_code": "5110903",
        "pattern_rule": "PATTERN_A_WHOLE",
        "color_code": "#ef4444",
        "spatial_status": "VERIFIED"
      }
    },
    {
      "type": "Feature",
      "geometry": {
        "type": "Point",
        "coordinates": [
          136.6352383,
          35.0809481
        ]
      },
      "properties": {
        "area_id": "MIE03-000663",
        "district_id": "MIE-03",
        "prefecture": "三重県",
        "city": "桑名市",
        "town": "大山田7丁目",
        "postal_code": "5110903",
        "pattern_rule": "PATTERN_A_WHOLE",
        "color_code": "#ef4444",
        "spatial_status": "VERIFIED"
      }
    },
    {
      "type": "Feature",
      "geometry": {
        "type": "Point",
        "coordinates": [
          136.6373493,
          35.0788043
        ]
      },
      "properties": {
        "area_id": "MIE03-000664",
        "district_id": "MIE-03",
        "prefecture": "三重県",
        "city": "桑名市",
        "town": "大山田8丁目",
        "postal_code": "5110903",
        "pattern_rule": "PATTERN_A_WHOLE",
        "color_code": "#ef4444",
        "spatial_status": "VERIFIED"
      }
    },
    {
      "type": "Feature",
      "geometry": {
        "type": "Point",
        "coordinates": [
          136.683793,
          35.0621467
        ]
      },
      "properties": {
        "area_id": "MIE03-000665",
        "district_id": "MIE-03",
        "prefecture": "三重県",
        "city": "桑名市",
        "town": "長島町駒江 第2区画",
        "postal_code": "5111144",
        "pattern_rule": "PATTERN_A_WHOLE",
        "color_code": "#ef4444",
        "spatial_status": "VERIFIED"
      }
    },
    {
      "type": "Feature",
      "geometry": {
        "type": "Point",
        "coordinates": [
          136.683793,
          35.0621467
        ]
      },
      "properties": {
        "area_id": "MIE03-000666",
        "district_id": "MIE-03",
        "prefecture": "三重県",
        "city": "桑名市",
        "town": "長島町駒江 第3区画",
        "postal_code": "5111144",
        "pattern_rule": "PATTERN_A_WHOLE",
        "color_code": "#ef4444",
        "spatial_status": "VERIFIED"
      }
    },
    {
      "type": "Feature",
      "geometry": {
        "type": "Point",
        "coordinates": [
          136.683793,
          35.0621467
        ]
      },
      "properties": {
        "area_id": "MIE03-000667",
        "district_id": "MIE-03",
        "prefecture": "三重県",
        "city": "桑名市",
        "town": "長島町駒江 第4区画",
        "postal_code": "5111144",
        "pattern_rule": "PATTERN_A_WHOLE",
        "color_code": "#ef4444",
        "spatial_status": "VERIFIED"
      }
    },
    {
      "type": "Feature",
      "geometry": {
        "type": "Point",
        "coordinates": [
          136.683793,
          35.0621467
        ]
      },
      "properties": {
        "area_id": "MIE03-000668",
        "district_id": "MIE-03",
        "prefecture": "三重県",
        "city": "桑名市",
        "town": "長島町駒江 第5区画",
        "postal_code": "5111144",
        "pattern_rule": "PATTERN_A_WHOLE",
        "color_code": "#ef4444",
        "spatial_status": "VERIFIED"
      }
    },
    {
      "type": "Feature",
      "geometry": {
        "type": "Point",
        "coordinates": [
          136.683793,
          35.0621467
        ]
      },
      "properties": {
        "area_id": "MIE03-000669",
        "district_id": "MIE-03",
        "prefecture": "三重県",
        "city": "桑名市",
        "town": "長島町駒江 第6区画",
        "postal_code": "5111144",
        "pattern_rule": "PATTERN_A_WHOLE",
        "color_code": "#ef4444",
        "spatial_status": "VERIFIED"
      }
    },
    {
      "type": "Feature",
      "geometry": {
        "type": "Point",
        "coordinates": [
          136.683793,
          35.0621467
        ]
      },
      "properties": {
        "area_id": "MIE03-000670",
        "district_id": "MIE-03",
        "prefecture": "三重県",
        "city": "桑名市",
        "town": "長島町駒江 第7区画",
        "postal_code": "5111144",
        "pattern_rule": "PATTERN_A_WHOLE",
        "color_code": "#ef4444",
        "spatial_status": "VERIFIED"
      }
    },
    {
      "type": "Feature",
      "geometry": {
        "type": "Point",
        "coordinates": [
          136.683793,
          35.0621467
        ]
      },
      "properties": {
        "area_id": "MIE03-000671",
        "district_id": "MIE-03",
        "prefecture": "三重県",
        "city": "桑名市",
        "town": "長島町駒江 第8区画",
        "postal_code": "5111144",
        "pattern_rule": "PATTERN_A_WHOLE",
        "color_code": "#ef4444",
        "spatial_status": "VERIFIED"
      }
    },
    {
      "type": "Feature",
      "geometry": {
        "type": "Point",
        "coordinates": [
          136.683793,
          35.0621467
        ]
      },
      "properties": {
        "area_id": "MIE03-000672",
        "district_id": "MIE-03",
        "prefecture": "三重県",
        "city": "桑名市",
        "town": "長島町駒江 第9区画",
        "postal_code": "5111144",
        "pattern_rule": "PATTERN_A_WHOLE",
        "color_code": "#ef4444",
        "spatial_status": "VERIFIED"
      }
    },
    {
      "type": "Feature",
      "geometry": {
        "type": "Point",
        "coordinates": [
          136.683793,
          35.0621467
        ]
      },
      "properties": {
        "area_id": "MIE03-000673",
        "district_id": "MIE-03",
        "prefecture": "三重県",
        "city": "桑名市",
        "town": "長島町駒江 第10区画",
        "postal_code": "5111144",
        "pattern_rule": "PATTERN_A_WHOLE",
        "color_code": "#ef4444",
        "spatial_status": "VERIFIED"
      }
    },
    {
      "type": "Feature",
      "geometry": {
        "type": "Point",
        "coordinates": [
          136.683793,
          35.0621467
        ]
      },
      "properties": {
        "area_id": "MIE03-000674",
        "district_id": "MIE-03",
        "prefecture": "三重県",
        "city": "桑名市",
        "town": "長島町駒江 第11区画",
        "postal_code": "5111144",
        "pattern_rule": "PATTERN_A_WHOLE",
        "color_code": "#ef4444",
        "spatial_status": "VERIFIED"
      }
    },
    {
      "type": "Feature",
      "geometry": {
        "type": "Point",
        "coordinates": [
          136.683793,
          35.0621467
        ]
      },
      "properties": {
        "area_id": "MIE03-000675",
        "district_id": "MIE-03",
        "prefecture": "三重県",
        "city": "桑名市",
        "town": "長島町駒江 第12区画",
        "postal_code": "5111144",
        "pattern_rule": "PATTERN_A_WHOLE",
        "color_code": "#ef4444",
        "spatial_status": "VERIFIED"
      }
    },
    {
      "type": "Feature",
      "geometry": {
        "type": "Point",
        "coordinates": [
          136.683793,
          35.0621467
        ]
      },
      "properties": {
        "area_id": "MIE03-000676",
        "district_id": "MIE-03",
        "prefecture": "三重県",
        "city": "桑名市",
        "town": "長島町駒江 第13区画",
        "postal_code": "5111144",
        "pattern_rule": "PATTERN_A_WHOLE",
        "color_code": "#ef4444",
        "spatial_status": "VERIFIED"
      }
    },
    {
      "type": "Feature",
      "geometry": {
        "type": "Point",
        "coordinates": [
          136.683793,
          35.0621467
        ]
      },
      "properties": {
        "area_id": "MIE03-000677",
        "district_id": "MIE-03",
        "prefecture": "三重県",
        "city": "桑名市",
        "town": "長島町駒江 第14区画",
        "postal_code": "5111144",
        "pattern_rule": "PATTERN_A_WHOLE",
        "color_code": "#ef4444",
        "spatial_status": "VERIFIED"
      }
    },
    {
      "type": "Feature",
      "geometry": {
        "type": "Point",
        "coordinates": [
          136.683793,
          35.0621467
        ]
      },
      "properties": {
        "area_id": "MIE03-000678",
        "district_id": "MIE-03",
        "prefecture": "三重県",
        "city": "桑名市",
        "town": "長島町駒江 第15区画",
        "postal_code": "5111144",
        "pattern_rule": "PATTERN_A_WHOLE",
        "color_code": "#ef4444",
        "spatial_status": "VERIFIED"
      }
    },
    {
      "type": "Feature",
      "geometry": {
        "type": "Point",
        "coordinates": [
          136.683793,
          35.0621467
        ]
      },
      "properties": {
        "area_id": "MIE03-000679",
        "district_id": "MIE-03",
        "prefecture": "三重県",
        "city": "桑名市",
        "town": "長島町駒江 第16区画",
        "postal_code": "5111144",
        "pattern_rule": "PATTERN_A_WHOLE",
        "color_code": "#ef4444",
        "spatial_status": "VERIFIED"
      }
    },
    {
      "type": "Feature",
      "geometry": {
        "type": "Point",
        "coordinates": [
          136.683793,
          35.0621467
        ]
      },
      "properties": {
        "area_id": "MIE03-000680",
        "district_id": "MIE-03",
        "prefecture": "三重県",
        "city": "桑名市",
        "town": "長島町駒江 第17区画",
        "postal_code": "5111144",
        "pattern_rule": "PATTERN_A_WHOLE",
        "color_code": "#ef4444",
        "spatial_status": "VERIFIED"
      }
    },
    {
      "type": "Feature",
      "geometry": {
        "type": "Point",
        "coordinates": [
          136.683793,
          35.0621467
        ]
      },
      "properties": {
        "area_id": "MIE03-000681",
        "district_id": "MIE-03",
        "prefecture": "三重県",
        "city": "桑名市",
        "town": "長島町駒江 第18区画",
        "postal_code": "5111144",
        "pattern_rule": "PATTERN_A_WHOLE",
        "color_code": "#ef4444",
        "spatial_status": "VERIFIED"
      }
    },
    {
      "type": "Feature",
      "geometry": {
        "type": "Point",
        "coordinates": [
          136.683793,
          35.0621467
        ]
      },
      "properties": {
        "area_id": "MIE03-000682",
        "district_id": "MIE-03",
        "prefecture": "三重県",
        "city": "桑名市",
        "town": "長島町駒江 第19区画",
        "postal_code": "5111144",
        "pattern_rule": "PATTERN_A_WHOLE",
        "color_code": "#ef4444",
        "spatial_status": "VERIFIED"
      }
    },
    {
      "type": "Feature",
      "geometry": {
        "type": "Point",
        "coordinates": [
          136.683793,
          35.0621467
        ]
      },
      "properties": {
        "area_id": "MIE03-000683",
        "district_id": "MIE-03",
        "prefecture": "三重県",
        "city": "桑名市",
        "town": "長島町駒江 第20区画",
        "postal_code": "5111144",
        "pattern_rule": "PATTERN_A_WHOLE",
        "color_code": "#ef4444",
        "spatial_status": "VERIFIED"
      }
    },
    {
      "type": "Feature",
      "geometry": {
        "type": "Point",
        "coordinates": [
          136.683793,
          35.0621467
        ]
      },
      "properties": {
        "area_id": "MIE03-000684",
        "district_id": "MIE-03",
        "prefecture": "三重県",
        "city": "桑名市",
        "town": "長島町駒江",
        "postal_code": "5111144",
        "pattern_rule": "PATTERN_A_WHOLE",
        "color_code": "#ef4444",
        "spatial_status": "VERIFIED"
      }
    }
  ]
}