{
  "type": "FeatureCollection",
  "metadata": {
    "district": "MIE-03",
    "sourceCSV": "MIE-03_FINAL_VERIFIED_AREAS.csv",
    "pointCount": 684,
    "geocodingType": "EXACT_TOWN_CENTROID_GEOCODING",
    "generatedAt": "2026-07-25T01:44:54.118Z"
  },
  "features": [
    {
      "type": "Feature",
      "geometry": {
        "type": "Point",
        "coordinates": [
          136.653843,
          34.999381
        ]
      },
      "properties": {
        "area_id": "MIE03-000001",
        "district_id": "MIE-03",
        "prefecture": "三重県",
        "city": "四日市市（一部）",
        "town": "羽津1丁目 第2区画",
        "postal_code": "5100012",
        "pattern_rule": "PATTERN_B_SPLIT_INCLUDED",
        "color_code": "#ef4444"
      }
    },
    {
      "type": "Feature",
      "geometry": {
        "type": "Point",
        "coordinates": [
          136.643941,
          35.009304
        ]
      },
      "properties": {
        "area_id": "MIE03-000002",
        "district_id": "MIE-03",
        "prefecture": "三重県",
        "city": "四日市市（一部）",
        "town": "羽津2丁目 第2区画",
        "postal_code": "5100012",
        "pattern_rule": "PATTERN_B_SPLIT_INCLUDED",
        "color_code": "#ef4444"
      }
    },
    {
      "type": "Feature",
      "geometry": {
        "type": "Point",
        "coordinates": [
          136.655257,
          35.01183
        ]
      },
      "properties": {
        "area_id": "MIE03-000003",
        "district_id": "MIE-03",
        "prefecture": "三重県",
        "city": "四日市市（一部）",
        "town": "羽津1丁目 第3区画",
        "postal_code": "5100012",
        "pattern_rule": "PATTERN_B_SPLIT_INCLUDED",
        "color_code": "#ef4444"
      }
    },
    {
      "type": "Feature",
      "geometry": {
        "type": "Point",
        "coordinates": [
          136.659506,
          35.013453
        ]
      },
      "properties": {
        "area_id": "MIE03-000004",
        "district_id": "MIE-03",
        "prefecture": "三重県",
        "city": "四日市市（一部）",
        "town": "羽津2丁目 第3区画",
        "postal_code": "5100012",
        "pattern_rule": "PATTERN_B_SPLIT_INCLUDED",
        "color_code": "#ef4444"
      }
    },
    {
      "type": "Feature",
      "geometry": {
        "type": "Point",
        "coordinates": [
          136.65409,
          35.011219
        ]
      },
      "properties": {
        "area_id": "MIE03-000005",
        "district_id": "MIE-03",
        "prefecture": "三重県",
        "city": "四日市市（一部）",
        "town": "羽津1丁目 第4区画",
        "postal_code": "5100012",
        "pattern_rule": "PATTERN_B_SPLIT_INCLUDED",
        "color_code": "#ef4444"
      }
    },
    {
      "type": "Feature",
      "geometry": {
        "type": "Point",
        "coordinates": [
          136.659497,
          35.001037
        ]
      },
      "properties": {
        "area_id": "MIE03-000006",
        "district_id": "MIE-03",
        "prefecture": "三重県",
        "city": "四日市市（一部）",
        "town": "羽津2丁目 第4区画",
        "postal_code": "5100012",
        "pattern_rule": "PATTERN_B_SPLIT_INCLUDED",
        "color_code": "#ef4444"
      }
    },
    {
      "type": "Feature",
      "geometry": {
        "type": "Point",
        "coordinates": [
          136.663472,
          35.004027
        ]
      },
      "properties": {
        "area_id": "MIE03-000007",
        "district_id": "MIE-03",
        "prefecture": "三重県",
        "city": "四日市市（一部）",
        "town": "羽津1丁目 第5区画",
        "postal_code": "5100012",
        "pattern_rule": "PATTERN_B_SPLIT_INCLUDED",
        "color_code": "#ef4444"
      }
    },
    {
      "type": "Feature",
      "geometry": {
        "type": "Point",
        "coordinates": [
          136.655374,
          35.005068
        ]
      },
      "properties": {
        "area_id": "MIE03-000008",
        "district_id": "MIE-03",
        "prefecture": "三重県",
        "city": "四日市市（一部）",
        "town": "羽津2丁目 第5区画",
        "postal_code": "5100012",
        "pattern_rule": "PATTERN_B_SPLIT_INCLUDED",
        "color_code": "#ef4444"
      }
    },
    {
      "type": "Feature",
      "geometry": {
        "type": "Point",
        "coordinates": [
          136.655988,
          35.013082
        ]
      },
      "properties": {
        "area_id": "MIE03-000009",
        "district_id": "MIE-03",
        "prefecture": "三重県",
        "city": "四日市市（一部）",
        "town": "羽津1丁目 第6区画",
        "postal_code": "5100012",
        "pattern_rule": "PATTERN_B_SPLIT_INCLUDED",
        "color_code": "#ef4444"
      }
    },
    {
      "type": "Feature",
      "geometry": {
        "type": "Point",
        "coordinates": [
          136.656797,
          35.008139
        ]
      },
      "properties": {
        "area_id": "MIE03-000010",
        "district_id": "MIE-03",
        "prefecture": "三重県",
        "city": "四日市市（一部）",
        "town": "羽津2丁目 第6区画",
        "postal_code": "5100012",
        "pattern_rule": "PATTERN_B_SPLIT_INCLUDED",
        "color_code": "#ef4444"
      }
    },
    {
      "type": "Feature",
      "geometry": {
        "type": "Point",
        "coordinates": [
          136.661792,
          35.011973
        ]
      },
      "properties": {
        "area_id": "MIE03-000011",
        "district_id": "MIE-03",
        "prefecture": "三重県",
        "city": "四日市市（一部）",
        "town": "羽津1丁目 第7区画",
        "postal_code": "5100012",
        "pattern_rule": "PATTERN_B_SPLIT_INCLUDED",
        "color_code": "#ef4444"
      }
    },
    {
      "type": "Feature",
      "geometry": {
        "type": "Point",
        "coordinates": [
          136.663563,
          35.006203
        ]
      },
      "properties": {
        "area_id": "MIE03-000012",
        "district_id": "MIE-03",
        "prefecture": "三重県",
        "city": "四日市市（一部）",
        "town": "羽津2丁目 第7区画",
        "postal_code": "5100012",
        "pattern_rule": "PATTERN_B_SPLIT_INCLUDED",
        "color_code": "#ef4444"
      }
    },
    {
      "type": "Feature",
      "geometry": {
        "type": "Point",
        "coordinates": [
          136.651957,
          35.00823
        ]
      },
      "properties": {
        "area_id": "MIE03-000013",
        "district_id": "MIE-03",
        "prefecture": "三重県",
        "city": "四日市市（一部）",
        "town": "羽津1丁目 第8区画",
        "postal_code": "5100012",
        "pattern_rule": "PATTERN_B_SPLIT_INCLUDED",
        "color_code": "#ef4444"
      }
    },
    {
      "type": "Feature",
      "geometry": {
        "type": "Point",
        "coordinates": [
          136.66024,
          35.0069
        ]
      },
      "properties": {
        "area_id": "MIE03-000014",
        "district_id": "MIE-03",
        "prefecture": "三重県",
        "city": "四日市市（一部）",
        "town": "羽津2丁目 第8区画",
        "postal_code": "5100012",
        "pattern_rule": "PATTERN_B_SPLIT_INCLUDED",
        "color_code": "#ef4444"
      }
    },
    {
      "type": "Feature",
      "geometry": {
        "type": "Point",
        "coordinates": [
          136.663524,
          35.010107
        ]
      },
      "properties": {
        "area_id": "MIE03-000015",
        "district_id": "MIE-03",
        "prefecture": "三重県",
        "city": "四日市市（一部）",
        "town": "羽津1丁目 第9区画",
        "postal_code": "5100012",
        "pattern_rule": "PATTERN_B_SPLIT_INCLUDED",
        "color_code": "#ef4444"
      }
    },
    {
      "type": "Feature",
      "geometry": {
        "type": "Point",
        "coordinates": [
          136.656408,
          34.999902
        ]
      },
      "properties": {
        "area_id": "MIE03-000016",
        "district_id": "MIE-03",
        "prefecture": "三重県",
        "city": "四日市市（一部）",
        "town": "羽津2丁目 第9区画",
        "postal_code": "5100012",
        "pattern_rule": "PATTERN_B_SPLIT_INCLUDED",
        "color_code": "#ef4444"
      }
    },
    {
      "type": "Feature",
      "geometry": {
        "type": "Point",
        "coordinates": [
          136.661528,
          35.004492
        ]
      },
      "properties": {
        "area_id": "MIE03-000017",
        "district_id": "MIE-03",
        "prefecture": "三重県",
        "city": "四日市市（一部）",
        "town": "羽津1丁目 第10区画",
        "postal_code": "5100012",
        "pattern_rule": "PATTERN_B_SPLIT_INCLUDED",
        "color_code": "#ef4444"
      }
    },
    {
      "type": "Feature",
      "geometry": {
        "type": "Point",
        "coordinates": [
          136.659496,
          35.008042
        ]
      },
      "properties": {
        "area_id": "MIE03-000018",
        "district_id": "MIE-03",
        "prefecture": "三重県",
        "city": "四日市市（一部）",
        "town": "羽津2丁目 第10区画",
        "postal_code": "5100012",
        "pattern_rule": "PATTERN_B_SPLIT_INCLUDED",
        "color_code": "#ef4444"
      }
    },
    {
      "type": "Feature",
      "geometry": {
        "type": "Point",
        "coordinates": [
          136.656737,
          35.008062
        ]
      },
      "properties": {
        "area_id": "MIE03-000019",
        "district_id": "MIE-03",
        "prefecture": "三重県",
        "city": "四日市市（一部）",
        "town": "羽津1丁目 第11区画",
        "postal_code": "5100012",
        "pattern_rule": "PATTERN_B_SPLIT_INCLUDED",
        "color_code": "#ef4444"
      }
    },
    {
      "type": "Feature",
      "geometry": {
        "type": "Point",
        "coordinates": [
          136.642199,
          35.007243
        ]
      },
      "properties": {
        "area_id": "MIE03-000020",
        "district_id": "MIE-03",
        "prefecture": "三重県",
        "city": "四日市市（一部）",
        "town": "羽津2丁目 第11区画",
        "postal_code": "5100012",
        "pattern_rule": "PATTERN_B_SPLIT_INCLUDED",
        "color_code": "#ef4444"
      }
    },
    {
      "type": "Feature",
      "geometry": {
        "type": "Point",
        "coordinates": [
          136.652851,
          35.009531
        ]
      },
      "properties": {
        "area_id": "MIE03-000021",
        "district_id": "MIE-03",
        "prefecture": "三重県",
        "city": "四日市市（一部）",
        "town": "羽津1丁目 第12区画",
        "postal_code": "5100012",
        "pattern_rule": "PATTERN_B_SPLIT_INCLUDED",
        "color_code": "#ef4444"
      }
    },
    {
      "type": "Feature",
      "geometry": {
        "type": "Point",
        "coordinates": [
          136.656676,
          35.006261
        ]
      },
      "properties": {
        "area_id": "MIE03-000022",
        "district_id": "MIE-03",
        "prefecture": "三重県",
        "city": "四日市市（一部）",
        "town": "羽津2丁目 第12区画",
        "postal_code": "5100012",
        "pattern_rule": "PATTERN_B_SPLIT_INCLUDED",
        "color_code": "#ef4444"
      }
    },
    {
      "type": "Feature",
      "geometry": {
        "type": "Point",
        "coordinates": [
          136.65992,
          35.012575
        ]
      },
      "properties": {
        "area_id": "MIE03-000023",
        "district_id": "MIE-03",
        "prefecture": "三重県",
        "city": "四日市市（一部）",
        "town": "羽津1丁目 第13区画",
        "postal_code": "5100012",
        "pattern_rule": "PATTERN_B_SPLIT_INCLUDED",
        "color_code": "#ef4444"
      }
    },
    {
      "type": "Feature",
      "geometry": {
        "type": "Point",
        "coordinates": [
          136.663364,
          35.009286
        ]
      },
      "properties": {
        "area_id": "MIE03-000024",
        "district_id": "MIE-03",
        "prefecture": "三重県",
        "city": "四日市市（一部）",
        "town": "羽津2丁目 第13区画",
        "postal_code": "5100012",
        "pattern_rule": "PATTERN_B_SPLIT_INCLUDED",
        "color_code": "#ef4444"
      }
    },
    {
      "type": "Feature",
      "geometry": {
        "type": "Point",
        "coordinates": [
          136.652372,
          35.002463
        ]
      },
      "properties": {
        "area_id": "MIE03-000025",
        "district_id": "MIE-03",
        "prefecture": "三重県",
        "city": "四日市市（一部）",
        "town": "羽津1丁目 第14区画",
        "postal_code": "5100012",
        "pattern_rule": "PATTERN_B_SPLIT_INCLUDED",
        "color_code": "#ef4444"
      }
    },
    {
      "type": "Feature",
      "geometry": {
        "type": "Point",
        "coordinates": [
          136.65616,
          35.003782
        ]
      },
      "properties": {
        "area_id": "MIE03-000026",
        "district_id": "MIE-03",
        "prefecture": "三重県",
        "city": "四日市市（一部）",
        "town": "羽津2丁目 第14区画",
        "postal_code": "5100012",
        "pattern_rule": "PATTERN_B_SPLIT_INCLUDED",
        "color_code": "#ef4444"
      }
    },
    {
      "type": "Feature",
      "geometry": {
        "type": "Point",
        "coordinates": [
          136.651512,
          35.009123
        ]
      },
      "properties": {
        "area_id": "MIE03-000027",
        "district_id": "MIE-03",
        "prefecture": "三重県",
        "city": "四日市市（一部）",
        "town": "羽津1丁目 第15区画",
        "postal_code": "5100012",
        "pattern_rule": "PATTERN_B_SPLIT_INCLUDED",
        "color_code": "#ef4444"
      }
    },
    {
      "type": "Feature",
      "geometry": {
        "type": "Point",
        "coordinates": [
          136.648578,
          35.000201
        ]
      },
      "properties": {
        "area_id": "MIE03-000028",
        "district_id": "MIE-03",
        "prefecture": "三重県",
        "city": "四日市市（一部）",
        "town": "羽津2丁目 第15区画",
        "postal_code": "5100012",
        "pattern_rule": "PATTERN_B_SPLIT_INCLUDED",
        "color_code": "#ef4444"
      }
    },
    {
      "type": "Feature",
      "geometry": {
        "type": "Point",
        "coordinates": [
          136.651504,
          35.006864
        ]
      },
      "properties": {
        "area_id": "MIE03-000029",
        "district_id": "MIE-03",
        "prefecture": "三重県",
        "city": "四日市市（一部）",
        "town": "羽津1丁目 第16区画",
        "postal_code": "5100012",
        "pattern_rule": "PATTERN_B_SPLIT_INCLUDED",
        "color_code": "#ef4444"
      }
    },
    {
      "type": "Feature",
      "geometry": {
        "type": "Point",
        "coordinates": [
          136.659479,
          35.004962
        ]
      },
      "properties": {
        "area_id": "MIE03-000030",
        "district_id": "MIE-03",
        "prefecture": "三重県",
        "city": "四日市市（一部）",
        "town": "羽津2丁目 第16区画",
        "postal_code": "5100012",
        "pattern_rule": "PATTERN_B_SPLIT_INCLUDED",
        "color_code": "#ef4444"
      }
    },
    {
      "type": "Feature",
      "geometry": {
        "type": "Point",
        "coordinates": [
          136.653608,
          35.013131
        ]
      },
      "properties": {
        "area_id": "MIE03-000031",
        "district_id": "MIE-03",
        "prefecture": "三重県",
        "city": "四日市市（一部）",
        "town": "羽津1丁目 第17区画",
        "postal_code": "5100012",
        "pattern_rule": "PATTERN_B_SPLIT_INCLUDED",
        "color_code": "#ef4444"
      }
    },
    {
      "type": "Feature",
      "geometry": {
        "type": "Point",
        "coordinates": [
          136.656964,
          35.011747
        ]
      },
      "properties": {
        "area_id": "MIE03-000032",
        "district_id": "MIE-03",
        "prefecture": "三重県",
        "city": "四日市市（一部）",
        "town": "羽津2丁目 第17区画",
        "postal_code": "5100012",
        "pattern_rule": "PATTERN_B_SPLIT_INCLUDED",
        "color_code": "#ef4444"
      }
    },
    {
      "type": "Feature",
      "geometry": {
        "type": "Point",
        "coordinates": [
          136.658636,
          35.005865
        ]
      },
      "properties": {
        "area_id": "MIE03-000033",
        "district_id": "MIE-03",
        "prefecture": "三重県",
        "city": "四日市市（一部）",
        "town": "羽津1丁目 第18区画",
        "postal_code": "5100012",
        "pattern_rule": "PATTERN_B_SPLIT_INCLUDED",
        "color_code": "#ef4444"
      }
    },
    {
      "type": "Feature",
      "geometry": {
        "type": "Point",
        "coordinates": [
          136.649941,
          35.008131
        ]
      },
      "properties": {
        "area_id": "MIE03-000034",
        "district_id": "MIE-03",
        "prefecture": "三重県",
        "city": "四日市市（一部）",
        "town": "羽津2丁目 第18区画",
        "postal_code": "5100012",
        "pattern_rule": "PATTERN_B_SPLIT_INCLUDED",
        "color_code": "#ef4444"
      }
    },
    {
      "type": "Feature",
      "geometry": {
        "type": "Point",
        "coordinates": [
          136.651231,
          35.012611
        ]
      },
      "properties": {
        "area_id": "MIE03-000035",
        "district_id": "MIE-03",
        "prefecture": "三重県",
        "city": "四日市市（一部）",
        "town": "羽津1丁目 第19区画",
        "postal_code": "5100012",
        "pattern_rule": "PATTERN_B_SPLIT_INCLUDED",
        "color_code": "#ef4444"
      }
    },
    {
      "type": "Feature",
      "geometry": {
        "type": "Point",
        "coordinates": [
          136.653589,
          35.010162
        ]
      },
      "properties": {
        "area_id": "MIE03-000036",
        "district_id": "MIE-03",
        "prefecture": "三重県",
        "city": "四日市市（一部）",
        "town": "羽津2丁目 第19区画",
        "postal_code": "5100012",
        "pattern_rule": "PATTERN_B_SPLIT_INCLUDED",
        "color_code": "#ef4444"
      }
    },
    {
      "type": "Feature",
      "geometry": {
        "type": "Point",
        "coordinates": [
          136.648262,
          35.007318
        ]
      },
      "properties": {
        "area_id": "MIE03-000037",
        "district_id": "MIE-03",
        "prefecture": "三重県",
        "city": "四日市市（一部）",
        "town": "羽津1丁目 第20区画",
        "postal_code": "5100012",
        "pattern_rule": "PATTERN_B_SPLIT_INCLUDED",
        "color_code": "#ef4444"
      }
    },
    {
      "type": "Feature",
      "geometry": {
        "type": "Point",
        "coordinates": [
          136.655879,
          35.00144
        ]
      },
      "properties": {
        "area_id": "MIE03-000038",
        "district_id": "MIE-03",
        "prefecture": "三重県",
        "city": "四日市市（一部）",
        "town": "羽津2丁目 第20区画",
        "postal_code": "5100012",
        "pattern_rule": "PATTERN_B_SPLIT_INCLUDED",
        "color_code": "#ef4444"
      }
    },
    {
      "type": "Feature",
      "geometry": {
        "type": "Point",
        "coordinates": [
          136.638,
          34.992
        ]
      },
      "properties": {
        "area_id": "MIE03-000039",
        "district_id": "MIE-03",
        "prefecture": "三重県",
        "city": "四日市市（一部）",
        "town": "羽津1丁目",
        "postal_code": "5100012",
        "pattern_rule": "PATTERN_B_SPLIT_INCLUDED",
        "color_code": "#ef4444"
      }
    },
    {
      "type": "Feature",
      "geometry": {
        "type": "Point",
        "coordinates": [
          136.6395,
          34.9935
        ]
      },
      "properties": {
        "area_id": "MIE03-000040",
        "district_id": "MIE-03",
        "prefecture": "三重県",
        "city": "四日市市（一部）",
        "town": "羽津2丁目",
        "postal_code": "5100012",
        "pattern_rule": "PATTERN_B_SPLIT_INCLUDED",
        "color_code": "#ef4444"
      }
    },
    {
      "type": "Feature",
      "geometry": {
        "type": "Point",
        "coordinates": [
          136.654,
          35.0097
        ]
      },
      "properties": {
        "area_id": "MIE03-000041",
        "district_id": "MIE-03",
        "prefecture": "三重県",
        "city": "四日市市（一部）",
        "town": "富田1丁目 第2区画",
        "postal_code": "5108014",
        "pattern_rule": "PATTERN_B_SPLIT_INCLUDED",
        "color_code": "#ef4444"
      }
    },
    {
      "type": "Feature",
      "geometry": {
        "type": "Point",
        "coordinates": [
          136.651433,
          35.011286
        ]
      },
      "properties": {
        "area_id": "MIE03-000042",
        "district_id": "MIE-03",
        "prefecture": "三重県",
        "city": "四日市市（一部）",
        "town": "富田2丁目 第2区画",
        "postal_code": "5108014",
        "pattern_rule": "PATTERN_B_SPLIT_INCLUDED",
        "color_code": "#ef4444"
      }
    },
    {
      "type": "Feature",
      "geometry": {
        "type": "Point",
        "coordinates": [
          136.64704,
          35.009605
        ]
      },
      "properties": {
        "area_id": "MIE03-000043",
        "district_id": "MIE-03",
        "prefecture": "三重県",
        "city": "四日市市（一部）",
        "town": "富田3丁目 第2区画",
        "postal_code": "5108014",
        "pattern_rule": "PATTERN_B_SPLIT_INCLUDED",
        "color_code": "#ef4444"
      }
    },
    {
      "type": "Feature",
      "geometry": {
        "type": "Point",
        "coordinates": [
          136.642524,
          35.007737
        ]
      },
      "properties": {
        "area_id": "MIE03-000044",
        "district_id": "MIE-03",
        "prefecture": "三重県",
        "city": "四日市市（一部）",
        "town": "富田1丁目 第3区画",
        "postal_code": "5108014",
        "pattern_rule": "PATTERN_B_SPLIT_INCLUDED",
        "color_code": "#ef4444"
      }
    },
    {
      "type": "Feature",
      "geometry": {
        "type": "Point",
        "coordinates": [
          136.656118,
          35.01022
        ]
      },
      "properties": {
        "area_id": "MIE03-000045",
        "district_id": "MIE-03",
        "prefecture": "三重県",
        "city": "四日市市（一部）",
        "town": "富田2丁目 第3区画",
        "postal_code": "5108014",
        "pattern_rule": "PATTERN_B_SPLIT_INCLUDED",
        "color_code": "#ef4444"
      }
    },
    {
      "type": "Feature",
      "geometry": {
        "type": "Point",
        "coordinates": [
          136.650606,
          35.004072
        ]
      },
      "properties": {
        "area_id": "MIE03-000046",
        "district_id": "MIE-03",
        "prefecture": "三重県",
        "city": "四日市市（一部）",
        "town": "富田3丁目 第3区画",
        "postal_code": "5108014",
        "pattern_rule": "PATTERN_B_SPLIT_INCLUDED",
        "color_code": "#ef4444"
      }
    },
    {
      "type": "Feature",
      "geometry": {
        "type": "Point",
        "coordinates": [
          136.644636,
          35.004514
        ]
      },
      "properties": {
        "area_id": "MIE03-000047",
        "district_id": "MIE-03",
        "prefecture": "三重県",
        "city": "四日市市（一部）",
        "town": "富田1丁目 第4区画",
        "postal_code": "5108014",
        "pattern_rule": "PATTERN_B_SPLIT_INCLUDED",
        "color_code": "#ef4444"
      }
    },
    {
      "type": "Feature",
      "geometry": {
        "type": "Point",
        "coordinates": [
          136.656576,
          35.005506
        ]
      },
      "properties": {
        "area_id": "MIE03-000048",
        "district_id": "MIE-03",
        "prefecture": "三重県",
        "city": "四日市市（一部）",
        "town": "富田2丁目 第4区画",
        "postal_code": "5108014",
        "pattern_rule": "PATTERN_B_SPLIT_INCLUDED",
        "color_code": "#ef4444"
      }
    },
    {
      "type": "Feature",
      "geometry": {
        "type": "Point",
        "coordinates": [
          136.655575,
          35.000146
        ]
      },
      "properties": {
        "area_id": "MIE03-000049",
        "district_id": "MIE-03",
        "prefecture": "三重県",
        "city": "四日市市（一部）",
        "town": "富田3丁目 第4区画",
        "postal_code": "5108014",
        "pattern_rule": "PATTERN_B_SPLIT_INCLUDED",
        "color_code": "#ef4444"
      }
    },
    {
      "type": "Feature",
      "geometry": {
        "type": "Point",
        "coordinates": [
          136.663014,
          35.003712
        ]
      },
      "properties": {
        "area_id": "MIE03-000050",
        "district_id": "MIE-03",
        "prefecture": "三重県",
        "city": "四日市市（一部）",
        "town": "富田1丁目 第5区画",
        "postal_code": "5108014",
        "pattern_rule": "PATTERN_B_SPLIT_INCLUDED",
        "color_code": "#ef4444"
      }
    },
    {
      "type": "Feature",
      "geometry": {
        "type": "Point",
        "coordinates": [
          136.655084,
          35.012021
        ]
      },
      "properties": {
        "area_id": "MIE03-000051",
        "district_id": "MIE-03",
        "prefecture": "三重県",
        "city": "四日市市（一部）",
        "town": "富田2丁目 第5区画",
        "postal_code": "5108014",
        "pattern_rule": "PATTERN_B_SPLIT_INCLUDED",
        "color_code": "#ef4444"
      }
    },
    {
      "type": "Feature",
      "geometry": {
        "type": "Point",
        "coordinates": [
          136.651267,
          35.0154
        ]
      },
      "properties": {
        "area_id": "MIE03-000052",
        "district_id": "MIE-03",
        "prefecture": "三重県",
        "city": "四日市市（一部）",
        "town": "富田3丁目 第5区画",
        "postal_code": "5108014",
        "pattern_rule": "PATTERN_B_SPLIT_INCLUDED",
        "color_code": "#ef4444"
      }
    },
    {
      "type": "Feature",
      "geometry": {
        "type": "Point",
        "coordinates": [
          136.657827,
          35.005611
        ]
      },
      "properties": {
        "area_id": "MIE03-000053",
        "district_id": "MIE-03",
        "prefecture": "三重県",
        "city": "四日市市（一部）",
        "town": "富田1丁目 第6区画",
        "postal_code": "5108014",
        "pattern_rule": "PATTERN_B_SPLIT_INCLUDED",
        "color_code": "#ef4444"
      }
    },
    {
      "type": "Feature",
      "geometry": {
        "type": "Point",
        "coordinates": [
          136.652714,
          35.008683
        ]
      },
      "properties": {
        "area_id": "MIE03-000054",
        "district_id": "MIE-03",
        "prefecture": "三重県",
        "city": "四日市市（一部）",
        "town": "富田2丁目 第6区画",
        "postal_code": "5108014",
        "pattern_rule": "PATTERN_B_SPLIT_INCLUDED",
        "color_code": "#ef4444"
      }
    },
    {
      "type": "Feature",
      "geometry": {
        "type": "Point",
        "coordinates": [
          136.658628,
          35.002304
        ]
      },
      "properties": {
        "area_id": "MIE03-000055",
        "district_id": "MIE-03",
        "prefecture": "三重県",
        "city": "四日市市（一部）",
        "town": "富田3丁目 第6区画",
        "postal_code": "5108014",
        "pattern_rule": "PATTERN_B_SPLIT_INCLUDED",
        "color_code": "#ef4444"
      }
    },
    {
      "type": "Feature",
      "geometry": {
        "type": "Point",
        "coordinates": [
          136.654476,
          35.004858
        ]
      },
      "properties": {
        "area_id": "MIE03-000056",
        "district_id": "MIE-03",
        "prefecture": "三重県",
        "city": "四日市市（一部）",
        "town": "富田1丁目 第7区画",
        "postal_code": "5108014",
        "pattern_rule": "PATTERN_B_SPLIT_INCLUDED",
        "color_code": "#ef4444"
      }
    },
    {
      "type": "Feature",
      "geometry": {
        "type": "Point",
        "coordinates": [
          136.654392,
          34.997546
        ]
      },
      "properties": {
        "area_id": "MIE03-000057",
        "district_id": "MIE-03",
        "prefecture": "三重県",
        "city": "四日市市（一部）",
        "town": "富田2丁目 第7区画",
        "postal_code": "5108014",
        "pattern_rule": "PATTERN_B_SPLIT_INCLUDED",
        "color_code": "#ef4444"
      }
    },
    {
      "type": "Feature",
      "geometry": {
        "type": "Point",
        "coordinates": [
          136.64869,
          35.007601
        ]
      },
      "properties": {
        "area_id": "MIE03-000058",
        "district_id": "MIE-03",
        "prefecture": "三重県",
        "city": "四日市市（一部）",
        "town": "富田3丁目 第7区画",
        "postal_code": "5108014",
        "pattern_rule": "PATTERN_B_SPLIT_INCLUDED",
        "color_code": "#ef4444"
      }
    },
    {
      "type": "Feature",
      "geometry": {
        "type": "Point",
        "coordinates": [
          136.661528,
          35.004492
        ]
      },
      "properties": {
        "area_id": "MIE03-000059",
        "district_id": "MIE-03",
        "prefecture": "三重県",
        "city": "四日市市（一部）",
        "town": "富田1丁目 第8区画",
        "postal_code": "5108014",
        "pattern_rule": "PATTERN_B_SPLIT_INCLUDED",
        "color_code": "#ef4444"
      }
    },
    {
      "type": "Feature",
      "geometry": {
        "type": "Point",
        "coordinates": [
          136.659974,
          35.012429
        ]
      },
      "properties": {
        "area_id": "MIE03-000060",
        "district_id": "MIE-03",
        "prefecture": "三重県",
        "city": "四日市市（一部）",
        "town": "富田2丁目 第8区画",
        "postal_code": "5108014",
        "pattern_rule": "PATTERN_B_SPLIT_INCLUDED",
        "color_code": "#ef4444"
      }
    },
    {
      "type": "Feature",
      "geometry": {
        "type": "Point",
        "coordinates": [
          136.654462,
          35.01425
        ]
      },
      "properties": {
        "area_id": "MIE03-000061",
        "district_id": "MIE-03",
        "prefecture": "三重県",
        "city": "四日市市（一部）",
        "town": "富田3丁目 第8区画",
        "postal_code": "5108014",
        "pattern_rule": "PATTERN_B_SPLIT_INCLUDED",
        "color_code": "#ef4444"
      }
    },
    {
      "type": "Feature",
      "geometry": {
        "type": "Point",
        "coordinates": [
          136.651299,
          35.001598
        ]
      },
      "properties": {
        "area_id": "MIE03-000062",
        "district_id": "MIE-03",
        "prefecture": "三重県",
        "city": "四日市市（一部）",
        "town": "富田1丁目 第9区画",
        "postal_code": "5108014",
        "pattern_rule": "PATTERN_B_SPLIT_INCLUDED",
        "color_code": "#ef4444"
      }
    },
    {
      "type": "Feature",
      "geometry": {
        "type": "Point",
        "coordinates": [
          136.657401,
          35.009835
        ]
      },
      "properties": {
        "area_id": "MIE03-000063",
        "district_id": "MIE-03",
        "prefecture": "三重県",
        "city": "四日市市（一部）",
        "town": "富田2丁目 第9区画",
        "postal_code": "5108014",
        "pattern_rule": "PATTERN_B_SPLIT_INCLUDED",
        "color_code": "#ef4444"
      }
    },
    {
      "type": "Feature",
      "geometry": {
        "type": "Point",
        "coordinates": [
          136.658751,
          35.005913
        ]
      },
      "properties": {
        "area_id": "MIE03-000064",
        "district_id": "MIE-03",
        "prefecture": "三重県",
        "city": "四日市市（一部）",
        "town": "富田3丁目 第9区画",
        "postal_code": "5108014",
        "pattern_rule": "PATTERN_B_SPLIT_INCLUDED",
        "color_code": "#ef4444"
      }
    },
    {
      "type": "Feature",
      "geometry": {
        "type": "Point",
        "coordinates": [
          136.65663,
          35.00365
        ]
      },
      "properties": {
        "area_id": "MIE03-000065",
        "district_id": "MIE-03",
        "prefecture": "三重県",
        "city": "四日市市（一部）",
        "town": "富田1丁目 第10区画",
        "postal_code": "5108014",
        "pattern_rule": "PATTERN_B_SPLIT_INCLUDED",
        "color_code": "#ef4444"
      }
    },
    {
      "type": "Feature",
      "geometry": {
        "type": "Point",
        "coordinates": [
          136.653247,
          34.999727
        ]
      },
      "properties": {
        "area_id": "MIE03-000066",
        "district_id": "MIE-03",
        "prefecture": "三重県",
        "city": "四日市市（一部）",
        "town": "富田2丁目 第10区画",
        "postal_code": "5108014",
        "pattern_rule": "PATTERN_B_SPLIT_INCLUDED",
        "color_code": "#ef4444"
      }
    },
    {
      "type": "Feature",
      "geometry": {
        "type": "Point",
        "coordinates": [
          136.655572,
          35.002868
        ]
      },
      "properties": {
        "area_id": "MIE03-000067",
        "district_id": "MIE-03",
        "prefecture": "三重県",
        "city": "四日市市（一部）",
        "town": "富田3丁目 第10区画",
        "postal_code": "5108014",
        "pattern_rule": "PATTERN_B_SPLIT_INCLUDED",
        "color_code": "#ef4444"
      }
    },
    {
      "type": "Feature",
      "geometry": {
        "type": "Point",
        "coordinates": [
          136.65595,
          35.00482
        ]
      },
      "properties": {
        "area_id": "MIE03-000068",
        "district_id": "MIE-03",
        "prefecture": "三重県",
        "city": "四日市市（一部）",
        "town": "富田1丁目 第11区画",
        "postal_code": "5108014",
        "pattern_rule": "PATTERN_B_SPLIT_INCLUDED",
        "color_code": "#ef4444"
      }
    },
    {
      "type": "Feature",
      "geometry": {
        "type": "Point",
        "coordinates": [
          136.661206,
          35.005949
        ]
      },
      "properties": {
        "area_id": "MIE03-000069",
        "district_id": "MIE-03",
        "prefecture": "三重県",
        "city": "四日市市（一部）",
        "town": "富田2丁目 第11区画",
        "postal_code": "5108014",
        "pattern_rule": "PATTERN_B_SPLIT_INCLUDED",
        "color_code": "#ef4444"
      }
    },
    {
      "type": "Feature",
      "geometry": {
        "type": "Point",
        "coordinates": [
          136.647392,
          35.006515
        ]
      },
      "properties": {
        "area_id": "MIE03-000070",
        "district_id": "MIE-03",
        "prefecture": "三重県",
        "city": "四日市市（一部）",
        "town": "富田3丁目 第11区画",
        "postal_code": "5108014",
        "pattern_rule": "PATTERN_B_SPLIT_INCLUDED",
        "color_code": "#ef4444"
      }
    },
    {
      "type": "Feature",
      "geometry": {
        "type": "Point",
        "coordinates": [
          136.65725,
          35.00552
        ]
      },
      "properties": {
        "area_id": "MIE03-000071",
        "district_id": "MIE-03",
        "prefecture": "三重県",
        "city": "四日市市（一部）",
        "town": "富田1丁目 第12区画",
        "postal_code": "5108014",
        "pattern_rule": "PATTERN_B_SPLIT_INCLUDED",
        "color_code": "#ef4444"
      }
    },
    {
      "type": "Feature",
      "geometry": {
        "type": "Point",
        "coordinates": [
          136.644596,
          35.004354
        ]
      },
      "properties": {
        "area_id": "MIE03-000072",
        "district_id": "MIE-03",
        "prefecture": "三重県",
        "city": "四日市市（一部）",
        "town": "富田2丁目 第12区画",
        "postal_code": "5108014",
        "pattern_rule": "PATTERN_B_SPLIT_INCLUDED",
        "color_code": "#ef4444"
      }
    },
    {
      "type": "Feature",
      "geometry": {
        "type": "Point",
        "coordinates": [
          136.654261,
          35.011054
        ]
      },
      "properties": {
        "area_id": "MIE03-000073",
        "district_id": "MIE-03",
        "prefecture": "三重県",
        "city": "四日市市（一部）",
        "town": "富田3丁目 第12区画",
        "postal_code": "5108014",
        "pattern_rule": "PATTERN_B_SPLIT_INCLUDED",
        "color_code": "#ef4444"
      }
    },
    {
      "type": "Feature",
      "geometry": {
        "type": "Point",
        "coordinates": [
          136.651811,
          35.000933
        ]
      },
      "properties": {
        "area_id": "MIE03-000074",
        "district_id": "MIE-03",
        "prefecture": "三重県",
        "city": "四日市市（一部）",
        "town": "富田1丁目 第13区画",
        "postal_code": "5108014",
        "pattern_rule": "PATTERN_B_SPLIT_INCLUDED",
        "color_code": "#ef4444"
      }
    },
    {
      "type": "Feature",
      "geometry": {
        "type": "Point",
        "coordinates": [
          136.655592,
          35.015276
        ]
      },
      "properties": {
        "area_id": "MIE03-000075",
        "district_id": "MIE-03",
        "prefecture": "三重県",
        "city": "四日市市（一部）",
        "town": "富田2丁目 第13区画",
        "postal_code": "5108014",
        "pattern_rule": "PATTERN_B_SPLIT_INCLUDED",
        "color_code": "#ef4444"
      }
    },
    {
      "type": "Feature",
      "geometry": {
        "type": "Point",
        "coordinates": [
          136.646136,
          35.002311
        ]
      },
      "properties": {
        "area_id": "MIE03-000076",
        "district_id": "MIE-03",
        "prefecture": "三重県",
        "city": "四日市市（一部）",
        "town": "富田3丁目 第13区画",
        "postal_code": "5108014",
        "pattern_rule": "PATTERN_B_SPLIT_INCLUDED",
        "color_code": "#ef4444"
      }
    },
    {
      "type": "Feature",
      "geometry": {
        "type": "Point",
        "coordinates": [
          136.653792,
          35.004426
        ]
      },
      "properties": {
        "area_id": "MIE03-000077",
        "district_id": "MIE-03",
        "prefecture": "三重県",
        "city": "四日市市（一部）",
        "town": "富田1丁目 第14区画",
        "postal_code": "5108014",
        "pattern_rule": "PATTERN_B_SPLIT_INCLUDED",
        "color_code": "#ef4444"
      }
    },
    {
      "type": "Feature",
      "geometry": {
        "type": "Point",
        "coordinates": [
          136.661852,
          35.010091
        ]
      },
      "properties": {
        "area_id": "MIE03-000078",
        "district_id": "MIE-03",
        "prefecture": "三重県",
        "city": "四日市市（一部）",
        "town": "富田2丁目 第14区画",
        "postal_code": "5108014",
        "pattern_rule": "PATTERN_B_SPLIT_INCLUDED",
        "color_code": "#ef4444"
      }
    },
    {
      "type": "Feature",
      "geometry": {
        "type": "Point",
        "coordinates": [
          136.650796,
          35.007419
        ]
      },
      "properties": {
        "area_id": "MIE03-000079",
        "district_id": "MIE-03",
        "prefecture": "三重県",
        "city": "四日市市（一部）",
        "town": "富田3丁目 第14区画",
        "postal_code": "5108014",
        "pattern_rule": "PATTERN_B_SPLIT_INCLUDED",
        "color_code": "#ef4444"
      }
    },
    {
      "type": "Feature",
      "geometry": {
        "type": "Point",
        "coordinates": [
          136.654208,
          35.009374
        ]
      },
      "properties": {
        "area_id": "MIE03-000080",
        "district_id": "MIE-03",
        "prefecture": "三重県",
        "city": "四日市市（一部）",
        "town": "富田1丁目 第15区画",
        "postal_code": "5108014",
        "pattern_rule": "PATTERN_B_SPLIT_INCLUDED",
        "color_code": "#ef4444"
      }
    },
    {
      "type": "Feature",
      "geometry": {
        "type": "Point",
        "coordinates": [
          136.654842,
          35.001909
        ]
      },
      "properties": {
        "area_id": "MIE03-000081",
        "district_id": "MIE-03",
        "prefecture": "三重県",
        "city": "四日市市（一部）",
        "town": "富田2丁目 第15区画",
        "postal_code": "5108014",
        "pattern_rule": "PATTERN_B_SPLIT_INCLUDED",
        "color_code": "#ef4444"
      }
    },
    {
      "type": "Feature",
      "geometry": {
        "type": "Point",
        "coordinates": [
          136.645234,
          35.006003
        ]
      },
      "properties": {
        "area_id": "MIE03-000082",
        "district_id": "MIE-03",
        "prefecture": "三重県",
        "city": "四日市市（一部）",
        "town": "富田3丁目 第15区画",
        "postal_code": "5108014",
        "pattern_rule": "PATTERN_B_SPLIT_INCLUDED",
        "color_code": "#ef4444"
      }
    },
    {
      "type": "Feature",
      "geometry": {
        "type": "Point",
        "coordinates": [
          136.651797,
          35.004279
        ]
      },
      "properties": {
        "area_id": "MIE03-000083",
        "district_id": "MIE-03",
        "prefecture": "三重県",
        "city": "四日市市（一部）",
        "town": "富田1丁目 第16区画",
        "postal_code": "5108014",
        "pattern_rule": "PATTERN_B_SPLIT_INCLUDED",
        "color_code": "#ef4444"
      }
    },
    {
      "type": "Feature",
      "geometry": {
        "type": "Point",
        "coordinates": [
          136.657099,
          35.006351
        ]
      },
      "properties": {
        "area_id": "MIE03-000084",
        "district_id": "MIE-03",
        "prefecture": "三重県",
        "city": "四日市市（一部）",
        "town": "富田2丁目 第16区画",
        "postal_code": "5108014",
        "pattern_rule": "PATTERN_B_SPLIT_INCLUDED",
        "color_code": "#ef4444"
      }
    },
    {
      "type": "Feature",
      "geometry": {
        "type": "Point",
        "coordinates": [
          136.653041,
          35.013411
        ]
      },
      "properties": {
        "area_id": "MIE03-000085",
        "district_id": "MIE-03",
        "prefecture": "三重県",
        "city": "四日市市（一部）",
        "town": "富田3丁目 第16区画",
        "postal_code": "5108014",
        "pattern_rule": "PATTERN_B_SPLIT_INCLUDED",
        "color_code": "#ef4444"
      }
    },
    {
      "type": "Feature",
      "geometry": {
        "type": "Point",
        "coordinates": [
          136.646758,
          35.010971
        ]
      },
      "properties": {
        "area_id": "MIE03-000086",
        "district_id": "MIE-03",
        "prefecture": "三重県",
        "city": "四日市市（一部）",
        "town": "富田1丁目 第17区画",
        "postal_code": "5108014",
        "pattern_rule": "PATTERN_B_SPLIT_INCLUDED",
        "color_code": "#ef4444"
      }
    },
    {
      "type": "Feature",
      "geometry": {
        "type": "Point",
        "coordinates": [
          136.655858,
          35.010933
        ]
      },
      "properties": {
        "area_id": "MIE03-000087",
        "district_id": "MIE-03",
        "prefecture": "三重県",
        "city": "四日市市（一部）",
        "town": "富田2丁目 第17区画",
        "postal_code": "5108014",
        "pattern_rule": "PATTERN_B_SPLIT_INCLUDED",
        "color_code": "#ef4444"
      }
    },
    {
      "type": "Feature",
      "geometry": {
        "type": "Point",
        "coordinates": [
          136.656576,
          35.005506
        ]
      },
      "properties": {
        "area_id": "MIE03-000088",
        "district_id": "MIE-03",
        "prefecture": "三重県",
        "city": "四日市市（一部）",
        "town": "富田3丁目 第17区画",
        "postal_code": "5108014",
        "pattern_rule": "PATTERN_B_SPLIT_INCLUDED",
        "color_code": "#ef4444"
      }
    },
    {
      "type": "Feature",
      "geometry": {
        "type": "Point",
        "coordinates": [
          136.661759,
          35.012136
        ]
      },
      "properties": {
        "area_id": "MIE03-000089",
        "district_id": "MIE-03",
        "prefecture": "三重県",
        "city": "四日市市（一部）",
        "town": "富田1丁目 第18区画",
        "postal_code": "5108014",
        "pattern_rule": "PATTERN_B_SPLIT_INCLUDED",
        "color_code": "#ef4444"
      }
    },
    {
      "type": "Feature",
      "geometry": {
        "type": "Point",
        "coordinates": [
          136.655264,
          35.015476
        ]
      },
      "properties": {
        "area_id": "MIE03-000090",
        "district_id": "MIE-03",
        "prefecture": "三重県",
        "city": "四日市市（一部）",
        "town": "富田2丁目 第18区画",
        "postal_code": "5108014",
        "pattern_rule": "PATTERN_B_SPLIT_INCLUDED",
        "color_code": "#ef4444"
      }
    },
    {
      "type": "Feature",
      "geometry": {
        "type": "Point",
        "coordinates": [
          136.663779,
          35.006473
        ]
      },
      "properties": {
        "area_id": "MIE03-000091",
        "district_id": "MIE-03",
        "prefecture": "三重県",
        "city": "四日市市（一部）",
        "town": "富田3丁目 第18区画",
        "postal_code": "5108014",
        "pattern_rule": "PATTERN_B_SPLIT_INCLUDED",
        "color_code": "#ef4444"
      }
    },
    {
      "type": "Feature",
      "geometry": {
        "type": "Point",
        "coordinates": [
          136.656067,
          35.008684
        ]
      },
      "properties": {
        "area_id": "MIE03-000092",
        "district_id": "MIE-03",
        "prefecture": "三重県",
        "city": "四日市市（一部）",
        "town": "富田1丁目 第19区画",
        "postal_code": "5108014",
        "pattern_rule": "PATTERN_B_SPLIT_INCLUDED",
        "color_code": "#ef4444"
      }
    },
    {
      "type": "Feature",
      "geometry": {
        "type": "Point",
        "coordinates": [
          136.647473,
          35.009792
        ]
      },
      "properties": {
        "area_id": "MIE03-000093",
        "district_id": "MIE-03",
        "prefecture": "三重県",
        "city": "四日市市（一部）",
        "town": "富田2丁目 第19区画",
        "postal_code": "5108014",
        "pattern_rule": "PATTERN_B_SPLIT_INCLUDED",
        "color_code": "#ef4444"
      }
    },
    {
      "type": "Feature",
      "geometry": {
        "type": "Point",
        "coordinates": [
          136.65325,
          35.003355
        ]
      },
      "properties": {
        "area_id": "MIE03-000094",
        "district_id": "MIE-03",
        "prefecture": "三重県",
        "city": "四日市市（一部）",
        "town": "富田3丁目 第19区画",
        "postal_code": "5108014",
        "pattern_rule": "PATTERN_B_SPLIT_INCLUDED",
        "color_code": "#ef4444"
      }
    },
    {
      "type": "Feature",
      "geometry": {
        "type": "Point",
        "coordinates": [
          136.664742,
          35.008158
        ]
      },
      "properties": {
        "area_id": "MIE03-000095",
        "district_id": "MIE-03",
        "prefecture": "三重県",
        "city": "四日市市（一部）",
        "town": "富田1丁目 第20区画",
        "postal_code": "5108014",
        "pattern_rule": "PATTERN_B_SPLIT_INCLUDED",
        "color_code": "#ef4444"
      }
    },
    {
      "type": "Feature",
      "geometry": {
        "type": "Point",
        "coordinates": [
          136.655602,
          35.001544
        ]
      },
      "properties": {
        "area_id": "MIE03-000096",
        "district_id": "MIE-03",
        "prefecture": "三重県",
        "city": "四日市市（一部）",
        "town": "富田2丁目 第20区画",
        "postal_code": "5108014",
        "pattern_rule": "PATTERN_B_SPLIT_INCLUDED",
        "color_code": "#ef4444"
      }
    },
    {
      "type": "Feature",
      "geometry": {
        "type": "Point",
        "coordinates": [
          136.644602,
          35.00121
        ]
      },
      "properties": {
        "area_id": "MIE03-000097",
        "district_id": "MIE-03",
        "prefecture": "三重県",
        "city": "四日市市（一部）",
        "town": "富田3丁目 第20区画",
        "postal_code": "5108014",
        "pattern_rule": "PATTERN_B_SPLIT_INCLUDED",
        "color_code": "#ef4444"
      }
    },
    {
      "type": "Feature",
      "geometry": {
        "type": "Point",
        "coordinates": [
          136.652425,
          35.013654
        ]
      },
      "properties": {
        "area_id": "MIE03-000098",
        "district_id": "MIE-03",
        "prefecture": "三重県",
        "city": "四日市市（一部）",
        "town": "富田1丁目 第21区画",
        "postal_code": "5108014",
        "pattern_rule": "PATTERN_B_SPLIT_INCLUDED",
        "color_code": "#ef4444"
      }
    },
    {
      "type": "Feature",
      "geometry": {
        "type": "Point",
        "coordinates": [
          136.662146,
          35.000112
        ]
      },
      "properties": {
        "area_id": "MIE03-000099",
        "district_id": "MIE-03",
        "prefecture": "三重県",
        "city": "四日市市（一部）",
        "town": "富田2丁目 第21区画",
        "postal_code": "5108014",
        "pattern_rule": "PATTERN_B_SPLIT_INCLUDED",
        "color_code": "#ef4444"
      }
    },
    {
      "type": "Feature",
      "geometry": {
        "type": "Point",
        "coordinates": [
          136.655938,
          35.003863
        ]
      },
      "properties": {
        "area_id": "MIE03-000100",
        "district_id": "MIE-03",
        "prefecture": "三重県",
        "city": "四日市市（一部）",
        "town": "富田3丁目 第21区画",
        "postal_code": "5108014",
        "pattern_rule": "PATTERN_B_SPLIT_INCLUDED",
        "color_code": "#ef4444"
      }
    },
    {
      "type": "Feature",
      "geometry": {
        "type": "Point",
        "coordinates": [
          136.654,
          35.0069
        ]
      },
      "properties": {
        "area_id": "MIE03-000101",
        "district_id": "MIE-03",
        "prefecture": "三重県",
        "city": "四日市市（一部）",
        "town": "富田1丁目",
        "postal_code": "5108014",
        "pattern_rule": "PATTERN_B_SPLIT_INCLUDED",
        "color_code": "#ef4444"
      }
    },
    {
      "type": "Feature",
      "geometry": {
        "type": "Point",
        "coordinates": [
          136.6555,
          35.0078
        ]
      },
      "properties": {
        "area_id": "MIE03-000102",
        "district_id": "MIE-03",
        "prefecture": "三重県",
        "city": "四日市市（一部）",
        "town": "富田2丁目",
        "postal_code": "5108014",
        "pattern_rule": "PATTERN_B_SPLIT_INCLUDED",
        "color_code": "#ef4444"
      }
    },
    {
      "type": "Feature",
      "geometry": {
        "type": "Point",
        "coordinates": [
          136.657,
          35.0088
        ]
      },
      "properties": {
        "area_id": "MIE03-000103",
        "district_id": "MIE-03",
        "prefecture": "三重県",
        "city": "四日市市（一部）",
        "town": "富田3丁目",
        "postal_code": "5108014",
        "pattern_rule": "PATTERN_B_SPLIT_INCLUDED",
        "color_code": "#ef4444"
      }
    },
    {
      "type": "Feature",
      "geometry": {
        "type": "Point",
        "coordinates": [
          136.652663,
          35.012143
        ]
      },
      "properties": {
        "area_id": "MIE03-000104",
        "district_id": "MIE-03",
        "prefecture": "三重県",
        "city": "四日市市（一部）",
        "town": "富州原町 第2区画",
        "postal_code": "5108016",
        "pattern_rule": "PATTERN_B_SPLIT_INCLUDED",
        "color_code": "#ef4444"
      }
    },
    {
      "type": "Feature",
      "geometry": {
        "type": "Point",
        "coordinates": [
          136.647265,
          35.008196
        ]
      },
      "properties": {
        "area_id": "MIE03-000105",
        "district_id": "MIE-03",
        "prefecture": "三重県",
        "city": "四日市市（一部）",
        "town": "富州原町 第3区画",
        "postal_code": "5108016",
        "pattern_rule": "PATTERN_B_SPLIT_INCLUDED",
        "color_code": "#ef4444"
      }
    },
    {
      "type": "Feature",
      "geometry": {
        "type": "Point",
        "coordinates": [
          136.659974,
          35.012429
        ]
      },
      "properties": {
        "area_id": "MIE03-000106",
        "district_id": "MIE-03",
        "prefecture": "三重県",
        "city": "四日市市（一部）",
        "town": "富州原町 第4区画",
        "postal_code": "5108016",
        "pattern_rule": "PATTERN_B_SPLIT_INCLUDED",
        "color_code": "#ef4444"
      }
    },
    {
      "type": "Feature",
      "geometry": {
        "type": "Point",
        "coordinates": [
          136.656377,
          35.0047
        ]
      },
      "properties": {
        "area_id": "MIE03-000107",
        "district_id": "MIE-03",
        "prefecture": "三重県",
        "city": "四日市市（一部）",
        "town": "富州原町 第5区画",
        "postal_code": "5108016",
        "pattern_rule": "PATTERN_B_SPLIT_INCLUDED",
        "color_code": "#ef4444"
      }
    },
    {
      "type": "Feature",
      "geometry": {
        "type": "Point",
        "coordinates": [
          136.644422,
          35.002656
        ]
      },
      "properties": {
        "area_id": "MIE03-000108",
        "district_id": "MIE-03",
        "prefecture": "三重県",
        "city": "四日市市（一部）",
        "town": "富州原町 第6区画",
        "postal_code": "5108016",
        "pattern_rule": "PATTERN_B_SPLIT_INCLUDED",
        "color_code": "#ef4444"
      }
    },
    {
      "type": "Feature",
      "geometry": {
        "type": "Point",
        "coordinates": [
          136.643907,
          35.011186
        ]
      },
      "properties": {
        "area_id": "MIE03-000109",
        "district_id": "MIE-03",
        "prefecture": "三重県",
        "city": "四日市市（一部）",
        "town": "富州原町 第7区画",
        "postal_code": "5108016",
        "pattern_rule": "PATTERN_B_SPLIT_INCLUDED",
        "color_code": "#ef4444"
      }
    },
    {
      "type": "Feature",
      "geometry": {
        "type": "Point",
        "coordinates": [
          136.650289,
          35.008213
        ]
      },
      "properties": {
        "area_id": "MIE03-000110",
        "district_id": "MIE-03",
        "prefecture": "三重県",
        "city": "四日市市（一部）",
        "town": "富州原町 第8区画",
        "postal_code": "5108016",
        "pattern_rule": "PATTERN_B_SPLIT_INCLUDED",
        "color_code": "#ef4444"
      }
    },
    {
      "type": "Feature",
      "geometry": {
        "type": "Point",
        "coordinates": [
          136.661634,
          35.012628
        ]
      },
      "properties": {
        "area_id": "MIE03-000111",
        "district_id": "MIE-03",
        "prefecture": "三重県",
        "city": "四日市市（一部）",
        "town": "富州原町 第9区画",
        "postal_code": "5108016",
        "pattern_rule": "PATTERN_B_SPLIT_INCLUDED",
        "color_code": "#ef4444"
      }
    },
    {
      "type": "Feature",
      "geometry": {
        "type": "Point",
        "coordinates": [
          136.650526,
          35.006285
        ]
      },
      "properties": {
        "area_id": "MIE03-000112",
        "district_id": "MIE-03",
        "prefecture": "三重県",
        "city": "四日市市（一部）",
        "town": "富州原町 第10区画",
        "postal_code": "5108016",
        "pattern_rule": "PATTERN_B_SPLIT_INCLUDED",
        "color_code": "#ef4444"
      }
    },
    {
      "type": "Feature",
      "geometry": {
        "type": "Point",
        "coordinates": [
          136.659419,
          35.006265
        ]
      },
      "properties": {
        "area_id": "MIE03-000113",
        "district_id": "MIE-03",
        "prefecture": "三重県",
        "city": "四日市市（一部）",
        "town": "富州原町 第11区画",
        "postal_code": "5108016",
        "pattern_rule": "PATTERN_B_SPLIT_INCLUDED",
        "color_code": "#ef4444"
      }
    },
    {
      "type": "Feature",
      "geometry": {
        "type": "Point",
        "coordinates": [
          136.661096,
          34.999852
        ]
      },
      "properties": {
        "area_id": "MIE03-000114",
        "district_id": "MIE-03",
        "prefecture": "三重県",
        "city": "四日市市（一部）",
        "town": "富州原町 第12区画",
        "postal_code": "5108016",
        "pattern_rule": "PATTERN_B_SPLIT_INCLUDED",
        "color_code": "#ef4444"
      }
    },
    {
      "type": "Feature",
      "geometry": {
        "type": "Point",
        "coordinates": [
          136.64776,
          35.0069
        ]
      },
      "properties": {
        "area_id": "MIE03-000115",
        "district_id": "MIE-03",
        "prefecture": "三重県",
        "city": "四日市市（一部）",
        "town": "富州原町 第13区画",
        "postal_code": "5108016",
        "pattern_rule": "PATTERN_B_SPLIT_INCLUDED",
        "color_code": "#ef4444"
      }
    },
    {
      "type": "Feature",
      "geometry": {
        "type": "Point",
        "coordinates": [
          136.662523,
          35.007397
        ]
      },
      "properties": {
        "area_id": "MIE03-000116",
        "district_id": "MIE-03",
        "prefecture": "三重県",
        "city": "四日市市（一部）",
        "town": "富州原町 第14区画",
        "postal_code": "5108016",
        "pattern_rule": "PATTERN_B_SPLIT_INCLUDED",
        "color_code": "#ef4444"
      }
    },
    {
      "type": "Feature",
      "geometry": {
        "type": "Point",
        "coordinates": [
          136.650881,
          35.014042
        ]
      },
      "properties": {
        "area_id": "MIE03-000117",
        "district_id": "MIE-03",
        "prefecture": "三重県",
        "city": "四日市市（一部）",
        "town": "富州原町 第15区画",
        "postal_code": "5108016",
        "pattern_rule": "PATTERN_B_SPLIT_INCLUDED",
        "color_code": "#ef4444"
      }
    },
    {
      "type": "Feature",
      "geometry": {
        "type": "Point",
        "coordinates": [
          136.655849,
          35.004855
        ]
      },
      "properties": {
        "area_id": "MIE03-000118",
        "district_id": "MIE-03",
        "prefecture": "三重県",
        "city": "四日市市（一部）",
        "town": "富州原町 第16区画",
        "postal_code": "5108016",
        "pattern_rule": "PATTERN_B_SPLIT_INCLUDED",
        "color_code": "#ef4444"
      }
    },
    {
      "type": "Feature",
      "geometry": {
        "type": "Point",
        "coordinates": [
          136.646838,
          35.00574
        ]
      },
      "properties": {
        "area_id": "MIE03-000119",
        "district_id": "MIE-03",
        "prefecture": "三重県",
        "city": "四日市市（一部）",
        "town": "富州原町 第17区画",
        "postal_code": "5108016",
        "pattern_rule": "PATTERN_B_SPLIT_INCLUDED",
        "color_code": "#ef4444"
      }
    },
    {
      "type": "Feature",
      "geometry": {
        "type": "Point",
        "coordinates": [
          136.659091,
          35.004831
        ]
      },
      "properties": {
        "area_id": "MIE03-000120",
        "district_id": "MIE-03",
        "prefecture": "三重県",
        "city": "四日市市（一部）",
        "town": "富州原町 第18区画",
        "postal_code": "5108016",
        "pattern_rule": "PATTERN_B_SPLIT_INCLUDED",
        "color_code": "#ef4444"
      }
    },
    {
      "type": "Feature",
      "geometry": {
        "type": "Point",
        "coordinates": [
          136.652838,
          35.000008
        ]
      },
      "properties": {
        "area_id": "MIE03-000121",
        "district_id": "MIE-03",
        "prefecture": "三重県",
        "city": "四日市市（一部）",
        "town": "富州原町 第19区画",
        "postal_code": "5108016",
        "pattern_rule": "PATTERN_B_SPLIT_INCLUDED",
        "color_code": "#ef4444"
      }
    },
    {
      "type": "Feature",
      "geometry": {
        "type": "Point",
        "coordinates": [
          136.658637,
          35.003541
        ]
      },
      "properties": {
        "area_id": "MIE03-000122",
        "district_id": "MIE-03",
        "prefecture": "三重県",
        "city": "四日市市（一部）",
        "town": "富州原町 第20区画",
        "postal_code": "5108016",
        "pattern_rule": "PATTERN_B_SPLIT_INCLUDED",
        "color_code": "#ef4444"
      }
    },
    {
      "type": "Feature",
      "geometry": {
        "type": "Point",
        "coordinates": [
          136.657023,
          35.005504
        ]
      },
      "properties": {
        "area_id": "MIE03-000123",
        "district_id": "MIE-03",
        "prefecture": "三重県",
        "city": "四日市市（一部）",
        "town": "富州原町 第21区画",
        "postal_code": "5108016",
        "pattern_rule": "PATTERN_B_SPLIT_INCLUDED",
        "color_code": "#ef4444"
      }
    },
    {
      "type": "Feature",
      "geometry": {
        "type": "Point",
        "coordinates": [
          136.662,
          35.0185
        ]
      },
      "properties": {
        "area_id": "MIE03-000124",
        "district_id": "MIE-03",
        "prefecture": "三重県",
        "city": "四日市市（一部）",
        "town": "富州原町",
        "postal_code": "5108016",
        "pattern_rule": "PATTERN_B_SPLIT_INCLUDED",
        "color_code": "#ef4444"
      }
    },
    {
      "type": "Feature",
      "geometry": {
        "type": "Point",
        "coordinates": [
          136.687432,
          35.06334
        ]
      },
      "properties": {
        "area_id": "MIE03-000125",
        "district_id": "MIE-03",
        "prefecture": "三重県",
        "city": "桑名郡",
        "town": "木曽岬町加畑",
        "postal_code": "5110001",
        "pattern_rule": "PATTERN_A_WHOLE",
        "color_code": "#ef4444"
      }
    },
    {
      "type": "Feature",
      "geometry": {
        "type": "Point",
        "coordinates": [
          136.678049,
          35.060271
        ]
      },
      "properties": {
        "area_id": "MIE03-000126",
        "district_id": "MIE-03",
        "prefecture": "三重県",
        "city": "桑名郡",
        "town": "木曽岬町源緑輪中",
        "postal_code": "5110001",
        "pattern_rule": "PATTERN_A_WHOLE",
        "color_code": "#ef4444"
      }
    },
    {
      "type": "Feature",
      "geometry": {
        "type": "Point",
        "coordinates": [
          136.679009,
          35.058885
        ]
      },
      "properties": {
        "area_id": "MIE03-000127",
        "district_id": "MIE-03",
        "prefecture": "三重県",
        "city": "員弁郡",
        "town": "東員町穴太",
        "postal_code": "5110001",
        "pattern_rule": "PATTERN_A_WHOLE",
        "color_code": "#ef4444"
      }
    },
    {
      "type": "Feature",
      "geometry": {
        "type": "Point",
        "coordinates": [
          136.684738,
          35.066968
        ]
      },
      "properties": {
        "area_id": "MIE03-000128",
        "district_id": "MIE-03",
        "prefecture": "三重県",
        "city": "員弁郡",
        "town": "東員町笹尾東1丁目",
        "postal_code": "5110001",
        "pattern_rule": "PATTERN_A_WHOLE",
        "color_code": "#ef4444"
      }
    },
    {
      "type": "Feature",
      "geometry": {
        "type": "Point",
        "coordinates": [
          136.68281,
          35.073492
        ]
      },
      "properties": {
        "area_id": "MIE03-000129",
        "district_id": "MIE-03",
        "prefecture": "三重県",
        "city": "員弁郡",
        "town": "東員町笹尾東2丁目",
        "postal_code": "5110001",
        "pattern_rule": "PATTERN_A_WHOLE",
        "color_code": "#ef4444"
      }
    },
    {
      "type": "Feature",
      "geometry": {
        "type": "Point",
        "coordinates": [
          136.680057,
          35.06682
        ]
      },
      "properties": {
        "area_id": "MIE03-000130",
        "district_id": "MIE-03",
        "prefecture": "三重県",
        "city": "員弁郡",
        "town": "東員町笹尾東3丁目",
        "postal_code": "5110001",
        "pattern_rule": "PATTERN_A_WHOLE",
        "color_code": "#ef4444"
      }
    },
    {
      "type": "Feature",
      "geometry": {
        "type": "Point",
        "coordinates": [
          136.674858,
          35.056968
        ]
      },
      "properties": {
        "area_id": "MIE03-000131",
        "district_id": "MIE-03",
        "prefecture": "三重県",
        "city": "三重郡",
        "town": "菰野町大字菰野",
        "postal_code": "5110001",
        "pattern_rule": "PATTERN_A_WHOLE",
        "color_code": "#ef4444"
      }
    },
    {
      "type": "Feature",
      "geometry": {
        "type": "Point",
        "coordinates": [
          136.680094,
          35.059621
        ]
      },
      "properties": {
        "area_id": "MIE03-000132",
        "district_id": "MIE-03",
        "prefecture": "三重県",
        "city": "三重郡",
        "town": "朝日町大字柿",
        "postal_code": "5110001",
        "pattern_rule": "PATTERN_A_WHOLE",
        "color_code": "#ef4444"
      }
    },
    {
      "type": "Feature",
      "geometry": {
        "type": "Point",
        "coordinates": [
          136.681014,
          35.056064
        ]
      },
      "properties": {
        "area_id": "MIE03-000133",
        "district_id": "MIE-03",
        "prefecture": "三重県",
        "city": "三重郡",
        "town": "川越町大字豊田",
        "postal_code": "5110001",
        "pattern_rule": "PATTERN_A_WHOLE",
        "color_code": "#ef4444"
      }
    },
    {
      "type": "Feature",
      "geometry": {
        "type": "Point",
        "coordinates": [
          136.685733,
          35.070215
        ]
      },
      "properties": {
        "area_id": "MIE03-000134",
        "district_id": "MIE-03",
        "prefecture": "三重県",
        "city": "桑名郡",
        "town": "木曽岬町加畑 第2区画",
        "postal_code": "5110001",
        "pattern_rule": "PATTERN_A_WHOLE",
        "color_code": "#ef4444"
      }
    },
    {
      "type": "Feature",
      "geometry": {
        "type": "Point",
        "coordinates": [
          136.68,
          35.0733
        ]
      },
      "properties": {
        "area_id": "MIE03-000135",
        "district_id": "MIE-03",
        "prefecture": "三重県",
        "city": "桑名郡",
        "town": "木曽岬町源緑輪中 第2区画",
        "postal_code": "5110001",
        "pattern_rule": "PATTERN_A_WHOLE",
        "color_code": "#ef4444"
      }
    },
    {
      "type": "Feature",
      "geometry": {
        "type": "Point",
        "coordinates": [
          136.686143,
          35.064011
        ]
      },
      "properties": {
        "area_id": "MIE03-000136",
        "district_id": "MIE-03",
        "prefecture": "三重県",
        "city": "員弁郡",
        "town": "東員町穴太 第2区画",
        "postal_code": "5110001",
        "pattern_rule": "PATTERN_A_WHOLE",
        "color_code": "#ef4444"
      }
    },
    {
      "type": "Feature",
      "geometry": {
        "type": "Point",
        "coordinates": [
          136.678408,
          35.055724
        ]
      },
      "properties": {
        "area_id": "MIE03-000137",
        "district_id": "MIE-03",
        "prefecture": "三重県",
        "city": "員弁郡",
        "town": "東員町笹尾東1丁目 第2区画",
        "postal_code": "5110001",
        "pattern_rule": "PATTERN_A_WHOLE",
        "color_code": "#ef4444"
      }
    },
    {
      "type": "Feature",
      "geometry": {
        "type": "Point",
        "coordinates": [
          136.669069,
          35.062329
        ]
      },
      "properties": {
        "area_id": "MIE03-000138",
        "district_id": "MIE-03",
        "prefecture": "三重県",
        "city": "員弁郡",
        "town": "東員町笹尾東2丁目 第2区画",
        "postal_code": "5110001",
        "pattern_rule": "PATTERN_A_WHOLE",
        "color_code": "#ef4444"
      }
    },
    {
      "type": "Feature",
      "geometry": {
        "type": "Point",
        "coordinates": [
          136.684707,
          35.071798
        ]
      },
      "properties": {
        "area_id": "MIE03-000139",
        "district_id": "MIE-03",
        "prefecture": "三重県",
        "city": "員弁郡",
        "town": "東員町笹尾東3丁目 第2区画",
        "postal_code": "5110001",
        "pattern_rule": "PATTERN_A_WHOLE",
        "color_code": "#ef4444"
      }
    },
    {
      "type": "Feature",
      "geometry": {
        "type": "Point",
        "coordinates": [
          136.689221,
          35.06302
        ]
      },
      "properties": {
        "area_id": "MIE03-000140",
        "district_id": "MIE-03",
        "prefecture": "三重県",
        "city": "三重郡",
        "town": "菰野町大字菰野 第2区画",
        "postal_code": "5110001",
        "pattern_rule": "PATTERN_A_WHOLE",
        "color_code": "#ef4444"
      }
    },
    {
      "type": "Feature",
      "geometry": {
        "type": "Point",
        "coordinates": [
          136.686235,
          35.0611
        ]
      },
      "properties": {
        "area_id": "MIE03-000141",
        "district_id": "MIE-03",
        "prefecture": "三重県",
        "city": "三重郡",
        "town": "朝日町大字柿 第2区画",
        "postal_code": "5110001",
        "pattern_rule": "PATTERN_A_WHOLE",
        "color_code": "#ef4444"
      }
    },
    {
      "type": "Feature",
      "geometry": {
        "type": "Point",
        "coordinates": [
          136.683085,
          35.058326
        ]
      },
      "properties": {
        "area_id": "MIE03-000142",
        "district_id": "MIE-03",
        "prefecture": "三重県",
        "city": "三重郡",
        "town": "川越町大字豊田 第2区画",
        "postal_code": "5110001",
        "pattern_rule": "PATTERN_A_WHOLE",
        "color_code": "#ef4444"
      }
    },
    {
      "type": "Feature",
      "geometry": {
        "type": "Point",
        "coordinates": [
          136.680562,
          35.067911
        ]
      },
      "properties": {
        "area_id": "MIE03-000143",
        "district_id": "MIE-03",
        "prefecture": "三重県",
        "city": "桑名郡",
        "town": "木曽岬町加畑 第3区画",
        "postal_code": "5110001",
        "pattern_rule": "PATTERN_A_WHOLE",
        "color_code": "#ef4444"
      }
    },
    {
      "type": "Feature",
      "geometry": {
        "type": "Point",
        "coordinates": [
          136.684201,
          35.072348
        ]
      },
      "properties": {
        "area_id": "MIE03-000144",
        "district_id": "MIE-03",
        "prefecture": "三重県",
        "city": "桑名郡",
        "town": "木曽岬町源緑輪中 第3区画",
        "postal_code": "5110001",
        "pattern_rule": "PATTERN_A_WHOLE",
        "color_code": "#ef4444"
      }
    },
    {
      "type": "Feature",
      "geometry": {
        "type": "Point",
        "coordinates": [
          136.687668,
          35.066426
        ]
      },
      "properties": {
        "area_id": "MIE03-000145",
        "district_id": "MIE-03",
        "prefecture": "三重県",
        "city": "員弁郡",
        "town": "東員町穴太 第3区画",
        "postal_code": "5110001",
        "pattern_rule": "PATTERN_A_WHOLE",
        "color_code": "#ef4444"
      }
    },
    {
      "type": "Feature",
      "geometry": {
        "type": "Point",
        "coordinates": [
          136.684073,
          35.060706
        ]
      },
      "properties": {
        "area_id": "MIE03-000146",
        "district_id": "MIE-03",
        "prefecture": "三重県",
        "city": "員弁郡",
        "town": "東員町笹尾東1丁目 第3区画",
        "postal_code": "5110001",
        "pattern_rule": "PATTERN_A_WHOLE",
        "color_code": "#ef4444"
      }
    },
    {
      "type": "Feature",
      "geometry": {
        "type": "Point",
        "coordinates": [
          136.68236,
          35.063423
        ]
      },
      "properties": {
        "area_id": "MIE03-000147",
        "district_id": "MIE-03",
        "prefecture": "三重県",
        "city": "員弁郡",
        "town": "東員町笹尾東2丁目 第3区画",
        "postal_code": "5110001",
        "pattern_rule": "PATTERN_A_WHOLE",
        "color_code": "#ef4444"
      }
    },
    {
      "type": "Feature",
      "geometry": {
        "type": "Point",
        "coordinates": [
          136.68974,
          35.059601
        ]
      },
      "properties": {
        "area_id": "MIE03-000148",
        "district_id": "MIE-03",
        "prefecture": "三重県",
        "city": "員弁郡",
        "town": "東員町笹尾東3丁目 第3区画",
        "postal_code": "5110001",
        "pattern_rule": "PATTERN_A_WHOLE",
        "color_code": "#ef4444"
      }
    },
    {
      "type": "Feature",
      "geometry": {
        "type": "Point",
        "coordinates": [
          136.680328,
          35.066323
        ]
      },
      "properties": {
        "area_id": "MIE03-000149",
        "district_id": "MIE-03",
        "prefecture": "三重県",
        "city": "三重郡",
        "town": "菰野町大字菰野 第3区画",
        "postal_code": "5110001",
        "pattern_rule": "PATTERN_A_WHOLE",
        "color_code": "#ef4444"
      }
    },
    {
      "type": "Feature",
      "geometry": {
        "type": "Point",
        "coordinates": [
          136.68723,
          35.065381
        ]
      },
      "properties": {
        "area_id": "MIE03-000150",
        "district_id": "MIE-03",
        "prefecture": "三重県",
        "city": "三重郡",
        "town": "朝日町大字柿 第3区画",
        "postal_code": "5110001",
        "pattern_rule": "PATTERN_A_WHOLE",
        "color_code": "#ef4444"
      }
    },
    {
      "type": "Feature",
      "geometry": {
        "type": "Point",
        "coordinates": [
          136.678758,
          35.067964
        ]
      },
      "properties": {
        "area_id": "MIE03-000151",
        "district_id": "MIE-03",
        "prefecture": "三重県",
        "city": "三重郡",
        "town": "川越町大字豊田 第3区画",
        "postal_code": "5110001",
        "pattern_rule": "PATTERN_A_WHOLE",
        "color_code": "#ef4444"
      }
    },
    {
      "type": "Feature",
      "geometry": {
        "type": "Point",
        "coordinates": [
          136.672758,
          35.068171
        ]
      },
      "properties": {
        "area_id": "MIE03-000152",
        "district_id": "MIE-03",
        "prefecture": "三重県",
        "city": "桑名郡",
        "town": "木曽岬町加畑 第4区画",
        "postal_code": "5110001",
        "pattern_rule": "PATTERN_A_WHOLE",
        "color_code": "#ef4444"
      }
    },
    {
      "type": "Feature",
      "geometry": {
        "type": "Point",
        "coordinates": [
          136.683709,
          35.064928
        ]
      },
      "properties": {
        "area_id": "MIE03-000153",
        "district_id": "MIE-03",
        "prefecture": "三重県",
        "city": "桑名郡",
        "town": "木曽岬町源緑輪中 第4区画",
        "postal_code": "5110001",
        "pattern_rule": "PATTERN_A_WHOLE",
        "color_code": "#ef4444"
      }
    },
    {
      "type": "Feature",
      "geometry": {
        "type": "Point",
        "coordinates": [
          136.676977,
          35.065496
        ]
      },
      "properties": {
        "area_id": "MIE03-000154",
        "district_id": "MIE-03",
        "prefecture": "三重県",
        "city": "員弁郡",
        "town": "東員町穴太 第4区画",
        "postal_code": "5110001",
        "pattern_rule": "PATTERN_A_WHOLE",
        "color_code": "#ef4444"
      }
    },
    {
      "type": "Feature",
      "geometry": {
        "type": "Point",
        "coordinates": [
          136.682888,
          35.0635
        ]
      },
      "properties": {
        "area_id": "MIE03-000155",
        "district_id": "MIE-03",
        "prefecture": "三重県",
        "city": "員弁郡",
        "town": "東員町笹尾東1丁目 第4区画",
        "postal_code": "5110001",
        "pattern_rule": "PATTERN_A_WHOLE",
        "color_code": "#ef4444"
      }
    },
    {
      "type": "Feature",
      "geometry": {
        "type": "Point",
        "coordinates": [
          136.676074,
          35.064329
        ]
      },
      "properties": {
        "area_id": "MIE03-000156",
        "district_id": "MIE-03",
        "prefecture": "三重県",
        "city": "員弁郡",
        "town": "東員町笹尾東2丁目 第4区画",
        "postal_code": "5110001",
        "pattern_rule": "PATTERN_A_WHOLE",
        "color_code": "#ef4444"
      }
    },
    {
      "type": "Feature",
      "geometry": {
        "type": "Point",
        "coordinates": [
          136.68512,
          35.064776
        ]
      },
      "properties": {
        "area_id": "MIE03-000157",
        "district_id": "MIE-03",
        "prefecture": "三重県",
        "city": "員弁郡",
        "town": "東員町笹尾東3丁目 第4区画",
        "postal_code": "5110001",
        "pattern_rule": "PATTERN_A_WHOLE",
        "color_code": "#ef4444"
      }
    },
    {
      "type": "Feature",
      "geometry": {
        "type": "Point",
        "coordinates": [
          136.685586,
          35.070507
        ]
      },
      "properties": {
        "area_id": "MIE03-000158",
        "district_id": "MIE-03",
        "prefecture": "三重県",
        "city": "三重郡",
        "town": "菰野町大字菰野 第4区画",
        "postal_code": "5110001",
        "pattern_rule": "PATTERN_A_WHOLE",
        "color_code": "#ef4444"
      }
    },
    {
      "type": "Feature",
      "geometry": {
        "type": "Point",
        "coordinates": [
          136.684765,
          35.067935
        ]
      },
      "properties": {
        "area_id": "MIE03-000159",
        "district_id": "MIE-03",
        "prefecture": "三重県",
        "city": "三重郡",
        "town": "朝日町大字柿 第4区画",
        "postal_code": "5110001",
        "pattern_rule": "PATTERN_A_WHOLE",
        "color_code": "#ef4444"
      }
    },
    {
      "type": "Feature",
      "geometry": {
        "type": "Point",
        "coordinates": [
          136.686178,
          35.068901
        ]
      },
      "properties": {
        "area_id": "MIE03-000160",
        "district_id": "MIE-03",
        "prefecture": "三重県",
        "city": "三重郡",
        "town": "川越町大字豊田 第4区画",
        "postal_code": "5110001",
        "pattern_rule": "PATTERN_A_WHOLE",
        "color_code": "#ef4444"
      }
    },
    {
      "type": "Feature",
      "geometry": {
        "type": "Point",
        "coordinates": [
          136.676868,
          35.067441
        ]
      },
      "properties": {
        "area_id": "MIE03-000161",
        "district_id": "MIE-03",
        "prefecture": "三重県",
        "city": "桑名郡",
        "town": "木曽岬町加畑 第5区画",
        "postal_code": "5110001",
        "pattern_rule": "PATTERN_A_WHOLE",
        "color_code": "#ef4444"
      }
    },
    {
      "type": "Feature",
      "geometry": {
        "type": "Point",
        "coordinates": [
          136.675941,
          35.065331
        ]
      },
      "properties": {
        "area_id": "MIE03-000162",
        "district_id": "MIE-03",
        "prefecture": "三重県",
        "city": "桑名郡",
        "town": "木曽岬町源緑輪中 第5区画",
        "postal_code": "5110001",
        "pattern_rule": "PATTERN_A_WHOLE",
        "color_code": "#ef4444"
      }
    },
    {
      "type": "Feature",
      "geometry": {
        "type": "Point",
        "coordinates": [
          136.686816,
          35.061329
        ]
      },
      "properties": {
        "area_id": "MIE03-000163",
        "district_id": "MIE-03",
        "prefecture": "三重県",
        "city": "員弁郡",
        "town": "東員町穴太 第5区画",
        "postal_code": "5110001",
        "pattern_rule": "PATTERN_A_WHOLE",
        "color_code": "#ef4444"
      }
    },
    {
      "type": "Feature",
      "geometry": {
        "type": "Point",
        "coordinates": [
          136.684573,
          35.0619
        ]
      },
      "properties": {
        "area_id": "MIE03-000164",
        "district_id": "MIE-03",
        "prefecture": "三重県",
        "city": "員弁郡",
        "town": "東員町笹尾東1丁目 第5区画",
        "postal_code": "5110001",
        "pattern_rule": "PATTERN_A_WHOLE",
        "color_code": "#ef4444"
      }
    },
    {
      "type": "Feature",
      "geometry": {
        "type": "Point",
        "coordinates": [
          136.681209,
          35.058917
        ]
      },
      "properties": {
        "area_id": "MIE03-000165",
        "district_id": "MIE-03",
        "prefecture": "三重県",
        "city": "員弁郡",
        "town": "東員町笹尾東2丁目 第5区画",
        "postal_code": "5110001",
        "pattern_rule": "PATTERN_A_WHOLE",
        "color_code": "#ef4444"
      }
    },
    {
      "type": "Feature",
      "geometry": {
        "type": "Point",
        "coordinates": [
          136.673386,
          35.065474
        ]
      },
      "properties": {
        "area_id": "MIE03-000166",
        "district_id": "MIE-03",
        "prefecture": "三重県",
        "city": "員弁郡",
        "town": "東員町笹尾東3丁目 第5区画",
        "postal_code": "5110001",
        "pattern_rule": "PATTERN_A_WHOLE",
        "color_code": "#ef4444"
      }
    },
    {
      "type": "Feature",
      "geometry": {
        "type": "Point",
        "coordinates": [
          136.690999,
          35.062648
        ]
      },
      "properties": {
        "area_id": "MIE03-000167",
        "district_id": "MIE-03",
        "prefecture": "三重県",
        "city": "三重郡",
        "town": "菰野町大字菰野 第5区画",
        "postal_code": "5110001",
        "pattern_rule": "PATTERN_A_WHOLE",
        "color_code": "#ef4444"
      }
    },
    {
      "type": "Feature",
      "geometry": {
        "type": "Point",
        "coordinates": [
          136.672704,
          35.062696
        ]
      },
      "properties": {
        "area_id": "MIE03-000168",
        "district_id": "MIE-03",
        "prefecture": "三重県",
        "city": "三重郡",
        "town": "朝日町大字柿 第5区画",
        "postal_code": "5110001",
        "pattern_rule": "PATTERN_A_WHOLE",
        "color_code": "#ef4444"
      }
    },
    {
      "type": "Feature",
      "geometry": {
        "type": "Point",
        "coordinates": [
          136.678074,
          35.062655
        ]
      },
      "properties": {
        "area_id": "MIE03-000169",
        "district_id": "MIE-03",
        "prefecture": "三重県",
        "city": "三重郡",
        "town": "川越町大字豊田 第5区画",
        "postal_code": "5110001",
        "pattern_rule": "PATTERN_A_WHOLE",
        "color_code": "#ef4444"
      }
    },
    {
      "type": "Feature",
      "geometry": {
        "type": "Point",
        "coordinates": [
          136.6852,
          35.064864
        ]
      },
      "properties": {
        "area_id": "MIE03-000170",
        "district_id": "MIE-03",
        "prefecture": "三重県",
        "city": "桑名郡",
        "town": "木曽岬町加畑 第6区画",
        "postal_code": "5110001",
        "pattern_rule": "PATTERN_A_WHOLE",
        "color_code": "#ef4444"
      }
    },
    {
      "type": "Feature",
      "geometry": {
        "type": "Point",
        "coordinates": [
          136.681257,
          35.06903
        ]
      },
      "properties": {
        "area_id": "MIE03-000171",
        "district_id": "MIE-03",
        "prefecture": "三重県",
        "city": "桑名郡",
        "town": "木曽岬町源緑輪中 第6区画",
        "postal_code": "5110001",
        "pattern_rule": "PATTERN_A_WHOLE",
        "color_code": "#ef4444"
      }
    },
    {
      "type": "Feature",
      "geometry": {
        "type": "Point",
        "coordinates": [
          136.679105,
          35.058792
        ]
      },
      "properties": {
        "area_id": "MIE03-000172",
        "district_id": "MIE-03",
        "prefecture": "三重県",
        "city": "員弁郡",
        "town": "東員町穴太 第6区画",
        "postal_code": "5110001",
        "pattern_rule": "PATTERN_A_WHOLE",
        "color_code": "#ef4444"
      }
    },
    {
      "type": "Feature",
      "geometry": {
        "type": "Point",
        "coordinates": [
          136.687735,
          35.060227
        ]
      },
      "properties": {
        "area_id": "MIE03-000173",
        "district_id": "MIE-03",
        "prefecture": "三重県",
        "city": "員弁郡",
        "town": "東員町笹尾東1丁目 第6区画",
        "postal_code": "5110001",
        "pattern_rule": "PATTERN_A_WHOLE",
        "color_code": "#ef4444"
      }
    },
    {
      "type": "Feature",
      "geometry": {
        "type": "Point",
        "coordinates": [
          136.674557,
          35.071359
        ]
      },
      "properties": {
        "area_id": "MIE03-000174",
        "district_id": "MIE-03",
        "prefecture": "三重県",
        "city": "員弁郡",
        "town": "東員町笹尾東2丁目 第6区画",
        "postal_code": "5110001",
        "pattern_rule": "PATTERN_A_WHOLE",
        "color_code": "#ef4444"
      }
    },
    {
      "type": "Feature",
      "geometry": {
        "type": "Point",
        "coordinates": [
          136.687897,
          35.068212
        ]
      },
      "properties": {
        "area_id": "MIE03-000175",
        "district_id": "MIE-03",
        "prefecture": "三重県",
        "city": "員弁郡",
        "town": "東員町笹尾東3丁目 第6区画",
        "postal_code": "5110001",
        "pattern_rule": "PATTERN_A_WHOLE",
        "color_code": "#ef4444"
      }
    },
    {
      "type": "Feature",
      "geometry": {
        "type": "Point",
        "coordinates": [
          136.674474,
          35.064665
        ]
      },
      "properties": {
        "area_id": "MIE03-000176",
        "district_id": "MIE-03",
        "prefecture": "三重県",
        "city": "三重郡",
        "town": "菰野町大字菰野 第6区画",
        "postal_code": "5110001",
        "pattern_rule": "PATTERN_A_WHOLE",
        "color_code": "#ef4444"
      }
    },
    {
      "type": "Feature",
      "geometry": {
        "type": "Point",
        "coordinates": [
          136.670695,
          35.058042
        ]
      },
      "properties": {
        "area_id": "MIE03-000177",
        "district_id": "MIE-03",
        "prefecture": "三重県",
        "city": "三重郡",
        "town": "朝日町大字柿 第6区画",
        "postal_code": "5110001",
        "pattern_rule": "PATTERN_A_WHOLE",
        "color_code": "#ef4444"
      }
    },
    {
      "type": "Feature",
      "geometry": {
        "type": "Point",
        "coordinates": [
          136.677145,
          35.062781
        ]
      },
      "properties": {
        "area_id": "MIE03-000178",
        "district_id": "MIE-03",
        "prefecture": "三重県",
        "city": "三重郡",
        "town": "川越町大字豊田 第6区画",
        "postal_code": "5110001",
        "pattern_rule": "PATTERN_A_WHOLE",
        "color_code": "#ef4444"
      }
    },
    {
      "type": "Feature",
      "geometry": {
        "type": "Point",
        "coordinates": [
          136.672754,
          35.066663
        ]
      },
      "properties": {
        "area_id": "MIE03-000179",
        "district_id": "MIE-03",
        "prefecture": "三重県",
        "city": "桑名郡",
        "town": "木曽岬町加畑 第7区画",
        "postal_code": "5110001",
        "pattern_rule": "PATTERN_A_WHOLE",
        "color_code": "#ef4444"
      }
    },
    {
      "type": "Feature",
      "geometry": {
        "type": "Point",
        "coordinates": [
          136.668877,
          35.065403
        ]
      },
      "properties": {
        "area_id": "MIE03-000180",
        "district_id": "MIE-03",
        "prefecture": "三重県",
        "city": "桑名郡",
        "town": "木曽岬町源緑輪中 第7区画",
        "postal_code": "5110001",
        "pattern_rule": "PATTERN_A_WHOLE",
        "color_code": "#ef4444"
      }
    },
    {
      "type": "Feature",
      "geometry": {
        "type": "Point",
        "coordinates": [
          136.69123,
          35.067141
        ]
      },
      "properties": {
        "area_id": "MIE03-000181",
        "district_id": "MIE-03",
        "prefecture": "三重県",
        "city": "員弁郡",
        "town": "東員町穴太 第7区画",
        "postal_code": "5110001",
        "pattern_rule": "PATTERN_A_WHOLE",
        "color_code": "#ef4444"
      }
    },
    {
      "type": "Feature",
      "geometry": {
        "type": "Point",
        "coordinates": [
          136.684782,
          35.067564
        ]
      },
      "properties": {
        "area_id": "MIE03-000182",
        "district_id": "MIE-03",
        "prefecture": "三重県",
        "city": "員弁郡",
        "town": "東員町笹尾東1丁目 第7区画",
        "postal_code": "5110001",
        "pattern_rule": "PATTERN_A_WHOLE",
        "color_code": "#ef4444"
      }
    },
    {
      "type": "Feature",
      "geometry": {
        "type": "Point",
        "coordinates": [
          136.684573,
          35.0663
        ]
      },
      "properties": {
        "area_id": "MIE03-000183",
        "district_id": "MIE-03",
        "prefecture": "三重県",
        "city": "員弁郡",
        "town": "東員町笹尾東2丁目 第7区画",
        "postal_code": "5110001",
        "pattern_rule": "PATTERN_A_WHOLE",
        "color_code": "#ef4444"
      }
    },
    {
      "type": "Feature",
      "geometry": {
        "type": "Point",
        "coordinates": [
          136.680251,
          35.066491
        ]
      },
      "properties": {
        "area_id": "MIE03-000184",
        "district_id": "MIE-03",
        "prefecture": "三重県",
        "city": "員弁郡",
        "town": "東員町笹尾東3丁目 第7区画",
        "postal_code": "5110001",
        "pattern_rule": "PATTERN_A_WHOLE",
        "color_code": "#ef4444"
      }
    },
    {
      "type": "Feature",
      "geometry": {
        "type": "Point",
        "coordinates": [
          136.685964,
          35.066108
        ]
      },
      "properties": {
        "area_id": "MIE03-000185",
        "district_id": "MIE-03",
        "prefecture": "三重県",
        "city": "三重郡",
        "town": "菰野町大字菰野 第7区画",
        "postal_code": "5110001",
        "pattern_rule": "PATTERN_A_WHOLE",
        "color_code": "#ef4444"
      }
    },
    {
      "type": "Feature",
      "geometry": {
        "type": "Point",
        "coordinates": [
          136.682408,
          35.057102
        ]
      },
      "properties": {
        "area_id": "MIE03-000186",
        "district_id": "MIE-03",
        "prefecture": "三重県",
        "city": "三重郡",
        "town": "朝日町大字柿 第7区画",
        "postal_code": "5110001",
        "pattern_rule": "PATTERN_A_WHOLE",
        "color_code": "#ef4444"
      }
    },
    {
      "type": "Feature",
      "geometry": {
        "type": "Point",
        "coordinates": [
          136.690612,
          35.060163
        ]
      },
      "properties": {
        "area_id": "MIE03-000187",
        "district_id": "MIE-03",
        "prefecture": "三重県",
        "city": "三重郡",
        "town": "川越町大字豊田 第7区画",
        "postal_code": "5110001",
        "pattern_rule": "PATTERN_A_WHOLE",
        "color_code": "#ef4444"
      }
    },
    {
      "type": "Feature",
      "geometry": {
        "type": "Point",
        "coordinates": [
          136.687634,
          35.069828
        ]
      },
      "properties": {
        "area_id": "MIE03-000188",
        "district_id": "MIE-03",
        "prefecture": "三重県",
        "city": "桑名郡",
        "town": "木曽岬町加畑 第8区画",
        "postal_code": "5110001",
        "pattern_rule": "PATTERN_A_WHOLE",
        "color_code": "#ef4444"
      }
    },
    {
      "type": "Feature",
      "geometry": {
        "type": "Point",
        "coordinates": [
          136.669001,
          35.065552
        ]
      },
      "properties": {
        "area_id": "MIE03-000189",
        "district_id": "MIE-03",
        "prefecture": "三重県",
        "city": "桑名郡",
        "town": "木曽岬町源緑輪中 第8区画",
        "postal_code": "5110001",
        "pattern_rule": "PATTERN_A_WHOLE",
        "color_code": "#ef4444"
      }
    },
    {
      "type": "Feature",
      "geometry": {
        "type": "Point",
        "coordinates": [
          136.683309,
          35.064586
        ]
      },
      "properties": {
        "area_id": "MIE03-000190",
        "district_id": "MIE-03",
        "prefecture": "三重県",
        "city": "員弁郡",
        "town": "東員町穴太 第8区画",
        "postal_code": "5110001",
        "pattern_rule": "PATTERN_A_WHOLE",
        "color_code": "#ef4444"
      }
    },
    {
      "type": "Feature",
      "geometry": {
        "type": "Point",
        "coordinates": [
          136.687943,
          35.061949
        ]
      },
      "properties": {
        "area_id": "MIE03-000191",
        "district_id": "MIE-03",
        "prefecture": "三重県",
        "city": "員弁郡",
        "town": "東員町笹尾東1丁目 第8区画",
        "postal_code": "5110001",
        "pattern_rule": "PATTERN_A_WHOLE",
        "color_code": "#ef4444"
      }
    },
    {
      "type": "Feature",
      "geometry": {
        "type": "Point",
        "coordinates": [
          136.679255,
          35.066418
        ]
      },
      "properties": {
        "area_id": "MIE03-000192",
        "district_id": "MIE-03",
        "prefecture": "三重県",
        "city": "員弁郡",
        "town": "東員町笹尾東2丁目 第8区画",
        "postal_code": "5110001",
        "pattern_rule": "PATTERN_A_WHOLE",
        "color_code": "#ef4444"
      }
    },
    {
      "type": "Feature",
      "geometry": {
        "type": "Point",
        "coordinates": [
          136.683825,
          35.063821
        ]
      },
      "properties": {
        "area_id": "MIE03-000193",
        "district_id": "MIE-03",
        "prefecture": "三重県",
        "city": "員弁郡",
        "town": "東員町笹尾東3丁目 第8区画",
        "postal_code": "5110001",
        "pattern_rule": "PATTERN_A_WHOLE",
        "color_code": "#ef4444"
      }
    },
    {
      "type": "Feature",
      "geometry": {
        "type": "Point",
        "coordinates": [
          136.685757,
          35.059626
        ]
      },
      "properties": {
        "area_id": "MIE03-000194",
        "district_id": "MIE-03",
        "prefecture": "三重県",
        "city": "三重郡",
        "town": "菰野町大字菰野 第8区画",
        "postal_code": "5110001",
        "pattern_rule": "PATTERN_A_WHOLE",
        "color_code": "#ef4444"
      }
    },
    {
      "type": "Feature",
      "geometry": {
        "type": "Point",
        "coordinates": [
          136.685736,
          35.062265
        ]
      },
      "properties": {
        "area_id": "MIE03-000195",
        "district_id": "MIE-03",
        "prefecture": "三重県",
        "city": "三重郡",
        "town": "朝日町大字柿 第8区画",
        "postal_code": "5110001",
        "pattern_rule": "PATTERN_A_WHOLE",
        "color_code": "#ef4444"
      }
    },
    {
      "type": "Feature",
      "geometry": {
        "type": "Point",
        "coordinates": [
          136.671745,
          35.06398
        ]
      },
      "properties": {
        "area_id": "MIE03-000196",
        "district_id": "MIE-03",
        "prefecture": "三重県",
        "city": "三重郡",
        "town": "川越町大字豊田 第8区画",
        "postal_code": "5110001",
        "pattern_rule": "PATTERN_A_WHOLE",
        "color_code": "#ef4444"
      }
    },
    {
      "type": "Feature",
      "geometry": {
        "type": "Point",
        "coordinates": [
          136.679755,
          35.058264
        ]
      },
      "properties": {
        "area_id": "MIE03-000197",
        "district_id": "MIE-03",
        "prefecture": "三重県",
        "city": "桑名郡",
        "town": "木曽岬町加畑 第9区画",
        "postal_code": "5110001",
        "pattern_rule": "PATTERN_A_WHOLE",
        "color_code": "#ef4444"
      }
    },
    {
      "type": "Feature",
      "geometry": {
        "type": "Point",
        "coordinates": [
          136.682176,
          35.059829
        ]
      },
      "properties": {
        "area_id": "MIE03-000198",
        "district_id": "MIE-03",
        "prefecture": "三重県",
        "city": "桑名郡",
        "town": "木曽岬町源緑輪中 第9区画",
        "postal_code": "5110001",
        "pattern_rule": "PATTERN_A_WHOLE",
        "color_code": "#ef4444"
      }
    },
    {
      "type": "Feature",
      "geometry": {
        "type": "Point",
        "coordinates": [
          136.68,
          35.0733
        ]
      },
      "properties": {
        "area_id": "MIE03-000199",
        "district_id": "MIE-03",
        "prefecture": "三重県",
        "city": "員弁郡",
        "town": "東員町穴太 第9区画",
        "postal_code": "5110001",
        "pattern_rule": "PATTERN_A_WHOLE",
        "color_code": "#ef4444"
      }
    },
    {
      "type": "Feature",
      "geometry": {
        "type": "Point",
        "coordinates": [
          136.673991,
          35.061974
        ]
      },
      "properties": {
        "area_id": "MIE03-000200",
        "district_id": "MIE-03",
        "prefecture": "三重県",
        "city": "員弁郡",
        "town": "東員町笹尾東1丁目 第9区画",
        "postal_code": "5110001",
        "pattern_rule": "PATTERN_A_WHOLE",
        "color_code": "#ef4444"
      }
    },
    {
      "type": "Feature",
      "geometry": {
        "type": "Point",
        "coordinates": [
          136.680395,
          35.059391
        ]
      },
      "properties": {
        "area_id": "MIE03-000201",
        "district_id": "MIE-03",
        "prefecture": "三重県",
        "city": "員弁郡",
        "town": "東員町笹尾東2丁目 第9区画",
        "postal_code": "5110001",
        "pattern_rule": "PATTERN_A_WHOLE",
        "color_code": "#ef4444"
      }
    },
    {
      "type": "Feature",
      "geometry": {
        "type": "Point",
        "coordinates": [
          136.675249,
          35.065087
        ]
      },
      "properties": {
        "area_id": "MIE03-000202",
        "district_id": "MIE-03",
        "prefecture": "三重県",
        "city": "員弁郡",
        "town": "東員町笹尾東3丁目 第9区画",
        "postal_code": "5110001",
        "pattern_rule": "PATTERN_A_WHOLE",
        "color_code": "#ef4444"
      }
    },
    {
      "type": "Feature",
      "geometry": {
        "type": "Point",
        "coordinates": [
          136.671267,
          35.065647
        ]
      },
      "properties": {
        "area_id": "MIE03-000203",
        "district_id": "MIE-03",
        "prefecture": "三重県",
        "city": "三重郡",
        "town": "菰野町大字菰野 第9区画",
        "postal_code": "5110001",
        "pattern_rule": "PATTERN_A_WHOLE",
        "color_code": "#ef4444"
      }
    },
    {
      "type": "Feature",
      "geometry": {
        "type": "Point",
        "coordinates": [
          136.684752,
          35.06806
        ]
      },
      "properties": {
        "area_id": "MIE03-000204",
        "district_id": "MIE-03",
        "prefecture": "三重県",
        "city": "三重郡",
        "town": "朝日町大字柿 第9区画",
        "postal_code": "5110001",
        "pattern_rule": "PATTERN_A_WHOLE",
        "color_code": "#ef4444"
      }
    },
    {
      "type": "Feature",
      "geometry": {
        "type": "Point",
        "coordinates": [
          136.68216,
          35.060982
        ]
      },
      "properties": {
        "area_id": "MIE03-000205",
        "district_id": "MIE-03",
        "prefecture": "三重県",
        "city": "三重郡",
        "town": "川越町大字豊田 第9区画",
        "postal_code": "5110001",
        "pattern_rule": "PATTERN_A_WHOLE",
        "color_code": "#ef4444"
      }
    },
    {
      "type": "Feature",
      "geometry": {
        "type": "Point",
        "coordinates": [
          136.673911,
          35.067149
        ]
      },
      "properties": {
        "area_id": "MIE03-000206",
        "district_id": "MIE-03",
        "prefecture": "三重県",
        "city": "桑名郡",
        "town": "木曽岬町加畑 第10区画",
        "postal_code": "5110001",
        "pattern_rule": "PATTERN_A_WHOLE",
        "color_code": "#ef4444"
      }
    },
    {
      "type": "Feature",
      "geometry": {
        "type": "Point",
        "coordinates": [
          136.67764,
          35.064777
        ]
      },
      "properties": {
        "area_id": "MIE03-000207",
        "district_id": "MIE-03",
        "prefecture": "三重県",
        "city": "桑名郡",
        "town": "木曽岬町源緑輪中 第10区画",
        "postal_code": "5110001",
        "pattern_rule": "PATTERN_A_WHOLE",
        "color_code": "#ef4444"
      }
    },
    {
      "type": "Feature",
      "geometry": {
        "type": "Point",
        "coordinates": [
          136.680111,
          35.066738
        ]
      },
      "properties": {
        "area_id": "MIE03-000208",
        "district_id": "MIE-03",
        "prefecture": "三重県",
        "city": "員弁郡",
        "town": "東員町穴太 第10区画",
        "postal_code": "5110001",
        "pattern_rule": "PATTERN_A_WHOLE",
        "color_code": "#ef4444"
      }
    },
    {
      "type": "Feature",
      "geometry": {
        "type": "Point",
        "coordinates": [
          136.673721,
          35.060012
        ]
      },
      "properties": {
        "area_id": "MIE03-000209",
        "district_id": "MIE-03",
        "prefecture": "三重県",
        "city": "員弁郡",
        "town": "東員町笹尾東1丁目 第10区画",
        "postal_code": "5110001",
        "pattern_rule": "PATTERN_A_WHOLE",
        "color_code": "#ef4444"
      }
    },
    {
      "type": "Feature",
      "geometry": {
        "type": "Point",
        "coordinates": [
          136.677526,
          35.063225
        ]
      },
      "properties": {
        "area_id": "MIE03-000210",
        "district_id": "MIE-03",
        "prefecture": "三重県",
        "city": "員弁郡",
        "town": "東員町笹尾東2丁目 第10区画",
        "postal_code": "5110001",
        "pattern_rule": "PATTERN_A_WHOLE",
        "color_code": "#ef4444"
      }
    },
    {
      "type": "Feature",
      "geometry": {
        "type": "Point",
        "coordinates": [
          136.673529,
          35.071256
        ]
      },
      "properties": {
        "area_id": "MIE03-000211",
        "district_id": "MIE-03",
        "prefecture": "三重県",
        "city": "員弁郡",
        "town": "東員町笹尾東3丁目 第10区画",
        "postal_code": "5110001",
        "pattern_rule": "PATTERN_A_WHOLE",
        "color_code": "#ef4444"
      }
    },
    {
      "type": "Feature",
      "geometry": {
        "type": "Point",
        "coordinates": [
          136.681806,
          35.068235
        ]
      },
      "properties": {
        "area_id": "MIE03-000212",
        "district_id": "MIE-03",
        "prefecture": "三重県",
        "city": "三重郡",
        "town": "菰野町大字菰野 第10区画",
        "postal_code": "5110001",
        "pattern_rule": "PATTERN_A_WHOLE",
        "color_code": "#ef4444"
      }
    },
    {
      "type": "Feature",
      "geometry": {
        "type": "Point",
        "coordinates": [
          136.678996,
          35.073663
        ]
      },
      "properties": {
        "area_id": "MIE03-000213",
        "district_id": "MIE-03",
        "prefecture": "三重県",
        "city": "三重郡",
        "town": "朝日町大字柿 第10区画",
        "postal_code": "5110001",
        "pattern_rule": "PATTERN_A_WHOLE",
        "color_code": "#ef4444"
      }
    },
    {
      "type": "Feature",
      "geometry": {
        "type": "Point",
        "coordinates": [
          136.675943,
          35.07135
        ]
      },
      "properties": {
        "area_id": "MIE03-000214",
        "district_id": "MIE-03",
        "prefecture": "三重県",
        "city": "三重郡",
        "town": "川越町大字豊田 第10区画",
        "postal_code": "5110001",
        "pattern_rule": "PATTERN_A_WHOLE",
        "color_code": "#ef4444"
      }
    },
    {
      "type": "Feature",
      "geometry": {
        "type": "Point",
        "coordinates": [
          136.68135,
          35.060178
        ]
      },
      "properties": {
        "area_id": "MIE03-000215",
        "district_id": "MIE-03",
        "prefecture": "三重県",
        "city": "桑名郡",
        "town": "木曽岬町加畑 第11区画",
        "postal_code": "5110001",
        "pattern_rule": "PATTERN_A_WHOLE",
        "color_code": "#ef4444"
      }
    },
    {
      "type": "Feature",
      "geometry": {
        "type": "Point",
        "coordinates": [
          136.679395,
          35.066283
        ]
      },
      "properties": {
        "area_id": "MIE03-000216",
        "district_id": "MIE-03",
        "prefecture": "三重県",
        "city": "桑名郡",
        "town": "木曽岬町源緑輪中 第11区画",
        "postal_code": "5110001",
        "pattern_rule": "PATTERN_A_WHOLE",
        "color_code": "#ef4444"
      }
    },
    {
      "type": "Feature",
      "geometry": {
        "type": "Point",
        "coordinates": [
          136.686816,
          35.061329
        ]
      },
      "properties": {
        "area_id": "MIE03-000217",
        "district_id": "MIE-03",
        "prefecture": "三重県",
        "city": "員弁郡",
        "town": "東員町穴太 第11区画",
        "postal_code": "5110001",
        "pattern_rule": "PATTERN_A_WHOLE",
        "color_code": "#ef4444"
      }
    },
    {
      "type": "Feature",
      "geometry": {
        "type": "Point",
        "coordinates": [
          136.686915,
          35.071476
        ]
      },
      "properties": {
        "area_id": "MIE03-000218",
        "district_id": "MIE-03",
        "prefecture": "三重県",
        "city": "員弁郡",
        "town": "東員町笹尾東1丁目 第11区画",
        "postal_code": "5110001",
        "pattern_rule": "PATTERN_A_WHOLE",
        "color_code": "#ef4444"
      }
    },
    {
      "type": "Feature",
      "geometry": {
        "type": "Point",
        "coordinates": [
          136.678425,
          35.070854
        ]
      },
      "properties": {
        "area_id": "MIE03-000219",
        "district_id": "MIE-03",
        "prefecture": "三重県",
        "city": "員弁郡",
        "town": "東員町笹尾東2丁目 第11区画",
        "postal_code": "5110001",
        "pattern_rule": "PATTERN_A_WHOLE",
        "color_code": "#ef4444"
      }
    },
    {
      "type": "Feature",
      "geometry": {
        "type": "Point",
        "coordinates": [
          136.677811,
          35.058133
        ]
      },
      "properties": {
        "area_id": "MIE03-000220",
        "district_id": "MIE-03",
        "prefecture": "三重県",
        "city": "員弁郡",
        "town": "東員町笹尾東3丁目 第11区画",
        "postal_code": "5110001",
        "pattern_rule": "PATTERN_A_WHOLE",
        "color_code": "#ef4444"
      }
    },
    {
      "type": "Feature",
      "geometry": {
        "type": "Point",
        "coordinates": [
          136.68,
          35.0669
        ]
      },
      "properties": {
        "area_id": "MIE03-000221",
        "district_id": "MIE-03",
        "prefecture": "三重県",
        "city": "三重郡",
        "town": "菰野町大字菰野 第11区画",
        "postal_code": "5110001",
        "pattern_rule": "PATTERN_A_WHOLE",
        "color_code": "#ef4444"
      }
    },
    {
      "type": "Feature",
      "geometry": {
        "type": "Point",
        "coordinates": [
          136.679508,
          35.071929
        ]
      },
      "properties": {
        "area_id": "MIE03-000222",
        "district_id": "MIE-03",
        "prefecture": "三重県",
        "city": "三重郡",
        "town": "朝日町大字柿 第11区画",
        "postal_code": "5110001",
        "pattern_rule": "PATTERN_A_WHOLE",
        "color_code": "#ef4444"
      }
    },
    {
      "type": "Feature",
      "geometry": {
        "type": "Point",
        "coordinates": [
          136.682092,
          35.067521
        ]
      },
      "properties": {
        "area_id": "MIE03-000223",
        "district_id": "MIE-03",
        "prefecture": "三重県",
        "city": "三重郡",
        "town": "川越町大字豊田 第11区画",
        "postal_code": "5110001",
        "pattern_rule": "PATTERN_A_WHOLE",
        "color_code": "#ef4444"
      }
    },
    {
      "type": "Feature",
      "geometry": {
        "type": "Point",
        "coordinates": [
          136.682141,
          35.067319
        ]
      },
      "properties": {
        "area_id": "MIE03-000224",
        "district_id": "MIE-03",
        "prefecture": "三重県",
        "city": "桑名郡",
        "town": "木曽岬町加畑 第12区画",
        "postal_code": "5110001",
        "pattern_rule": "PATTERN_A_WHOLE",
        "color_code": "#ef4444"
      }
    },
    {
      "type": "Feature",
      "geometry": {
        "type": "Point",
        "coordinates": [
          136.668199,
          35.064443
        ]
      },
      "properties": {
        "area_id": "MIE03-000225",
        "district_id": "MIE-03",
        "prefecture": "三重県",
        "city": "桑名郡",
        "town": "木曽岬町源緑輪中 第12区画",
        "postal_code": "5110001",
        "pattern_rule": "PATTERN_A_WHOLE",
        "color_code": "#ef4444"
      }
    },
    {
      "type": "Feature",
      "geometry": {
        "type": "Point",
        "coordinates": [
          136.68816,
          35.0641
        ]
      },
      "properties": {
        "area_id": "MIE03-000226",
        "district_id": "MIE-03",
        "prefecture": "三重県",
        "city": "員弁郡",
        "town": "東員町穴太 第12区画",
        "postal_code": "5110001",
        "pattern_rule": "PATTERN_A_WHOLE",
        "color_code": "#ef4444"
      }
    },
    {
      "type": "Feature",
      "geometry": {
        "type": "Point",
        "coordinates": [
          136.673731,
          35.060836
        ]
      },
      "properties": {
        "area_id": "MIE03-000227",
        "district_id": "MIE-03",
        "prefecture": "三重県",
        "city": "員弁郡",
        "town": "東員町笹尾東1丁目 第12区画",
        "postal_code": "5110001",
        "pattern_rule": "PATTERN_A_WHOLE",
        "color_code": "#ef4444"
      }
    },
    {
      "type": "Feature",
      "geometry": {
        "type": "Point",
        "coordinates": [
          136.671534,
          35.069225
        ]
      },
      "properties": {
        "area_id": "MIE03-000228",
        "district_id": "MIE-03",
        "prefecture": "三重県",
        "city": "員弁郡",
        "town": "東員町笹尾東2丁目 第12区画",
        "postal_code": "5110001",
        "pattern_rule": "PATTERN_A_WHOLE",
        "color_code": "#ef4444"
      }
    },
    {
      "type": "Feature",
      "geometry": {
        "type": "Point",
        "coordinates": [
          136.681417,
          35.057403
        ]
      },
      "properties": {
        "area_id": "MIE03-000229",
        "district_id": "MIE-03",
        "prefecture": "三重県",
        "city": "員弁郡",
        "town": "東員町笹尾東3丁目 第12区画",
        "postal_code": "5110001",
        "pattern_rule": "PATTERN_A_WHOLE",
        "color_code": "#ef4444"
      }
    },
    {
      "type": "Feature",
      "geometry": {
        "type": "Point",
        "coordinates": [
          136.677131,
          35.063891
        ]
      },
      "properties": {
        "area_id": "MIE03-000230",
        "district_id": "MIE-03",
        "prefecture": "三重県",
        "city": "三重郡",
        "town": "菰野町大字菰野 第12区画",
        "postal_code": "5110001",
        "pattern_rule": "PATTERN_A_WHOLE",
        "color_code": "#ef4444"
      }
    },
    {
      "type": "Feature",
      "geometry": {
        "type": "Point",
        "coordinates": [
          136.67652,
          35.065452
        ]
      },
      "properties": {
        "area_id": "MIE03-000231",
        "district_id": "MIE-03",
        "prefecture": "三重県",
        "city": "三重郡",
        "town": "朝日町大字柿 第12区画",
        "postal_code": "5110001",
        "pattern_rule": "PATTERN_A_WHOLE",
        "color_code": "#ef4444"
      }
    },
    {
      "type": "Feature",
      "geometry": {
        "type": "Point",
        "coordinates": [
          136.68478,
          35.060758
        ]
      },
      "properties": {
        "area_id": "MIE03-000232",
        "district_id": "MIE-03",
        "prefecture": "三重県",
        "city": "三重郡",
        "town": "川越町大字豊田 第12区画",
        "postal_code": "5110001",
        "pattern_rule": "PATTERN_A_WHOLE",
        "color_code": "#ef4444"
      }
    },
    {
      "type": "Feature",
      "geometry": {
        "type": "Point",
        "coordinates": [
          136.681264,
          35.072676
        ]
      },
      "properties": {
        "area_id": "MIE03-000233",
        "district_id": "MIE-03",
        "prefecture": "三重県",
        "city": "桑名郡",
        "town": "木曽岬町加畑 第13区画",
        "postal_code": "5110001",
        "pattern_rule": "PATTERN_A_WHOLE",
        "color_code": "#ef4444"
      }
    },
    {
      "type": "Feature",
      "geometry": {
        "type": "Point",
        "coordinates": [
          136.677733,
          35.066274
        ]
      },
      "properties": {
        "area_id": "MIE03-000234",
        "district_id": "MIE-03",
        "prefecture": "三重県",
        "city": "桑名郡",
        "town": "木曽岬町源緑輪中 第13区画",
        "postal_code": "5110001",
        "pattern_rule": "PATTERN_A_WHOLE",
        "color_code": "#ef4444"
      }
    },
    {
      "type": "Feature",
      "geometry": {
        "type": "Point",
        "coordinates": [
          136.687475,
          35.065886
        ]
      },
      "properties": {
        "area_id": "MIE03-000235",
        "district_id": "MIE-03",
        "prefecture": "三重県",
        "city": "員弁郡",
        "town": "東員町穴太 第13区画",
        "postal_code": "5110001",
        "pattern_rule": "PATTERN_A_WHOLE",
        "color_code": "#ef4444"
      }
    },
    {
      "type": "Feature",
      "geometry": {
        "type": "Point",
        "coordinates": [
          136.677096,
          35.059139
        ]
      },
      "properties": {
        "area_id": "MIE03-000236",
        "district_id": "MIE-03",
        "prefecture": "三重県",
        "city": "員弁郡",
        "town": "東員町笹尾東1丁目 第13区画",
        "postal_code": "5110001",
        "pattern_rule": "PATTERN_A_WHOLE",
        "color_code": "#ef4444"
      }
    },
    {
      "type": "Feature",
      "geometry": {
        "type": "Point",
        "coordinates": [
          136.688913,
          35.065276
        ]
      },
      "properties": {
        "area_id": "MIE03-000237",
        "district_id": "MIE-03",
        "prefecture": "三重県",
        "city": "員弁郡",
        "town": "東員町笹尾東2丁目 第13区画",
        "postal_code": "5110001",
        "pattern_rule": "PATTERN_A_WHOLE",
        "color_code": "#ef4444"
      }
    },
    {
      "type": "Feature",
      "geometry": {
        "type": "Point",
        "coordinates": [
          136.677668,
          35.072519
        ]
      },
      "properties": {
        "area_id": "MIE03-000238",
        "district_id": "MIE-03",
        "prefecture": "三重県",
        "city": "員弁郡",
        "town": "東員町笹尾東3丁目 第13区画",
        "postal_code": "5110001",
        "pattern_rule": "PATTERN_A_WHOLE",
        "color_code": "#ef4444"
      }
    },
    {
      "type": "Feature",
      "geometry": {
        "type": "Point",
        "coordinates": [
          136.681491,
          35.068736
        ]
      },
      "properties": {
        "area_id": "MIE03-000239",
        "district_id": "MIE-03",
        "prefecture": "三重県",
        "city": "三重郡",
        "town": "菰野町大字菰野 第13区画",
        "postal_code": "5110001",
        "pattern_rule": "PATTERN_A_WHOLE",
        "color_code": "#ef4444"
      }
    },
    {
      "type": "Feature",
      "geometry": {
        "type": "Point",
        "coordinates": [
          136.678443,
          35.066023
        ]
      },
      "properties": {
        "area_id": "MIE03-000240",
        "district_id": "MIE-03",
        "prefecture": "三重県",
        "city": "三重郡",
        "town": "朝日町大字柿 第13区画",
        "postal_code": "5110001",
        "pattern_rule": "PATTERN_A_WHOLE",
        "color_code": "#ef4444"
      }
    },
    {
      "type": "Feature",
      "geometry": {
        "type": "Point",
        "coordinates": [
          136.686231,
          35.058333
        ]
      },
      "properties": {
        "area_id": "MIE03-000241",
        "district_id": "MIE-03",
        "prefecture": "三重県",
        "city": "三重郡",
        "town": "川越町大字豊田 第13区画",
        "postal_code": "5110001",
        "pattern_rule": "PATTERN_A_WHOLE",
        "color_code": "#ef4444"
      }
    },
    {
      "type": "Feature",
      "geometry": {
        "type": "Point",
        "coordinates": [
          136.68325,
          35.06272
        ]
      },
      "properties": {
        "area_id": "MIE03-000242",
        "district_id": "MIE-03",
        "prefecture": "三重県",
        "city": "桑名郡",
        "town": "木曽岬町加畑 第14区画",
        "postal_code": "5110001",
        "pattern_rule": "PATTERN_A_WHOLE",
        "color_code": "#ef4444"
      }
    },
    {
      "type": "Feature",
      "geometry": {
        "type": "Point",
        "coordinates": [
          136.681806,
          35.068235
        ]
      },
      "properties": {
        "area_id": "MIE03-000243",
        "district_id": "MIE-03",
        "prefecture": "三重県",
        "city": "桑名郡",
        "town": "木曽岬町源緑輪中 第14区画",
        "postal_code": "5110001",
        "pattern_rule": "PATTERN_A_WHOLE",
        "color_code": "#ef4444"
      }
    },
    {
      "type": "Feature",
      "geometry": {
        "type": "Point",
        "coordinates": [
          136.677038,
          35.062617
        ]
      },
      "properties": {
        "area_id": "MIE03-000244",
        "district_id": "MIE-03",
        "prefecture": "三重県",
        "city": "員弁郡",
        "town": "東員町穴太 第14区画",
        "postal_code": "5110001",
        "pattern_rule": "PATTERN_A_WHOLE",
        "color_code": "#ef4444"
      }
    },
    {
      "type": "Feature",
      "geometry": {
        "type": "Point",
        "coordinates": [
          136.675466,
          35.062006
        ]
      },
      "properties": {
        "area_id": "MIE03-000245",
        "district_id": "MIE-03",
        "prefecture": "三重県",
        "city": "員弁郡",
        "town": "東員町笹尾東1丁目 第14区画",
        "postal_code": "5110001",
        "pattern_rule": "PATTERN_A_WHOLE",
        "color_code": "#ef4444"
      }
    },
    {
      "type": "Feature",
      "geometry": {
        "type": "Point",
        "coordinates": [
          136.677007,
          35.064676
        ]
      },
      "properties": {
        "area_id": "MIE03-000246",
        "district_id": "MIE-03",
        "prefecture": "三重県",
        "city": "員弁郡",
        "town": "東員町笹尾東2丁目 第14区画",
        "postal_code": "5110001",
        "pattern_rule": "PATTERN_A_WHOLE",
        "color_code": "#ef4444"
      }
    },
    {
      "type": "Feature",
      "geometry": {
        "type": "Point",
        "coordinates": [
          136.680335,
          35.060912
        ]
      },
      "properties": {
        "area_id": "MIE03-000247",
        "district_id": "MIE-03",
        "prefecture": "三重県",
        "city": "員弁郡",
        "town": "東員町笹尾東3丁目 第14区画",
        "postal_code": "5110001",
        "pattern_rule": "PATTERN_A_WHOLE",
        "color_code": "#ef4444"
      }
    },
    {
      "type": "Feature",
      "geometry": {
        "type": "Point",
        "coordinates": [
          136.681264,
          35.072676
        ]
      },
      "properties": {
        "area_id": "MIE03-000248",
        "district_id": "MIE-03",
        "prefecture": "三重県",
        "city": "三重郡",
        "town": "菰野町大字菰野 第14区画",
        "postal_code": "5110001",
        "pattern_rule": "PATTERN_A_WHOLE",
        "color_code": "#ef4444"
      }
    },
    {
      "type": "Feature",
      "geometry": {
        "type": "Point",
        "coordinates": [
          136.681523,
          35.06125
        ]
      },
      "properties": {
        "area_id": "MIE03-000249",
        "district_id": "MIE-03",
        "prefecture": "三重県",
        "city": "三重郡",
        "town": "朝日町大字柿 第14区画",
        "postal_code": "5110001",
        "pattern_rule": "PATTERN_A_WHOLE",
        "color_code": "#ef4444"
      }
    },
    {
      "type": "Feature",
      "geometry": {
        "type": "Point",
        "coordinates": [
          136.679048,
          35.060917
        ]
      },
      "properties": {
        "area_id": "MIE03-000250",
        "district_id": "MIE-03",
        "prefecture": "三重県",
        "city": "三重郡",
        "town": "川越町大字豊田 第14区画",
        "postal_code": "5110001",
        "pattern_rule": "PATTERN_A_WHOLE",
        "color_code": "#ef4444"
      }
    },
    {
      "type": "Feature",
      "geometry": {
        "type": "Point",
        "coordinates": [
          136.689471,
          35.069424
        ]
      },
      "properties": {
        "area_id": "MIE03-000251",
        "district_id": "MIE-03",
        "prefecture": "三重県",
        "city": "桑名郡",
        "town": "木曽岬町加畑 第15区画",
        "postal_code": "5110001",
        "pattern_rule": "PATTERN_A_WHOLE",
        "color_code": "#ef4444"
      }
    },
    {
      "type": "Feature",
      "geometry": {
        "type": "Point",
        "coordinates": [
          136.683921,
          35.070245
        ]
      },
      "properties": {
        "area_id": "MIE03-000252",
        "district_id": "MIE-03",
        "prefecture": "三重県",
        "city": "桑名郡",
        "town": "木曽岬町源緑輪中 第15区画",
        "postal_code": "5110001",
        "pattern_rule": "PATTERN_A_WHOLE",
        "color_code": "#ef4444"
      }
    },
    {
      "type": "Feature",
      "geometry": {
        "type": "Point",
        "coordinates": [
          136.676696,
          35.060168
        ]
      },
      "properties": {
        "area_id": "MIE03-000253",
        "district_id": "MIE-03",
        "prefecture": "三重県",
        "city": "員弁郡",
        "town": "東員町穴太 第15区画",
        "postal_code": "5110001",
        "pattern_rule": "PATTERN_A_WHOLE",
        "color_code": "#ef4444"
      }
    },
    {
      "type": "Feature",
      "geometry": {
        "type": "Point",
        "coordinates": [
          136.683369,
          35.067693
        ]
      },
      "properties": {
        "area_id": "MIE03-000254",
        "district_id": "MIE-03",
        "prefecture": "三重県",
        "city": "員弁郡",
        "town": "東員町笹尾東1丁目 第15区画",
        "postal_code": "5110001",
        "pattern_rule": "PATTERN_A_WHOLE",
        "color_code": "#ef4444"
      }
    },
    {
      "type": "Feature",
      "geometry": {
        "type": "Point",
        "coordinates": [
          136.683068,
          35.061798
        ]
      },
      "properties": {
        "area_id": "MIE03-000255",
        "district_id": "MIE-03",
        "prefecture": "三重県",
        "city": "員弁郡",
        "town": "東員町笹尾東2丁目 第15区画",
        "postal_code": "5110001",
        "pattern_rule": "PATTERN_A_WHOLE",
        "color_code": "#ef4444"
      }
    },
    {
      "type": "Feature",
      "geometry": {
        "type": "Point",
        "coordinates": [
          136.68209,
          35.070175
        ]
      },
      "properties": {
        "area_id": "MIE03-000256",
        "district_id": "MIE-03",
        "prefecture": "三重県",
        "city": "員弁郡",
        "town": "東員町笹尾東3丁目 第15区画",
        "postal_code": "5110001",
        "pattern_rule": "PATTERN_A_WHOLE",
        "color_code": "#ef4444"
      }
    },
    {
      "type": "Feature",
      "geometry": {
        "type": "Point",
        "coordinates": [
          136.677038,
          35.062617
        ]
      },
      "properties": {
        "area_id": "MIE03-000257",
        "district_id": "MIE-03",
        "prefecture": "三重県",
        "city": "三重郡",
        "town": "菰野町大字菰野 第15区画",
        "postal_code": "5110001",
        "pattern_rule": "PATTERN_A_WHOLE",
        "color_code": "#ef4444"
      }
    },
    {
      "type": "Feature",
      "geometry": {
        "type": "Point",
        "coordinates": [
          136.68478,
          35.067687
        ]
      },
      "properties": {
        "area_id": "MIE03-000258",
        "district_id": "MIE-03",
        "prefecture": "三重県",
        "city": "三重郡",
        "town": "朝日町大字柿 第15区画",
        "postal_code": "5110001",
        "pattern_rule": "PATTERN_A_WHOLE",
        "color_code": "#ef4444"
      }
    },
    {
      "type": "Feature",
      "geometry": {
        "type": "Point",
        "coordinates": [
          136.669128,
          35.065698
        ]
      },
      "properties": {
        "area_id": "MIE03-000259",
        "district_id": "MIE-03",
        "prefecture": "三重県",
        "city": "三重郡",
        "town": "川越町大字豊田 第15区画",
        "postal_code": "5110001",
        "pattern_rule": "PATTERN_A_WHOLE",
        "color_code": "#ef4444"
      }
    },
    {
      "type": "Feature",
      "geometry": {
        "type": "Point",
        "coordinates": [
          136.688913,
          35.065276
        ]
      },
      "properties": {
        "area_id": "MIE03-000260",
        "district_id": "MIE-03",
        "prefecture": "三重県",
        "city": "桑名郡",
        "town": "木曽岬町加畑 第16区画",
        "postal_code": "5110001",
        "pattern_rule": "PATTERN_A_WHOLE",
        "color_code": "#ef4444"
      }
    },
    {
      "type": "Feature",
      "geometry": {
        "type": "Point",
        "coordinates": [
          136.676996,
          35.067422
        ]
      },
      "properties": {
        "area_id": "MIE03-000261",
        "district_id": "MIE-03",
        "prefecture": "三重県",
        "city": "桑名郡",
        "town": "木曽岬町源緑輪中 第16区画",
        "postal_code": "5110001",
        "pattern_rule": "PATTERN_A_WHOLE",
        "color_code": "#ef4444"
      }
    },
    {
      "type": "Feature",
      "geometry": {
        "type": "Point",
        "coordinates": [
          136.680994,
          35.067191
        ]
      },
      "properties": {
        "area_id": "MIE03-000262",
        "district_id": "MIE-03",
        "prefecture": "三重県",
        "city": "員弁郡",
        "town": "東員町穴太 第16区画",
        "postal_code": "5110001",
        "pattern_rule": "PATTERN_A_WHOLE",
        "color_code": "#ef4444"
      }
    },
    {
      "type": "Feature",
      "geometry": {
        "type": "Point",
        "coordinates": [
          136.672568,
          35.06486
        ]
      },
      "properties": {
        "area_id": "MIE03-000263",
        "district_id": "MIE-03",
        "prefecture": "三重県",
        "city": "員弁郡",
        "town": "東員町笹尾東1丁目 第16区画",
        "postal_code": "5110001",
        "pattern_rule": "PATTERN_A_WHOLE",
        "color_code": "#ef4444"
      }
    },
    {
      "type": "Feature",
      "geometry": {
        "type": "Point",
        "coordinates": [
          136.682855,
          35.065419
        ]
      },
      "properties": {
        "area_id": "MIE03-000264",
        "district_id": "MIE-03",
        "prefecture": "三重県",
        "city": "員弁郡",
        "town": "東員町笹尾東2丁目 第16区画",
        "postal_code": "5110001",
        "pattern_rule": "PATTERN_A_WHOLE",
        "color_code": "#ef4444"
      }
    },
    {
      "type": "Feature",
      "geometry": {
        "type": "Point",
        "coordinates": [
          136.684059,
          35.061818
        ]
      },
      "properties": {
        "area_id": "MIE03-000265",
        "district_id": "MIE-03",
        "prefecture": "三重県",
        "city": "員弁郡",
        "town": "東員町笹尾東3丁目 第16区画",
        "postal_code": "5110001",
        "pattern_rule": "PATTERN_A_WHOLE",
        "color_code": "#ef4444"
      }
    },
    {
      "type": "Feature",
      "geometry": {
        "type": "Point",
        "coordinates": [
          136.684718,
          35.066853
        ]
      },
      "properties": {
        "area_id": "MIE03-000266",
        "district_id": "MIE-03",
        "prefecture": "三重県",
        "city": "三重郡",
        "town": "菰野町大字菰野 第16区画",
        "postal_code": "5110001",
        "pattern_rule": "PATTERN_A_WHOLE",
        "color_code": "#ef4444"
      }
    },
    {
      "type": "Feature",
      "geometry": {
        "type": "Point",
        "coordinates": [
          136.669941,
          35.066504
        ]
      },
      "properties": {
        "area_id": "MIE03-000267",
        "district_id": "MIE-03",
        "prefecture": "三重県",
        "city": "三重郡",
        "town": "朝日町大字柿 第16区画",
        "postal_code": "5110001",
        "pattern_rule": "PATTERN_A_WHOLE",
        "color_code": "#ef4444"
      }
    },
    {
      "type": "Feature",
      "geometry": {
        "type": "Point",
        "coordinates": [
          136.670378,
          35.066861
        ]
      },
      "properties": {
        "area_id": "MIE03-000268",
        "district_id": "MIE-03",
        "prefecture": "三重県",
        "city": "三重郡",
        "town": "川越町大字豊田 第16区画",
        "postal_code": "5110001",
        "pattern_rule": "PATTERN_A_WHOLE",
        "color_code": "#ef4444"
      }
    },
    {
      "type": "Feature",
      "geometry": {
        "type": "Point",
        "coordinates": [
          136.682029,
          35.067725
        ]
      },
      "properties": {
        "area_id": "MIE03-000269",
        "district_id": "MIE-03",
        "prefecture": "三重県",
        "city": "桑名郡",
        "town": "木曽岬町加畑 第17区画",
        "postal_code": "5110001",
        "pattern_rule": "PATTERN_A_WHOLE",
        "color_code": "#ef4444"
      }
    },
    {
      "type": "Feature",
      "geometry": {
        "type": "Point",
        "coordinates": [
          136.679395,
          35.066283
        ]
      },
      "properties": {
        "area_id": "MIE03-000270",
        "district_id": "MIE-03",
        "prefecture": "三重県",
        "city": "桑名郡",
        "town": "木曽岬町源緑輪中 第17区画",
        "postal_code": "5110001",
        "pattern_rule": "PATTERN_A_WHOLE",
        "color_code": "#ef4444"
      }
    },
    {
      "type": "Feature",
      "geometry": {
        "type": "Point",
        "coordinates": [
          136.681286,
          35.062317
        ]
      },
      "properties": {
        "area_id": "MIE03-000271",
        "district_id": "MIE-03",
        "prefecture": "三重県",
        "city": "員弁郡",
        "town": "東員町穴太 第17区画",
        "postal_code": "5110001",
        "pattern_rule": "PATTERN_A_WHOLE",
        "color_code": "#ef4444"
      }
    },
    {
      "type": "Feature",
      "geometry": {
        "type": "Point",
        "coordinates": [
          136.68122,
          35.066096
        ]
      },
      "properties": {
        "area_id": "MIE03-000272",
        "district_id": "MIE-03",
        "prefecture": "三重県",
        "city": "員弁郡",
        "town": "東員町笹尾東1丁目 第17区画",
        "postal_code": "5110001",
        "pattern_rule": "PATTERN_A_WHOLE",
        "color_code": "#ef4444"
      }
    },
    {
      "type": "Feature",
      "geometry": {
        "type": "Point",
        "coordinates": [
          136.672121,
          35.059671
        ]
      },
      "properties": {
        "area_id": "MIE03-000273",
        "district_id": "MIE-03",
        "prefecture": "三重県",
        "city": "員弁郡",
        "town": "東員町笹尾東2丁目 第17区画",
        "postal_code": "5110001",
        "pattern_rule": "PATTERN_A_WHOLE",
        "color_code": "#ef4444"
      }
    },
    {
      "type": "Feature",
      "geometry": {
        "type": "Point",
        "coordinates": [
          136.674349,
          35.067276
        ]
      },
      "properties": {
        "area_id": "MIE03-000274",
        "district_id": "MIE-03",
        "prefecture": "三重県",
        "city": "員弁郡",
        "town": "東員町笹尾東3丁目 第17区画",
        "postal_code": "5110001",
        "pattern_rule": "PATTERN_A_WHOLE",
        "color_code": "#ef4444"
      }
    },
    {
      "type": "Feature",
      "geometry": {
        "type": "Point",
        "coordinates": [
          136.684059,
          35.061818
        ]
      },
      "properties": {
        "area_id": "MIE03-000275",
        "district_id": "MIE-03",
        "prefecture": "三重県",
        "city": "三重郡",
        "town": "菰野町大字菰野 第17区画",
        "postal_code": "5110001",
        "pattern_rule": "PATTERN_A_WHOLE",
        "color_code": "#ef4444"
      }
    },
    {
      "type": "Feature",
      "geometry": {
        "type": "Point",
        "coordinates": [
          136.676725,
          35.060054
        ]
      },
      "properties": {
        "area_id": "MIE03-000276",
        "district_id": "MIE-03",
        "prefecture": "三重県",
        "city": "三重郡",
        "town": "朝日町大字柿 第17区画",
        "postal_code": "5110001",
        "pattern_rule": "PATTERN_A_WHOLE",
        "color_code": "#ef4444"
      }
    },
    {
      "type": "Feature",
      "geometry": {
        "type": "Point",
        "coordinates": [
          136.673572,
          35.063913
        ]
      },
      "properties": {
        "area_id": "MIE03-000277",
        "district_id": "MIE-03",
        "prefecture": "三重県",
        "city": "三重郡",
        "town": "川越町大字豊田 第17区画",
        "postal_code": "5110001",
        "pattern_rule": "PATTERN_A_WHOLE",
        "color_code": "#ef4444"
      }
    },
    {
      "type": "Feature",
      "geometry": {
        "type": "Point",
        "coordinates": [
          136.68082,
          35.061716
        ]
      },
      "properties": {
        "area_id": "MIE03-000278",
        "district_id": "MIE-03",
        "prefecture": "三重県",
        "city": "桑名郡",
        "town": "木曽岬町加畑 第18区画",
        "postal_code": "5110001",
        "pattern_rule": "PATTERN_A_WHOLE",
        "color_code": "#ef4444"
      }
    },
    {
      "type": "Feature",
      "geometry": {
        "type": "Point",
        "coordinates": [
          136.675427,
          35.0619
        ]
      },
      "properties": {
        "area_id": "MIE03-000279",
        "district_id": "MIE-03",
        "prefecture": "三重県",
        "city": "桑名郡",
        "town": "木曽岬町源緑輪中 第18区画",
        "postal_code": "5110001",
        "pattern_rule": "PATTERN_A_WHOLE",
        "color_code": "#ef4444"
      }
    },
    {
      "type": "Feature",
      "geometry": {
        "type": "Point",
        "coordinates": [
          136.681575,
          35.057346
        ]
      },
      "properties": {
        "area_id": "MIE03-000280",
        "district_id": "MIE-03",
        "prefecture": "三重県",
        "city": "員弁郡",
        "town": "東員町穴太 第18区画",
        "postal_code": "5110001",
        "pattern_rule": "PATTERN_A_WHOLE",
        "color_code": "#ef4444"
      }
    },
    {
      "type": "Feature",
      "geometry": {
        "type": "Point",
        "coordinates": [
          136.678743,
          35.05917
        ]
      },
      "properties": {
        "area_id": "MIE03-000281",
        "district_id": "MIE-03",
        "prefecture": "三重県",
        "city": "員弁郡",
        "town": "東員町笹尾東1丁目 第18区画",
        "postal_code": "5110001",
        "pattern_rule": "PATTERN_A_WHOLE",
        "color_code": "#ef4444"
      }
    },
    {
      "type": "Feature",
      "geometry": {
        "type": "Point",
        "coordinates": [
          136.68,
          35.0733
        ]
      },
      "properties": {
        "area_id": "MIE03-000282",
        "district_id": "MIE-03",
        "prefecture": "三重県",
        "city": "員弁郡",
        "town": "東員町笹尾東2丁目 第18区画",
        "postal_code": "5110001",
        "pattern_rule": "PATTERN_A_WHOLE",
        "color_code": "#ef4444"
      }
    },
    {
      "type": "Feature",
      "geometry": {
        "type": "Point",
        "coordinates": [
          136.680813,
          35.057655
        ]
      },
      "properties": {
        "area_id": "MIE03-000283",
        "district_id": "MIE-03",
        "prefecture": "三重県",
        "city": "員弁郡",
        "town": "東員町笹尾東3丁目 第18区画",
        "postal_code": "5110001",
        "pattern_rule": "PATTERN_A_WHOLE",
        "color_code": "#ef4444"
      }
    },
    {
      "type": "Feature",
      "geometry": {
        "type": "Point",
        "coordinates": [
          136.678309,
          35.059763
        ]
      },
      "properties": {
        "area_id": "MIE03-000284",
        "district_id": "MIE-03",
        "prefecture": "三重県",
        "city": "三重郡",
        "town": "菰野町大字菰野 第18区画",
        "postal_code": "5110001",
        "pattern_rule": "PATTERN_A_WHOLE",
        "color_code": "#ef4444"
      }
    },
    {
      "type": "Feature",
      "geometry": {
        "type": "Point",
        "coordinates": [
          136.678669,
          35.066844
        ]
      },
      "properties": {
        "area_id": "MIE03-000285",
        "district_id": "MIE-03",
        "prefecture": "三重県",
        "city": "三重郡",
        "town": "朝日町大字柿 第18区画",
        "postal_code": "5110001",
        "pattern_rule": "PATTERN_A_WHOLE",
        "color_code": "#ef4444"
      }
    },
    {
      "type": "Feature",
      "geometry": {
        "type": "Point",
        "coordinates": [
          136.670596,
          35.061554
        ]
      },
      "properties": {
        "area_id": "MIE03-000286",
        "district_id": "MIE-03",
        "prefecture": "三重県",
        "city": "三重郡",
        "town": "川越町大字豊田 第18区画",
        "postal_code": "5110001",
        "pattern_rule": "PATTERN_A_WHOLE",
        "color_code": "#ef4444"
      }
    },
    {
      "type": "Feature",
      "geometry": {
        "type": "Point",
        "coordinates": [
          136.67879,
          35.062281
        ]
      },
      "properties": {
        "area_id": "MIE03-000287",
        "district_id": "MIE-03",
        "prefecture": "三重県",
        "city": "桑名郡",
        "town": "木曽岬町加畑 第19区画",
        "postal_code": "5110001",
        "pattern_rule": "PATTERN_A_WHOLE",
        "color_code": "#ef4444"
      }
    },
    {
      "type": "Feature",
      "geometry": {
        "type": "Point",
        "coordinates": [
          136.677375,
          35.058685
        ]
      },
      "properties": {
        "area_id": "MIE03-000288",
        "district_id": "MIE-03",
        "prefecture": "三重県",
        "city": "桑名郡",
        "town": "木曽岬町源緑輪中 第19区画",
        "postal_code": "5110001",
        "pattern_rule": "PATTERN_A_WHOLE",
        "color_code": "#ef4444"
      }
    },
    {
      "type": "Feature",
      "geometry": {
        "type": "Point",
        "coordinates": [
          136.676483,
          35.064512
        ]
      },
      "properties": {
        "area_id": "MIE03-000289",
        "district_id": "MIE-03",
        "prefecture": "三重県",
        "city": "員弁郡",
        "town": "東員町穴太 第19区画",
        "postal_code": "5110001",
        "pattern_rule": "PATTERN_A_WHOLE",
        "color_code": "#ef4444"
      }
    },
    {
      "type": "Feature",
      "geometry": {
        "type": "Point",
        "coordinates": [
          136.685107,
          35.059536
        ]
      },
      "properties": {
        "area_id": "MIE03-000290",
        "district_id": "MIE-03",
        "prefecture": "三重県",
        "city": "員弁郡",
        "town": "東員町笹尾東1丁目 第19区画",
        "postal_code": "5110001",
        "pattern_rule": "PATTERN_A_WHOLE",
        "color_code": "#ef4444"
      }
    },
    {
      "type": "Feature",
      "geometry": {
        "type": "Point",
        "coordinates": [
          136.686471,
          35.056944
        ]
      },
      "properties": {
        "area_id": "MIE03-000291",
        "district_id": "MIE-03",
        "prefecture": "三重県",
        "city": "員弁郡",
        "town": "東員町笹尾東2丁目 第19区画",
        "postal_code": "5110001",
        "pattern_rule": "PATTERN_A_WHOLE",
        "color_code": "#ef4444"
      }
    },
    {
      "type": "Feature",
      "geometry": {
        "type": "Point",
        "coordinates": [
          136.676836,
          35.059711
        ]
      },
      "properties": {
        "area_id": "MIE03-000292",
        "district_id": "MIE-03",
        "prefecture": "三重県",
        "city": "員弁郡",
        "town": "東員町笹尾東3丁目 第19区画",
        "postal_code": "5110001",
        "pattern_rule": "PATTERN_A_WHOLE",
        "color_code": "#ef4444"
      }
    },
    {
      "type": "Feature",
      "geometry": {
        "type": "Point",
        "coordinates": [
          136.682359,
          35.062723
        ]
      },
      "properties": {
        "area_id": "MIE03-000293",
        "district_id": "MIE-03",
        "prefecture": "三重県",
        "city": "三重郡",
        "town": "菰野町大字菰野 第19区画",
        "postal_code": "5110001",
        "pattern_rule": "PATTERN_A_WHOLE",
        "color_code": "#ef4444"
      }
    },
    {
      "type": "Feature",
      "geometry": {
        "type": "Point",
        "coordinates": [
          136.676717,
          35.061885
        ]
      },
      "properties": {
        "area_id": "MIE03-000294",
        "district_id": "MIE-03",
        "prefecture": "三重県",
        "city": "三重郡",
        "town": "朝日町大字柿 第19区画",
        "postal_code": "5110001",
        "pattern_rule": "PATTERN_A_WHOLE",
        "color_code": "#ef4444"
      }
    },
    {
      "type": "Feature",
      "geometry": {
        "type": "Point",
        "coordinates": [
          136.690268,
          35.059927
        ]
      },
      "properties": {
        "area_id": "MIE03-000295",
        "district_id": "MIE-03",
        "prefecture": "三重県",
        "city": "三重郡",
        "town": "川越町大字豊田 第19区画",
        "postal_code": "5110001",
        "pattern_rule": "PATTERN_A_WHOLE",
        "color_code": "#ef4444"
      }
    },
    {
      "type": "Feature",
      "geometry": {
        "type": "Point",
        "coordinates": [
          136.673749,
          35.059729
        ]
      },
      "properties": {
        "area_id": "MIE03-000296",
        "district_id": "MIE-03",
        "prefecture": "三重県",
        "city": "桑名郡",
        "town": "木曽岬町加畑 第20区画",
        "postal_code": "5110001",
        "pattern_rule": "PATTERN_A_WHOLE",
        "color_code": "#ef4444"
      }
    },
    {
      "type": "Feature",
      "geometry": {
        "type": "Point",
        "coordinates": [
          136.671299,
          35.067481
        ]
      },
      "properties": {
        "area_id": "MIE03-000297",
        "district_id": "MIE-03",
        "prefecture": "三重県",
        "city": "桑名郡",
        "town": "木曽岬町源緑輪中 第20区画",
        "postal_code": "5110001",
        "pattern_rule": "PATTERN_A_WHOLE",
        "color_code": "#ef4444"
      }
    },
    {
      "type": "Feature",
      "geometry": {
        "type": "Point",
        "coordinates": [
          136.67211,
          35.05983
        ]
      },
      "properties": {
        "area_id": "MIE03-000298",
        "district_id": "MIE-03",
        "prefecture": "三重県",
        "city": "員弁郡",
        "town": "東員町穴太 第20区画",
        "postal_code": "5110001",
        "pattern_rule": "PATTERN_A_WHOLE",
        "color_code": "#ef4444"
      }
    },
    {
      "type": "Feature",
      "geometry": {
        "type": "Point",
        "coordinates": [
          136.689338,
          35.063145
        ]
      },
      "properties": {
        "area_id": "MIE03-000299",
        "district_id": "MIE-03",
        "prefecture": "三重県",
        "city": "員弁郡",
        "town": "東員町笹尾東1丁目 第20区画",
        "postal_code": "5110001",
        "pattern_rule": "PATTERN_A_WHOLE",
        "color_code": "#ef4444"
      }
    },
    {
      "type": "Feature",
      "geometry": {
        "type": "Point",
        "coordinates": [
          136.68782,
          35.069011
        ]
      },
      "properties": {
        "area_id": "MIE03-000300",
        "district_id": "MIE-03",
        "prefecture": "三重県",
        "city": "員弁郡",
        "town": "東員町笹尾東2丁目 第20区画",
        "postal_code": "5110001",
        "pattern_rule": "PATTERN_A_WHOLE",
        "color_code": "#ef4444"
      }
    },
    {
      "type": "Feature",
      "geometry": {
        "type": "Point",
        "coordinates": [
          136.681331,
          35.061356
        ]
      },
      "properties": {
        "area_id": "MIE03-000301",
        "district_id": "MIE-03",
        "prefecture": "三重県",
        "city": "員弁郡",
        "town": "東員町笹尾東3丁目 第20区画",
        "postal_code": "5110001",
        "pattern_rule": "PATTERN_A_WHOLE",
        "color_code": "#ef4444"
      }
    },
    {
      "type": "Feature",
      "geometry": {
        "type": "Point",
        "coordinates": [
          136.676856,
          35.072668
        ]
      },
      "properties": {
        "area_id": "MIE03-000302",
        "district_id": "MIE-03",
        "prefecture": "三重県",
        "city": "三重郡",
        "town": "菰野町大字菰野 第20区画",
        "postal_code": "5110001",
        "pattern_rule": "PATTERN_A_WHOLE",
        "color_code": "#ef4444"
      }
    },
    {
      "type": "Feature",
      "geometry": {
        "type": "Point",
        "coordinates": [
          136.68216,
          35.067218
        ]
      },
      "properties": {
        "area_id": "MIE03-000303",
        "district_id": "MIE-03",
        "prefecture": "三重県",
        "city": "三重郡",
        "town": "朝日町大字柿 第20区画",
        "postal_code": "5110001",
        "pattern_rule": "PATTERN_A_WHOLE",
        "color_code": "#ef4444"
      }
    },
    {
      "type": "Feature",
      "geometry": {
        "type": "Point",
        "coordinates": [
          136.681806,
          35.059965
        ]
      },
      "properties": {
        "area_id": "MIE03-000304",
        "district_id": "MIE-03",
        "prefecture": "三重県",
        "city": "三重郡",
        "town": "川越町大字豊田 第20区画",
        "postal_code": "5110001",
        "pattern_rule": "PATTERN_A_WHOLE",
        "color_code": "#ef4444"
      }
    },
    {
      "type": "Feature",
      "geometry": {
        "type": "Point",
        "coordinates": [
          136.6902,
          35.061822
        ]
      },
      "properties": {
        "area_id": "MIE03-000305",
        "district_id": "MIE-03",
        "prefecture": "三重県",
        "city": "桑名市",
        "town": "吉之丸 第2区画",
        "postal_code": "5110032",
        "pattern_rule": "PATTERN_A_WHOLE",
        "color_code": "#ef4444"
      }
    },
    {
      "type": "Feature",
      "geometry": {
        "type": "Point",
        "coordinates": [
          136.681331,
          35.061356
        ]
      },
      "properties": {
        "area_id": "MIE03-000306",
        "district_id": "MIE-03",
        "prefecture": "三重県",
        "city": "桑名市",
        "town": "吉之丸 第3区画",
        "postal_code": "5110032",
        "pattern_rule": "PATTERN_A_WHOLE",
        "color_code": "#ef4444"
      }
    },
    {
      "type": "Feature",
      "geometry": {
        "type": "Point",
        "coordinates": [
          136.681464,
          35.062221
        ]
      },
      "properties": {
        "area_id": "MIE03-000307",
        "district_id": "MIE-03",
        "prefecture": "三重県",
        "city": "桑名市",
        "town": "吉之丸 第4区画",
        "postal_code": "5110032",
        "pattern_rule": "PATTERN_A_WHOLE",
        "color_code": "#ef4444"
      }
    },
    {
      "type": "Feature",
      "geometry": {
        "type": "Point",
        "coordinates": [
          136.672292,
          35.061634
        ]
      },
      "properties": {
        "area_id": "MIE03-000308",
        "district_id": "MIE-03",
        "prefecture": "三重県",
        "city": "桑名市",
        "town": "吉之丸 第5区画",
        "postal_code": "5110032",
        "pattern_rule": "PATTERN_A_WHOLE",
        "color_code": "#ef4444"
      }
    },
    {
      "type": "Feature",
      "geometry": {
        "type": "Point",
        "coordinates": [
          136.680057,
          35.06682
        ]
      },
      "properties": {
        "area_id": "MIE03-000309",
        "district_id": "MIE-03",
        "prefecture": "三重県",
        "city": "桑名市",
        "town": "吉之丸 第6区画",
        "postal_code": "5110032",
        "pattern_rule": "PATTERN_A_WHOLE",
        "color_code": "#ef4444"
      }
    },
    {
      "type": "Feature",
      "geometry": {
        "type": "Point",
        "coordinates": [
          136.678058,
          35.072424
        ]
      },
      "properties": {
        "area_id": "MIE03-000310",
        "district_id": "MIE-03",
        "prefecture": "三重県",
        "city": "桑名市",
        "town": "吉之丸 第7区画",
        "postal_code": "5110032",
        "pattern_rule": "PATTERN_A_WHOLE",
        "color_code": "#ef4444"
      }
    },
    {
      "type": "Feature",
      "geometry": {
        "type": "Point",
        "coordinates": [
          136.681417,
          35.068835
        ]
      },
      "properties": {
        "area_id": "MIE03-000311",
        "district_id": "MIE-03",
        "prefecture": "三重県",
        "city": "桑名市",
        "town": "吉之丸 第8区画",
        "postal_code": "5110032",
        "pattern_rule": "PATTERN_A_WHOLE",
        "color_code": "#ef4444"
      }
    },
    {
      "type": "Feature",
      "geometry": {
        "type": "Point",
        "coordinates": [
          136.684315,
          35.059498
        ]
      },
      "properties": {
        "area_id": "MIE03-000312",
        "district_id": "MIE-03",
        "prefecture": "三重県",
        "city": "桑名市",
        "town": "吉之丸 第9区画",
        "postal_code": "5110032",
        "pattern_rule": "PATTERN_A_WHOLE",
        "color_code": "#ef4444"
      }
    },
    {
      "type": "Feature",
      "geometry": {
        "type": "Point",
        "coordinates": [
          136.676648,
          35.072698
        ]
      },
      "properties": {
        "area_id": "MIE03-000313",
        "district_id": "MIE-03",
        "prefecture": "三重県",
        "city": "桑名市",
        "town": "吉之丸 第10区画",
        "postal_code": "5110032",
        "pattern_rule": "PATTERN_A_WHOLE",
        "color_code": "#ef4444"
      }
    },
    {
      "type": "Feature",
      "geometry": {
        "type": "Point",
        "coordinates": [
          136.672422,
          35.062048
        ]
      },
      "properties": {
        "area_id": "MIE03-000314",
        "district_id": "MIE-03",
        "prefecture": "三重県",
        "city": "桑名市",
        "town": "吉之丸 第11区画",
        "postal_code": "5110032",
        "pattern_rule": "PATTERN_A_WHOLE",
        "color_code": "#ef4444"
      }
    },
    {
      "type": "Feature",
      "geometry": {
        "type": "Point",
        "coordinates": [
          136.675067,
          35.056683
        ]
      },
      "properties": {
        "area_id": "MIE03-000315",
        "district_id": "MIE-03",
        "prefecture": "三重県",
        "city": "桑名市",
        "town": "吉之丸 第12区画",
        "postal_code": "5110032",
        "pattern_rule": "PATTERN_A_WHOLE",
        "color_code": "#ef4444"
      }
    },
    {
      "type": "Feature",
      "geometry": {
        "type": "Point",
        "coordinates": [
          136.682203,
          35.072051
        ]
      },
      "properties": {
        "area_id": "MIE03-000316",
        "district_id": "MIE-03",
        "prefecture": "三重県",
        "city": "桑名市",
        "town": "吉之丸 第13区画",
        "postal_code": "5110032",
        "pattern_rule": "PATTERN_A_WHOLE",
        "color_code": "#ef4444"
      }
    },
    {
      "type": "Feature",
      "geometry": {
        "type": "Point",
        "coordinates": [
          136.687908,
          35.058763
        ]
      },
      "properties": {
        "area_id": "MIE03-000317",
        "district_id": "MIE-03",
        "prefecture": "三重県",
        "city": "桑名市",
        "town": "吉之丸 第14区画",
        "postal_code": "5110032",
        "pattern_rule": "PATTERN_A_WHOLE",
        "color_code": "#ef4444"
      }
    },
    {
      "type": "Feature",
      "geometry": {
        "type": "Point",
        "coordinates": [
          136.677051,
          35.066392
        ]
      },
      "properties": {
        "area_id": "MIE03-000318",
        "district_id": "MIE-03",
        "prefecture": "三重県",
        "city": "桑名市",
        "town": "吉之丸 第15区画",
        "postal_code": "5110032",
        "pattern_rule": "PATTERN_A_WHOLE",
        "color_code": "#ef4444"
      }
    },
    {
      "type": "Feature",
      "geometry": {
        "type": "Point",
        "coordinates": [
          136.672992,
          35.056888
        ]
      },
      "properties": {
        "area_id": "MIE03-000319",
        "district_id": "MIE-03",
        "prefecture": "三重県",
        "city": "桑名市",
        "town": "吉之丸 第16区画",
        "postal_code": "5110032",
        "pattern_rule": "PATTERN_A_WHOLE",
        "color_code": "#ef4444"
      }
    },
    {
      "type": "Feature",
      "geometry": {
        "type": "Point",
        "coordinates": [
          136.679105,
          35.058792
        ]
      },
      "properties": {
        "area_id": "MIE03-000320",
        "district_id": "MIE-03",
        "prefecture": "三重県",
        "city": "桑名市",
        "town": "吉之丸 第17区画",
        "postal_code": "5110032",
        "pattern_rule": "PATTERN_A_WHOLE",
        "color_code": "#ef4444"
      }
    },
    {
      "type": "Feature",
      "geometry": {
        "type": "Point",
        "coordinates": [
          136.676587,
          35.064551
        ]
      },
      "properties": {
        "area_id": "MIE03-000321",
        "district_id": "MIE-03",
        "prefecture": "三重県",
        "city": "桑名市",
        "town": "吉之丸 第18区画",
        "postal_code": "5110032",
        "pattern_rule": "PATTERN_A_WHOLE",
        "color_code": "#ef4444"
      }
    },
    {
      "type": "Feature",
      "geometry": {
        "type": "Point",
        "coordinates": [
          136.687162,
          35.06526
        ]
      },
      "properties": {
        "area_id": "MIE03-000322",
        "district_id": "MIE-03",
        "prefecture": "三重県",
        "city": "桑名市",
        "town": "吉之丸 第19区画",
        "postal_code": "5110032",
        "pattern_rule": "PATTERN_A_WHOLE",
        "color_code": "#ef4444"
      }
    },
    {
      "type": "Feature",
      "geometry": {
        "type": "Point",
        "coordinates": [
          136.674456,
          35.072788
        ]
      },
      "properties": {
        "area_id": "MIE03-000323",
        "district_id": "MIE-03",
        "prefecture": "三重県",
        "city": "桑名市",
        "town": "吉之丸 第20区画",
        "postal_code": "5110032",
        "pattern_rule": "PATTERN_A_WHOLE",
        "color_code": "#ef4444"
      }
    },
    {
      "type": "Feature",
      "geometry": {
        "type": "Point",
        "coordinates": [
          136.699,
          35.068
        ]
      },
      "properties": {
        "area_id": "MIE03-000324",
        "district_id": "MIE-03",
        "prefecture": "三重県",
        "city": "桑名市",
        "town": "吉之丸",
        "postal_code": "5110032",
        "pattern_rule": "PATTERN_A_WHOLE",
        "color_code": "#ef4444"
      }
    },
    {
      "type": "Feature",
      "geometry": {
        "type": "Point",
        "coordinates": [
          136.681862,
          35.054302
        ]
      },
      "properties": {
        "area_id": "MIE03-000325",
        "district_id": "MIE-03",
        "prefecture": "三重県",
        "city": "桑名市",
        "town": "多度町香取 第2区画",
        "postal_code": "5110102",
        "pattern_rule": "PATTERN_A_WHOLE",
        "color_code": "#ef4444"
      }
    },
    {
      "type": "Feature",
      "geometry": {
        "type": "Point",
        "coordinates": [
          136.676445,
          35.068662
        ]
      },
      "properties": {
        "area_id": "MIE03-000326",
        "district_id": "MIE-03",
        "prefecture": "三重県",
        "city": "桑名市",
        "town": "多度町香取 第3区画",
        "postal_code": "5110102",
        "pattern_rule": "PATTERN_A_WHOLE",
        "color_code": "#ef4444"
      }
    },
    {
      "type": "Feature",
      "geometry": {
        "type": "Point",
        "coordinates": [
          136.686235,
          35.0611
        ]
      },
      "properties": {
        "area_id": "MIE03-000327",
        "district_id": "MIE-03",
        "prefecture": "三重県",
        "city": "桑名市",
        "town": "多度町香取 第4区画",
        "postal_code": "5110102",
        "pattern_rule": "PATTERN_A_WHOLE",
        "color_code": "#ef4444"
      }
    },
    {
      "type": "Feature",
      "geometry": {
        "type": "Point",
        "coordinates": [
          136.672612,
          35.066587
        ]
      },
      "properties": {
        "area_id": "MIE03-000328",
        "district_id": "MIE-03",
        "prefecture": "三重県",
        "city": "桑名市",
        "town": "多度町香取 第5区画",
        "postal_code": "5110102",
        "pattern_rule": "PATTERN_A_WHOLE",
        "color_code": "#ef4444"
      }
    },
    {
      "type": "Feature",
      "geometry": {
        "type": "Point",
        "coordinates": [
          136.676951,
          35.063788
        ]
      },
      "properties": {
        "area_id": "MIE03-000329",
        "district_id": "MIE-03",
        "prefecture": "三重県",
        "city": "桑名市",
        "town": "多度町香取 第6区画",
        "postal_code": "5110102",
        "pattern_rule": "PATTERN_A_WHOLE",
        "color_code": "#ef4444"
      }
    },
    {
      "type": "Feature",
      "geometry": {
        "type": "Point",
        "coordinates": [
          136.687206,
          35.063149
        ]
      },
      "properties": {
        "area_id": "MIE03-000330",
        "district_id": "MIE-03",
        "prefecture": "三重県",
        "city": "桑名市",
        "town": "多度町香取 第7区画",
        "postal_code": "5110102",
        "pattern_rule": "PATTERN_A_WHOLE",
        "color_code": "#ef4444"
      }
    },
    {
      "type": "Feature",
      "geometry": {
        "type": "Point",
        "coordinates": [
          136.676057,
          35.065361
        ]
      },
      "properties": {
        "area_id": "MIE03-000331",
        "district_id": "MIE-03",
        "prefecture": "三重県",
        "city": "桑名市",
        "town": "多度町香取 第8区画",
        "postal_code": "5110102",
        "pattern_rule": "PATTERN_A_WHOLE",
        "color_code": "#ef4444"
      }
    },
    {
      "type": "Feature",
      "geometry": {
        "type": "Point",
        "coordinates": [
          136.680586,
          35.069679
        ]
      },
      "properties": {
        "area_id": "MIE03-000332",
        "district_id": "MIE-03",
        "prefecture": "三重県",
        "city": "桑名市",
        "town": "多度町香取 第9区画",
        "postal_code": "5110102",
        "pattern_rule": "PATTERN_A_WHOLE",
        "color_code": "#ef4444"
      }
    },
    {
      "type": "Feature",
      "geometry": {
        "type": "Point",
        "coordinates": [
          136.678783,
          35.061925
        ]
      },
      "properties": {
        "area_id": "MIE03-000333",
        "district_id": "MIE-03",
        "prefecture": "三重県",
        "city": "桑名市",
        "town": "多度町香取 第10区画",
        "postal_code": "5110102",
        "pattern_rule": "PATTERN_A_WHOLE",
        "color_code": "#ef4444"
      }
    },
    {
      "type": "Feature",
      "geometry": {
        "type": "Point",
        "coordinates": [
          136.685974,
          35.069629
        ]
      },
      "properties": {
        "area_id": "MIE03-000334",
        "district_id": "MIE-03",
        "prefecture": "三重県",
        "city": "桑名市",
        "town": "多度町香取 第11区画",
        "postal_code": "5110102",
        "pattern_rule": "PATTERN_A_WHOLE",
        "color_code": "#ef4444"
      }
    },
    {
      "type": "Feature",
      "geometry": {
        "type": "Point",
        "coordinates": [
          136.685864,
          35.065879
        ]
      },
      "properties": {
        "area_id": "MIE03-000335",
        "district_id": "MIE-03",
        "prefecture": "三重県",
        "city": "桑名市",
        "town": "多度町香取 第12区画",
        "postal_code": "5110102",
        "pattern_rule": "PATTERN_A_WHOLE",
        "color_code": "#ef4444"
      }
    },
    {
      "type": "Feature",
      "geometry": {
        "type": "Point",
        "coordinates": [
          136.682601,
          35.061856
        ]
      },
      "properties": {
        "area_id": "MIE03-000336",
        "district_id": "MIE-03",
        "prefecture": "三重県",
        "city": "桑名市",
        "town": "多度町香取 第13区画",
        "postal_code": "5110102",
        "pattern_rule": "PATTERN_A_WHOLE",
        "color_code": "#ef4444"
      }
    },
    {
      "type": "Feature",
      "geometry": {
        "type": "Point",
        "coordinates": [
          136.672278,
          35.069499
        ]
      },
      "properties": {
        "area_id": "MIE03-000337",
        "district_id": "MIE-03",
        "prefecture": "三重県",
        "city": "桑名市",
        "town": "多度町香取 第14区画",
        "postal_code": "5110102",
        "pattern_rule": "PATTERN_A_WHOLE",
        "color_code": "#ef4444"
      }
    },
    {
      "type": "Feature",
      "geometry": {
        "type": "Point",
        "coordinates": [
          136.681014,
          35.056064
        ]
      },
      "properties": {
        "area_id": "MIE03-000338",
        "district_id": "MIE-03",
        "prefecture": "三重県",
        "city": "桑名市",
        "town": "多度町香取 第15区画",
        "postal_code": "5110102",
        "pattern_rule": "PATTERN_A_WHOLE",
        "color_code": "#ef4444"
      }
    },
    {
      "type": "Feature",
      "geometry": {
        "type": "Point",
        "coordinates": [
          136.684448,
          35.065989
        ]
      },
      "properties": {
        "area_id": "MIE03-000339",
        "district_id": "MIE-03",
        "prefecture": "三重県",
        "city": "桑名市",
        "town": "多度町香取 第16区画",
        "postal_code": "5110102",
        "pattern_rule": "PATTERN_A_WHOLE",
        "color_code": "#ef4444"
      }
    },
    {
      "type": "Feature",
      "geometry": {
        "type": "Point",
        "coordinates": [
          136.685038,
          35.06469
        ]
      },
      "properties": {
        "area_id": "MIE03-000340",
        "district_id": "MIE-03",
        "prefecture": "三重県",
        "city": "桑名市",
        "town": "多度町香取 第17区画",
        "postal_code": "5110102",
        "pattern_rule": "PATTERN_A_WHOLE",
        "color_code": "#ef4444"
      }
    },
    {
      "type": "Feature",
      "geometry": {
        "type": "Point",
        "coordinates": [
          136.686178,
          35.068901
        ]
      },
      "properties": {
        "area_id": "MIE03-000341",
        "district_id": "MIE-03",
        "prefecture": "三重県",
        "city": "桑名市",
        "town": "多度町香取 第18区画",
        "postal_code": "5110102",
        "pattern_rule": "PATTERN_A_WHOLE",
        "color_code": "#ef4444"
      }
    },
    {
      "type": "Feature",
      "geometry": {
        "type": "Point",
        "coordinates": [
          136.676691,
          35.061786
        ]
      },
      "properties": {
        "area_id": "MIE03-000342",
        "district_id": "MIE-03",
        "prefecture": "三重県",
        "city": "桑名市",
        "town": "多度町香取 第19区画",
        "postal_code": "5110102",
        "pattern_rule": "PATTERN_A_WHOLE",
        "color_code": "#ef4444"
      }
    },
    {
      "type": "Feature",
      "geometry": {
        "type": "Point",
        "coordinates": [
          136.672422,
          35.062048
        ]
      },
      "properties": {
        "area_id": "MIE03-000343",
        "district_id": "MIE-03",
        "prefecture": "三重県",
        "city": "桑名市",
        "town": "多度町香取 第20区画",
        "postal_code": "5110102",
        "pattern_rule": "PATTERN_A_WHOLE",
        "color_code": "#ef4444"
      }
    },
    {
      "type": "Feature",
      "geometry": {
        "type": "Point",
        "coordinates": [
          136.632,
          35.132
        ]
      },
      "properties": {
        "area_id": "MIE03-000344",
        "district_id": "MIE-03",
        "prefecture": "三重県",
        "city": "桑名市",
        "town": "多度町香取",
        "postal_code": "5110102",
        "pattern_rule": "PATTERN_A_WHOLE",
        "color_code": "#ef4444"
      }
    },
    {
      "type": "Feature",
      "geometry": {
        "type": "Point",
        "coordinates": [
          136.508904,
          35.165448
        ]
      },
      "properties": {
        "area_id": "MIE03-000345",
        "district_id": "MIE-03",
        "prefecture": "三重県",
        "city": "いなべ市",
        "town": "大安町丹生川 第10区画",
        "postal_code": "5110201",
        "pattern_rule": "PATTERN_A_WHOLE",
        "color_code": "#ef4444"
      }
    },
    {
      "type": "Feature",
      "geometry": {
        "type": "Point",
        "coordinates": [
          136.525571,
          35.162119
        ]
      },
      "properties": {
        "area_id": "MIE03-000346",
        "district_id": "MIE-03",
        "prefecture": "三重県",
        "city": "いなべ市",
        "town": "大安町丹生川 第11区画",
        "postal_code": "5110201",
        "pattern_rule": "PATTERN_A_WHOLE",
        "color_code": "#ef4444"
      }
    },
    {
      "type": "Feature",
      "geometry": {
        "type": "Point",
        "coordinates": [
          136.513218,
          35.159021
        ]
      },
      "properties": {
        "area_id": "MIE03-000347",
        "district_id": "MIE-03",
        "prefecture": "三重県",
        "city": "いなべ市",
        "town": "大安町丹生川 第12区画",
        "postal_code": "5110201",
        "pattern_rule": "PATTERN_A_WHOLE",
        "color_code": "#ef4444"
      }
    },
    {
      "type": "Feature",
      "geometry": {
        "type": "Point",
        "coordinates": [
          136.517736,
          35.151592
        ]
      },
      "properties": {
        "area_id": "MIE03-000348",
        "district_id": "MIE-03",
        "prefecture": "三重県",
        "city": "いなべ市",
        "town": "大安町丹生川 第13区画",
        "postal_code": "5110201",
        "pattern_rule": "PATTERN_A_WHOLE",
        "color_code": "#ef4444"
      }
    },
    {
      "type": "Feature",
      "geometry": {
        "type": "Point",
        "coordinates": [
          136.506455,
          35.15362
        ]
      },
      "properties": {
        "area_id": "MIE03-000349",
        "district_id": "MIE-03",
        "prefecture": "三重県",
        "city": "いなべ市",
        "town": "大安町丹生川 第14区画",
        "postal_code": "5110201",
        "pattern_rule": "PATTERN_A_WHOLE",
        "color_code": "#ef4444"
      }
    },
    {
      "type": "Feature",
      "geometry": {
        "type": "Point",
        "coordinates": [
          136.524094,
          35.15313
        ]
      },
      "properties": {
        "area_id": "MIE03-000350",
        "district_id": "MIE-03",
        "prefecture": "三重県",
        "city": "いなべ市",
        "town": "大安町丹生川 第15区画",
        "postal_code": "5110201",
        "pattern_rule": "PATTERN_A_WHOLE",
        "color_code": "#ef4444"
      }
    },
    {
      "type": "Feature",
      "geometry": {
        "type": "Point",
        "coordinates": [
          136.525915,
          35.155874
        ]
      },
      "properties": {
        "area_id": "MIE03-000351",
        "district_id": "MIE-03",
        "prefecture": "三重県",
        "city": "いなべ市",
        "town": "大安町丹生川 第16区画",
        "postal_code": "5110201",
        "pattern_rule": "PATTERN_A_WHOLE",
        "color_code": "#ef4444"
      }
    },
    {
      "type": "Feature",
      "geometry": {
        "type": "Point",
        "coordinates": [
          136.515621,
          35.149366
        ]
      },
      "properties": {
        "area_id": "MIE03-000352",
        "district_id": "MIE-03",
        "prefecture": "三重県",
        "city": "いなべ市",
        "town": "大安町丹生川 第17区画",
        "postal_code": "5110201",
        "pattern_rule": "PATTERN_A_WHOLE",
        "color_code": "#ef4444"
      }
    },
    {
      "type": "Feature",
      "geometry": {
        "type": "Point",
        "coordinates": [
          136.51816,
          35.160545
        ]
      },
      "properties": {
        "area_id": "MIE03-000353",
        "district_id": "MIE-03",
        "prefecture": "三重県",
        "city": "いなべ市",
        "town": "大安町丹生川 第18区画",
        "postal_code": "5110201",
        "pattern_rule": "PATTERN_A_WHOLE",
        "color_code": "#ef4444"
      }
    },
    {
      "type": "Feature",
      "geometry": {
        "type": "Point",
        "coordinates": [
          136.51288,
          35.153897
        ]
      },
      "properties": {
        "area_id": "MIE03-000354",
        "district_id": "MIE-03",
        "prefecture": "三重県",
        "city": "いなべ市",
        "town": "大安町丹生川 第19区画",
        "postal_code": "5110201",
        "pattern_rule": "PATTERN_A_WHOLE",
        "color_code": "#ef4444"
      }
    },
    {
      "type": "Feature",
      "geometry": {
        "type": "Point",
        "coordinates": [
          136.520334,
          35.166512
        ]
      },
      "properties": {
        "area_id": "MIE03-000355",
        "district_id": "MIE-03",
        "prefecture": "三重県",
        "city": "いなべ市",
        "town": "大安町丹生川 第20区画",
        "postal_code": "5110201",
        "pattern_rule": "PATTERN_A_WHOLE",
        "color_code": "#ef4444"
      }
    },
    {
      "type": "Feature",
      "geometry": {
        "type": "Point",
        "coordinates": [
          136.517862,
          35.148602
        ]
      },
      "properties": {
        "area_id": "MIE03-000356",
        "district_id": "MIE-03",
        "prefecture": "三重県",
        "city": "いなべ市",
        "town": "員弁町大泉 第2区画",
        "postal_code": "5110224",
        "pattern_rule": "PATTERN_A_WHOLE",
        "color_code": "#ef4444"
      }
    },
    {
      "type": "Feature",
      "geometry": {
        "type": "Point",
        "coordinates": [
          136.519527,
          35.155019
        ]
      },
      "properties": {
        "area_id": "MIE03-000357",
        "district_id": "MIE-03",
        "prefecture": "三重県",
        "city": "いなべ市",
        "town": "員弁町大泉 第3区画",
        "postal_code": "5110224",
        "pattern_rule": "PATTERN_A_WHOLE",
        "color_code": "#ef4444"
      }
    },
    {
      "type": "Feature",
      "geometry": {
        "type": "Point",
        "coordinates": [
          136.51337,
          35.16165
        ]
      },
      "properties": {
        "area_id": "MIE03-000358",
        "district_id": "MIE-03",
        "prefecture": "三重県",
        "city": "いなべ市",
        "town": "員弁町大泉 第4区画",
        "postal_code": "5110224",
        "pattern_rule": "PATTERN_A_WHOLE",
        "color_code": "#ef4444"
      }
    },
    {
      "type": "Feature",
      "geometry": {
        "type": "Point",
        "coordinates": [
          136.507477,
          35.157903
        ]
      },
      "properties": {
        "area_id": "MIE03-000359",
        "district_id": "MIE-03",
        "prefecture": "三重県",
        "city": "いなべ市",
        "town": "員弁町大泉 第5区画",
        "postal_code": "5110224",
        "pattern_rule": "PATTERN_A_WHOLE",
        "color_code": "#ef4444"
      }
    },
    {
      "type": "Feature",
      "geometry": {
        "type": "Point",
        "coordinates": [
          136.516208,
          35.160874
        ]
      },
      "properties": {
        "area_id": "MIE03-000360",
        "district_id": "MIE-03",
        "prefecture": "三重県",
        "city": "いなべ市",
        "town": "員弁町大泉 第6区画",
        "postal_code": "5110224",
        "pattern_rule": "PATTERN_A_WHOLE",
        "color_code": "#ef4444"
      }
    },
    {
      "type": "Feature",
      "geometry": {
        "type": "Point",
        "coordinates": [
          136.517839,
          35.157114
        ]
      },
      "properties": {
        "area_id": "MIE03-000361",
        "district_id": "MIE-03",
        "prefecture": "三重県",
        "city": "いなべ市",
        "town": "員弁町大泉 第7区画",
        "postal_code": "5110224",
        "pattern_rule": "PATTERN_A_WHOLE",
        "color_code": "#ef4444"
      }
    },
    {
      "type": "Feature",
      "geometry": {
        "type": "Point",
        "coordinates": [
          136.508131,
          35.155059
        ]
      },
      "properties": {
        "area_id": "MIE03-000362",
        "district_id": "MIE-03",
        "prefecture": "三重県",
        "city": "いなべ市",
        "town": "員弁町大泉 第8区画",
        "postal_code": "5110224",
        "pattern_rule": "PATTERN_A_WHOLE",
        "color_code": "#ef4444"
      }
    },
    {
      "type": "Feature",
      "geometry": {
        "type": "Point",
        "coordinates": [
          136.512617,
          35.154918
        ]
      },
      "properties": {
        "area_id": "MIE03-000363",
        "district_id": "MIE-03",
        "prefecture": "三重県",
        "city": "いなべ市",
        "town": "員弁町大泉 第9区画",
        "postal_code": "5110224",
        "pattern_rule": "PATTERN_A_WHOLE",
        "color_code": "#ef4444"
      }
    },
    {
      "type": "Feature",
      "geometry": {
        "type": "Point",
        "coordinates": [
          136.505388,
          35.162337
        ]
      },
      "properties": {
        "area_id": "MIE03-000364",
        "district_id": "MIE-03",
        "prefecture": "三重県",
        "city": "いなべ市",
        "town": "員弁町大泉 第10区画",
        "postal_code": "5110224",
        "pattern_rule": "PATTERN_A_WHOLE",
        "color_code": "#ef4444"
      }
    },
    {
      "type": "Feature",
      "geometry": {
        "type": "Point",
        "coordinates": [
          136.514783,
          35.156225
        ]
      },
      "properties": {
        "area_id": "MIE03-000365",
        "district_id": "MIE-03",
        "prefecture": "三重県",
        "city": "いなべ市",
        "town": "員弁町大泉 第11区画",
        "postal_code": "5110224",
        "pattern_rule": "PATTERN_A_WHOLE",
        "color_code": "#ef4444"
      }
    },
    {
      "type": "Feature",
      "geometry": {
        "type": "Point",
        "coordinates": [
          136.51465,
          35.162322
        ]
      },
      "properties": {
        "area_id": "MIE03-000366",
        "district_id": "MIE-03",
        "prefecture": "三重県",
        "city": "いなべ市",
        "town": "員弁町大泉 第12区画",
        "postal_code": "5110224",
        "pattern_rule": "PATTERN_A_WHOLE",
        "color_code": "#ef4444"
      }
    },
    {
      "type": "Feature",
      "geometry": {
        "type": "Point",
        "coordinates": [
          136.52067,
          35.160927
        ]
      },
      "properties": {
        "area_id": "MIE03-000367",
        "district_id": "MIE-03",
        "prefecture": "三重県",
        "city": "いなべ市",
        "town": "員弁町大泉 第13区画",
        "postal_code": "5110224",
        "pattern_rule": "PATTERN_A_WHOLE",
        "color_code": "#ef4444"
      }
    },
    {
      "type": "Feature",
      "geometry": {
        "type": "Point",
        "coordinates": [
          136.509749,
          35.154029
        ]
      },
      "properties": {
        "area_id": "MIE03-000368",
        "district_id": "MIE-03",
        "prefecture": "三重県",
        "city": "いなべ市",
        "town": "員弁町大泉 第14区画",
        "postal_code": "5110224",
        "pattern_rule": "PATTERN_A_WHOLE",
        "color_code": "#ef4444"
      }
    },
    {
      "type": "Feature",
      "geometry": {
        "type": "Point",
        "coordinates": [
          136.516609,
          35.165662
        ]
      },
      "properties": {
        "area_id": "MIE03-000369",
        "district_id": "MIE-03",
        "prefecture": "三重県",
        "city": "いなべ市",
        "town": "員弁町大泉 第15区画",
        "postal_code": "5110224",
        "pattern_rule": "PATTERN_A_WHOLE",
        "color_code": "#ef4444"
      }
    },
    {
      "type": "Feature",
      "geometry": {
        "type": "Point",
        "coordinates": [
          136.52323,
          35.159681
        ]
      },
      "properties": {
        "area_id": "MIE03-000370",
        "district_id": "MIE-03",
        "prefecture": "三重県",
        "city": "いなべ市",
        "town": "員弁町大泉 第16区画",
        "postal_code": "5110224",
        "pattern_rule": "PATTERN_A_WHOLE",
        "color_code": "#ef4444"
      }
    },
    {
      "type": "Feature",
      "geometry": {
        "type": "Point",
        "coordinates": [
          136.524733,
          35.156853
        ]
      },
      "properties": {
        "area_id": "MIE03-000371",
        "district_id": "MIE-03",
        "prefecture": "三重県",
        "city": "いなべ市",
        "town": "員弁町大泉 第17区画",
        "postal_code": "5110224",
        "pattern_rule": "PATTERN_A_WHOLE",
        "color_code": "#ef4444"
      }
    },
    {
      "type": "Feature",
      "geometry": {
        "type": "Point",
        "coordinates": [
          136.515102,
          35.160848
        ]
      },
      "properties": {
        "area_id": "MIE03-000372",
        "district_id": "MIE-03",
        "prefecture": "三重県",
        "city": "いなべ市",
        "town": "員弁町大泉 第18区画",
        "postal_code": "5110224",
        "pattern_rule": "PATTERN_A_WHOLE",
        "color_code": "#ef4444"
      }
    },
    {
      "type": "Feature",
      "geometry": {
        "type": "Point",
        "coordinates": [
          136.50972,
          35.155001
        ]
      },
      "properties": {
        "area_id": "MIE03-000373",
        "district_id": "MIE-03",
        "prefecture": "三重県",
        "city": "いなべ市",
        "town": "員弁町大泉 第19区画",
        "postal_code": "5110224",
        "pattern_rule": "PATTERN_A_WHOLE",
        "color_code": "#ef4444"
      }
    },
    {
      "type": "Feature",
      "geometry": {
        "type": "Point",
        "coordinates": [
          136.52558,
          35.162468
        ]
      },
      "properties": {
        "area_id": "MIE03-000374",
        "district_id": "MIE-03",
        "prefecture": "三重県",
        "city": "いなべ市",
        "town": "員弁町大泉 第20区画",
        "postal_code": "5110224",
        "pattern_rule": "PATTERN_A_WHOLE",
        "color_code": "#ef4444"
      }
    },
    {
      "type": "Feature",
      "geometry": {
        "type": "Point",
        "coordinates": [
          136.562,
          35.128
        ]
      },
      "properties": {
        "area_id": "MIE03-000375",
        "district_id": "MIE-03",
        "prefecture": "三重県",
        "city": "いなべ市",
        "town": "員弁町大泉",
        "postal_code": "5110224",
        "pattern_rule": "PATTERN_A_WHOLE",
        "color_code": "#ef4444"
      }
    },
    {
      "type": "Feature",
      "geometry": {
        "type": "Point",
        "coordinates": [
          136.522159,
          35.161015
        ]
      },
      "properties": {
        "area_id": "MIE03-000376",
        "district_id": "MIE-03",
        "prefecture": "三重県",
        "city": "いなべ市",
        "town": "大安町丹生川",
        "postal_code": "5110261",
        "pattern_rule": "PATTERN_A_WHOLE",
        "color_code": "#ef4444"
      }
    },
    {
      "type": "Feature",
      "geometry": {
        "type": "Point",
        "coordinates": [
          136.519922,
          35.166914
        ]
      },
      "properties": {
        "area_id": "MIE03-000377",
        "district_id": "MIE-03",
        "prefecture": "三重県",
        "city": "いなべ市",
        "town": "大安町丹生川 第2区画",
        "postal_code": "5110261",
        "pattern_rule": "PATTERN_A_WHOLE",
        "color_code": "#ef4444"
      }
    },
    {
      "type": "Feature",
      "geometry": {
        "type": "Point",
        "coordinates": [
          136.523206,
          35.157449
        ]
      },
      "properties": {
        "area_id": "MIE03-000378",
        "district_id": "MIE-03",
        "prefecture": "三重県",
        "city": "いなべ市",
        "town": "大安町丹生川 第3区画",
        "postal_code": "5110261",
        "pattern_rule": "PATTERN_A_WHOLE",
        "color_code": "#ef4444"
      }
    },
    {
      "type": "Feature",
      "geometry": {
        "type": "Point",
        "coordinates": [
          136.523359,
          35.159929
        ]
      },
      "properties": {
        "area_id": "MIE03-000379",
        "district_id": "MIE-03",
        "prefecture": "三重県",
        "city": "いなべ市",
        "town": "大安町丹生川 第4区画",
        "postal_code": "5110261",
        "pattern_rule": "PATTERN_A_WHOLE",
        "color_code": "#ef4444"
      }
    },
    {
      "type": "Feature",
      "geometry": {
        "type": "Point",
        "coordinates": [
          136.524858,
          35.155114
        ]
      },
      "properties": {
        "area_id": "MIE03-000380",
        "district_id": "MIE-03",
        "prefecture": "三重県",
        "city": "いなべ市",
        "town": "大安町丹生川 第5区画",
        "postal_code": "5110261",
        "pattern_rule": "PATTERN_A_WHOLE",
        "color_code": "#ef4444"
      }
    },
    {
      "type": "Feature",
      "geometry": {
        "type": "Point",
        "coordinates": [
          136.511372,
          35.162996
        ]
      },
      "properties": {
        "area_id": "MIE03-000381",
        "district_id": "MIE-03",
        "prefecture": "三重県",
        "city": "いなべ市",
        "town": "大安町丹生川 第6区画",
        "postal_code": "5110261",
        "pattern_rule": "PATTERN_A_WHOLE",
        "color_code": "#ef4444"
      }
    },
    {
      "type": "Feature",
      "geometry": {
        "type": "Point",
        "coordinates": [
          136.509854,
          35.153454
        ]
      },
      "properties": {
        "area_id": "MIE03-000382",
        "district_id": "MIE-03",
        "prefecture": "三重県",
        "city": "いなべ市",
        "town": "大安町丹生川 第7区画",
        "postal_code": "5110261",
        "pattern_rule": "PATTERN_A_WHOLE",
        "color_code": "#ef4444"
      }
    },
    {
      "type": "Feature",
      "geometry": {
        "type": "Point",
        "coordinates": [
          136.513825,
          35.156162
        ]
      },
      "properties": {
        "area_id": "MIE03-000383",
        "district_id": "MIE-03",
        "prefecture": "三重県",
        "city": "いなべ市",
        "town": "大安町丹生川 第8区画",
        "postal_code": "5110261",
        "pattern_rule": "PATTERN_A_WHOLE",
        "color_code": "#ef4444"
      }
    },
    {
      "type": "Feature",
      "geometry": {
        "type": "Point",
        "coordinates": [
          136.511249,
          35.159387
        ]
      },
      "properties": {
        "area_id": "MIE03-000384",
        "district_id": "MIE-03",
        "prefecture": "三重県",
        "city": "いなべ市",
        "town": "大安町丹生川 第9区画",
        "postal_code": "5110261",
        "pattern_rule": "PATTERN_A_WHOLE",
        "color_code": "#ef4444"
      }
    },
    {
      "type": "Feature",
      "geometry": {
        "type": "Point",
        "coordinates": [
          136.513625,
          35.152651
        ]
      },
      "properties": {
        "area_id": "MIE03-000385",
        "district_id": "MIE-03",
        "prefecture": "三重県",
        "city": "いなべ市",
        "town": "北勢町阿下喜 第2区画",
        "postal_code": "5110428",
        "pattern_rule": "PATTERN_A_WHOLE",
        "color_code": "#ef4444"
      }
    },
    {
      "type": "Feature",
      "geometry": {
        "type": "Point",
        "coordinates": [
          136.521359,
          35.155155
        ]
      },
      "properties": {
        "area_id": "MIE03-000386",
        "district_id": "MIE-03",
        "prefecture": "三重県",
        "city": "いなべ市",
        "town": "北勢町阿下喜 第3区画",
        "postal_code": "5110428",
        "pattern_rule": "PATTERN_A_WHOLE",
        "color_code": "#ef4444"
      }
    },
    {
      "type": "Feature",
      "geometry": {
        "type": "Point",
        "coordinates": [
          136.514891,
          35.164975
        ]
      },
      "properties": {
        "area_id": "MIE03-000387",
        "district_id": "MIE-03",
        "prefecture": "三重県",
        "city": "いなべ市",
        "town": "北勢町阿下喜 第4区画",
        "postal_code": "5110428",
        "pattern_rule": "PATTERN_A_WHOLE",
        "color_code": "#ef4444"
      }
    },
    {
      "type": "Feature",
      "geometry": {
        "type": "Point",
        "coordinates": [
          136.513805,
          35.155972
        ]
      },
      "properties": {
        "area_id": "MIE03-000388",
        "district_id": "MIE-03",
        "prefecture": "三重県",
        "city": "いなべ市",
        "town": "北勢町阿下喜 第5区画",
        "postal_code": "5110428",
        "pattern_rule": "PATTERN_A_WHOLE",
        "color_code": "#ef4444"
      }
    },
    {
      "type": "Feature",
      "geometry": {
        "type": "Point",
        "coordinates": [
          136.510079,
          35.162843
        ]
      },
      "properties": {
        "area_id": "MIE03-000389",
        "district_id": "MIE-03",
        "prefecture": "三重県",
        "city": "いなべ市",
        "town": "北勢町阿下喜 第6区画",
        "postal_code": "5110428",
        "pattern_rule": "PATTERN_A_WHOLE",
        "color_code": "#ef4444"
      }
    },
    {
      "type": "Feature",
      "geometry": {
        "type": "Point",
        "coordinates": [
          136.527902,
          35.158227
        ]
      },
      "properties": {
        "area_id": "MIE03-000390",
        "district_id": "MIE-03",
        "prefecture": "三重県",
        "city": "いなべ市",
        "town": "北勢町阿下喜 第7区画",
        "postal_code": "5110428",
        "pattern_rule": "PATTERN_A_WHOLE",
        "color_code": "#ef4444"
      }
    },
    {
      "type": "Feature",
      "geometry": {
        "type": "Point",
        "coordinates": [
          136.516361,
          35.160539
        ]
      },
      "properties": {
        "area_id": "MIE03-000391",
        "district_id": "MIE-03",
        "prefecture": "三重県",
        "city": "いなべ市",
        "town": "北勢町阿下喜 第8区画",
        "postal_code": "5110428",
        "pattern_rule": "PATTERN_A_WHOLE",
        "color_code": "#ef4444"
      }
    },
    {
      "type": "Feature",
      "geometry": {
        "type": "Point",
        "coordinates": [
          136.512079,
          35.152255
        ]
      },
      "properties": {
        "area_id": "MIE03-000392",
        "district_id": "MIE-03",
        "prefecture": "三重県",
        "city": "いなべ市",
        "town": "北勢町阿下喜 第9区画",
        "postal_code": "5110428",
        "pattern_rule": "PATTERN_A_WHOLE",
        "color_code": "#ef4444"
      }
    },
    {
      "type": "Feature",
      "geometry": {
        "type": "Point",
        "coordinates": [
          136.513997,
          35.156788
        ]
      },
      "properties": {
        "area_id": "MIE03-000393",
        "district_id": "MIE-03",
        "prefecture": "三重県",
        "city": "いなべ市",
        "town": "北勢町阿下喜 第10区画",
        "postal_code": "5110428",
        "pattern_rule": "PATTERN_A_WHOLE",
        "color_code": "#ef4444"
      }
    },
    {
      "type": "Feature",
      "geometry": {
        "type": "Point",
        "coordinates": [
          136.509874,
          35.15591
        ]
      },
      "properties": {
        "area_id": "MIE03-000394",
        "district_id": "MIE-03",
        "prefecture": "三重県",
        "city": "いなべ市",
        "town": "北勢町阿下喜 第11区画",
        "postal_code": "5110428",
        "pattern_rule": "PATTERN_A_WHOLE",
        "color_code": "#ef4444"
      }
    },
    {
      "type": "Feature",
      "geometry": {
        "type": "Point",
        "coordinates": [
          136.523897,
          35.162512
        ]
      },
      "properties": {
        "area_id": "MIE03-000395",
        "district_id": "MIE-03",
        "prefecture": "三重県",
        "city": "いなべ市",
        "town": "北勢町阿下喜 第12区画",
        "postal_code": "5110428",
        "pattern_rule": "PATTERN_A_WHOLE",
        "color_code": "#ef4444"
      }
    },
    {
      "type": "Feature",
      "geometry": {
        "type": "Point",
        "coordinates": [
          136.512606,
          35.161771
        ]
      },
      "properties": {
        "area_id": "MIE03-000396",
        "district_id": "MIE-03",
        "prefecture": "三重県",
        "city": "いなべ市",
        "town": "北勢町阿下喜 第13区画",
        "postal_code": "5110428",
        "pattern_rule": "PATTERN_A_WHOLE",
        "color_code": "#ef4444"
      }
    },
    {
      "type": "Feature",
      "geometry": {
        "type": "Point",
        "coordinates": [
          136.516261,
          35.162554
        ]
      },
      "properties": {
        "area_id": "MIE03-000397",
        "district_id": "MIE-03",
        "prefecture": "三重県",
        "city": "いなべ市",
        "town": "北勢町阿下喜 第14区画",
        "postal_code": "5110428",
        "pattern_rule": "PATTERN_A_WHOLE",
        "color_code": "#ef4444"
      }
    },
    {
      "type": "Feature",
      "geometry": {
        "type": "Point",
        "coordinates": [
          136.513,
          35.151138
        ]
      },
      "properties": {
        "area_id": "MIE03-000398",
        "district_id": "MIE-03",
        "prefecture": "三重県",
        "city": "いなべ市",
        "town": "北勢町阿下喜 第15区画",
        "postal_code": "5110428",
        "pattern_rule": "PATTERN_A_WHOLE",
        "color_code": "#ef4444"
      }
    },
    {
      "type": "Feature",
      "geometry": {
        "type": "Point",
        "coordinates": [
          136.519394,
          35.161228
        ]
      },
      "properties": {
        "area_id": "MIE03-000399",
        "district_id": "MIE-03",
        "prefecture": "三重県",
        "city": "いなべ市",
        "town": "北勢町阿下喜 第16区画",
        "postal_code": "5110428",
        "pattern_rule": "PATTERN_A_WHOLE",
        "color_code": "#ef4444"
      }
    },
    {
      "type": "Feature",
      "geometry": {
        "type": "Point",
        "coordinates": [
          136.519023,
          35.157004
        ]
      },
      "properties": {
        "area_id": "MIE03-000400",
        "district_id": "MIE-03",
        "prefecture": "三重県",
        "city": "いなべ市",
        "town": "北勢町阿下喜 第17区画",
        "postal_code": "5110428",
        "pattern_rule": "PATTERN_A_WHOLE",
        "color_code": "#ef4444"
      }
    },
    {
      "type": "Feature",
      "geometry": {
        "type": "Point",
        "coordinates": [
          136.5218,
          35.164368
        ]
      },
      "properties": {
        "area_id": "MIE03-000401",
        "district_id": "MIE-03",
        "prefecture": "三重県",
        "city": "いなべ市",
        "town": "北勢町阿下喜 第18区画",
        "postal_code": "5110428",
        "pattern_rule": "PATTERN_A_WHOLE",
        "color_code": "#ef4444"
      }
    },
    {
      "type": "Feature",
      "geometry": {
        "type": "Point",
        "coordinates": [
          136.513668,
          35.166819
        ]
      },
      "properties": {
        "area_id": "MIE03-000402",
        "district_id": "MIE-03",
        "prefecture": "三重県",
        "city": "いなべ市",
        "town": "北勢町阿下喜 第19区画",
        "postal_code": "5110428",
        "pattern_rule": "PATTERN_A_WHOLE",
        "color_code": "#ef4444"
      }
    },
    {
      "type": "Feature",
      "geometry": {
        "type": "Point",
        "coordinates": [
          136.523528,
          35.160318
        ]
      },
      "properties": {
        "area_id": "MIE03-000403",
        "district_id": "MIE-03",
        "prefecture": "三重県",
        "city": "いなべ市",
        "town": "北勢町阿下喜 第20区画",
        "postal_code": "5110428",
        "pattern_rule": "PATTERN_A_WHOLE",
        "color_code": "#ef4444"
      }
    },
    {
      "type": "Feature",
      "geometry": {
        "type": "Point",
        "coordinates": [
          136.516,
          35.176
        ]
      },
      "properties": {
        "area_id": "MIE03-000404",
        "district_id": "MIE-03",
        "prefecture": "三重県",
        "city": "いなべ市",
        "town": "北勢町阿下喜",
        "postal_code": "5110428",
        "pattern_rule": "PATTERN_A_WHOLE",
        "color_code": "#ef4444"
      }
    },
    {
      "type": "Feature",
      "geometry": {
        "type": "Point",
        "coordinates": [
          136.526093,
          35.154114
        ]
      },
      "properties": {
        "area_id": "MIE03-000405",
        "district_id": "MIE-03",
        "prefecture": "三重県",
        "city": "いなべ市",
        "town": "藤原町市場 第2区画",
        "postal_code": "5110511",
        "pattern_rule": "PATTERN_A_WHOLE",
        "color_code": "#ef4444"
      }
    },
    {
      "type": "Feature",
      "geometry": {
        "type": "Point",
        "coordinates": [
          136.518831,
          35.156122
        ]
      },
      "properties": {
        "area_id": "MIE03-000406",
        "district_id": "MIE-03",
        "prefecture": "三重県",
        "city": "いなべ市",
        "town": "藤原町市場 第3区画",
        "postal_code": "5110511",
        "pattern_rule": "PATTERN_A_WHOLE",
        "color_code": "#ef4444"
      }
    },
    {
      "type": "Feature",
      "geometry": {
        "type": "Point",
        "coordinates": [
          136.509285,
          35.150698
        ]
      },
      "properties": {
        "area_id": "MIE03-000407",
        "district_id": "MIE-03",
        "prefecture": "三重県",
        "city": "いなべ市",
        "town": "藤原町市場 第4区画",
        "postal_code": "5110511",
        "pattern_rule": "PATTERN_A_WHOLE",
        "color_code": "#ef4444"
      }
    },
    {
      "type": "Feature",
      "geometry": {
        "type": "Point",
        "coordinates": [
          136.526476,
          35.156384
        ]
      },
      "properties": {
        "area_id": "MIE03-000408",
        "district_id": "MIE-03",
        "prefecture": "三重県",
        "city": "いなべ市",
        "town": "藤原町市場 第5区画",
        "postal_code": "5110511",
        "pattern_rule": "PATTERN_A_WHOLE",
        "color_code": "#ef4444"
      }
    },
    {
      "type": "Feature",
      "geometry": {
        "type": "Point",
        "coordinates": [
          136.521842,
          35.15806
        ]
      },
      "properties": {
        "area_id": "MIE03-000409",
        "district_id": "MIE-03",
        "prefecture": "三重県",
        "city": "いなべ市",
        "town": "藤原町市場 第6区画",
        "postal_code": "5110511",
        "pattern_rule": "PATTERN_A_WHOLE",
        "color_code": "#ef4444"
      }
    },
    {
      "type": "Feature",
      "geometry": {
        "type": "Point",
        "coordinates": [
          136.504304,
          35.158911
        ]
      },
      "properties": {
        "area_id": "MIE03-000410",
        "district_id": "MIE-03",
        "prefecture": "三重県",
        "city": "いなべ市",
        "town": "藤原町市場 第7区画",
        "postal_code": "5110511",
        "pattern_rule": "PATTERN_A_WHOLE",
        "color_code": "#ef4444"
      }
    },
    {
      "type": "Feature",
      "geometry": {
        "type": "Point",
        "coordinates": [
          136.522243,
          35.156809
        ]
      },
      "properties": {
        "area_id": "MIE03-000411",
        "district_id": "MIE-03",
        "prefecture": "三重県",
        "city": "いなべ市",
        "town": "藤原町市場 第8区画",
        "postal_code": "5110511",
        "pattern_rule": "PATTERN_A_WHOLE",
        "color_code": "#ef4444"
      }
    },
    {
      "type": "Feature",
      "geometry": {
        "type": "Point",
        "coordinates": [
          136.504098,
          35.158573
        ]
      },
      "properties": {
        "area_id": "MIE03-000412",
        "district_id": "MIE-03",
        "prefecture": "三重県",
        "city": "いなべ市",
        "town": "藤原町市場 第9区画",
        "postal_code": "5110511",
        "pattern_rule": "PATTERN_A_WHOLE",
        "color_code": "#ef4444"
      }
    },
    {
      "type": "Feature",
      "geometry": {
        "type": "Point",
        "coordinates": [
          136.522335,
          35.158492
        ]
      },
      "properties": {
        "area_id": "MIE03-000413",
        "district_id": "MIE-03",
        "prefecture": "三重県",
        "city": "いなべ市",
        "town": "藤原町市場 第10区画",
        "postal_code": "5110511",
        "pattern_rule": "PATTERN_A_WHOLE",
        "color_code": "#ef4444"
      }
    },
    {
      "type": "Feature",
      "geometry": {
        "type": "Point",
        "coordinates": [
          136.523651,
          35.157842
        ]
      },
      "properties": {
        "area_id": "MIE03-000414",
        "district_id": "MIE-03",
        "prefecture": "三重県",
        "city": "いなべ市",
        "town": "藤原町市場 第11区画",
        "postal_code": "5110511",
        "pattern_rule": "PATTERN_A_WHOLE",
        "color_code": "#ef4444"
      }
    },
    {
      "type": "Feature",
      "geometry": {
        "type": "Point",
        "coordinates": [
          136.524255,
          35.15852
        ]
      },
      "properties": {
        "area_id": "MIE03-000415",
        "district_id": "MIE-03",
        "prefecture": "三重県",
        "city": "いなべ市",
        "town": "藤原町市場 第12区画",
        "postal_code": "5110511",
        "pattern_rule": "PATTERN_A_WHOLE",
        "color_code": "#ef4444"
      }
    },
    {
      "type": "Feature",
      "geometry": {
        "type": "Point",
        "coordinates": [
          136.513971,
          35.154775
        ]
      },
      "properties": {
        "area_id": "MIE03-000416",
        "district_id": "MIE-03",
        "prefecture": "三重県",
        "city": "いなべ市",
        "town": "藤原町市場 第13区画",
        "postal_code": "5110511",
        "pattern_rule": "PATTERN_A_WHOLE",
        "color_code": "#ef4444"
      }
    },
    {
      "type": "Feature",
      "geometry": {
        "type": "Point",
        "coordinates": [
          136.516725,
          35.153477
        ]
      },
      "properties": {
        "area_id": "MIE03-000417",
        "district_id": "MIE-03",
        "prefecture": "三重県",
        "city": "いなべ市",
        "town": "藤原町市場 第14区画",
        "postal_code": "5110511",
        "pattern_rule": "PATTERN_A_WHOLE",
        "color_code": "#ef4444"
      }
    },
    {
      "type": "Feature",
      "geometry": {
        "type": "Point",
        "coordinates": [
          136.517926,
          35.159845
        ]
      },
      "properties": {
        "area_id": "MIE03-000418",
        "district_id": "MIE-03",
        "prefecture": "三重県",
        "city": "いなべ市",
        "town": "藤原町市場 第15区画",
        "postal_code": "5110511",
        "pattern_rule": "PATTERN_A_WHOLE",
        "color_code": "#ef4444"
      }
    },
    {
      "type": "Feature",
      "geometry": {
        "type": "Point",
        "coordinates": [
          136.507234,
          35.157503
        ]
      },
      "properties": {
        "area_id": "MIE03-000419",
        "district_id": "MIE-03",
        "prefecture": "三重県",
        "city": "いなべ市",
        "town": "藤原町市場 第16区画",
        "postal_code": "5110511",
        "pattern_rule": "PATTERN_A_WHOLE",
        "color_code": "#ef4444"
      }
    },
    {
      "type": "Feature",
      "geometry": {
        "type": "Point",
        "coordinates": [
          136.518463,
          35.152762
        ]
      },
      "properties": {
        "area_id": "MIE03-000420",
        "district_id": "MIE-03",
        "prefecture": "三重県",
        "city": "いなべ市",
        "town": "藤原町市場 第17区画",
        "postal_code": "5110511",
        "pattern_rule": "PATTERN_A_WHOLE",
        "color_code": "#ef4444"
      }
    },
    {
      "type": "Feature",
      "geometry": {
        "type": "Point",
        "coordinates": [
          136.514996,
          35.167963
        ]
      },
      "properties": {
        "area_id": "MIE03-000421",
        "district_id": "MIE-03",
        "prefecture": "三重県",
        "city": "いなべ市",
        "town": "藤原町市場 第18区画",
        "postal_code": "5110511",
        "pattern_rule": "PATTERN_A_WHOLE",
        "color_code": "#ef4444"
      }
    },
    {
      "type": "Feature",
      "geometry": {
        "type": "Point",
        "coordinates": [
          136.510079,
          35.162843
        ]
      },
      "properties": {
        "area_id": "MIE03-000422",
        "district_id": "MIE-03",
        "prefecture": "三重県",
        "city": "いなべ市",
        "town": "藤原町市場 第19区画",
        "postal_code": "5110511",
        "pattern_rule": "PATTERN_A_WHOLE",
        "color_code": "#ef4444"
      }
    },
    {
      "type": "Feature",
      "geometry": {
        "type": "Point",
        "coordinates": [
          136.508909,
          35.159442
        ]
      },
      "properties": {
        "area_id": "MIE03-000423",
        "district_id": "MIE-03",
        "prefecture": "三重県",
        "city": "いなべ市",
        "town": "藤原町市場 第20区画",
        "postal_code": "5110511",
        "pattern_rule": "PATTERN_A_WHOLE",
        "color_code": "#ef4444"
      }
    },
    {
      "type": "Feature",
      "geometry": {
        "type": "Point",
        "coordinates": [
          136.516796,
          35.163799
        ]
      },
      "properties": {
        "area_id": "MIE03-000424",
        "district_id": "MIE-03",
        "prefecture": "三重県",
        "city": "いなべ市",
        "town": "藤原町市場",
        "postal_code": "5110511",
        "pattern_rule": "PATTERN_A_WHOLE",
        "color_code": "#ef4444"
      }
    },
    {
      "type": "Feature",
      "geometry": {
        "type": "Point",
        "coordinates": [
          136.677533,
          35.065487
        ]
      },
      "properties": {
        "area_id": "MIE03-000425",
        "district_id": "MIE-03",
        "prefecture": "三重県",
        "city": "桑名市",
        "town": "江場1丁目 第2区画",
        "postal_code": "5110836",
        "pattern_rule": "PATTERN_A_WHOLE",
        "color_code": "#ef4444"
      }
    },
    {
      "type": "Feature",
      "geometry": {
        "type": "Point",
        "coordinates": [
          136.680893,
          35.071181
        ]
      },
      "properties": {
        "area_id": "MIE03-000426",
        "district_id": "MIE-03",
        "prefecture": "三重県",
        "city": "桑名市",
        "town": "江場2丁目 第2区画",
        "postal_code": "5110836",
        "pattern_rule": "PATTERN_A_WHOLE",
        "color_code": "#ef4444"
      }
    },
    {
      "type": "Feature",
      "geometry": {
        "type": "Point",
        "coordinates": [
          136.682136,
          35.055727
        ]
      },
      "properties": {
        "area_id": "MIE03-000427",
        "district_id": "MIE-03",
        "prefecture": "三重県",
        "city": "桑名市",
        "town": "江場3丁目 第2区画",
        "postal_code": "5110836",
        "pattern_rule": "PATTERN_A_WHOLE",
        "color_code": "#ef4444"
      }
    },
    {
      "type": "Feature",
      "geometry": {
        "type": "Point",
        "coordinates": [
          136.669389,
          35.06598
        ]
      },
      "properties": {
        "area_id": "MIE03-000428",
        "district_id": "MIE-03",
        "prefecture": "三重県",
        "city": "桑名市",
        "town": "江場1丁目 第3区画",
        "postal_code": "5110836",
        "pattern_rule": "PATTERN_A_WHOLE",
        "color_code": "#ef4444"
      }
    },
    {
      "type": "Feature",
      "geometry": {
        "type": "Point",
        "coordinates": [
          136.682753,
          35.060823
        ]
      },
      "properties": {
        "area_id": "MIE03-000429",
        "district_id": "MIE-03",
        "prefecture": "三重県",
        "city": "桑名市",
        "town": "江場2丁目 第3区画",
        "postal_code": "5110836",
        "pattern_rule": "PATTERN_A_WHOLE",
        "color_code": "#ef4444"
      }
    },
    {
      "type": "Feature",
      "geometry": {
        "type": "Point",
        "coordinates": [
          136.691113,
          35.060545
        ]
      },
      "properties": {
        "area_id": "MIE03-000430",
        "district_id": "MIE-03",
        "prefecture": "三重県",
        "city": "桑名市",
        "town": "江場3丁目 第3区画",
        "postal_code": "5110836",
        "pattern_rule": "PATTERN_A_WHOLE",
        "color_code": "#ef4444"
      }
    },
    {
      "type": "Feature",
      "geometry": {
        "type": "Point",
        "coordinates": [
          136.67784,
          35.066245
        ]
      },
      "properties": {
        "area_id": "MIE03-000431",
        "district_id": "MIE-03",
        "prefecture": "三重県",
        "city": "桑名市",
        "town": "江場1丁目 第4区画",
        "postal_code": "5110836",
        "pattern_rule": "PATTERN_A_WHOLE",
        "color_code": "#ef4444"
      }
    },
    {
      "type": "Feature",
      "geometry": {
        "type": "Point",
        "coordinates": [
          136.682029,
          35.067725
        ]
      },
      "properties": {
        "area_id": "MIE03-000432",
        "district_id": "MIE-03",
        "prefecture": "三重県",
        "city": "桑名市",
        "town": "江場2丁目 第4区画",
        "postal_code": "5110836",
        "pattern_rule": "PATTERN_A_WHOLE",
        "color_code": "#ef4444"
      }
    },
    {
      "type": "Feature",
      "geometry": {
        "type": "Point",
        "coordinates": [
          136.672582,
          35.062444
        ]
      },
      "properties": {
        "area_id": "MIE03-000433",
        "district_id": "MIE-03",
        "prefecture": "三重県",
        "city": "桑名市",
        "town": "江場3丁目 第4区画",
        "postal_code": "5110836",
        "pattern_rule": "PATTERN_A_WHOLE",
        "color_code": "#ef4444"
      }
    },
    {
      "type": "Feature",
      "geometry": {
        "type": "Point",
        "coordinates": [
          136.682175,
          35.066338
        ]
      },
      "properties": {
        "area_id": "MIE03-000434",
        "district_id": "MIE-03",
        "prefecture": "三重県",
        "city": "桑名市",
        "town": "江場1丁目 第5区画",
        "postal_code": "5110836",
        "pattern_rule": "PATTERN_A_WHOLE",
        "color_code": "#ef4444"
      }
    },
    {
      "type": "Feature",
      "geometry": {
        "type": "Point",
        "coordinates": [
          136.688383,
          35.060541
        ]
      },
      "properties": {
        "area_id": "MIE03-000435",
        "district_id": "MIE-03",
        "prefecture": "三重県",
        "city": "桑名市",
        "town": "江場2丁目 第5区画",
        "postal_code": "5110836",
        "pattern_rule": "PATTERN_A_WHOLE",
        "color_code": "#ef4444"
      }
    },
    {
      "type": "Feature",
      "geometry": {
        "type": "Point",
        "coordinates": [
          136.674858,
          35.056968
        ]
      },
      "properties": {
        "area_id": "MIE03-000436",
        "district_id": "MIE-03",
        "prefecture": "三重県",
        "city": "桑名市",
        "town": "江場3丁目 第5区画",
        "postal_code": "5110836",
        "pattern_rule": "PATTERN_A_WHOLE",
        "color_code": "#ef4444"
      }
    },
    {
      "type": "Feature",
      "geometry": {
        "type": "Point",
        "coordinates": [
          136.673145,
          35.065314
        ]
      },
      "properties": {
        "area_id": "MIE03-000437",
        "district_id": "MIE-03",
        "prefecture": "三重県",
        "city": "桑名市",
        "town": "江場1丁目 第6区画",
        "postal_code": "5110836",
        "pattern_rule": "PATTERN_A_WHOLE",
        "color_code": "#ef4444"
      }
    },
    {
      "type": "Feature",
      "geometry": {
        "type": "Point",
        "coordinates": [
          136.690266,
          35.064399
        ]
      },
      "properties": {
        "area_id": "MIE03-000438",
        "district_id": "MIE-03",
        "prefecture": "三重県",
        "city": "桑名市",
        "town": "江場2丁目 第6区画",
        "postal_code": "5110836",
        "pattern_rule": "PATTERN_A_WHOLE",
        "color_code": "#ef4444"
      }
    },
    {
      "type": "Feature",
      "geometry": {
        "type": "Point",
        "coordinates": [
          136.672909,
          35.065142
        ]
      },
      "properties": {
        "area_id": "MIE03-000439",
        "district_id": "MIE-03",
        "prefecture": "三重県",
        "city": "桑名市",
        "town": "江場3丁目 第6区画",
        "postal_code": "5110836",
        "pattern_rule": "PATTERN_A_WHOLE",
        "color_code": "#ef4444"
      }
    },
    {
      "type": "Feature",
      "geometry": {
        "type": "Point",
        "coordinates": [
          136.681806,
          35.068235
        ]
      },
      "properties": {
        "area_id": "MIE03-000440",
        "district_id": "MIE-03",
        "prefecture": "三重県",
        "city": "桑名市",
        "town": "江場1丁目 第7区画",
        "postal_code": "5110836",
        "pattern_rule": "PATTERN_A_WHOLE",
        "color_code": "#ef4444"
      }
    },
    {
      "type": "Feature",
      "geometry": {
        "type": "Point",
        "coordinates": [
          136.680797,
          35.054603
        ]
      },
      "properties": {
        "area_id": "MIE03-000441",
        "district_id": "MIE-03",
        "prefecture": "三重県",
        "city": "桑名市",
        "town": "江場2丁目 第7区画",
        "postal_code": "5110836",
        "pattern_rule": "PATTERN_A_WHOLE",
        "color_code": "#ef4444"
      }
    },
    {
      "type": "Feature",
      "geometry": {
        "type": "Point",
        "coordinates": [
          136.675997,
          35.058083
        ]
      },
      "properties": {
        "area_id": "MIE03-000442",
        "district_id": "MIE-03",
        "prefecture": "三重県",
        "city": "桑名市",
        "town": "江場3丁目 第7区画",
        "postal_code": "5110836",
        "pattern_rule": "PATTERN_A_WHOLE",
        "color_code": "#ef4444"
      }
    },
    {
      "type": "Feature",
      "geometry": {
        "type": "Point",
        "coordinates": [
          136.678343,
          35.057605
        ]
      },
      "properties": {
        "area_id": "MIE03-000443",
        "district_id": "MIE-03",
        "prefecture": "三重県",
        "city": "桑名市",
        "town": "江場1丁目 第8区画",
        "postal_code": "5110836",
        "pattern_rule": "PATTERN_A_WHOLE",
        "color_code": "#ef4444"
      }
    },
    {
      "type": "Feature",
      "geometry": {
        "type": "Point",
        "coordinates": [
          136.683263,
          35.059574
        ]
      },
      "properties": {
        "area_id": "MIE03-000444",
        "district_id": "MIE-03",
        "prefecture": "三重県",
        "city": "桑名市",
        "town": "江場2丁目 第8区画",
        "postal_code": "5110836",
        "pattern_rule": "PATTERN_A_WHOLE",
        "color_code": "#ef4444"
      }
    },
    {
      "type": "Feature",
      "geometry": {
        "type": "Point",
        "coordinates": [
          136.683741,
          35.058237
        ]
      },
      "properties": {
        "area_id": "MIE03-000445",
        "district_id": "MIE-03",
        "prefecture": "三重県",
        "city": "桑名市",
        "town": "江場3丁目 第8区画",
        "postal_code": "5110836",
        "pattern_rule": "PATTERN_A_WHOLE",
        "color_code": "#ef4444"
      }
    },
    {
      "type": "Feature",
      "geometry": {
        "type": "Point",
        "coordinates": [
          136.670439,
          35.0687
        ]
      },
      "properties": {
        "area_id": "MIE03-000446",
        "district_id": "MIE-03",
        "prefecture": "三重県",
        "city": "桑名市",
        "town": "江場1丁目 第9区画",
        "postal_code": "5110836",
        "pattern_rule": "PATTERN_A_WHOLE",
        "color_code": "#ef4444"
      }
    },
    {
      "type": "Feature",
      "geometry": {
        "type": "Point",
        "coordinates": [
          136.677799,
          35.061576
        ]
      },
      "properties": {
        "area_id": "MIE03-000447",
        "district_id": "MIE-03",
        "prefecture": "三重県",
        "city": "桑名市",
        "town": "江場2丁目 第9区画",
        "postal_code": "5110836",
        "pattern_rule": "PATTERN_A_WHOLE",
        "color_code": "#ef4444"
      }
    },
    {
      "type": "Feature",
      "geometry": {
        "type": "Point",
        "coordinates": [
          136.677096,
          35.059139
        ]
      },
      "properties": {
        "area_id": "MIE03-000448",
        "district_id": "MIE-03",
        "prefecture": "三重県",
        "city": "桑名市",
        "town": "江場3丁目 第9区画",
        "postal_code": "5110836",
        "pattern_rule": "PATTERN_A_WHOLE",
        "color_code": "#ef4444"
      }
    },
    {
      "type": "Feature",
      "geometry": {
        "type": "Point",
        "coordinates": [
          136.676717,
          35.061885
        ]
      },
      "properties": {
        "area_id": "MIE03-000449",
        "district_id": "MIE-03",
        "prefecture": "三重県",
        "city": "桑名市",
        "town": "江場1丁目 第10区画",
        "postal_code": "5110836",
        "pattern_rule": "PATTERN_A_WHOLE",
        "color_code": "#ef4444"
      }
    },
    {
      "type": "Feature",
      "geometry": {
        "type": "Point",
        "coordinates": [
          136.679638,
          35.058348
        ]
      },
      "properties": {
        "area_id": "MIE03-000450",
        "district_id": "MIE-03",
        "prefecture": "三重県",
        "city": "桑名市",
        "town": "江場2丁目 第10区画",
        "postal_code": "5110836",
        "pattern_rule": "PATTERN_A_WHOLE",
        "color_code": "#ef4444"
      }
    },
    {
      "type": "Feature",
      "geometry": {
        "type": "Point",
        "coordinates": [
          136.67784,
          35.061955
        ]
      },
      "properties": {
        "area_id": "MIE03-000451",
        "district_id": "MIE-03",
        "prefecture": "三重県",
        "city": "桑名市",
        "town": "江場3丁目 第10区画",
        "postal_code": "5110836",
        "pattern_rule": "PATTERN_A_WHOLE",
        "color_code": "#ef4444"
      }
    },
    {
      "type": "Feature",
      "geometry": {
        "type": "Point",
        "coordinates": [
          136.668639,
          35.065095
        ]
      },
      "properties": {
        "area_id": "MIE03-000452",
        "district_id": "MIE-03",
        "prefecture": "三重県",
        "city": "桑名市",
        "town": "江場1丁目 第11区画",
        "postal_code": "5110836",
        "pattern_rule": "PATTERN_A_WHOLE",
        "color_code": "#ef4444"
      }
    },
    {
      "type": "Feature",
      "geometry": {
        "type": "Point",
        "coordinates": [
          136.6852,
          35.063336
        ]
      },
      "properties": {
        "area_id": "MIE03-000453",
        "district_id": "MIE-03",
        "prefecture": "三重県",
        "city": "桑名市",
        "town": "江場2丁目 第11区画",
        "postal_code": "5110836",
        "pattern_rule": "PATTERN_A_WHOLE",
        "color_code": "#ef4444"
      }
    },
    {
      "type": "Feature",
      "geometry": {
        "type": "Point",
        "coordinates": [
          136.677748,
          35.065464
        ]
      },
      "properties": {
        "area_id": "MIE03-000454",
        "district_id": "MIE-03",
        "prefecture": "三重県",
        "city": "桑名市",
        "town": "江場3丁目 第11区画",
        "postal_code": "5110836",
        "pattern_rule": "PATTERN_A_WHOLE",
        "color_code": "#ef4444"
      }
    },
    {
      "type": "Feature",
      "geometry": {
        "type": "Point",
        "coordinates": [
          136.687333,
          35.070653
        ]
      },
      "properties": {
        "area_id": "MIE03-000455",
        "district_id": "MIE-03",
        "prefecture": "三重県",
        "city": "桑名市",
        "town": "江場1丁目 第12区画",
        "postal_code": "5110836",
        "pattern_rule": "PATTERN_A_WHOLE",
        "color_code": "#ef4444"
      }
    },
    {
      "type": "Feature",
      "geometry": {
        "type": "Point",
        "coordinates": [
          136.672265,
          35.067973
        ]
      },
      "properties": {
        "area_id": "MIE03-000456",
        "district_id": "MIE-03",
        "prefecture": "三重県",
        "city": "桑名市",
        "town": "江場2丁目 第12区画",
        "postal_code": "5110836",
        "pattern_rule": "PATTERN_A_WHOLE",
        "color_code": "#ef4444"
      }
    },
    {
      "type": "Feature",
      "geometry": {
        "type": "Point",
        "coordinates": [
          136.680893,
          35.071181
        ]
      },
      "properties": {
        "area_id": "MIE03-000457",
        "district_id": "MIE-03",
        "prefecture": "三重県",
        "city": "桑名市",
        "town": "江場3丁目 第12区画",
        "postal_code": "5110836",
        "pattern_rule": "PATTERN_A_WHOLE",
        "color_code": "#ef4444"
      }
    },
    {
      "type": "Feature",
      "geometry": {
        "type": "Point",
        "coordinates": [
          136.677469,
          35.072561
        ]
      },
      "properties": {
        "area_id": "MIE03-000458",
        "district_id": "MIE-03",
        "prefecture": "三重県",
        "city": "桑名市",
        "town": "江場1丁目 第13区画",
        "postal_code": "5110836",
        "pattern_rule": "PATTERN_A_WHOLE",
        "color_code": "#ef4444"
      }
    },
    {
      "type": "Feature",
      "geometry": {
        "type": "Point",
        "coordinates": [
          136.690339,
          35.061952
        ]
      },
      "properties": {
        "area_id": "MIE03-000459",
        "district_id": "MIE-03",
        "prefecture": "三重県",
        "city": "桑名市",
        "town": "江場2丁目 第13区画",
        "postal_code": "5110836",
        "pattern_rule": "PATTERN_A_WHOLE",
        "color_code": "#ef4444"
      }
    },
    {
      "type": "Feature",
      "geometry": {
        "type": "Point",
        "coordinates": [
          136.683835,
          35.070373
        ]
      },
      "properties": {
        "area_id": "MIE03-000460",
        "district_id": "MIE-03",
        "prefecture": "三重県",
        "city": "桑名市",
        "town": "江場3丁目 第13区画",
        "postal_code": "5110836",
        "pattern_rule": "PATTERN_A_WHOLE",
        "color_code": "#ef4444"
      }
    },
    {
      "type": "Feature",
      "geometry": {
        "type": "Point",
        "coordinates": [
          136.684242,
          35.0656
        ]
      },
      "properties": {
        "area_id": "MIE03-000461",
        "district_id": "MIE-03",
        "prefecture": "三重県",
        "city": "桑名市",
        "town": "江場1丁目 第14区画",
        "postal_code": "5110836",
        "pattern_rule": "PATTERN_A_WHOLE",
        "color_code": "#ef4444"
      }
    },
    {
      "type": "Feature",
      "geometry": {
        "type": "Point",
        "coordinates": [
          136.683394,
          35.067471
        ]
      },
      "properties": {
        "area_id": "MIE03-000462",
        "district_id": "MIE-03",
        "prefecture": "三重県",
        "city": "桑名市",
        "town": "江場2丁目 第14区画",
        "postal_code": "5110836",
        "pattern_rule": "PATTERN_A_WHOLE",
        "color_code": "#ef4444"
      }
    },
    {
      "type": "Feature",
      "geometry": {
        "type": "Point",
        "coordinates": [
          136.682684,
          35.064217
        ]
      },
      "properties": {
        "area_id": "MIE03-000463",
        "district_id": "MIE-03",
        "prefecture": "三重県",
        "city": "桑名市",
        "town": "江場3丁目 第14区画",
        "postal_code": "5110836",
        "pattern_rule": "PATTERN_A_WHOLE",
        "color_code": "#ef4444"
      }
    },
    {
      "type": "Feature",
      "geometry": {
        "type": "Point",
        "coordinates": [
          136.677249,
          35.056603
        ]
      },
      "properties": {
        "area_id": "MIE03-000464",
        "district_id": "MIE-03",
        "prefecture": "三重県",
        "city": "桑名市",
        "town": "江場1丁目 第15区画",
        "postal_code": "5110836",
        "pattern_rule": "PATTERN_A_WHOLE",
        "color_code": "#ef4444"
      }
    },
    {
      "type": "Feature",
      "geometry": {
        "type": "Point",
        "coordinates": [
          136.675067,
          35.056683
        ]
      },
      "properties": {
        "area_id": "MIE03-000465",
        "district_id": "MIE-03",
        "prefecture": "三重県",
        "city": "桑名市",
        "town": "江場2丁目 第15区画",
        "postal_code": "5110836",
        "pattern_rule": "PATTERN_A_WHOLE",
        "color_code": "#ef4444"
      }
    },
    {
      "type": "Feature",
      "geometry": {
        "type": "Point",
        "coordinates": [
          136.683351,
          35.067806
        ]
      },
      "properties": {
        "area_id": "MIE03-000466",
        "district_id": "MIE-03",
        "prefecture": "三重県",
        "city": "桑名市",
        "town": "江場3丁目 第15区画",
        "postal_code": "5110836",
        "pattern_rule": "PATTERN_A_WHOLE",
        "color_code": "#ef4444"
      }
    },
    {
      "type": "Feature",
      "geometry": {
        "type": "Point",
        "coordinates": [
          136.681739,
          35.058691
        ]
      },
      "properties": {
        "area_id": "MIE03-000467",
        "district_id": "MIE-03",
        "prefecture": "三重県",
        "city": "桑名市",
        "town": "江場1丁目 第16区画",
        "postal_code": "5110836",
        "pattern_rule": "PATTERN_A_WHOLE",
        "color_code": "#ef4444"
      }
    },
    {
      "type": "Feature",
      "geometry": {
        "type": "Point",
        "coordinates": [
          136.677131,
          35.063891
        ]
      },
      "properties": {
        "area_id": "MIE03-000468",
        "district_id": "MIE-03",
        "prefecture": "三重県",
        "city": "桑名市",
        "town": "江場2丁目 第16区画",
        "postal_code": "5110836",
        "pattern_rule": "PATTERN_A_WHOLE",
        "color_code": "#ef4444"
      }
    },
    {
      "type": "Feature",
      "geometry": {
        "type": "Point",
        "coordinates": [
          136.677385,
          35.069776
        ]
      },
      "properties": {
        "area_id": "MIE03-000469",
        "district_id": "MIE-03",
        "prefecture": "三重県",
        "city": "桑名市",
        "town": "江場3丁目 第16区画",
        "postal_code": "5110836",
        "pattern_rule": "PATTERN_A_WHOLE",
        "color_code": "#ef4444"
      }
    },
    {
      "type": "Feature",
      "geometry": {
        "type": "Point",
        "coordinates": [
          136.684707,
          35.071798
        ]
      },
      "properties": {
        "area_id": "MIE03-000470",
        "district_id": "MIE-03",
        "prefecture": "三重県",
        "city": "桑名市",
        "town": "江場1丁目 第17区画",
        "postal_code": "5110836",
        "pattern_rule": "PATTERN_A_WHOLE",
        "color_code": "#ef4444"
      }
    },
    {
      "type": "Feature",
      "geometry": {
        "type": "Point",
        "coordinates": [
          136.673749,
          35.059729
        ]
      },
      "properties": {
        "area_id": "MIE03-000471",
        "district_id": "MIE-03",
        "prefecture": "三重県",
        "city": "桑名市",
        "town": "江場2丁目 第17区画",
        "postal_code": "5110836",
        "pattern_rule": "PATTERN_A_WHOLE",
        "color_code": "#ef4444"
      }
    },
    {
      "type": "Feature",
      "geometry": {
        "type": "Point",
        "coordinates": [
          136.684702,
          35.061928
        ]
      },
      "properties": {
        "area_id": "MIE03-000472",
        "district_id": "MIE-03",
        "prefecture": "三重県",
        "city": "桑名市",
        "town": "江場3丁目 第17区画",
        "postal_code": "5110836",
        "pattern_rule": "PATTERN_A_WHOLE",
        "color_code": "#ef4444"
      }
    },
    {
      "type": "Feature",
      "geometry": {
        "type": "Point",
        "coordinates": [
          136.678438,
          35.072318
        ]
      },
      "properties": {
        "area_id": "MIE03-000473",
        "district_id": "MIE-03",
        "prefecture": "三重県",
        "city": "桑名市",
        "town": "江場1丁目 第18区画",
        "postal_code": "5110836",
        "pattern_rule": "PATTERN_A_WHOLE",
        "color_code": "#ef4444"
      }
    },
    {
      "type": "Feature",
      "geometry": {
        "type": "Point",
        "coordinates": [
          136.675226,
          35.06039
        ]
      },
      "properties": {
        "area_id": "MIE03-000474",
        "district_id": "MIE-03",
        "prefecture": "三重県",
        "city": "桑名市",
        "town": "江場2丁目 第18区画",
        "postal_code": "5110836",
        "pattern_rule": "PATTERN_A_WHOLE",
        "color_code": "#ef4444"
      }
    },
    {
      "type": "Feature",
      "geometry": {
        "type": "Point",
        "coordinates": [
          136.676647,
          35.061584
        ]
      },
      "properties": {
        "area_id": "MIE03-000475",
        "district_id": "MIE-03",
        "prefecture": "三重県",
        "city": "桑名市",
        "town": "江場3丁目 第18区画",
        "postal_code": "5110836",
        "pattern_rule": "PATTERN_A_WHOLE",
        "color_code": "#ef4444"
      }
    },
    {
      "type": "Feature",
      "geometry": {
        "type": "Point",
        "coordinates": [
          136.682839,
          35.05965
        ]
      },
      "properties": {
        "area_id": "MIE03-000476",
        "district_id": "MIE-03",
        "prefecture": "三重県",
        "city": "桑名市",
        "town": "江場1丁目 第19区画",
        "postal_code": "5110836",
        "pattern_rule": "PATTERN_A_WHOLE",
        "color_code": "#ef4444"
      }
    },
    {
      "type": "Feature",
      "geometry": {
        "type": "Point",
        "coordinates": [
          136.688688,
          35.064861
        ]
      },
      "properties": {
        "area_id": "MIE03-000477",
        "district_id": "MIE-03",
        "prefecture": "三重県",
        "city": "桑名市",
        "town": "江場2丁目 第19区画",
        "postal_code": "5110836",
        "pattern_rule": "PATTERN_A_WHOLE",
        "color_code": "#ef4444"
      }
    },
    {
      "type": "Feature",
      "geometry": {
        "type": "Point",
        "coordinates": [
          136.684287,
          35.069602
        ]
      },
      "properties": {
        "area_id": "MIE03-000478",
        "district_id": "MIE-03",
        "prefecture": "三重県",
        "city": "桑名市",
        "town": "江場3丁目 第19区画",
        "postal_code": "5110836",
        "pattern_rule": "PATTERN_A_WHOLE",
        "color_code": "#ef4444"
      }
    },
    {
      "type": "Feature",
      "geometry": {
        "type": "Point",
        "coordinates": [
          136.670378,
          35.066861
        ]
      },
      "properties": {
        "area_id": "MIE03-000479",
        "district_id": "MIE-03",
        "prefecture": "三重県",
        "city": "桑名市",
        "town": "江場1丁目 第20区画",
        "postal_code": "5110836",
        "pattern_rule": "PATTERN_A_WHOLE",
        "color_code": "#ef4444"
      }
    },
    {
      "type": "Feature",
      "geometry": {
        "type": "Point",
        "coordinates": [
          136.677609,
          35.067289
        ]
      },
      "properties": {
        "area_id": "MIE03-000480",
        "district_id": "MIE-03",
        "prefecture": "三重県",
        "city": "桑名市",
        "town": "江場2丁目 第20区画",
        "postal_code": "5110836",
        "pattern_rule": "PATTERN_A_WHOLE",
        "color_code": "#ef4444"
      }
    },
    {
      "type": "Feature",
      "geometry": {
        "type": "Point",
        "coordinates": [
          136.68261,
          35.065114
        ]
      },
      "properties": {
        "area_id": "MIE03-000481",
        "district_id": "MIE-03",
        "prefecture": "三重県",
        "city": "桑名市",
        "town": "江場3丁目 第20区画",
        "postal_code": "5110836",
        "pattern_rule": "PATTERN_A_WHOLE",
        "color_code": "#ef4444"
      }
    },
    {
      "type": "Feature",
      "geometry": {
        "type": "Point",
        "coordinates": [
          136.6875,
          35.0515
        ]
      },
      "properties": {
        "area_id": "MIE03-000482",
        "district_id": "MIE-03",
        "prefecture": "三重県",
        "city": "桑名市",
        "town": "江場1丁目",
        "postal_code": "5110836",
        "pattern_rule": "PATTERN_A_WHOLE",
        "color_code": "#ef4444"
      }
    },
    {
      "type": "Feature",
      "geometry": {
        "type": "Point",
        "coordinates": [
          136.689,
          35.0525
        ]
      },
      "properties": {
        "area_id": "MIE03-000483",
        "district_id": "MIE-03",
        "prefecture": "三重県",
        "city": "桑名市",
        "town": "江場2丁目",
        "postal_code": "5110836",
        "pattern_rule": "PATTERN_A_WHOLE",
        "color_code": "#ef4444"
      }
    },
    {
      "type": "Feature",
      "geometry": {
        "type": "Point",
        "coordinates": [
          136.6905,
          35.0535
        ]
      },
      "properties": {
        "area_id": "MIE03-000484",
        "district_id": "MIE-03",
        "prefecture": "三重県",
        "city": "桑名市",
        "town": "江場3丁目",
        "postal_code": "5110836",
        "pattern_rule": "PATTERN_A_WHOLE",
        "color_code": "#ef4444"
      }
    },
    {
      "type": "Feature",
      "geometry": {
        "type": "Point",
        "coordinates": [
          136.669191,
          35.062673
        ]
      },
      "properties": {
        "area_id": "MIE03-000485",
        "district_id": "MIE-03",
        "prefecture": "三重県",
        "city": "桑名市",
        "town": "播磨 第2区画",
        "postal_code": "5110862",
        "pattern_rule": "PATTERN_A_WHOLE",
        "color_code": "#ef4444"
      }
    },
    {
      "type": "Feature",
      "geometry": {
        "type": "Point",
        "coordinates": [
          136.681905,
          35.072267
        ]
      },
      "properties": {
        "area_id": "MIE03-000486",
        "district_id": "MIE-03",
        "prefecture": "三重県",
        "city": "桑名市",
        "town": "播磨 第3区画",
        "postal_code": "5110862",
        "pattern_rule": "PATTERN_A_WHOLE",
        "color_code": "#ef4444"
      }
    },
    {
      "type": "Feature",
      "geometry": {
        "type": "Point",
        "coordinates": [
          136.680395,
          35.059391
        ]
      },
      "properties": {
        "area_id": "MIE03-000487",
        "district_id": "MIE-03",
        "prefecture": "三重県",
        "city": "桑名市",
        "town": "播磨 第4区画",
        "postal_code": "5110862",
        "pattern_rule": "PATTERN_A_WHOLE",
        "color_code": "#ef4444"
      }
    },
    {
      "type": "Feature",
      "geometry": {
        "type": "Point",
        "coordinates": [
          136.684059,
          35.062869
        ]
      },
      "properties": {
        "area_id": "MIE03-000488",
        "district_id": "MIE-03",
        "prefecture": "三重県",
        "city": "桑名市",
        "town": "播磨 第5区画",
        "postal_code": "5110862",
        "pattern_rule": "PATTERN_A_WHOLE",
        "color_code": "#ef4444"
      }
    },
    {
      "type": "Feature",
      "geometry": {
        "type": "Point",
        "coordinates": [
          136.680191,
          35.059543
        ]
      },
      "properties": {
        "area_id": "MIE03-000489",
        "district_id": "MIE-03",
        "prefecture": "三重県",
        "city": "桑名市",
        "town": "播磨 第6区画",
        "postal_code": "5110862",
        "pattern_rule": "PATTERN_A_WHOLE",
        "color_code": "#ef4444"
      }
    },
    {
      "type": "Feature",
      "geometry": {
        "type": "Point",
        "coordinates": [
          136.688383,
          35.060541
        ]
      },
      "properties": {
        "area_id": "MIE03-000490",
        "district_id": "MIE-03",
        "prefecture": "三重県",
        "city": "桑名市",
        "town": "播磨 第7区画",
        "postal_code": "5110862",
        "pattern_rule": "PATTERN_A_WHOLE",
        "color_code": "#ef4444"
      }
    },
    {
      "type": "Feature",
      "geometry": {
        "type": "Point",
        "coordinates": [
          136.675494,
          35.059117
        ]
      },
      "properties": {
        "area_id": "MIE03-000491",
        "district_id": "MIE-03",
        "prefecture": "三重県",
        "city": "桑名市",
        "town": "播磨 第8区画",
        "postal_code": "5110862",
        "pattern_rule": "PATTERN_A_WHOLE",
        "color_code": "#ef4444"
      }
    },
    {
      "type": "Feature",
      "geometry": {
        "type": "Point",
        "coordinates": [
          136.677228,
          35.058911
        ]
      },
      "properties": {
        "area_id": "MIE03-000492",
        "district_id": "MIE-03",
        "prefecture": "三重県",
        "city": "桑名市",
        "town": "播磨 第9区画",
        "postal_code": "5110862",
        "pattern_rule": "PATTERN_A_WHOLE",
        "color_code": "#ef4444"
      }
    },
    {
      "type": "Feature",
      "geometry": {
        "type": "Point",
        "coordinates": [
          136.670636,
          35.061714
        ]
      },
      "properties": {
        "area_id": "MIE03-000493",
        "district_id": "MIE-03",
        "prefecture": "三重県",
        "city": "桑名市",
        "town": "播磨 第10区画",
        "postal_code": "5110862",
        "pattern_rule": "PATTERN_A_WHOLE",
        "color_code": "#ef4444"
      }
    },
    {
      "type": "Feature",
      "geometry": {
        "type": "Point",
        "coordinates": [
          136.686159,
          35.066715
        ]
      },
      "properties": {
        "area_id": "MIE03-000494",
        "district_id": "MIE-03",
        "prefecture": "三重県",
        "city": "桑名市",
        "town": "播磨 第11区画",
        "postal_code": "5110862",
        "pattern_rule": "PATTERN_A_WHOLE",
        "color_code": "#ef4444"
      }
    },
    {
      "type": "Feature",
      "geometry": {
        "type": "Point",
        "coordinates": [
          136.673709,
          35.060429
        ]
      },
      "properties": {
        "area_id": "MIE03-000495",
        "district_id": "MIE-03",
        "prefecture": "三重県",
        "city": "桑名市",
        "town": "播磨 第12区画",
        "postal_code": "5110862",
        "pattern_rule": "PATTERN_A_WHOLE",
        "color_code": "#ef4444"
      }
    },
    {
      "type": "Feature",
      "geometry": {
        "type": "Point",
        "coordinates": [
          136.678714,
          35.065883
        ]
      },
      "properties": {
        "area_id": "MIE03-000496",
        "district_id": "MIE-03",
        "prefecture": "三重県",
        "city": "桑名市",
        "town": "播磨 第13区画",
        "postal_code": "5110862",
        "pattern_rule": "PATTERN_A_WHOLE",
        "color_code": "#ef4444"
      }
    },
    {
      "type": "Feature",
      "geometry": {
        "type": "Point",
        "coordinates": [
          136.672923,
          35.06823
        ]
      },
      "properties": {
        "area_id": "MIE03-000497",
        "district_id": "MIE-03",
        "prefecture": "三重県",
        "city": "桑名市",
        "town": "播磨 第14区画",
        "postal_code": "5110862",
        "pattern_rule": "PATTERN_A_WHOLE",
        "color_code": "#ef4444"
      }
    },
    {
      "type": "Feature",
      "geometry": {
        "type": "Point",
        "coordinates": [
          136.678743,
          35.05917
        ]
      },
      "properties": {
        "area_id": "MIE03-000498",
        "district_id": "MIE-03",
        "prefecture": "三重県",
        "city": "桑名市",
        "town": "播磨 第15区画",
        "postal_code": "5110862",
        "pattern_rule": "PATTERN_A_WHOLE",
        "color_code": "#ef4444"
      }
    },
    {
      "type": "Feature",
      "geometry": {
        "type": "Point",
        "coordinates": [
          136.675372,
          35.068696
        ]
      },
      "properties": {
        "area_id": "MIE03-000499",
        "district_id": "MIE-03",
        "prefecture": "三重県",
        "city": "桑名市",
        "town": "播磨 第16区画",
        "postal_code": "5110862",
        "pattern_rule": "PATTERN_A_WHOLE",
        "color_code": "#ef4444"
      }
    },
    {
      "type": "Feature",
      "geometry": {
        "type": "Point",
        "coordinates": [
          136.682753,
          35.060823
        ]
      },
      "properties": {
        "area_id": "MIE03-000500",
        "district_id": "MIE-03",
        "prefecture": "三重県",
        "city": "桑名市",
        "town": "播磨 第17区画",
        "postal_code": "5110862",
        "pattern_rule": "PATTERN_A_WHOLE",
        "color_code": "#ef4444"
      }
    },
    {
      "type": "Feature",
      "geometry": {
        "type": "Point",
        "coordinates": [
          136.675652,
          35.058728
        ]
      },
      "properties": {
        "area_id": "MIE03-000501",
        "district_id": "MIE-03",
        "prefecture": "三重県",
        "city": "桑名市",
        "town": "播磨 第18区画",
        "postal_code": "5110862",
        "pattern_rule": "PATTERN_A_WHOLE",
        "color_code": "#ef4444"
      }
    },
    {
      "type": "Feature",
      "geometry": {
        "type": "Point",
        "coordinates": [
          136.675817,
          35.062691
        ]
      },
      "properties": {
        "area_id": "MIE03-000502",
        "district_id": "MIE-03",
        "prefecture": "三重県",
        "city": "桑名市",
        "town": "播磨 第19区画",
        "postal_code": "5110862",
        "pattern_rule": "PATTERN_A_WHOLE",
        "color_code": "#ef4444"
      }
    },
    {
      "type": "Feature",
      "geometry": {
        "type": "Point",
        "coordinates": [
          136.679583,
          35.06213
        ]
      },
      "properties": {
        "area_id": "MIE03-000503",
        "district_id": "MIE-03",
        "prefecture": "三重県",
        "city": "桑名市",
        "town": "播磨 第20区画",
        "postal_code": "5110862",
        "pattern_rule": "PATTERN_A_WHOLE",
        "color_code": "#ef4444"
      }
    },
    {
      "type": "Feature",
      "geometry": {
        "type": "Point",
        "coordinates": [
          136.678275,
          35.067048
        ]
      },
      "properties": {
        "area_id": "MIE03-000504",
        "district_id": "MIE-03",
        "prefecture": "三重県",
        "city": "桑名市",
        "town": "播磨",
        "postal_code": "5110862",
        "pattern_rule": "PATTERN_A_WHOLE",
        "color_code": "#ef4444"
      }
    },
    {
      "type": "Feature",
      "geometry": {
        "type": "Point",
        "coordinates": [
          136.674648,
          35.063152
        ]
      },
      "properties": {
        "area_id": "MIE03-000505",
        "district_id": "MIE-03",
        "prefecture": "三重県",
        "city": "桑名市",
        "town": "大山田1丁目 第2区画",
        "postal_code": "5110903",
        "pattern_rule": "PATTERN_A_WHOLE",
        "color_code": "#ef4444"
      }
    },
    {
      "type": "Feature",
      "geometry": {
        "type": "Point",
        "coordinates": [
          136.676591,
          35.069924
        ]
      },
      "properties": {
        "area_id": "MIE03-000506",
        "district_id": "MIE-03",
        "prefecture": "三重県",
        "city": "桑名市",
        "town": "大山田2丁目 第2区画",
        "postal_code": "5110903",
        "pattern_rule": "PATTERN_A_WHOLE",
        "color_code": "#ef4444"
      }
    },
    {
      "type": "Feature",
      "geometry": {
        "type": "Point",
        "coordinates": [
          136.681109,
          35.057525
        ]
      },
      "properties": {
        "area_id": "MIE03-000507",
        "district_id": "MIE-03",
        "prefecture": "三重県",
        "city": "桑名市",
        "town": "大山田3丁目 第2区画",
        "postal_code": "5110903",
        "pattern_rule": "PATTERN_A_WHOLE",
        "color_code": "#ef4444"
      }
    },
    {
      "type": "Feature",
      "geometry": {
        "type": "Point",
        "coordinates": [
          136.682003,
          35.065712
        ]
      },
      "properties": {
        "area_id": "MIE03-000508",
        "district_id": "MIE-03",
        "prefecture": "三重県",
        "city": "桑名市",
        "town": "大山田4丁目 第2区画",
        "postal_code": "5110903",
        "pattern_rule": "PATTERN_A_WHOLE",
        "color_code": "#ef4444"
      }
    },
    {
      "type": "Feature",
      "geometry": {
        "type": "Point",
        "coordinates": [
          136.675408,
          35.059375
        ]
      },
      "properties": {
        "area_id": "MIE03-000509",
        "district_id": "MIE-03",
        "prefecture": "三重県",
        "city": "桑名市",
        "town": "大山田5丁目 第2区画",
        "postal_code": "5110903",
        "pattern_rule": "PATTERN_A_WHOLE",
        "color_code": "#ef4444"
      }
    },
    {
      "type": "Feature",
      "geometry": {
        "type": "Point",
        "coordinates": [
          136.681881,
          35.070388
        ]
      },
      "properties": {
        "area_id": "MIE03-000510",
        "district_id": "MIE-03",
        "prefecture": "三重県",
        "city": "桑名市",
        "town": "大山田6丁目 第2区画",
        "postal_code": "5110903",
        "pattern_rule": "PATTERN_A_WHOLE",
        "color_code": "#ef4444"
      }
    },
    {
      "type": "Feature",
      "geometry": {
        "type": "Point",
        "coordinates": [
          136.68259,
          35.064175
        ]
      },
      "properties": {
        "area_id": "MIE03-000511",
        "district_id": "MIE-03",
        "prefecture": "三重県",
        "city": "桑名市",
        "town": "大山田7丁目 第2区画",
        "postal_code": "5110903",
        "pattern_rule": "PATTERN_A_WHOLE",
        "color_code": "#ef4444"
      }
    },
    {
      "type": "Feature",
      "geometry": {
        "type": "Point",
        "coordinates": [
          136.68075,
          35.060555
        ]
      },
      "properties": {
        "area_id": "MIE03-000512",
        "district_id": "MIE-03",
        "prefecture": "三重県",
        "city": "桑名市",
        "town": "大山田8丁目 第2区画",
        "postal_code": "5110903",
        "pattern_rule": "PATTERN_A_WHOLE",
        "color_code": "#ef4444"
      }
    },
    {
      "type": "Feature",
      "geometry": {
        "type": "Point",
        "coordinates": [
          136.688383,
          35.060541
        ]
      },
      "properties": {
        "area_id": "MIE03-000513",
        "district_id": "MIE-03",
        "prefecture": "三重県",
        "city": "桑名市",
        "town": "大山田1丁目 第3区画",
        "postal_code": "5110903",
        "pattern_rule": "PATTERN_A_WHOLE",
        "color_code": "#ef4444"
      }
    },
    {
      "type": "Feature",
      "geometry": {
        "type": "Point",
        "coordinates": [
          136.683488,
          35.056905
        ]
      },
      "properties": {
        "area_id": "MIE03-000514",
        "district_id": "MIE-03",
        "prefecture": "三重県",
        "city": "桑名市",
        "town": "大山田2丁目 第3区画",
        "postal_code": "5110903",
        "pattern_rule": "PATTERN_A_WHOLE",
        "color_code": "#ef4444"
      }
    },
    {
      "type": "Feature",
      "geometry": {
        "type": "Point",
        "coordinates": [
          136.685496,
          35.065242
        ]
      },
      "properties": {
        "area_id": "MIE03-000515",
        "district_id": "MIE-03",
        "prefecture": "三重県",
        "city": "桑名市",
        "town": "大山田3丁目 第3区画",
        "postal_code": "5110903",
        "pattern_rule": "PATTERN_A_WHOLE",
        "color_code": "#ef4444"
      }
    },
    {
      "type": "Feature",
      "geometry": {
        "type": "Point",
        "coordinates": [
          136.689251,
          35.070343
        ]
      },
      "properties": {
        "area_id": "MIE03-000516",
        "district_id": "MIE-03",
        "prefecture": "三重県",
        "city": "桑名市",
        "town": "大山田4丁目 第3区画",
        "postal_code": "5110903",
        "pattern_rule": "PATTERN_A_WHOLE",
        "color_code": "#ef4444"
      }
    },
    {
      "type": "Feature",
      "geometry": {
        "type": "Point",
        "coordinates": [
          136.687668,
          35.066426
        ]
      },
      "properties": {
        "area_id": "MIE03-000517",
        "district_id": "MIE-03",
        "prefecture": "三重県",
        "city": "桑名市",
        "town": "大山田5丁目 第3区画",
        "postal_code": "5110903",
        "pattern_rule": "PATTERN_A_WHOLE",
        "color_code": "#ef4444"
      }
    },
    {
      "type": "Feature",
      "geometry": {
        "type": "Point",
        "coordinates": [
          136.683383,
          35.067582
        ]
      },
      "properties": {
        "area_id": "MIE03-000518",
        "district_id": "MIE-03",
        "prefecture": "三重県",
        "city": "桑名市",
        "town": "大山田6丁目 第3区画",
        "postal_code": "5110903",
        "pattern_rule": "PATTERN_A_WHOLE",
        "color_code": "#ef4444"
      }
    },
    {
      "type": "Feature",
      "geometry": {
        "type": "Point",
        "coordinates": [
          136.675574,
          35.07279
        ]
      },
      "properties": {
        "area_id": "MIE03-000519",
        "district_id": "MIE-03",
        "prefecture": "三重県",
        "city": "桑名市",
        "town": "大山田7丁目 第3区画",
        "postal_code": "5110903",
        "pattern_rule": "PATTERN_A_WHOLE",
        "color_code": "#ef4444"
      }
    },
    {
      "type": "Feature",
      "geometry": {
        "type": "Point",
        "coordinates": [
          136.679048,
          35.060917
        ]
      },
      "properties": {
        "area_id": "MIE03-000520",
        "district_id": "MIE-03",
        "prefecture": "三重県",
        "city": "桑名市",
        "town": "大山田8丁目 第3区画",
        "postal_code": "5110903",
        "pattern_rule": "PATTERN_A_WHOLE",
        "color_code": "#ef4444"
      }
    },
    {
      "type": "Feature",
      "geometry": {
        "type": "Point",
        "coordinates": [
          136.686715,
          35.071802
        ]
      },
      "properties": {
        "area_id": "MIE03-000521",
        "district_id": "MIE-03",
        "prefecture": "三重県",
        "city": "桑名市",
        "town": "大山田1丁目 第4区画",
        "postal_code": "5110903",
        "pattern_rule": "PATTERN_A_WHOLE",
        "color_code": "#ef4444"
      }
    },
    {
      "type": "Feature",
      "geometry": {
        "type": "Point",
        "coordinates": [
          136.685544,
          35.055412
        ]
      },
      "properties": {
        "area_id": "MIE03-000522",
        "district_id": "MIE-03",
        "prefecture": "三重県",
        "city": "桑名市",
        "town": "大山田2丁目 第4区画",
        "postal_code": "5110903",
        "pattern_rule": "PATTERN_A_WHOLE",
        "color_code": "#ef4444"
      }
    },
    {
      "type": "Feature",
      "geometry": {
        "type": "Point",
        "coordinates": [
          136.675792,
          35.072778
        ]
      },
      "properties": {
        "area_id": "MIE03-000523",
        "district_id": "MIE-03",
        "prefecture": "三重県",
        "city": "桑名市",
        "town": "大山田3丁目 第4区画",
        "postal_code": "5110903",
        "pattern_rule": "PATTERN_A_WHOLE",
        "color_code": "#ef4444"
      }
    },
    {
      "type": "Feature",
      "geometry": {
        "type": "Point",
        "coordinates": [
          136.677223,
          35.063938
        ]
      },
      "properties": {
        "area_id": "MIE03-000524",
        "district_id": "MIE-03",
        "prefecture": "三重県",
        "city": "桑名市",
        "town": "大山田4丁目 第4区画",
        "postal_code": "5110903",
        "pattern_rule": "PATTERN_A_WHOLE",
        "color_code": "#ef4444"
      }
    },
    {
      "type": "Feature",
      "geometry": {
        "type": "Point",
        "coordinates": [
          136.684415,
          35.064164
        ]
      },
      "properties": {
        "area_id": "MIE03-000525",
        "district_id": "MIE-03",
        "prefecture": "三重県",
        "city": "桑名市",
        "town": "大山田5丁目 第4区画",
        "postal_code": "5110903",
        "pattern_rule": "PATTERN_A_WHOLE",
        "color_code": "#ef4444"
      }
    },
    {
      "type": "Feature",
      "geometry": {
        "type": "Point",
        "coordinates": [
          136.675262,
          35.061232
        ]
      },
      "properties": {
        "area_id": "MIE03-000526",
        "district_id": "MIE-03",
        "prefecture": "三重県",
        "city": "桑名市",
        "town": "大山田6丁目 第4区画",
        "postal_code": "5110903",
        "pattern_rule": "PATTERN_A_WHOLE",
        "color_code": "#ef4444"
      }
    },
    {
      "type": "Feature",
      "geometry": {
        "type": "Point",
        "coordinates": [
          136.683393,
          35.06465
        ]
      },
      "properties": {
        "area_id": "MIE03-000527",
        "district_id": "MIE-03",
        "prefecture": "三重県",
        "city": "桑名市",
        "town": "大山田7丁目 第4区画",
        "postal_code": "5110903",
        "pattern_rule": "PATTERN_A_WHOLE",
        "color_code": "#ef4444"
      }
    },
    {
      "type": "Feature",
      "geometry": {
        "type": "Point",
        "coordinates": [
          136.679658,
          35.06003
        ]
      },
      "properties": {
        "area_id": "MIE03-000528",
        "district_id": "MIE-03",
        "prefecture": "三重県",
        "city": "桑名市",
        "town": "大山田8丁目 第4区画",
        "postal_code": "5110903",
        "pattern_rule": "PATTERN_A_WHOLE",
        "color_code": "#ef4444"
      }
    },
    {
      "type": "Feature",
      "geometry": {
        "type": "Point",
        "coordinates": [
          136.677938,
          35.060577
        ]
      },
      "properties": {
        "area_id": "MIE03-000529",
        "district_id": "MIE-03",
        "prefecture": "三重県",
        "city": "桑名市",
        "town": "大山田1丁目 第5区画",
        "postal_code": "5110903",
        "pattern_rule": "PATTERN_A_WHOLE",
        "color_code": "#ef4444"
      }
    },
    {
      "type": "Feature",
      "geometry": {
        "type": "Point",
        "coordinates": [
          136.677316,
          35.063983
        ]
      },
      "properties": {
        "area_id": "MIE03-000530",
        "district_id": "MIE-03",
        "prefecture": "三重県",
        "city": "桑名市",
        "town": "大山田2丁目 第5区画",
        "postal_code": "5110903",
        "pattern_rule": "PATTERN_A_WHOLE",
        "color_code": "#ef4444"
      }
    },
    {
      "type": "Feature",
      "geometry": {
        "type": "Point",
        "coordinates": [
          136.677545,
          35.054475
        ]
      },
      "properties": {
        "area_id": "MIE03-000531",
        "district_id": "MIE-03",
        "prefecture": "三重県",
        "city": "桑名市",
        "town": "大山田3丁目 第5区画",
        "postal_code": "5110903",
        "pattern_rule": "PATTERN_A_WHOLE",
        "color_code": "#ef4444"
      }
    },
    {
      "type": "Feature",
      "geometry": {
        "type": "Point",
        "coordinates": [
          136.684774,
          35.06781
        ]
      },
      "properties": {
        "area_id": "MIE03-000532",
        "district_id": "MIE-03",
        "prefecture": "三重県",
        "city": "桑名市",
        "town": "大山田4丁目 第5区画",
        "postal_code": "5110903",
        "pattern_rule": "PATTERN_A_WHOLE",
        "color_code": "#ef4444"
      }
    },
    {
      "type": "Feature",
      "geometry": {
        "type": "Point",
        "coordinates": [
          136.683926,
          35.065163
        ]
      },
      "properties": {
        "area_id": "MIE03-000533",
        "district_id": "MIE-03",
        "prefecture": "三重県",
        "city": "桑名市",
        "town": "大山田5丁目 第5区画",
        "postal_code": "5110903",
        "pattern_rule": "PATTERN_A_WHOLE",
        "color_code": "#ef4444"
      }
    },
    {
      "type": "Feature",
      "geometry": {
        "type": "Point",
        "coordinates": [
          136.687625,
          35.066288
        ]
      },
      "properties": {
        "area_id": "MIE03-000534",
        "district_id": "MIE-03",
        "prefecture": "三重県",
        "city": "桑名市",
        "town": "大山田6丁目 第5区画",
        "postal_code": "5110903",
        "pattern_rule": "PATTERN_A_WHOLE",
        "color_code": "#ef4444"
      }
    },
    {
      "type": "Feature",
      "geometry": {
        "type": "Point",
        "coordinates": [
          136.687806,
          35.06186
        ]
      },
      "properties": {
        "area_id": "MIE03-000535",
        "district_id": "MIE-03",
        "prefecture": "三重県",
        "city": "桑名市",
        "town": "大山田7丁目 第5区画",
        "postal_code": "5110903",
        "pattern_rule": "PATTERN_A_WHOLE",
        "color_code": "#ef4444"
      }
    },
    {
      "type": "Feature",
      "geometry": {
        "type": "Point",
        "coordinates": [
          136.684509,
          35.064231
        ]
      },
      "properties": {
        "area_id": "MIE03-000536",
        "district_id": "MIE-03",
        "prefecture": "三重県",
        "city": "桑名市",
        "town": "大山田8丁目 第5区画",
        "postal_code": "5110903",
        "pattern_rule": "PATTERN_A_WHOLE",
        "color_code": "#ef4444"
      }
    },
    {
      "type": "Feature",
      "geometry": {
        "type": "Point",
        "coordinates": [
          136.677716,
          35.058241
        ]
      },
      "properties": {
        "area_id": "MIE03-000537",
        "district_id": "MIE-03",
        "prefecture": "三重県",
        "city": "桑名市",
        "town": "大山田1丁目 第6区画",
        "postal_code": "5110903",
        "pattern_rule": "PATTERN_A_WHOLE",
        "color_code": "#ef4444"
      }
    },
    {
      "type": "Feature",
      "geometry": {
        "type": "Point",
        "coordinates": [
          136.679471,
          35.070405
        ]
      },
      "properties": {
        "area_id": "MIE03-000538",
        "district_id": "MIE-03",
        "prefecture": "三重県",
        "city": "桑名市",
        "town": "大山田2丁目 第6区画",
        "postal_code": "5110903",
        "pattern_rule": "PATTERN_A_WHOLE",
        "color_code": "#ef4444"
      }
    },
    {
      "type": "Feature",
      "geometry": {
        "type": "Point",
        "coordinates": [
          136.685089,
          35.063276
        ]
      },
      "properties": {
        "area_id": "MIE03-000539",
        "district_id": "MIE-03",
        "prefecture": "三重県",
        "city": "桑名市",
        "town": "大山田3丁目 第6区画",
        "postal_code": "5110903",
        "pattern_rule": "PATTERN_A_WHOLE",
        "color_code": "#ef4444"
      }
    },
    {
      "type": "Feature",
      "geometry": {
        "type": "Point",
        "coordinates": [
          136.67465,
          35.066085
        ]
      },
      "properties": {
        "area_id": "MIE03-000540",
        "district_id": "MIE-03",
        "prefecture": "三重県",
        "city": "桑名市",
        "town": "大山田4丁目 第6区画",
        "postal_code": "5110903",
        "pattern_rule": "PATTERN_A_WHOLE",
        "color_code": "#ef4444"
      }
    },
    {
      "type": "Feature",
      "geometry": {
        "type": "Point",
        "coordinates": [
          136.679308,
          35.05861
        ]
      },
      "properties": {
        "area_id": "MIE03-000541",
        "district_id": "MIE-03",
        "prefecture": "三重県",
        "city": "桑名市",
        "town": "大山田5丁目 第6区画",
        "postal_code": "5110903",
        "pattern_rule": "PATTERN_A_WHOLE",
        "color_code": "#ef4444"
      }
    },
    {
      "type": "Feature",
      "geometry": {
        "type": "Point",
        "coordinates": [
          136.683394,
          35.067471
        ]
      },
      "properties": {
        "area_id": "MIE03-000542",
        "district_id": "MIE-03",
        "prefecture": "三重県",
        "city": "桑名市",
        "town": "大山田6丁目 第6区画",
        "postal_code": "5110903",
        "pattern_rule": "PATTERN_A_WHOLE",
        "color_code": "#ef4444"
      }
    },
    {
      "type": "Feature",
      "geometry": {
        "type": "Point",
        "coordinates": [
          136.676631,
          35.060507
        ]
      },
      "properties": {
        "area_id": "MIE03-000543",
        "district_id": "MIE-03",
        "prefecture": "三重県",
        "city": "桑名市",
        "town": "大山田7丁目 第6区画",
        "postal_code": "5110903",
        "pattern_rule": "PATTERN_A_WHOLE",
        "color_code": "#ef4444"
      }
    },
    {
      "type": "Feature",
      "geometry": {
        "type": "Point",
        "coordinates": [
          136.684602,
          35.064301
        ]
      },
      "properties": {
        "area_id": "MIE03-000544",
        "district_id": "MIE-03",
        "prefecture": "三重県",
        "city": "桑名市",
        "town": "大山田8丁目 第6区画",
        "postal_code": "5110903",
        "pattern_rule": "PATTERN_A_WHOLE",
        "color_code": "#ef4444"
      }
    },
    {
      "type": "Feature",
      "geometry": {
        "type": "Point",
        "coordinates": [
          136.67408,
          35.058425
        ]
      },
      "properties": {
        "area_id": "MIE03-000545",
        "district_id": "MIE-03",
        "prefecture": "三重県",
        "city": "桑名市",
        "town": "大山田1丁目 第7区画",
        "postal_code": "5110903",
        "pattern_rule": "PATTERN_A_WHOLE",
        "color_code": "#ef4444"
      }
    },
    {
      "type": "Feature",
      "geometry": {
        "type": "Point",
        "coordinates": [
          136.68783,
          35.067143
        ]
      },
      "properties": {
        "area_id": "MIE03-000546",
        "district_id": "MIE-03",
        "prefecture": "三重県",
        "city": "桑名市",
        "town": "大山田2丁目 第7区画",
        "postal_code": "5110903",
        "pattern_rule": "PATTERN_A_WHOLE",
        "color_code": "#ef4444"
      }
    },
    {
      "type": "Feature",
      "geometry": {
        "type": "Point",
        "coordinates": [
          136.683275,
          35.068146
        ]
      },
      "properties": {
        "area_id": "MIE03-000547",
        "district_id": "MIE-03",
        "prefecture": "三重県",
        "city": "桑名市",
        "town": "大山田3丁目 第7区画",
        "postal_code": "5110903",
        "pattern_rule": "PATTERN_A_WHOLE",
        "color_code": "#ef4444"
      }
    },
    {
      "type": "Feature",
      "geometry": {
        "type": "Point",
        "coordinates": [
          136.676587,
          35.064551
        ]
      },
      "properties": {
        "area_id": "MIE03-000548",
        "district_id": "MIE-03",
        "prefecture": "三重県",
        "city": "桑名市",
        "town": "大山田4丁目 第7区画",
        "postal_code": "5110903",
        "pattern_rule": "PATTERN_A_WHOLE",
        "color_code": "#ef4444"
      }
    },
    {
      "type": "Feature",
      "geometry": {
        "type": "Point",
        "coordinates": [
          136.676696,
          35.060168
        ]
      },
      "properties": {
        "area_id": "MIE03-000549",
        "district_id": "MIE-03",
        "prefecture": "三重県",
        "city": "桑名市",
        "town": "大山田5丁目 第7区画",
        "postal_code": "5110903",
        "pattern_rule": "PATTERN_A_WHOLE",
        "color_code": "#ef4444"
      }
    },
    {
      "type": "Feature",
      "geometry": {
        "type": "Point",
        "coordinates": [
          136.680797,
          35.054603
        ]
      },
      "properties": {
        "area_id": "MIE03-000550",
        "district_id": "MIE-03",
        "prefecture": "三重県",
        "city": "桑名市",
        "town": "大山田6丁目 第7区画",
        "postal_code": "5110903",
        "pattern_rule": "PATTERN_A_WHOLE",
        "color_code": "#ef4444"
      }
    },
    {
      "type": "Feature",
      "geometry": {
        "type": "Point",
        "coordinates": [
          136.67817,
          35.067094
        ]
      },
      "properties": {
        "area_id": "MIE03-000551",
        "district_id": "MIE-03",
        "prefecture": "三重県",
        "city": "桑名市",
        "town": "大山田7丁目 第7区画",
        "postal_code": "5110903",
        "pattern_rule": "PATTERN_A_WHOLE",
        "color_code": "#ef4444"
      }
    },
    {
      "type": "Feature",
      "geometry": {
        "type": "Point",
        "coordinates": [
          136.684864,
          35.063164
        ]
      },
      "properties": {
        "area_id": "MIE03-000552",
        "district_id": "MIE-03",
        "prefecture": "三重県",
        "city": "桑名市",
        "town": "大山田8丁目 第7区画",
        "postal_code": "5110903",
        "pattern_rule": "PATTERN_A_WHOLE",
        "color_code": "#ef4444"
      }
    },
    {
      "type": "Feature",
      "geometry": {
        "type": "Point",
        "coordinates": [
          136.687726,
          35.057196
        ]
      },
      "properties": {
        "area_id": "MIE03-000553",
        "district_id": "MIE-03",
        "prefecture": "三重県",
        "city": "桑名市",
        "town": "大山田1丁目 第8区画",
        "postal_code": "5110903",
        "pattern_rule": "PATTERN_A_WHOLE",
        "color_code": "#ef4444"
      }
    },
    {
      "type": "Feature",
      "geometry": {
        "type": "Point",
        "coordinates": [
          136.683333,
          35.066514
        ]
      },
      "properties": {
        "area_id": "MIE03-000554",
        "district_id": "MIE-03",
        "prefecture": "三重県",
        "city": "桑名市",
        "town": "大山田2丁目 第8区画",
        "postal_code": "5110903",
        "pattern_rule": "PATTERN_A_WHOLE",
        "color_code": "#ef4444"
      }
    },
    {
      "type": "Feature",
      "geometry": {
        "type": "Point",
        "coordinates": [
          136.687668,
          35.066426
        ]
      },
      "properties": {
        "area_id": "MIE03-000555",
        "district_id": "MIE-03",
        "prefecture": "三重県",
        "city": "桑名市",
        "town": "大山田3丁目 第8区画",
        "postal_code": "5110903",
        "pattern_rule": "PATTERN_A_WHOLE",
        "color_code": "#ef4444"
      }
    },
    {
      "type": "Feature",
      "geometry": {
        "type": "Point",
        "coordinates": [
          136.677063,
          35.072636
        ]
      },
      "properties": {
        "area_id": "MIE03-000556",
        "district_id": "MIE-03",
        "prefecture": "三重県",
        "city": "桑名市",
        "town": "大山田4丁目 第8区画",
        "postal_code": "5110903",
        "pattern_rule": "PATTERN_A_WHOLE",
        "color_code": "#ef4444"
      }
    },
    {
      "type": "Feature",
      "geometry": {
        "type": "Point",
        "coordinates": [
          136.675359,
          35.061684
        ]
      },
      "properties": {
        "area_id": "MIE03-000557",
        "district_id": "MIE-03",
        "prefecture": "三重県",
        "city": "桑名市",
        "town": "大山田5丁目 第8区画",
        "postal_code": "5110903",
        "pattern_rule": "PATTERN_A_WHOLE",
        "color_code": "#ef4444"
      }
    },
    {
      "type": "Feature",
      "geometry": {
        "type": "Point",
        "coordinates": [
          136.678161,
          35.062814
        ]
      },
      "properties": {
        "area_id": "MIE03-000558",
        "district_id": "MIE-03",
        "prefecture": "三重県",
        "city": "桑名市",
        "town": "大山田6丁目 第8区画",
        "postal_code": "5110903",
        "pattern_rule": "PATTERN_A_WHOLE",
        "color_code": "#ef4444"
      }
    },
    {
      "type": "Feature",
      "geometry": {
        "type": "Point",
        "coordinates": [
          136.683149,
          35.073251
        ]
      },
      "properties": {
        "area_id": "MIE03-000559",
        "district_id": "MIE-03",
        "prefecture": "三重県",
        "city": "桑名市",
        "town": "大山田7丁目 第8区画",
        "postal_code": "5110903",
        "pattern_rule": "PATTERN_A_WHOLE",
        "color_code": "#ef4444"
      }
    },
    {
      "type": "Feature",
      "geometry": {
        "type": "Point",
        "coordinates": [
          136.68325,
          35.06272
        ]
      },
      "properties": {
        "area_id": "MIE03-000560",
        "district_id": "MIE-03",
        "prefecture": "三重県",
        "city": "桑名市",
        "town": "大山田8丁目 第8区画",
        "postal_code": "5110903",
        "pattern_rule": "PATTERN_A_WHOLE",
        "color_code": "#ef4444"
      }
    },
    {
      "type": "Feature",
      "geometry": {
        "type": "Point",
        "coordinates": [
          136.687091,
          35.065142
        ]
      },
      "properties": {
        "area_id": "MIE03-000561",
        "district_id": "MIE-03",
        "prefecture": "三重県",
        "city": "桑名市",
        "town": "大山田1丁目 第9区画",
        "postal_code": "5110903",
        "pattern_rule": "PATTERN_A_WHOLE",
        "color_code": "#ef4444"
      }
    },
    {
      "type": "Feature",
      "geometry": {
        "type": "Point",
        "coordinates": [
          136.672332,
          35.061774
        ]
      },
      "properties": {
        "area_id": "MIE03-000562",
        "district_id": "MIE-03",
        "prefecture": "三重県",
        "city": "桑名市",
        "town": "大山田2丁目 第9区画",
        "postal_code": "5110903",
        "pattern_rule": "PATTERN_A_WHOLE",
        "color_code": "#ef4444"
      }
    },
    {
      "type": "Feature",
      "geometry": {
        "type": "Point",
        "coordinates": [
          136.68504,
          35.056825
        ]
      },
      "properties": {
        "area_id": "MIE03-000563",
        "district_id": "MIE-03",
        "prefecture": "三重県",
        "city": "桑名市",
        "town": "大山田3丁目 第9区画",
        "postal_code": "5110903",
        "pattern_rule": "PATTERN_A_WHOLE",
        "color_code": "#ef4444"
      }
    },
    {
      "type": "Feature",
      "geometry": {
        "type": "Point",
        "coordinates": [
          136.672667,
          35.057547
        ]
      },
      "properties": {
        "area_id": "MIE03-000564",
        "district_id": "MIE-03",
        "prefecture": "三重県",
        "city": "桑名市",
        "town": "大山田4丁目 第9区画",
        "postal_code": "5110903",
        "pattern_rule": "PATTERN_A_WHOLE",
        "color_code": "#ef4444"
      }
    },
    {
      "type": "Feature",
      "geometry": {
        "type": "Point",
        "coordinates": [
          136.685797,
          35.060963
        ]
      },
      "properties": {
        "area_id": "MIE03-000565",
        "district_id": "MIE-03",
        "prefecture": "三重県",
        "city": "桑名市",
        "town": "大山田5丁目 第9区画",
        "postal_code": "5110903",
        "pattern_rule": "PATTERN_A_WHOLE",
        "color_code": "#ef4444"
      }
    },
    {
      "type": "Feature",
      "geometry": {
        "type": "Point",
        "coordinates": [
          136.689779,
          35.063673
        ]
      },
      "properties": {
        "area_id": "MIE03-000566",
        "district_id": "MIE-03",
        "prefecture": "三重県",
        "city": "桑名市",
        "town": "大山田6丁目 第9区画",
        "postal_code": "5110903",
        "pattern_rule": "PATTERN_A_WHOLE",
        "color_code": "#ef4444"
      }
    },
    {
      "type": "Feature",
      "geometry": {
        "type": "Point",
        "coordinates": [
          136.681839,
          35.062814
        ]
      },
      "properties": {
        "area_id": "MIE03-000567",
        "district_id": "MIE-03",
        "prefecture": "三重県",
        "city": "桑名市",
        "town": "大山田7丁目 第9区画",
        "postal_code": "5110903",
        "pattern_rule": "PATTERN_A_WHOLE",
        "color_code": "#ef4444"
      }
    },
    {
      "type": "Feature",
      "geometry": {
        "type": "Point",
        "coordinates": [
          136.674858,
          35.056968
        ]
      },
      "properties": {
        "area_id": "MIE03-000568",
        "district_id": "MIE-03",
        "prefecture": "三重県",
        "city": "桑名市",
        "town": "大山田8丁目 第9区画",
        "postal_code": "5110903",
        "pattern_rule": "PATTERN_A_WHOLE",
        "color_code": "#ef4444"
      }
    },
    {
      "type": "Feature",
      "geometry": {
        "type": "Point",
        "coordinates": [
          136.672107,
          35.060454
        ]
      },
      "properties": {
        "area_id": "MIE03-000569",
        "district_id": "MIE-03",
        "prefecture": "三重県",
        "city": "桑名市",
        "town": "大山田1丁目 第10区画",
        "postal_code": "5110903",
        "pattern_rule": "PATTERN_A_WHOLE",
        "color_code": "#ef4444"
      }
    },
    {
      "type": "Feature",
      "geometry": {
        "type": "Point",
        "coordinates": [
          136.685431,
          35.059575
        ]
      },
      "properties": {
        "area_id": "MIE03-000570",
        "district_id": "MIE-03",
        "prefecture": "三重県",
        "city": "桑名市",
        "town": "大山田2丁目 第10区画",
        "postal_code": "5110903",
        "pattern_rule": "PATTERN_A_WHOLE",
        "color_code": "#ef4444"
      }
    },
    {
      "type": "Feature",
      "geometry": {
        "type": "Point",
        "coordinates": [
          136.672057,
          35.066251
        ]
      },
      "properties": {
        "area_id": "MIE03-000571",
        "district_id": "MIE-03",
        "prefecture": "三重県",
        "city": "桑名市",
        "town": "大山田3丁目 第10区画",
        "postal_code": "5110903",
        "pattern_rule": "PATTERN_A_WHOLE",
        "color_code": "#ef4444"
      }
    },
    {
      "type": "Feature",
      "geometry": {
        "type": "Point",
        "coordinates": [
          136.683012,
          35.065669
        ]
      },
      "properties": {
        "area_id": "MIE03-000572",
        "district_id": "MIE-03",
        "prefecture": "三重県",
        "city": "桑名市",
        "town": "大山田4丁目 第10区画",
        "postal_code": "5110903",
        "pattern_rule": "PATTERN_A_WHOLE",
        "color_code": "#ef4444"
      }
    },
    {
      "type": "Feature",
      "geometry": {
        "type": "Point",
        "coordinates": [
          136.678372,
          35.059663
        ]
      },
      "properties": {
        "area_id": "MIE03-000573",
        "district_id": "MIE-03",
        "prefecture": "三重県",
        "city": "桑名市",
        "town": "大山田5丁目 第10区画",
        "postal_code": "5110903",
        "pattern_rule": "PATTERN_A_WHOLE",
        "color_code": "#ef4444"
      }
    },
    {
      "type": "Feature",
      "geometry": {
        "type": "Point",
        "coordinates": [
          136.672366,
          35.058372
        ]
      },
      "properties": {
        "area_id": "MIE03-000574",
        "district_id": "MIE-03",
        "prefecture": "三重県",
        "city": "桑名市",
        "town": "大山田6丁目 第10区画",
        "postal_code": "5110903",
        "pattern_rule": "PATTERN_A_WHOLE",
        "color_code": "#ef4444"
      }
    },
    {
      "type": "Feature",
      "geometry": {
        "type": "Point",
        "coordinates": [
          136.684869,
          35.064526
        ]
      },
      "properties": {
        "area_id": "MIE03-000575",
        "district_id": "MIE-03",
        "prefecture": "三重県",
        "city": "桑名市",
        "town": "大山田7丁目 第10区画",
        "postal_code": "5110903",
        "pattern_rule": "PATTERN_A_WHOLE",
        "color_code": "#ef4444"
      }
    },
    {
      "type": "Feature",
      "geometry": {
        "type": "Point",
        "coordinates": [
          136.675235,
          35.060265
        ]
      },
      "properties": {
        "area_id": "MIE03-000576",
        "district_id": "MIE-03",
        "prefecture": "三重県",
        "city": "桑名市",
        "town": "大山田8丁目 第10区画",
        "postal_code": "5110903",
        "pattern_rule": "PATTERN_A_WHOLE",
        "color_code": "#ef4444"
      }
    },
    {
      "type": "Feature",
      "geometry": {
        "type": "Point",
        "coordinates": [
          136.671016,
          35.070608
        ]
      },
      "properties": {
        "area_id": "MIE03-000577",
        "district_id": "MIE-03",
        "prefecture": "三重県",
        "city": "桑名市",
        "town": "大山田1丁目 第11区画",
        "postal_code": "5110903",
        "pattern_rule": "PATTERN_A_WHOLE",
        "color_code": "#ef4444"
      }
    },
    {
      "type": "Feature",
      "geometry": {
        "type": "Point",
        "coordinates": [
          136.689222,
          35.066016
        ]
      },
      "properties": {
        "area_id": "MIE03-000578",
        "district_id": "MIE-03",
        "prefecture": "三重県",
        "city": "桑名市",
        "town": "大山田2丁目 第11区画",
        "postal_code": "5110903",
        "pattern_rule": "PATTERN_A_WHOLE",
        "color_code": "#ef4444"
      }
    },
    {
      "type": "Feature",
      "geometry": {
        "type": "Point",
        "coordinates": [
          136.671654,
          35.065963
        ]
      },
      "properties": {
        "area_id": "MIE03-000579",
        "district_id": "MIE-03",
        "prefecture": "三重県",
        "city": "桑名市",
        "town": "大山田3丁目 第11区画",
        "postal_code": "5110903",
        "pattern_rule": "PATTERN_A_WHOLE",
        "color_code": "#ef4444"
      }
    },
    {
      "type": "Feature",
      "geometry": {
        "type": "Point",
        "coordinates": [
          136.686213,
          35.06697
        ]
      },
      "properties": {
        "area_id": "MIE03-000580",
        "district_id": "MIE-03",
        "prefecture": "三重県",
        "city": "桑名市",
        "town": "大山田4丁目 第11区画",
        "postal_code": "5110903",
        "pattern_rule": "PATTERN_A_WHOLE",
        "color_code": "#ef4444"
      }
    },
    {
      "type": "Feature",
      "geometry": {
        "type": "Point",
        "coordinates": [
          136.687897,
          35.068212
        ]
      },
      "properties": {
        "area_id": "MIE03-000581",
        "district_id": "MIE-03",
        "prefecture": "三重県",
        "city": "桑名市",
        "town": "大山田5丁目 第11区画",
        "postal_code": "5110903",
        "pattern_rule": "PATTERN_A_WHOLE",
        "color_code": "#ef4444"
      }
    },
    {
      "type": "Feature",
      "geometry": {
        "type": "Point",
        "coordinates": [
          136.670986,
          35.067288
        ]
      },
      "properties": {
        "area_id": "MIE03-000582",
        "district_id": "MIE-03",
        "prefecture": "三重県",
        "city": "桑名市",
        "town": "大山田6丁目 第11区画",
        "postal_code": "5110903",
        "pattern_rule": "PATTERN_A_WHOLE",
        "color_code": "#ef4444"
      }
    },
    {
      "type": "Feature",
      "geometry": {
        "type": "Point",
        "coordinates": [
          136.685974,
          35.069629
        ]
      },
      "properties": {
        "area_id": "MIE03-000583",
        "district_id": "MIE-03",
        "prefecture": "三重県",
        "city": "桑名市",
        "town": "大山田7丁目 第11区画",
        "postal_code": "5110903",
        "pattern_rule": "PATTERN_A_WHOLE",
        "color_code": "#ef4444"
      }
    },
    {
      "type": "Feature",
      "geometry": {
        "type": "Point",
        "coordinates": [
          136.682201,
          35.066819
        ]
      },
      "properties": {
        "area_id": "MIE03-000584",
        "district_id": "MIE-03",
        "prefecture": "三重県",
        "city": "桑名市",
        "town": "大山田8丁目 第11区画",
        "postal_code": "5110903",
        "pattern_rule": "PATTERN_A_WHOLE",
        "color_code": "#ef4444"
      }
    },
    {
      "type": "Feature",
      "geometry": {
        "type": "Point",
        "coordinates": [
          136.67825,
          35.055828
        ]
      },
      "properties": {
        "area_id": "MIE03-000585",
        "district_id": "MIE-03",
        "prefecture": "三重県",
        "city": "桑名市",
        "town": "大山田1丁目 第12区画",
        "postal_code": "5110903",
        "pattern_rule": "PATTERN_A_WHOLE",
        "color_code": "#ef4444"
      }
    },
    {
      "type": "Feature",
      "geometry": {
        "type": "Point",
        "coordinates": [
          136.68281,
          35.073492
        ]
      },
      "properties": {
        "area_id": "MIE03-000586",
        "district_id": "MIE-03",
        "prefecture": "三重県",
        "city": "桑名市",
        "town": "大山田2丁目 第12区画",
        "postal_code": "5110903",
        "pattern_rule": "PATTERN_A_WHOLE",
        "color_code": "#ef4444"
      }
    },
    {
      "type": "Feature",
      "geometry": {
        "type": "Point",
        "coordinates": [
          136.675777,
          35.064161
        ]
      },
      "properties": {
        "area_id": "MIE03-000587",
        "district_id": "MIE-03",
        "prefecture": "三重県",
        "city": "桑名市",
        "town": "大山田3丁目 第12区画",
        "postal_code": "5110903",
        "pattern_rule": "PATTERN_A_WHOLE",
        "color_code": "#ef4444"
      }
    },
    {
      "type": "Feature",
      "geometry": {
        "type": "Point",
        "coordinates": [
          136.67879,
          35.062281
        ]
      },
      "properties": {
        "area_id": "MIE03-000588",
        "district_id": "MIE-03",
        "prefecture": "三重県",
        "city": "桑名市",
        "town": "大山田4丁目 第12区画",
        "postal_code": "5110903",
        "pattern_rule": "PATTERN_A_WHOLE",
        "color_code": "#ef4444"
      }
    },
    {
      "type": "Feature",
      "geometry": {
        "type": "Point",
        "coordinates": [
          136.689381,
          35.059403
        ]
      },
      "properties": {
        "area_id": "MIE03-000589",
        "district_id": "MIE-03",
        "prefecture": "三重県",
        "city": "桑名市",
        "town": "大山田5丁目 第12区画",
        "postal_code": "5110903",
        "pattern_rule": "PATTERN_A_WHOLE",
        "color_code": "#ef4444"
      }
    },
    {
      "type": "Feature",
      "geometry": {
        "type": "Point",
        "coordinates": [
          136.673731,
          35.060836
        ]
      },
      "properties": {
        "area_id": "MIE03-000590",
        "district_id": "MIE-03",
        "prefecture": "三重県",
        "city": "桑名市",
        "town": "大山田6丁目 第12区画",
        "postal_code": "5110903",
        "pattern_rule": "PATTERN_A_WHOLE",
        "color_code": "#ef4444"
      }
    },
    {
      "type": "Feature",
      "geometry": {
        "type": "Point",
        "coordinates": [
          136.674759,
          35.071369
        ]
      },
      "properties": {
        "area_id": "MIE03-000591",
        "district_id": "MIE-03",
        "prefecture": "三重県",
        "city": "桑名市",
        "town": "大山田7丁目 第12区画",
        "postal_code": "5110903",
        "pattern_rule": "PATTERN_A_WHOLE",
        "color_code": "#ef4444"
      }
    },
    {
      "type": "Feature",
      "geometry": {
        "type": "Point",
        "coordinates": [
          136.670897,
          35.065301
        ]
      },
      "properties": {
        "area_id": "MIE03-000592",
        "district_id": "MIE-03",
        "prefecture": "三重県",
        "city": "桑名市",
        "town": "大山田8丁目 第12区画",
        "postal_code": "5110903",
        "pattern_rule": "PATTERN_A_WHOLE",
        "color_code": "#ef4444"
      }
    },
    {
      "type": "Feature",
      "geometry": {
        "type": "Point",
        "coordinates": [
          136.672057,
          35.066251
        ]
      },
      "properties": {
        "area_id": "MIE03-000593",
        "district_id": "MIE-03",
        "prefecture": "三重県",
        "city": "桑名市",
        "town": "大山田1丁目 第13区画",
        "postal_code": "5110903",
        "pattern_rule": "PATTERN_A_WHOLE",
        "color_code": "#ef4444"
      }
    },
    {
      "type": "Feature",
      "geometry": {
        "type": "Point",
        "coordinates": [
          136.685797,
          35.060963
        ]
      },
      "properties": {
        "area_id": "MIE03-000594",
        "district_id": "MIE-03",
        "prefecture": "三重県",
        "city": "桑名市",
        "town": "大山田2丁目 第13区画",
        "postal_code": "5110903",
        "pattern_rule": "PATTERN_A_WHOLE",
        "color_code": "#ef4444"
      }
    },
    {
      "type": "Feature",
      "geometry": {
        "type": "Point",
        "coordinates": [
          136.678309,
          35.059763
        ]
      },
      "properties": {
        "area_id": "MIE03-000595",
        "district_id": "MIE-03",
        "prefecture": "三重県",
        "city": "桑名市",
        "town": "大山田3丁目 第13区画",
        "postal_code": "5110903",
        "pattern_rule": "PATTERN_A_WHOLE",
        "color_code": "#ef4444"
      }
    },
    {
      "type": "Feature",
      "geometry": {
        "type": "Point",
        "coordinates": [
          136.677859,
          35.062047
        ]
      },
      "properties": {
        "area_id": "MIE03-000596",
        "district_id": "MIE-03",
        "prefecture": "三重県",
        "city": "桑名市",
        "town": "大山田4丁目 第13区画",
        "postal_code": "5110903",
        "pattern_rule": "PATTERN_A_WHOLE",
        "color_code": "#ef4444"
      }
    },
    {
      "type": "Feature",
      "geometry": {
        "type": "Point",
        "coordinates": [
          136.684831,
          35.061959
        ]
      },
      "properties": {
        "area_id": "MIE03-000597",
        "district_id": "MIE-03",
        "prefecture": "三重県",
        "city": "桑名市",
        "town": "大山田5丁目 第13区画",
        "postal_code": "5110903",
        "pattern_rule": "PATTERN_A_WHOLE",
        "color_code": "#ef4444"
      }
    },
    {
      "type": "Feature",
      "geometry": {
        "type": "Point",
        "coordinates": [
          136.676606,
          35.060729
        ]
      },
      "properties": {
        "area_id": "MIE03-000598",
        "district_id": "MIE-03",
        "prefecture": "三重県",
        "city": "桑名市",
        "town": "大山田6丁目 第13区画",
        "postal_code": "5110903",
        "pattern_rule": "PATTERN_A_WHOLE",
        "color_code": "#ef4444"
      }
    },
    {
      "type": "Feature",
      "geometry": {
        "type": "Point",
        "coordinates": [
          136.670476,
          35.060893
        ]
      },
      "properties": {
        "area_id": "MIE03-000599",
        "district_id": "MIE-03",
        "prefecture": "三重県",
        "city": "桑名市",
        "town": "大山田7丁目 第13区画",
        "postal_code": "5110903",
        "pattern_rule": "PATTERN_A_WHOLE",
        "color_code": "#ef4444"
      }
    },
    {
      "type": "Feature",
      "geometry": {
        "type": "Point",
        "coordinates": [
          136.689014,
          35.060912
        ]
      },
      "properties": {
        "area_id": "MIE03-000600",
        "district_id": "MIE-03",
        "prefecture": "三重県",
        "city": "桑名市",
        "town": "大山田8丁目 第13区画",
        "postal_code": "5110903",
        "pattern_rule": "PATTERN_A_WHOLE",
        "color_code": "#ef4444"
      }
    },
    {
      "type": "Feature",
      "geometry": {
        "type": "Point",
        "coordinates": [
          136.673027,
          35.06523
        ]
      },
      "properties": {
        "area_id": "MIE03-000601",
        "district_id": "MIE-03",
        "prefecture": "三重県",
        "city": "桑名市",
        "town": "大山田1丁目 第14区画",
        "postal_code": "5110903",
        "pattern_rule": "PATTERN_A_WHOLE",
        "color_code": "#ef4444"
      }
    },
    {
      "type": "Feature",
      "geometry": {
        "type": "Point",
        "coordinates": [
          136.680663,
          35.056199
        ]
      },
      "properties": {
        "area_id": "MIE03-000602",
        "district_id": "MIE-03",
        "prefecture": "三重県",
        "city": "桑名市",
        "town": "大山田2丁目 第14区画",
        "postal_code": "5110903",
        "pattern_rule": "PATTERN_A_WHOLE",
        "color_code": "#ef4444"
      }
    },
    {
      "type": "Feature",
      "geometry": {
        "type": "Point",
        "coordinates": [
          136.684353,
          35.060717
        ]
      },
      "properties": {
        "area_id": "MIE03-000603",
        "district_id": "MIE-03",
        "prefecture": "三重県",
        "city": "桑名市",
        "town": "大山田3丁目 第14区画",
        "postal_code": "5110903",
        "pattern_rule": "PATTERN_A_WHOLE",
        "color_code": "#ef4444"
      }
    },
    {
      "type": "Feature",
      "geometry": {
        "type": "Point",
        "coordinates": [
          136.677804,
          35.061282
        ]
      },
      "properties": {
        "area_id": "MIE03-000604",
        "district_id": "MIE-03",
        "prefecture": "三重県",
        "city": "桑名市",
        "town": "大山田4丁目 第14区画",
        "postal_code": "5110903",
        "pattern_rule": "PATTERN_A_WHOLE",
        "color_code": "#ef4444"
      }
    },
    {
      "type": "Feature",
      "geometry": {
        "type": "Point",
        "coordinates": [
          136.686973,
          35.06297
        ]
      },
      "properties": {
        "area_id": "MIE03-000605",
        "district_id": "MIE-03",
        "prefecture": "三重県",
        "city": "桑名市",
        "town": "大山田5丁目 第14区画",
        "postal_code": "5110903",
        "pattern_rule": "PATTERN_A_WHOLE",
        "color_code": "#ef4444"
      }
    },
    {
      "type": "Feature",
      "geometry": {
        "type": "Point",
        "coordinates": [
          136.68175,
          35.055828
        ]
      },
      "properties": {
        "area_id": "MIE03-000606",
        "district_id": "MIE-03",
        "prefecture": "三重県",
        "city": "桑名市",
        "town": "大山田6丁目 第14区画",
        "postal_code": "5110903",
        "pattern_rule": "PATTERN_A_WHOLE",
        "color_code": "#ef4444"
      }
    },
    {
      "type": "Feature",
      "geometry": {
        "type": "Point",
        "coordinates": [
          136.677566,
          35.06845
        ]
      },
      "properties": {
        "area_id": "MIE03-000607",
        "district_id": "MIE-03",
        "prefecture": "三重県",
        "city": "桑名市",
        "town": "大山田7丁目 第14区画",
        "postal_code": "5110903",
        "pattern_rule": "PATTERN_A_WHOLE",
        "color_code": "#ef4444"
      }
    },
    {
      "type": "Feature",
      "geometry": {
        "type": "Point",
        "coordinates": [
          136.681906,
          35.068031
        ]
      },
      "properties": {
        "area_id": "MIE03-000608",
        "district_id": "MIE-03",
        "prefecture": "三重県",
        "city": "桑名市",
        "town": "大山田8丁目 第14区画",
        "postal_code": "5110903",
        "pattern_rule": "PATTERN_A_WHOLE",
        "color_code": "#ef4444"
      }
    },
    {
      "type": "Feature",
      "geometry": {
        "type": "Point",
        "coordinates": [
          136.677537,
          35.058462
        ]
      },
      "properties": {
        "area_id": "MIE03-000609",
        "district_id": "MIE-03",
        "prefecture": "三重県",
        "city": "桑名市",
        "town": "大山田1丁目 第15区画",
        "postal_code": "5110903",
        "pattern_rule": "PATTERN_A_WHOLE",
        "color_code": "#ef4444"
      }
    },
    {
      "type": "Feature",
      "geometry": {
        "type": "Point",
        "coordinates": [
          136.67825,
          35.059864
        ]
      },
      "properties": {
        "area_id": "MIE03-000610",
        "district_id": "MIE-03",
        "prefecture": "三重県",
        "city": "桑名市",
        "town": "大山田2丁目 第15区画",
        "postal_code": "5110903",
        "pattern_rule": "PATTERN_A_WHOLE",
        "color_code": "#ef4444"
      }
    },
    {
      "type": "Feature",
      "geometry": {
        "type": "Point",
        "coordinates": [
          136.682488,
          35.061877
        ]
      },
      "properties": {
        "area_id": "MIE03-000611",
        "district_id": "MIE-03",
        "prefecture": "三重県",
        "city": "桑名市",
        "town": "大山田3丁目 第15区画",
        "postal_code": "5110903",
        "pattern_rule": "PATTERN_A_WHOLE",
        "color_code": "#ef4444"
      }
    },
    {
      "type": "Feature",
      "geometry": {
        "type": "Point",
        "coordinates": [
          136.688841,
          35.065135
        ]
      },
      "properties": {
        "area_id": "MIE03-000612",
        "district_id": "MIE-03",
        "prefecture": "三重県",
        "city": "桑名市",
        "town": "大山田4丁目 第15区画",
        "postal_code": "5110903",
        "pattern_rule": "PATTERN_A_WHOLE",
        "color_code": "#ef4444"
      }
    },
    {
      "type": "Feature",
      "geometry": {
        "type": "Point",
        "coordinates": [
          136.669052,
          35.067786
        ]
      },
      "properties": {
        "area_id": "MIE03-000613",
        "district_id": "MIE-03",
        "prefecture": "三重県",
        "city": "桑名市",
        "town": "大山田5丁目 第15区画",
        "postal_code": "5110903",
        "pattern_rule": "PATTERN_A_WHOLE",
        "color_code": "#ef4444"
      }
    },
    {
      "type": "Feature",
      "geometry": {
        "type": "Point",
        "coordinates": [
          136.671166,
          35.069066
        ]
      },
      "properties": {
        "area_id": "MIE03-000614",
        "district_id": "MIE-03",
        "prefecture": "三重県",
        "city": "桑名市",
        "town": "大山田6丁目 第15区画",
        "postal_code": "5110903",
        "pattern_rule": "PATTERN_A_WHOLE",
        "color_code": "#ef4444"
      }
    },
    {
      "type": "Feature",
      "geometry": {
        "type": "Point",
        "coordinates": [
          136.67277,
          35.062819
        ]
      },
      "properties": {
        "area_id": "MIE03-000615",
        "district_id": "MIE-03",
        "prefecture": "三重県",
        "city": "桑名市",
        "town": "大山田7丁目 第15区画",
        "postal_code": "5110903",
        "pattern_rule": "PATTERN_A_WHOLE",
        "color_code": "#ef4444"
      }
    },
    {
      "type": "Feature",
      "geometry": {
        "type": "Point",
        "coordinates": [
          136.673572,
          35.063913
        ]
      },
      "properties": {
        "area_id": "MIE03-000616",
        "district_id": "MIE-03",
        "prefecture": "三重県",
        "city": "桑名市",
        "town": "大山田8丁目 第15区画",
        "postal_code": "5110903",
        "pattern_rule": "PATTERN_A_WHOLE",
        "color_code": "#ef4444"
      }
    },
    {
      "type": "Feature",
      "geometry": {
        "type": "Point",
        "coordinates": [
          136.681806,
          35.068235
        ]
      },
      "properties": {
        "area_id": "MIE03-000617",
        "district_id": "MIE-03",
        "prefecture": "三重県",
        "city": "桑名市",
        "town": "大山田1丁目 第16区画",
        "postal_code": "5110903",
        "pattern_rule": "PATTERN_A_WHOLE",
        "color_code": "#ef4444"
      }
    },
    {
      "type": "Feature",
      "geometry": {
        "type": "Point",
        "coordinates": [
          136.673769,
          35.069867
        ]
      },
      "properties": {
        "area_id": "MIE03-000618",
        "district_id": "MIE-03",
        "prefecture": "三重県",
        "city": "桑名市",
        "town": "大山田2丁目 第16区画",
        "postal_code": "5110903",
        "pattern_rule": "PATTERN_A_WHOLE",
        "color_code": "#ef4444"
      }
    },
    {
      "type": "Feature",
      "geometry": {
        "type": "Point",
        "coordinates": [
          136.678377,
          35.067
        ]
      },
      "properties": {
        "area_id": "MIE03-000619",
        "district_id": "MIE-03",
        "prefecture": "三重県",
        "city": "桑名市",
        "town": "大山田3丁目 第16区画",
        "postal_code": "5110903",
        "pattern_rule": "PATTERN_A_WHOLE",
        "color_code": "#ef4444"
      }
    },
    {
      "type": "Feature",
      "geometry": {
        "type": "Point",
        "coordinates": [
          136.677145,
          35.062781
        ]
      },
      "properties": {
        "area_id": "MIE03-000620",
        "district_id": "MIE-03",
        "prefecture": "三重県",
        "city": "桑名市",
        "town": "大山田4丁目 第16区画",
        "postal_code": "5110903",
        "pattern_rule": "PATTERN_A_WHOLE",
        "color_code": "#ef4444"
      }
    },
    {
      "type": "Feature",
      "geometry": {
        "type": "Point",
        "coordinates": [
          136.683,
          35.071362
        ]
      },
      "properties": {
        "area_id": "MIE03-000621",
        "district_id": "MIE-03",
        "prefecture": "三重県",
        "city": "桑名市",
        "town": "大山田5丁目 第16区画",
        "postal_code": "5110903",
        "pattern_rule": "PATTERN_A_WHOLE",
        "color_code": "#ef4444"
      }
    },
    {
      "type": "Feature",
      "geometry": {
        "type": "Point",
        "coordinates": [
          136.677623,
          35.0663
        ]
      },
      "properties": {
        "area_id": "MIE03-000622",
        "district_id": "MIE-03",
        "prefecture": "三重県",
        "city": "桑名市",
        "town": "大山田6丁目 第16区画",
        "postal_code": "5110903",
        "pattern_rule": "PATTERN_A_WHOLE",
        "color_code": "#ef4444"
      }
    },
    {
      "type": "Feature",
      "geometry": {
        "type": "Point",
        "coordinates": [
          136.687634,
          35.069828
        ]
      },
      "properties": {
        "area_id": "MIE03-000623",
        "district_id": "MIE-03",
        "prefecture": "三重県",
        "city": "桑名市",
        "town": "大山田7丁目 第16区画",
        "postal_code": "5110903",
        "pattern_rule": "PATTERN_A_WHOLE",
        "color_code": "#ef4444"
      }
    },
    {
      "type": "Feature",
      "geometry": {
        "type": "Point",
        "coordinates": [
          136.683312,
          35.073128
        ]
      },
      "properties": {
        "area_id": "MIE03-000624",
        "district_id": "MIE-03",
        "prefecture": "三重県",
        "city": "桑名市",
        "town": "大山田8丁目 第16区画",
        "postal_code": "5110903",
        "pattern_rule": "PATTERN_A_WHOLE",
        "color_code": "#ef4444"
      }
    },
    {
      "type": "Feature",
      "geometry": {
        "type": "Point",
        "coordinates": [
          136.675813,
          35.066366
        ]
      },
      "properties": {
        "area_id": "MIE03-000625",
        "district_id": "MIE-03",
        "prefecture": "三重県",
        "city": "桑名市",
        "town": "大山田1丁目 第17区画",
        "postal_code": "5110903",
        "pattern_rule": "PATTERN_A_WHOLE",
        "color_code": "#ef4444"
      }
    },
    {
      "type": "Feature",
      "geometry": {
        "type": "Point",
        "coordinates": [
          136.670778,
          35.062184
        ]
      },
      "properties": {
        "area_id": "MIE03-000626",
        "district_id": "MIE-03",
        "prefecture": "三重県",
        "city": "桑名市",
        "town": "大山田2丁目 第17区画",
        "postal_code": "5110903",
        "pattern_rule": "PATTERN_A_WHOLE",
        "color_code": "#ef4444"
      }
    },
    {
      "type": "Feature",
      "geometry": {
        "type": "Point",
        "coordinates": [
          136.672366,
          35.058372
        ]
      },
      "properties": {
        "area_id": "MIE03-000627",
        "district_id": "MIE-03",
        "prefecture": "三重県",
        "city": "桑名市",
        "town": "大山田3丁目 第17区画",
        "postal_code": "5110903",
        "pattern_rule": "PATTERN_A_WHOLE",
        "color_code": "#ef4444"
      }
    },
    {
      "type": "Feature",
      "geometry": {
        "type": "Point",
        "coordinates": [
          136.683563,
          35.055477
        ]
      },
      "properties": {
        "area_id": "MIE03-000628",
        "district_id": "MIE-03",
        "prefecture": "三重県",
        "city": "桑名市",
        "town": "大山田4丁目 第17区画",
        "postal_code": "5110903",
        "pattern_rule": "PATTERN_A_WHOLE",
        "color_code": "#ef4444"
      }
    },
    {
      "type": "Feature",
      "geometry": {
        "type": "Point",
        "coordinates": [
          136.689167,
          35.065864
        ]
      },
      "properties": {
        "area_id": "MIE03-000629",
        "district_id": "MIE-03",
        "prefecture": "三重県",
        "city": "桑名市",
        "town": "大山田5丁目 第17区画",
        "postal_code": "5110903",
        "pattern_rule": "PATTERN_A_WHOLE",
        "color_code": "#ef4444"
      }
    },
    {
      "type": "Feature",
      "geometry": {
        "type": "Point",
        "coordinates": [
          136.680111,
          35.066738
        ]
      },
      "properties": {
        "area_id": "MIE03-000630",
        "district_id": "MIE-03",
        "prefecture": "三重県",
        "city": "桑名市",
        "town": "大山田6丁目 第17区画",
        "postal_code": "5110903",
        "pattern_rule": "PATTERN_A_WHOLE",
        "color_code": "#ef4444"
      }
    },
    {
      "type": "Feature",
      "geometry": {
        "type": "Point",
        "coordinates": [
          136.682546,
          35.069627
        ]
      },
      "properties": {
        "area_id": "MIE03-000631",
        "district_id": "MIE-03",
        "prefecture": "三重県",
        "city": "桑名市",
        "town": "大山田7丁目 第17区画",
        "postal_code": "5110903",
        "pattern_rule": "PATTERN_A_WHOLE",
        "color_code": "#ef4444"
      }
    },
    {
      "type": "Feature",
      "geometry": {
        "type": "Point",
        "coordinates": [
          136.686009,
          35.066226
        ]
      },
      "properties": {
        "area_id": "MIE03-000632",
        "district_id": "MIE-03",
        "prefecture": "三重県",
        "city": "桑名市",
        "town": "大山田8丁目 第17区画",
        "postal_code": "5110903",
        "pattern_rule": "PATTERN_A_WHOLE",
        "color_code": "#ef4444"
      }
    },
    {
      "type": "Feature",
      "geometry": {
        "type": "Point",
        "coordinates": [
          136.677764,
          35.071055
        ]
      },
      "properties": {
        "area_id": "MIE03-000633",
        "district_id": "MIE-03",
        "prefecture": "三重県",
        "city": "桑名市",
        "town": "大山田1丁目 第18区画",
        "postal_code": "5110903",
        "pattern_rule": "PATTERN_A_WHOLE",
        "color_code": "#ef4444"
      }
    },
    {
      "type": "Feature",
      "geometry": {
        "type": "Point",
        "coordinates": [
          136.670646,
          35.058226
        ]
      },
      "properties": {
        "area_id": "MIE03-000634",
        "district_id": "MIE-03",
        "prefecture": "三重県",
        "city": "桑名市",
        "town": "大山田2丁目 第18区画",
        "postal_code": "5110903",
        "pattern_rule": "PATTERN_A_WHOLE",
        "color_code": "#ef4444"
      }
    },
    {
      "type": "Feature",
      "geometry": {
        "type": "Point",
        "coordinates": [
          136.684458,
          35.069213
        ]
      },
      "properties": {
        "area_id": "MIE03-000635",
        "district_id": "MIE-03",
        "prefecture": "三重県",
        "city": "桑名市",
        "town": "大山田3丁目 第18区画",
        "postal_code": "5110903",
        "pattern_rule": "PATTERN_A_WHOLE",
        "color_code": "#ef4444"
      }
    },
    {
      "type": "Feature",
      "geometry": {
        "type": "Point",
        "coordinates": [
          136.686257,
          35.072445
        ]
      },
      "properties": {
        "area_id": "MIE03-000636",
        "district_id": "MIE-03",
        "prefecture": "三重県",
        "city": "桑名市",
        "town": "大山田4丁目 第18区画",
        "postal_code": "5110903",
        "pattern_rule": "PATTERN_A_WHOLE",
        "color_code": "#ef4444"
      }
    },
    {
      "type": "Feature",
      "geometry": {
        "type": "Point",
        "coordinates": [
          136.67918,
          35.066484
        ]
      },
      "properties": {
        "area_id": "MIE03-000637",
        "district_id": "MIE-03",
        "prefecture": "三重県",
        "city": "桑名市",
        "town": "大山田5丁目 第18区画",
        "postal_code": "5110903",
        "pattern_rule": "PATTERN_A_WHOLE",
        "color_code": "#ef4444"
      }
    },
    {
      "type": "Feature",
      "geometry": {
        "type": "Point",
        "coordinates": [
          136.682962,
          35.065583
        ]
      },
      "properties": {
        "area_id": "MIE03-000638",
        "district_id": "MIE-03",
        "prefecture": "三重県",
        "city": "桑名市",
        "town": "大山田6丁目 第18区画",
        "postal_code": "5110903",
        "pattern_rule": "PATTERN_A_WHOLE",
        "color_code": "#ef4444"
      }
    },
    {
      "type": "Feature",
      "geometry": {
        "type": "Point",
        "coordinates": [
          136.683943,
          35.062839
        ]
      },
      "properties": {
        "area_id": "MIE03-000639",
        "district_id": "MIE-03",
        "prefecture": "三重県",
        "city": "桑名市",
        "town": "大山田7丁目 第18区画",
        "postal_code": "5110903",
        "pattern_rule": "PATTERN_A_WHOLE",
        "color_code": "#ef4444"
      }
    },
    {
      "type": "Feature",
      "geometry": {
        "type": "Point",
        "coordinates": [
          136.672208,
          35.059027
        ]
      },
      "properties": {
        "area_id": "MIE03-000640",
        "district_id": "MIE-03",
        "prefecture": "三重県",
        "city": "桑名市",
        "town": "大山田8丁目 第18区画",
        "postal_code": "5110903",
        "pattern_rule": "PATTERN_A_WHOLE",
        "color_code": "#ef4444"
      }
    },
    {
      "type": "Feature",
      "geometry": {
        "type": "Point",
        "coordinates": [
          136.672533,
          35.057877
        ]
      },
      "properties": {
        "area_id": "MIE03-000641",
        "district_id": "MIE-03",
        "prefecture": "三重県",
        "city": "桑名市",
        "town": "大山田1丁目 第19区画",
        "postal_code": "5110903",
        "pattern_rule": "PATTERN_A_WHOLE",
        "color_code": "#ef4444"
      }
    },
    {
      "type": "Feature",
      "geometry": {
        "type": "Point",
        "coordinates": [
          136.687844,
          35.068849
        ]
      },
      "properties": {
        "area_id": "MIE03-000642",
        "district_id": "MIE-03",
        "prefecture": "三重県",
        "city": "桑名市",
        "town": "大山田2丁目 第19区画",
        "postal_code": "5110903",
        "pattern_rule": "PATTERN_A_WHOLE",
        "color_code": "#ef4444"
      }
    },
    {
      "type": "Feature",
      "geometry": {
        "type": "Point",
        "coordinates": [
          136.686235,
          35.0671
        ]
      },
      "properties": {
        "area_id": "MIE03-000643",
        "district_id": "MIE-03",
        "prefecture": "三重県",
        "city": "桑名市",
        "town": "大山田3丁目 第19区画",
        "postal_code": "5110903",
        "pattern_rule": "PATTERN_A_WHOLE",
        "color_code": "#ef4444"
      }
    },
    {
      "type": "Feature",
      "geometry": {
        "type": "Point",
        "coordinates": [
          136.680342,
          35.06817
        ]
      },
      "properties": {
        "area_id": "MIE03-000644",
        "district_id": "MIE-03",
        "prefecture": "三重県",
        "city": "桑名市",
        "town": "大山田4丁目 第19区画",
        "postal_code": "5110903",
        "pattern_rule": "PATTERN_A_WHOLE",
        "color_code": "#ef4444"
      }
    },
    {
      "type": "Feature",
      "geometry": {
        "type": "Point",
        "coordinates": [
          136.675131,
          35.072801
        ]
      },
      "properties": {
        "area_id": "MIE03-000645",
        "district_id": "MIE-03",
        "prefecture": "三重県",
        "city": "桑名市",
        "town": "大山田5丁目 第19区画",
        "postal_code": "5110903",
        "pattern_rule": "PATTERN_A_WHOLE",
        "color_code": "#ef4444"
      }
    },
    {
      "type": "Feature",
      "geometry": {
        "type": "Point",
        "coordinates": [
          136.684448,
          35.065989
        ]
      },
      "properties": {
        "area_id": "MIE03-000646",
        "district_id": "MIE-03",
        "prefecture": "三重県",
        "city": "桑名市",
        "town": "大山田6丁目 第19区画",
        "postal_code": "5110903",
        "pattern_rule": "PATTERN_A_WHOLE",
        "color_code": "#ef4444"
      }
    },
    {
      "type": "Feature",
      "geometry": {
        "type": "Point",
        "coordinates": [
          136.672194,
          35.06634
        ]
      },
      "properties": {
        "area_id": "MIE03-000647",
        "district_id": "MIE-03",
        "prefecture": "三重県",
        "city": "桑名市",
        "town": "大山田7丁目 第19区画",
        "postal_code": "5110903",
        "pattern_rule": "PATTERN_A_WHOLE",
        "color_code": "#ef4444"
      }
    },
    {
      "type": "Feature",
      "geometry": {
        "type": "Point",
        "coordinates": [
          136.677316,
          35.063983
        ]
      },
      "properties": {
        "area_id": "MIE03-000648",
        "district_id": "MIE-03",
        "prefecture": "三重県",
        "city": "桑名市",
        "town": "大山田8丁目 第19区画",
        "postal_code": "5110903",
        "pattern_rule": "PATTERN_A_WHOLE",
        "color_code": "#ef4444"
      }
    },
    {
      "type": "Feature",
      "geometry": {
        "type": "Point",
        "coordinates": [
          136.678986,
          35.072136
        ]
      },
      "properties": {
        "area_id": "MIE03-000649",
        "district_id": "MIE-03",
        "prefecture": "三重県",
        "city": "桑名市",
        "town": "大山田1丁目 第20区画",
        "postal_code": "5110903",
        "pattern_rule": "PATTERN_A_WHOLE",
        "color_code": "#ef4444"
      }
    },
    {
      "type": "Feature",
      "geometry": {
        "type": "Point",
        "coordinates": [
          136.68039,
          35.066154
        ]
      },
      "properties": {
        "area_id": "MIE03-000650",
        "district_id": "MIE-03",
        "prefecture": "三重県",
        "city": "桑名市",
        "town": "大山田2丁目 第20区画",
        "postal_code": "5110903",
        "pattern_rule": "PATTERN_A_WHOLE",
        "color_code": "#ef4444"
      }
    },
    {
      "type": "Feature",
      "geometry": {
        "type": "Point",
        "coordinates": [
          136.671906,
          35.06937
        ]
      },
      "properties": {
        "area_id": "MIE03-000651",
        "district_id": "MIE-03",
        "prefecture": "三重県",
        "city": "桑名市",
        "town": "大山田3丁目 第20区画",
        "postal_code": "5110903",
        "pattern_rule": "PATTERN_A_WHOLE",
        "color_code": "#ef4444"
      }
    },
    {
      "type": "Feature",
      "geometry": {
        "type": "Point",
        "coordinates": [
          136.685068,
          35.0608
        ]
      },
      "properties": {
        "area_id": "MIE03-000652",
        "district_id": "MIE-03",
        "prefecture": "三重県",
        "city": "桑名市",
        "town": "大山田4丁目 第20区画",
        "postal_code": "5110903",
        "pattern_rule": "PATTERN_A_WHOLE",
        "color_code": "#ef4444"
      }
    },
    {
      "type": "Feature",
      "geometry": {
        "type": "Point",
        "coordinates": [
          136.679257,
          35.055242
        ]
      },
      "properties": {
        "area_id": "MIE03-000653",
        "district_id": "MIE-03",
        "prefecture": "三重県",
        "city": "桑名市",
        "town": "大山田5丁目 第20区画",
        "postal_code": "5110903",
        "pattern_rule": "PATTERN_A_WHOLE",
        "color_code": "#ef4444"
      }
    },
    {
      "type": "Feature",
      "geometry": {
        "type": "Point",
        "coordinates": [
          136.685974,
          35.069629
        ]
      },
      "properties": {
        "area_id": "MIE03-000654",
        "district_id": "MIE-03",
        "prefecture": "三重県",
        "city": "桑名市",
        "town": "大山田6丁目 第20区画",
        "postal_code": "5110903",
        "pattern_rule": "PATTERN_A_WHOLE",
        "color_code": "#ef4444"
      }
    },
    {
      "type": "Feature",
      "geometry": {
        "type": "Point",
        "coordinates": [
          136.688733,
          35.062553
        ]
      },
      "properties": {
        "area_id": "MIE03-000655",
        "district_id": "MIE-03",
        "prefecture": "三重県",
        "city": "桑名市",
        "town": "大山田7丁目 第20区画",
        "postal_code": "5110903",
        "pattern_rule": "PATTERN_A_WHOLE",
        "color_code": "#ef4444"
      }
    },
    {
      "type": "Feature",
      "geometry": {
        "type": "Point",
        "coordinates": [
          136.676667,
          35.061686
        ]
      },
      "properties": {
        "area_id": "MIE03-000656",
        "district_id": "MIE-03",
        "prefecture": "三重県",
        "city": "桑名市",
        "town": "大山田8丁目 第20区画",
        "postal_code": "5110903",
        "pattern_rule": "PATTERN_A_WHOLE",
        "color_code": "#ef4444"
      }
    },
    {
      "type": "Feature",
      "geometry": {
        "type": "Point",
        "coordinates": [
          136.651,
          35.075
        ]
      },
      "properties": {
        "area_id": "MIE03-000657",
        "district_id": "MIE-03",
        "prefecture": "三重県",
        "city": "桑名市",
        "town": "大山田1丁目",
        "postal_code": "5110903",
        "pattern_rule": "PATTERN_A_WHOLE",
        "color_code": "#ef4444"
      }
    },
    {
      "type": "Feature",
      "geometry": {
        "type": "Point",
        "coordinates": [
          136.653,
          35.076
        ]
      },
      "properties": {
        "area_id": "MIE03-000658",
        "district_id": "MIE-03",
        "prefecture": "三重県",
        "city": "桑名市",
        "town": "大山田2丁目",
        "postal_code": "5110903",
        "pattern_rule": "PATTERN_A_WHOLE",
        "color_code": "#ef4444"
      }
    },
    {
      "type": "Feature",
      "geometry": {
        "type": "Point",
        "coordinates": [
          136.655,
          35.077
        ]
      },
      "properties": {
        "area_id": "MIE03-000659",
        "district_id": "MIE-03",
        "prefecture": "三重県",
        "city": "桑名市",
        "town": "大山田3丁目",
        "postal_code": "5110903",
        "pattern_rule": "PATTERN_A_WHOLE",
        "color_code": "#ef4444"
      }
    },
    {
      "type": "Feature",
      "geometry": {
        "type": "Point",
        "coordinates": [
          136.657,
          35.078
        ]
      },
      "properties": {
        "area_id": "MIE03-000660",
        "district_id": "MIE-03",
        "prefecture": "三重県",
        "city": "桑名市",
        "town": "大山田4丁目",
        "postal_code": "5110903",
        "pattern_rule": "PATTERN_A_WHOLE",
        "color_code": "#ef4444"
      }
    },
    {
      "type": "Feature",
      "geometry": {
        "type": "Point",
        "coordinates": [
          136.659,
          35.079
        ]
      },
      "properties": {
        "area_id": "MIE03-000661",
        "district_id": "MIE-03",
        "prefecture": "三重県",
        "city": "桑名市",
        "town": "大山田5丁目",
        "postal_code": "5110903",
        "pattern_rule": "PATTERN_A_WHOLE",
        "color_code": "#ef4444"
      }
    },
    {
      "type": "Feature",
      "geometry": {
        "type": "Point",
        "coordinates": [
          136.661,
          35.08
        ]
      },
      "properties": {
        "area_id": "MIE03-000662",
        "district_id": "MIE-03",
        "prefecture": "三重県",
        "city": "桑名市",
        "town": "大山田6丁目",
        "postal_code": "5110903",
        "pattern_rule": "PATTERN_A_WHOLE",
        "color_code": "#ef4444"
      }
    },
    {
      "type": "Feature",
      "geometry": {
        "type": "Point",
        "coordinates": [
          136.663,
          35.081
        ]
      },
      "properties": {
        "area_id": "MIE03-000663",
        "district_id": "MIE-03",
        "prefecture": "三重県",
        "city": "桑名市",
        "town": "大山田7丁目",
        "postal_code": "5110903",
        "pattern_rule": "PATTERN_A_WHOLE",
        "color_code": "#ef4444"
      }
    },
    {
      "type": "Feature",
      "geometry": {
        "type": "Point",
        "coordinates": [
          136.665,
          35.082
        ]
      },
      "properties": {
        "area_id": "MIE03-000664",
        "district_id": "MIE-03",
        "prefecture": "三重県",
        "city": "桑名市",
        "town": "大山田8丁目",
        "postal_code": "5110903",
        "pattern_rule": "PATTERN_A_WHOLE",
        "color_code": "#ef4444"
      }
    },
    {
      "type": "Feature",
      "geometry": {
        "type": "Point",
        "coordinates": [
          136.685862,
          35.058278
        ]
      },
      "properties": {
        "area_id": "MIE03-000665",
        "district_id": "MIE-03",
        "prefecture": "三重県",
        "city": "桑名市",
        "town": "長島町駒江 第2区画",
        "postal_code": "5111144",
        "pattern_rule": "PATTERN_A_WHOLE",
        "color_code": "#ef4444"
      }
    },
    {
      "type": "Feature",
      "geometry": {
        "type": "Point",
        "coordinates": [
          136.679194,
          35.060645
        ]
      },
      "properties": {
        "area_id": "MIE03-000666",
        "district_id": "MIE-03",
        "prefecture": "三重県",
        "city": "桑名市",
        "town": "長島町駒江 第3区画",
        "postal_code": "5111144",
        "pattern_rule": "PATTERN_A_WHOLE",
        "color_code": "#ef4444"
      }
    },
    {
      "type": "Feature",
      "geometry": {
        "type": "Point",
        "coordinates": [
          136.683394,
          35.067471
        ]
      },
      "properties": {
        "area_id": "MIE03-000667",
        "district_id": "MIE-03",
        "prefecture": "三重県",
        "city": "桑名市",
        "town": "長島町駒江 第4区画",
        "postal_code": "5111144",
        "pattern_rule": "PATTERN_A_WHOLE",
        "color_code": "#ef4444"
      }
    },
    {
      "type": "Feature",
      "geometry": {
        "type": "Point",
        "coordinates": [
          136.671523,
          35.065861
        ]
      },
      "properties": {
        "area_id": "MIE03-000668",
        "district_id": "MIE-03",
        "prefecture": "三重県",
        "city": "桑名市",
        "town": "長島町駒江 第5区画",
        "postal_code": "5111144",
        "pattern_rule": "PATTERN_A_WHOLE",
        "color_code": "#ef4444"
      }
    },
    {
      "type": "Feature",
      "geometry": {
        "type": "Point",
        "coordinates": [
          136.672754,
          35.066663
        ]
      },
      "properties": {
        "area_id": "MIE03-000669",
        "district_id": "MIE-03",
        "prefecture": "三重県",
        "city": "桑名市",
        "town": "長島町駒江 第6区画",
        "postal_code": "5111144",
        "pattern_rule": "PATTERN_A_WHOLE",
        "color_code": "#ef4444"
      }
    },
    {
      "type": "Feature",
      "geometry": {
        "type": "Point",
        "coordinates": [
          136.679372,
          35.060377
        ]
      },
      "properties": {
        "area_id": "MIE03-000670",
        "district_id": "MIE-03",
        "prefecture": "三重県",
        "city": "桑名市",
        "town": "長島町駒江 第7区画",
        "postal_code": "5111144",
        "pattern_rule": "PATTERN_A_WHOLE",
        "color_code": "#ef4444"
      }
    },
    {
      "type": "Feature",
      "geometry": {
        "type": "Point",
        "coordinates": [
          136.685038,
          35.06469
        ]
      },
      "properties": {
        "area_id": "MIE03-000671",
        "district_id": "MIE-03",
        "prefecture": "三重県",
        "city": "桑名市",
        "town": "長島町駒江 第8区画",
        "postal_code": "5111144",
        "pattern_rule": "PATTERN_A_WHOLE",
        "color_code": "#ef4444"
      }
    },
    {
      "type": "Feature",
      "geometry": {
        "type": "Point",
        "coordinates": [
          136.685038,
          35.06469
        ]
      },
      "properties": {
        "area_id": "MIE03-000672",
        "district_id": "MIE-03",
        "prefecture": "三重県",
        "city": "桑名市",
        "town": "長島町駒江 第9区画",
        "postal_code": "5111144",
        "pattern_rule": "PATTERN_A_WHOLE",
        "color_code": "#ef4444"
      }
    },
    {
      "type": "Feature",
      "geometry": {
        "type": "Point",
        "coordinates": [
          136.674648,
          35.063152
        ]
      },
      "properties": {
        "area_id": "MIE03-000673",
        "district_id": "MIE-03",
        "prefecture": "三重県",
        "city": "桑名市",
        "town": "長島町駒江 第10区画",
        "postal_code": "5111144",
        "pattern_rule": "PATTERN_A_WHOLE",
        "color_code": "#ef4444"
      }
    },
    {
      "type": "Feature",
      "geometry": {
        "type": "Point",
        "coordinates": [
          136.684707,
          35.071798
        ]
      },
      "properties": {
        "area_id": "MIE03-000674",
        "district_id": "MIE-03",
        "prefecture": "三重県",
        "city": "桑名市",
        "town": "長島町駒江 第11区画",
        "postal_code": "5111144",
        "pattern_rule": "PATTERN_A_WHOLE",
        "color_code": "#ef4444"
      }
    },
    {
      "type": "Feature",
      "geometry": {
        "type": "Point",
        "coordinates": [
          136.674338,
          35.057839
        ]
      },
      "properties": {
        "area_id": "MIE03-000675",
        "district_id": "MIE-03",
        "prefecture": "三重県",
        "city": "桑名市",
        "town": "長島町駒江 第12区画",
        "postal_code": "5111144",
        "pattern_rule": "PATTERN_A_WHOLE",
        "color_code": "#ef4444"
      }
    },
    {
      "type": "Feature",
      "geometry": {
        "type": "Point",
        "coordinates": [
          136.672102,
          35.0679
        ]
      },
      "properties": {
        "area_id": "MIE03-000676",
        "district_id": "MIE-03",
        "prefecture": "三重県",
        "city": "桑名市",
        "town": "長島町駒江 第13区画",
        "postal_code": "5111144",
        "pattern_rule": "PATTERN_A_WHOLE",
        "color_code": "#ef4444"
      }
    },
    {
      "type": "Feature",
      "geometry": {
        "type": "Point",
        "coordinates": [
          136.670662,
          35.065055
        ]
      },
      "properties": {
        "area_id": "MIE03-000677",
        "district_id": "MIE-03",
        "prefecture": "三重県",
        "city": "桑名市",
        "town": "長島町駒江 第14区画",
        "postal_code": "5111144",
        "pattern_rule": "PATTERN_A_WHOLE",
        "color_code": "#ef4444"
      }
    },
    {
      "type": "Feature",
      "geometry": {
        "type": "Point",
        "coordinates": [
          136.690266,
          35.064399
        ]
      },
      "properties": {
        "area_id": "MIE03-000678",
        "district_id": "MIE-03",
        "prefecture": "三重県",
        "city": "桑名市",
        "town": "長島町駒江 第15区画",
        "postal_code": "5111144",
        "pattern_rule": "PATTERN_A_WHOLE",
        "color_code": "#ef4444"
      }
    },
    {
      "type": "Feature",
      "geometry": {
        "type": "Point",
        "coordinates": [
          136.680994,
          35.067191
        ]
      },
      "properties": {
        "area_id": "MIE03-000679",
        "district_id": "MIE-03",
        "prefecture": "三重県",
        "city": "桑名市",
        "town": "長島町駒江 第16区画",
        "postal_code": "5111144",
        "pattern_rule": "PATTERN_A_WHOLE",
        "color_code": "#ef4444"
      }
    },
    {
      "type": "Feature",
      "geometry": {
        "type": "Point",
        "coordinates": [
          136.676146,
          35.068687
        ]
      },
      "properties": {
        "area_id": "MIE03-000680",
        "district_id": "MIE-03",
        "prefecture": "三重県",
        "city": "桑名市",
        "town": "長島町駒江 第17区画",
        "postal_code": "5111144",
        "pattern_rule": "PATTERN_A_WHOLE",
        "color_code": "#ef4444"
      }
    },
    {
      "type": "Feature",
      "geometry": {
        "type": "Point",
        "coordinates": [
          136.6776,
          35.0641
        ]
      },
      "properties": {
        "area_id": "MIE03-000681",
        "district_id": "MIE-03",
        "prefecture": "三重県",
        "city": "桑名市",
        "town": "長島町駒江 第18区画",
        "postal_code": "5111144",
        "pattern_rule": "PATTERN_A_WHOLE",
        "color_code": "#ef4444"
      }
    },
    {
      "type": "Feature",
      "geometry": {
        "type": "Point",
        "coordinates": [
          136.6902,
          35.061822
        ]
      },
      "properties": {
        "area_id": "MIE03-000682",
        "district_id": "MIE-03",
        "prefecture": "三重県",
        "city": "桑名市",
        "town": "長島町駒江 第19区画",
        "postal_code": "5111144",
        "pattern_rule": "PATTERN_A_WHOLE",
        "color_code": "#ef4444"
      }
    },
    {
      "type": "Feature",
      "geometry": {
        "type": "Point",
        "coordinates": [
          136.684636,
          35.063065
        ]
      },
      "properties": {
        "area_id": "MIE03-000683",
        "district_id": "MIE-03",
        "prefecture": "三重県",
        "city": "桑名市",
        "town": "長島町駒江 第20区画",
        "postal_code": "5111144",
        "pattern_rule": "PATTERN_A_WHOLE",
        "color_code": "#ef4444"
      }
    },
    {
      "type": "Feature",
      "geometry": {
        "type": "Point",
        "coordinates": [
          136.684315,
          35.061853
        ]
      },
      "properties": {
        "area_id": "MIE03-000684",
        "district_id": "MIE-03",
        "prefecture": "三重県",
        "city": "桑名市",
        "town": "長島町駒江",
        "postal_code": "5111144",
        "pattern_rule": "PATTERN_A_WHOLE",
        "color_code": "#ef4444"
      }
    }
  ]
}