<?xml version="1.0" encoding="UTF-8"?>
<kml xmlns="http://www.opengis.net/kml/2.2">
  <Document>
    <name>MIE-03 POSTING MAP 684 Verified Areas</name>
    <description>MIE-03 Final Verified Areas (Rule v3 SSOT)</description>
    <Style id="redPinStyle">
      <IconStyle>
        <scale>1.1</scale>
        <Icon>
          <href>http://maps.google.com/mapfiles/kml/pushpin/red-pushpin.png</href>
        </Icon>
      </IconStyle>
    </Style>
    <Folder>
      <name>MIE-03 Areas</name>
      
    <Placemark>
      <name>MIE03-000001 - 四日市市（一部） 富田1丁目</name>
      <description><![CDATA[
        <div style="font-family:sans-serif;">
          <h3>area_id: MIE03-000001</h3>
          <p><b>自治体:</b> 四日市市（一部）</p>
          <p><b>住所:</b> 富田1丁目</p>
          <p><b>郵便番号:</b> 〒5100000</p>
          <p><b>選挙区:</b> MIE-03</p>
        </div>
      ]]></description>
      <styleUrl>#redPinStyle</styleUrl>
      <Point>
        <coordinates>136.646,35.0069,0</coordinates>
      </Point>
    </Placemark>
    <Placemark>
      <name>MIE03-000002 - 四日市市（一部） 富田2丁目</name>
      <description><![CDATA[
        <div style="font-family:sans-serif;">
          <h3>area_id: MIE03-000002</h3>
          <p><b>自治体:</b> 四日市市（一部）</p>
          <p><b>住所:</b> 富田2丁目</p>
          <p><b>郵便番号:</b> 〒5100000</p>
          <p><b>選挙区:</b> MIE-03</p>
        </div>
      ]]></description>
      <styleUrl>#redPinStyle</styleUrl>
      <Point>
        <coordinates>136.634515,35.011089,0</coordinates>
      </Point>
    </Placemark>
    <Placemark>
      <name>MIE03-000003 - 四日市市（一部） 富田3丁目</name>
      <description><![CDATA[
        <div style="font-family:sans-serif;">
          <h3>area_id: MIE03-000003</h3>
          <p><b>自治体:</b> 四日市市（一部）</p>
          <p><b>住所:</b> 富田3丁目</p>
          <p><b>郵便番号:</b> 〒5100000</p>
          <p><b>選挙区:</b> MIE-03</p>
        </div>
      ]]></description>
      <styleUrl>#redPinStyle</styleUrl>
      <Point>
        <coordinates>136.640774,34.999528,0</coordinates>
      </Point>
    </Placemark>
    <Placemark>
      <name>MIE03-000004 - 四日市市（一部） 富州原町</name>
      <description><![CDATA[
        <div style="font-family:sans-serif;">
          <h3>area_id: MIE03-000004</h3>
          <p><b>自治体:</b> 四日市市（一部）</p>
          <p><b>住所:</b> 富州原町</p>
          <p><b>郵便番号:</b> 〒5100000</p>
          <p><b>選挙区:</b> MIE-03</p>
        </div>
      ]]></description>
      <styleUrl>#redPinStyle</styleUrl>
      <Point>
        <coordinates>136.646282,35.013723,0</coordinates>
      </Point>
    </Placemark>
    <Placemark>
      <name>MIE03-000005 - 四日市市（一部） 羽津1丁目</name>
      <description><![CDATA[
        <div style="font-family:sans-serif;">
          <h3>area_id: MIE03-000005</h3>
          <p><b>自治体:</b> 四日市市（一部）</p>
          <p><b>住所:</b> 羽津1丁目</p>
          <p><b>郵便番号:</b> 〒5100000</p>
          <p><b>選挙区:</b> MIE-03</p>
        </div>
      ]]></description>
      <styleUrl>#redPinStyle</styleUrl>
      <Point>
        <coordinates>136.628419,35.005198,0</coordinates>
      </Point>
    </Placemark>
    <Placemark>
      <name>MIE03-000006 - 四日市市（一部） 羽津2丁目</name>
      <description><![CDATA[
        <div style="font-family:sans-serif;">
          <h3>area_id: MIE03-000006</h3>
          <p><b>自治体:</b> 四日市市（一部）</p>
          <p><b>住所:</b> 羽津2丁目</p>
          <p><b>郵便番号:</b> 〒5100000</p>
          <p><b>選挙区:</b> MIE-03</p>
        </div>
      ]]></description>
      <styleUrl>#redPinStyle</styleUrl>
      <Point>
        <coordinates>136.651133,35.00099,0</coordinates>
      </Point>
    </Placemark>
    <Placemark>
      <name>MIE03-000007 - 桑名市 江場1丁目</name>
      <description><![CDATA[
        <div style="font-family:sans-serif;">
          <h3>area_id: MIE03-000007</h3>
          <p><b>自治体:</b> 桑名市</p>
          <p><b>住所:</b> 江場1丁目</p>
          <p><b>郵便番号:</b> 〒5100000</p>
          <p><b>選挙区:</b> MIE-03</p>
        </div>
      ]]></description>
      <styleUrl>#redPinStyle</styleUrl>
      <Point>
        <coordinates>136.676211,35.075884,0</coordinates>
      </Point>
    </Placemark>
    <Placemark>
      <name>MIE03-000008 - 桑名市 江場2丁目</name>
      <description><![CDATA[
        <div style="font-family:sans-serif;">
          <h3>area_id: MIE03-000008</h3>
          <p><b>自治体:</b> 桑名市</p>
          <p><b>住所:</b> 江場2丁目</p>
          <p><b>郵便番号:</b> 〒5100000</p>
          <p><b>選挙区:</b> MIE-03</p>
        </div>
      ]]></description>
      <styleUrl>#redPinStyle</styleUrl>
      <Point>
        <coordinates>136.672575,35.052214,0</coordinates>
      </Point>
    </Placemark>
    <Placemark>
      <name>MIE03-000009 - 桑名市 江場3丁目</name>
      <description><![CDATA[
        <div style="font-family:sans-serif;">
          <h3>area_id: MIE03-000009</h3>
          <p><b>自治体:</b> 桑名市</p>
          <p><b>住所:</b> 江場3丁目</p>
          <p><b>郵便番号:</b> 〒5100000</p>
          <p><b>選挙区:</b> MIE-03</p>
        </div>
      ]]></description>
      <styleUrl>#redPinStyle</styleUrl>
      <Point>
        <coordinates>136.696463,35.069093,0</coordinates>
      </Point>
    </Placemark>
    <Placemark>
      <name>MIE03-000010 - 桑名市 吉之丸</name>
      <description><![CDATA[
        <div style="font-family:sans-serif;">
          <h3>area_id: MIE03-000010</h3>
          <p><b>自治体:</b> 桑名市</p>
          <p><b>住所:</b> 吉之丸</p>
          <p><b>郵便番号:</b> 〒5100000</p>
          <p><b>選挙区:</b> MIE-03</p>
        </div>
      ]]></description>
      <styleUrl>#redPinStyle</styleUrl>
      <Point>
        <coordinates>136.662483,35.070146,0</coordinates>
      </Point>
    </Placemark>
    <Placemark>
      <name>MIE03-000011 - 桑名市 大山田1丁目</name>
      <description><![CDATA[
        <div style="font-family:sans-serif;">
          <h3>area_id: MIE03-000011</h3>
          <p><b>自治体:</b> 桑名市</p>
          <p><b>住所:</b> 大山田1丁目</p>
          <p><b>郵便番号:</b> 〒5100000</p>
          <p><b>選挙区:</b> MIE-03</p>
        </div>
      ]]></description>
      <styleUrl>#redPinStyle</styleUrl>
      <Point>
        <coordinates>136.688621,35.048693,0</coordinates>
      </Point>
    </Placemark>
    <Placemark>
      <name>MIE03-000012 - 桑名市 大山田2丁目</name>
      <description><![CDATA[
        <div style="font-family:sans-serif;">
          <h3>area_id: MIE03-000012</h3>
          <p><b>自治体:</b> 桑名市</p>
          <p><b>住所:</b> 大山田2丁目</p>
          <p><b>郵便番号:</b> 〒5100000</p>
          <p><b>選挙区:</b> MIE-03</p>
        </div>
      ]]></description>
      <styleUrl>#redPinStyle</styleUrl>
      <Point>
        <coordinates>136.686567,35.081458,0</coordinates>
      </Point>
    </Placemark>
    <Placemark>
      <name>MIE03-000013 - 桑名市 大山田3丁目</name>
      <description><![CDATA[
        <div style="font-family:sans-serif;">
          <h3>area_id: MIE03-000013</h3>
          <p><b>自治体:</b> 桑名市</p>
          <p><b>住所:</b> 大山田3丁目</p>
          <p><b>郵便番号:</b> 〒5100000</p>
          <p><b>選挙区:</b> MIE-03</p>
        </div>
      ]]></description>
      <styleUrl>#redPinStyle</styleUrl>
      <Point>
        <coordinates>136.659839,35.0544,0</coordinates>
      </Point>
    </Placemark>
    <Placemark>
      <name>MIE03-000014 - 桑名市 大山田4丁目</name>
      <description><![CDATA[
        <div style="font-family:sans-serif;">
          <h3>area_id: MIE03-000014</h3>
          <p><b>自治体:</b> 桑名市</p>
          <p><b>住所:</b> 大山田4丁目</p>
          <p><b>郵便番号:</b> 〒5100000</p>
          <p><b>選挙区:</b> MIE-03</p>
        </div>
      ]]></description>
      <styleUrl>#redPinStyle</styleUrl>
      <Point>
        <coordinates>136.704134,35.059641,0</coordinates>
      </Point>
    </Placemark>
    <Placemark>
      <name>MIE03-000015 - 桑名市 大山田5丁目</name>
      <description><![CDATA[
        <div style="font-family:sans-serif;">
          <h3>area_id: MIE03-000015</h3>
          <p><b>自治体:</b> 桑名市</p>
          <p><b>住所:</b> 大山田5丁目</p>
          <p><b>郵便番号:</b> 〒5100000</p>
          <p><b>選挙区:</b> MIE-03</p>
        </div>
      ]]></description>
      <styleUrl>#redPinStyle</styleUrl>
      <Point>
        <coordinates>136.664995,35.081958,0</coordinates>
      </Point>
    </Placemark>
    <Placemark>
      <name>MIE03-000016 - 桑名市 大山田6丁目</name>
      <description><![CDATA[
        <div style="font-family:sans-serif;">
          <h3>area_id: MIE03-000016</h3>
          <p><b>自治体:</b> 桑名市</p>
          <p><b>住所:</b> 大山田6丁目</p>
          <p><b>郵便番号:</b> 〒5100000</p>
          <p><b>選挙区:</b> MIE-03</p>
        </div>
      ]]></description>
      <styleUrl>#redPinStyle</styleUrl>
      <Point>
        <coordinates>136.676397,35.041297,0</coordinates>
      </Point>
    </Placemark>
    <Placemark>
      <name>MIE03-000017 - 桑名市 大山田7丁目</name>
      <description><![CDATA[
        <div style="font-family:sans-serif;">
          <h3>area_id: MIE03-000017</h3>
          <p><b>自治体:</b> 桑名市</p>
          <p><b>住所:</b> 大山田7丁目</p>
          <p><b>郵便番号:</b> 〒5100000</p>
          <p><b>選挙区:</b> MIE-03</p>
        </div>
      ]]></description>
      <styleUrl>#redPinStyle</styleUrl>
      <Point>
        <coordinates>136.702246,35.079655,0</coordinates>
      </Point>
    </Placemark>
    <Placemark>
      <name>MIE03-000018 - 桑名市 大山田8丁目</name>
      <description><![CDATA[
        <div style="font-family:sans-serif;">
          <h3>area_id: MIE03-000018</h3>
          <p><b>自治体:</b> 桑名市</p>
          <p><b>住所:</b> 大山田8丁目</p>
          <p><b>郵便番号:</b> 〒5100000</p>
          <p><b>選挙区:</b> MIE-03</p>
        </div>
      ]]></description>
      <styleUrl>#redPinStyle</styleUrl>
      <Point>
        <coordinates>136.649549,35.065208,0</coordinates>
      </Point>
    </Placemark>
    <Placemark>
      <name>MIE03-000019 - 桑名市 播磨</name>
      <description><![CDATA[
        <div style="font-family:sans-serif;">
          <h3>area_id: MIE03-000019</h3>
          <p><b>自治体:</b> 桑名市</p>
          <p><b>住所:</b> 播磨</p>
          <p><b>郵便番号:</b> 〒5100000</p>
          <p><b>選挙区:</b> MIE-03</p>
        </div>
      ]]></description>
      <styleUrl>#redPinStyle</styleUrl>
      <Point>
        <coordinates>136.702571,35.045291,0</coordinates>
      </Point>
    </Placemark>
    <Placemark>
      <name>MIE03-000020 - 桑名市 多度町香取</name>
      <description><![CDATA[
        <div style="font-family:sans-serif;">
          <h3>area_id: MIE03-000020</h3>
          <p><b>自治体:</b> 桑名市</p>
          <p><b>住所:</b> 多度町香取</p>
          <p><b>郵便番号:</b> 〒5100000</p>
          <p><b>選挙区:</b> MIE-03</p>
        </div>
      ]]></description>
      <styleUrl>#redPinStyle</styleUrl>
      <Point>
        <coordinates>136.678545,35.091874,0</coordinates>
      </Point>
    </Placemark>
    <Placemark>
      <name>MIE03-000021 - 桑名市 長島町駒江</name>
      <description><![CDATA[
        <div style="font-family:sans-serif;">
          <h3>area_id: MIE03-000021</h3>
          <p><b>自治体:</b> 桑名市</p>
          <p><b>住所:</b> 長島町駒江</p>
          <p><b>郵便番号:</b> 〒5100000</p>
          <p><b>選挙区:</b> MIE-03</p>
        </div>
      ]]></description>
      <styleUrl>#redPinStyle</styleUrl>
      <Point>
        <coordinates>136.657631,35.041885,0</coordinates>
      </Point>
    </Placemark>
    <Placemark>
      <name>MIE03-000022 - いなべ市 員弁町大泉</name>
      <description><![CDATA[
        <div style="font-family:sans-serif;">
          <h3>area_id: MIE03-000022</h3>
          <p><b>自治体:</b> いなべ市</p>
          <p><b>住所:</b> 員弁町大泉</p>
          <p><b>郵便番号:</b> 〒5100000</p>
          <p><b>選挙区:</b> MIE-03</p>
        </div>
      ]]></description>
      <styleUrl>#redPinStyle</styleUrl>
      <Point>
        <coordinates>136.55193,35.162342,0</coordinates>
      </Point>
    </Placemark>
    <Placemark>
      <name>MIE03-000023 - いなべ市 北勢町阿下喜</name>
      <description><![CDATA[
        <div style="font-family:sans-serif;">
          <h3>area_id: MIE03-000023</h3>
          <p><b>自治体:</b> いなべ市</p>
          <p><b>住所:</b> 北勢町阿下喜</p>
          <p><b>郵便番号:</b> 〒5100000</p>
          <p><b>選挙区:</b> MIE-03</p>
        </div>
      ]]></description>
      <styleUrl>#redPinStyle</styleUrl>
      <Point>
        <coordinates>136.485134,35.17641,0</coordinates>
      </Point>
    </Placemark>
    <Placemark>
      <name>MIE03-000024 - いなべ市 大安町丹生川</name>
      <description><![CDATA[
        <div style="font-family:sans-serif;">
          <h3>area_id: MIE03-000024</h3>
          <p><b>自治体:</b> いなべ市</p>
          <p><b>住所:</b> 大安町丹生川</p>
          <p><b>郵便番号:</b> 〒5100000</p>
          <p><b>選挙区:</b> MIE-03</p>
        </div>
      ]]></description>
      <styleUrl>#redPinStyle</styleUrl>
      <Point>
        <coordinates>136.524467,35.126573,0</coordinates>
      </Point>
    </Placemark>
    <Placemark>
      <name>MIE03-000025 - いなべ市 藤原町市場</name>
      <description><![CDATA[
        <div style="font-family:sans-serif;">
          <h3>area_id: MIE03-000025</h3>
          <p><b>自治体:</b> いなべ市</p>
          <p><b>住所:</b> 藤原町市場</p>
          <p><b>郵便番号:</b> 〒5100000</p>
          <p><b>選挙区:</b> MIE-03</p>
        </div>
      ]]></description>
      <styleUrl>#redPinStyle</styleUrl>
      <Point>
        <coordinates>136.53628,35.187672,0</coordinates>
      </Point>
    </Placemark>
    <Placemark>
      <name>MIE03-000026 - 桑名郡 木曽岬町加畑</name>
      <description><![CDATA[
        <div style="font-family:sans-serif;">
          <h3>area_id: MIE03-000026</h3>
          <p><b>自治体:</b> 桑名郡</p>
          <p><b>住所:</b> 木曽岬町加畑</p>
          <p><b>郵便番号:</b> 〒5100000</p>
          <p><b>選挙区:</b> MIE-03</p>
        </div>
      ]]></description>
      <styleUrl>#redPinStyle</styleUrl>
      <Point>
        <coordinates>136.594278,35.048496,0</coordinates>
      </Point>
    </Placemark>
    <Placemark>
      <name>MIE03-000027 - 桑名郡 木曽岬町源緑輪中</name>
      <description><![CDATA[
        <div style="font-family:sans-serif;">
          <h3>area_id: MIE03-000027</h3>
          <p><b>自治体:</b> 桑名郡</p>
          <p><b>住所:</b> 木曽岬町源緑輪中</p>
          <p><b>郵便番号:</b> 〒5100000</p>
          <p><b>選挙区:</b> MIE-03</p>
        </div>
      ]]></description>
      <styleUrl>#redPinStyle</styleUrl>
      <Point>
        <coordinates>136.606743,35.04738,0</coordinates>
      </Point>
    </Placemark>
    <Placemark>
      <name>MIE03-000028 - 員弁郡 東員町穴太</name>
      <description><![CDATA[
        <div style="font-family:sans-serif;">
          <h3>area_id: MIE03-000028</h3>
          <p><b>自治体:</b> 員弁郡</p>
          <p><b>住所:</b> 東員町穴太</p>
          <p><b>郵便番号:</b> 〒5100000</p>
          <p><b>選挙区:</b> MIE-03</p>
        </div>
      ]]></description>
      <styleUrl>#redPinStyle</styleUrl>
      <Point>
        <coordinates>136.596602,35.056837,0</coordinates>
      </Point>
    </Placemark>
    <Placemark>
      <name>MIE03-000029 - 員弁郡 東員町笹尾東1丁目</name>
      <description><![CDATA[
        <div style="font-family:sans-serif;">
          <h3>area_id: MIE03-000029</h3>
          <p><b>自治体:</b> 員弁郡</p>
          <p><b>住所:</b> 東員町笹尾東1丁目</p>
          <p><b>郵便番号:</b> 〒5100000</p>
          <p><b>選挙区:</b> MIE-03</p>
        </div>
      ]]></description>
      <styleUrl>#redPinStyle</styleUrl>
      <Point>
        <coordinates>136.59647,35.041919,0</coordinates>
      </Point>
    </Placemark>
    <Placemark>
      <name>MIE03-000030 - 員弁郡 東員町笹尾東2丁目</name>
      <description><![CDATA[
        <div style="font-family:sans-serif;">
          <h3>area_id: MIE03-000030</h3>
          <p><b>自治体:</b> 員弁郡</p>
          <p><b>住所:</b> 東員町笹尾東2丁目</p>
          <p><b>郵便番号:</b> 〒5100000</p>
          <p><b>選挙区:</b> MIE-03</p>
        </div>
      ]]></description>
      <styleUrl>#redPinStyle</styleUrl>
      <Point>
        <coordinates>136.610431,35.054525,0</coordinates>
      </Point>
    </Placemark>
    <Placemark>
      <name>MIE03-000031 - 員弁郡 東員町笹尾東3丁目</name>
      <description><![CDATA[
        <div style="font-family:sans-serif;">
          <h3>area_id: MIE03-000031</h3>
          <p><b>自治体:</b> 員弁郡</p>
          <p><b>住所:</b> 東員町笹尾東3丁目</p>
          <p><b>郵便番号:</b> 〒5100000</p>
          <p><b>選挙区:</b> MIE-03</p>
        </div>
      ]]></description>
      <styleUrl>#redPinStyle</styleUrl>
      <Point>
        <coordinates>136.58725,35.052847,0</coordinates>
      </Point>
    </Placemark>
    <Placemark>
      <name>MIE03-000032 - 三重郡 菰野町大字菰野</name>
      <description><![CDATA[
        <div style="font-family:sans-serif;">
          <h3>area_id: MIE03-000032</h3>
          <p><b>自治体:</b> 三重郡</p>
          <p><b>住所:</b> 菰野町大字菰野</p>
          <p><b>郵便番号:</b> 〒5100000</p>
          <p><b>選挙区:</b> MIE-03</p>
        </div>
      ]]></description>
      <styleUrl>#redPinStyle</styleUrl>
      <Point>
        <coordinates>136.607866,35.039711,0</coordinates>
      </Point>
    </Placemark>
    <Placemark>
      <name>MIE03-000033 - 三重郡 朝日町大字柿</name>
      <description><![CDATA[
        <div style="font-family:sans-serif;">
          <h3>area_id: MIE03-000033</h3>
          <p><b>自治体:</b> 三重郡</p>
          <p><b>住所:</b> 朝日町大字柿</p>
          <p><b>郵便番号:</b> 〒5100000</p>
          <p><b>選挙区:</b> MIE-03</p>
        </div>
      ]]></description>
      <styleUrl>#redPinStyle</styleUrl>
      <Point>
        <coordinates>136.602792,35.063196,0</coordinates>
      </Point>
    </Placemark>
    <Placemark>
      <name>MIE03-000034 - 三重郡 川越町大字豊田</name>
      <description><![CDATA[
        <div style="font-family:sans-serif;">
          <h3>area_id: MIE03-000034</h3>
          <p><b>自治体:</b> 三重郡</p>
          <p><b>住所:</b> 川越町大字豊田</p>
          <p><b>郵便番号:</b> 〒5100000</p>
          <p><b>選挙区:</b> MIE-03</p>
        </div>
      ]]></description>
      <styleUrl>#redPinStyle</styleUrl>
      <Point>
        <coordinates>136.5861,35.041112,0</coordinates>
      </Point>
    </Placemark>
    <Placemark>
      <name>MIE03-000035 - 四日市市（一部） 富田1丁目 第2区画</name>
      <description><![CDATA[
        <div style="font-family:sans-serif;">
          <h3>area_id: MIE03-000035</h3>
          <p><b>自治体:</b> 四日市市（一部）</p>
          <p><b>住所:</b> 富田1丁目 第2区画</p>
          <p><b>郵便番号:</b> 〒5100000</p>
          <p><b>選挙区:</b> MIE-03</p>
        </div>
      ]]></description>
      <styleUrl>#redPinStyle</styleUrl>
      <Point>
        <coordinates>136.658888,35.005523,0</coordinates>
      </Point>
    </Placemark>
    <Placemark>
      <name>MIE03-000036 - 四日市市（一部） 富田2丁目 第2区画</name>
      <description><![CDATA[
        <div style="font-family:sans-serif;">
          <h3>area_id: MIE03-000036</h3>
          <p><b>自治体:</b> 四日市市（一部）</p>
          <p><b>住所:</b> 富田2丁目 第2区画</p>
          <p><b>郵便番号:</b> 〒5100000</p>
          <p><b>選挙区:</b> MIE-03</p>
        </div>
      ]]></description>
      <styleUrl>#redPinStyle</styleUrl>
      <Point>
        <coordinates>136.626218,35.019434,0</coordinates>
      </Point>
    </Placemark>
    <Placemark>
      <name>MIE03-000037 - 四日市市（一部） 富田3丁目 第2区画</name>
      <description><![CDATA[
        <div style="font-family:sans-serif;">
          <h3>area_id: MIE03-000037</h3>
          <p><b>自治体:</b> 四日市市（一部）</p>
          <p><b>住所:</b> 富田3丁目 第2区画</p>
          <p><b>郵便番号:</b> 〒5100000</p>
          <p><b>選挙区:</b> MIE-03</p>
        </div>
      ]]></description>
      <styleUrl>#redPinStyle</styleUrl>
      <Point>
        <coordinates>136.64,34.9887,0</coordinates>
      </Point>
    </Placemark>
    <Placemark>
      <name>MIE03-000038 - 四日市市（一部） 富州原町 第2区画</name>
      <description><![CDATA[
        <div style="font-family:sans-serif;">
          <h3>area_id: MIE03-000038</h3>
          <p><b>自治体:</b> 四日市市（一部）</p>
          <p><b>住所:</b> 富州原町 第2区画</p>
          <p><b>郵便番号:</b> 〒5100000</p>
          <p><b>選挙区:</b> MIE-03</p>
        </div>
      ]]></description>
      <styleUrl>#redPinStyle</styleUrl>
      <Point>
        <coordinates>136.655728,35.021203,0</coordinates>
      </Point>
    </Placemark>
    <Placemark>
      <name>MIE03-000039 - 四日市市（一部） 羽津1丁目 第2区画</name>
      <description><![CDATA[
        <div style="font-family:sans-serif;">
          <h3>area_id: MIE03-000039</h3>
          <p><b>自治体:</b> 四日市市（一部）</p>
          <p><b>住所:</b> 羽津1丁目 第2区画</p>
          <p><b>郵便番号:</b> 〒5100000</p>
          <p><b>選挙区:</b> MIE-03</p>
        </div>
      ]]></description>
      <styleUrl>#redPinStyle</styleUrl>
      <Point>
        <coordinates>136.615374,35.005105,0</coordinates>
      </Point>
    </Placemark>
    <Placemark>
      <name>MIE03-000040 - 四日市市（一部） 羽津2丁目 第2区画</name>
      <description><![CDATA[
        <div style="font-family:sans-serif;">
          <h3>area_id: MIE03-000040</h3>
          <p><b>自治体:</b> 四日市市（一部）</p>
          <p><b>住所:</b> 羽津2丁目 第2区画</p>
          <p><b>郵便番号:</b> 〒5100000</p>
          <p><b>選挙区:</b> MIE-03</p>
        </div>
      ]]></description>
      <styleUrl>#redPinStyle</styleUrl>
      <Point>
        <coordinates>136.660754,34.993629,0</coordinates>
      </Point>
    </Placemark>
    <Placemark>
      <name>MIE03-000041 - 桑名市 江場1丁目 第2区画</name>
      <description><![CDATA[
        <div style="font-family:sans-serif;">
          <h3>area_id: MIE03-000041</h3>
          <p><b>自治体:</b> 桑名市</p>
          <p><b>住所:</b> 江場1丁目 第2区画</p>
          <p><b>郵便番号:</b> 〒5100000</p>
          <p><b>選挙区:</b> MIE-03</p>
        </div>
      ]]></description>
      <styleUrl>#redPinStyle</styleUrl>
      <Point>
        <coordinates>136.675207,35.086751,0</coordinates>
      </Point>
    </Placemark>
    <Placemark>
      <name>MIE03-000042 - 桑名市 江場2丁目 第2区画</name>
      <description><![CDATA[
        <div style="font-family:sans-serif;">
          <h3>area_id: MIE03-000042</h3>
          <p><b>自治体:</b> 桑名市</p>
          <p><b>住所:</b> 江場2丁目 第2区画</p>
          <p><b>郵便番号:</b> 〒5100000</p>
          <p><b>選挙区:</b> MIE-03</p>
        </div>
      ]]></description>
      <styleUrl>#redPinStyle</styleUrl>
      <Point>
        <coordinates>136.664397,35.04369,0</coordinates>
      </Point>
    </Placemark>
    <Placemark>
      <name>MIE03-000043 - 桑名市 江場3丁目 第2区画</name>
      <description><![CDATA[
        <div style="font-family:sans-serif;">
          <h3>area_id: MIE03-000043</h3>
          <p><b>自治体:</b> 桑名市</p>
          <p><b>住所:</b> 江場3丁目 第2区画</p>
          <p><b>郵便番号:</b> 〒5100000</p>
          <p><b>選挙区:</b> MIE-03</p>
        </div>
      ]]></description>
      <styleUrl>#redPinStyle</styleUrl>
      <Point>
        <coordinates>136.709441,35.070674,0</coordinates>
      </Point>
    </Placemark>
    <Placemark>
      <name>MIE03-000044 - 桑名市 吉之丸 第2区画</name>
      <description><![CDATA[
        <div style="font-family:sans-serif;">
          <h3>area_id: MIE03-000044</h3>
          <p><b>自治体:</b> 桑名市</p>
          <p><b>住所:</b> 吉之丸 第2区画</p>
          <p><b>郵便番号:</b> 〒5100000</p>
          <p><b>選挙区:</b> MIE-03</p>
        </div>
      ]]></description>
      <styleUrl>#redPinStyle</styleUrl>
      <Point>
        <coordinates>136.651687,35.076383,0</coordinates>
      </Point>
    </Placemark>
    <Placemark>
      <name>MIE03-000045 - 桑名市 大山田1丁目 第2区画</name>
      <description><![CDATA[
        <div style="font-family:sans-serif;">
          <h3>area_id: MIE03-000045</h3>
          <p><b>自治体:</b> 桑名市</p>
          <p><b>住所:</b> 大山田1丁目 第2区画</p>
          <p><b>郵便番号:</b> 〒5100000</p>
          <p><b>選挙区:</b> MIE-03</p>
        </div>
      ]]></description>
      <styleUrl>#redPinStyle</styleUrl>
      <Point>
        <coordinates>136.69141,35.037977,0</coordinates>
      </Point>
    </Placemark>
    <Placemark>
      <name>MIE03-000046 - 桑名市 大山田2丁目 第2区画</name>
      <description><![CDATA[
        <div style="font-family:sans-serif;">
          <h3>area_id: MIE03-000046</h3>
          <p><b>自治体:</b> 桑名市</p>
          <p><b>住所:</b> 大山田2丁目 第2区画</p>
          <p><b>郵便番号:</b> 〒5100000</p>
          <p><b>選挙区:</b> MIE-03</p>
        </div>
      ]]></description>
      <styleUrl>#redPinStyle</styleUrl>
      <Point>
        <coordinates>136.693317,35.090893,0</coordinates>
      </Point>
    </Placemark>
    <Placemark>
      <name>MIE03-000047 - 桑名市 大山田3丁目 第2区画</name>
      <description><![CDATA[
        <div style="font-family:sans-serif;">
          <h3>area_id: MIE03-000047</h3>
          <p><b>自治体:</b> 桑名市</p>
          <p><b>住所:</b> 大山田3丁目 第2区画</p>
          <p><b>郵便番号:</b> 〒5100000</p>
          <p><b>選挙区:</b> MIE-03</p>
        </div>
      ]]></description>
      <styleUrl>#redPinStyle</styleUrl>
      <Point>
        <coordinates>136.647155,35.051337,0</coordinates>
      </Point>
    </Placemark>
    <Placemark>
      <name>MIE03-000048 - 桑名市 大山田4丁目 第2区画</name>
      <description><![CDATA[
        <div style="font-family:sans-serif;">
          <h3>area_id: MIE03-000048</h3>
          <p><b>自治体:</b> 桑名市</p>
          <p><b>住所:</b> 大山田4丁目 第2区画</p>
          <p><b>郵便番号:</b> 〒5100000</p>
          <p><b>選挙区:</b> MIE-03</p>
        </div>
      ]]></description>
      <styleUrl>#redPinStyle</styleUrl>
      <Point>
        <coordinates>136.715936,35.054658,0</coordinates>
      </Point>
    </Placemark>
    <Placemark>
      <name>MIE03-000049 - 桑名市 大山田5丁目 第2区画</name>
      <description><![CDATA[
        <div style="font-family:sans-serif;">
          <h3>area_id: MIE03-000049</h3>
          <p><b>自治体:</b> 桑名市</p>
          <p><b>住所:</b> 大山田5丁目 第2区画</p>
          <p><b>郵便番号:</b> 〒5100000</p>
          <p><b>選挙区:</b> MIE-03</p>
        </div>
      ]]></description>
      <styleUrl>#redPinStyle</styleUrl>
      <Point>
        <coordinates>136.66044,35.092332,0</coordinates>
      </Point>
    </Placemark>
    <Placemark>
      <name>MIE03-000050 - 桑名市 大山田6丁目 第2区画</name>
      <description><![CDATA[
        <div style="font-family:sans-serif;">
          <h3>area_id: MIE03-000050</h3>
          <p><b>自治体:</b> 桑名市</p>
          <p><b>住所:</b> 大山田6丁目 第2区画</p>
          <p><b>郵便番号:</b> 〒5100000</p>
          <p><b>選挙区:</b> MIE-03</p>
        </div>
      ]]></description>
      <styleUrl>#redPinStyle</styleUrl>
      <Point>
        <coordinates>136.671221,35.031101,0</coordinates>
      </Point>
    </Placemark>
    <Placemark>
      <name>MIE03-000051 - 桑名市 大山田7丁目 第2区画</name>
      <description><![CDATA[
        <div style="font-family:sans-serif;">
          <h3>area_id: MIE03-000051</h3>
          <p><b>自治体:</b> 桑名市</p>
          <p><b>住所:</b> 大山田7丁目 第2区画</p>
          <p><b>郵便番号:</b> 〒5100000</p>
          <p><b>選挙区:</b> MIE-03</p>
        </div>
      ]]></description>
      <styleUrl>#redPinStyle</styleUrl>
      <Point>
        <coordinates>136.684915,35.066968,0</coordinates>
      </Point>
    </Placemark>
    <Placemark>
      <name>MIE03-000052 - 桑名市 大山田8丁目 第2区画</name>
      <description><![CDATA[
        <div style="font-family:sans-serif;">
          <h3>area_id: MIE03-000052</h3>
          <p><b>自治体:</b> 桑名市</p>
          <p><b>住所:</b> 大山田8丁目 第2区画</p>
          <p><b>郵便番号:</b> 〒5100000</p>
          <p><b>選挙区:</b> MIE-03</p>
        </div>
      ]]></description>
      <styleUrl>#redPinStyle</styleUrl>
      <Point>
        <coordinates>136.672624,35.064909,0</coordinates>
      </Point>
    </Placemark>
    <Placemark>
      <name>MIE03-000053 - 桑名市 播磨 第2区画</name>
      <description><![CDATA[
        <div style="font-family:sans-serif;">
          <h3>area_id: MIE03-000053</h3>
          <p><b>自治体:</b> 桑名市</p>
          <p><b>住所:</b> 播磨 第2区画</p>
          <p><b>郵便番号:</b> 〒5100000</p>
          <p><b>選挙区:</b> MIE-03</p>
        </div>
      ]]></description>
      <styleUrl>#redPinStyle</styleUrl>
      <Point>
        <coordinates>136.685708,35.058431,0</coordinates>
      </Point>
    </Placemark>
    <Placemark>
      <name>MIE03-000054 - 桑名市 多度町香取 第2区画</name>
      <description><![CDATA[
        <div style="font-family:sans-serif;">
          <h3>area_id: MIE03-000054</h3>
          <p><b>自治体:</b> 桑名市</p>
          <p><b>住所:</b> 多度町香取 第2区画</p>
          <p><b>郵便番号:</b> 〒5100000</p>
          <p><b>選挙区:</b> MIE-03</p>
        </div>
      ]]></description>
      <styleUrl>#redPinStyle</styleUrl>
      <Point>
        <coordinates>136.68045,35.072692,0</coordinates>
      </Point>
    </Placemark>
    <Placemark>
      <name>MIE03-000055 - 桑名市 長島町駒江 第2区画</name>
      <description><![CDATA[
        <div style="font-family:sans-serif;">
          <h3>area_id: MIE03-000055</h3>
          <p><b>自治体:</b> 桑名市</p>
          <p><b>住所:</b> 長島町駒江 第2区画</p>
          <p><b>郵便番号:</b> 〒5100000</p>
          <p><b>選挙区:</b> MIE-03</p>
        </div>
      ]]></description>
      <styleUrl>#redPinStyle</styleUrl>
      <Point>
        <coordinates>136.671684,35.05717,0</coordinates>
      </Point>
    </Placemark>
    <Placemark>
      <name>MIE03-000056 - いなべ市 員弁町大泉 第2区画</name>
      <description><![CDATA[
        <div style="font-family:sans-serif;">
          <h3>area_id: MIE03-000056</h3>
          <p><b>自治体:</b> いなべ市</p>
          <p><b>住所:</b> 員弁町大泉 第2区画</p>
          <p><b>郵便番号:</b> 〒5100000</p>
          <p><b>選挙区:</b> MIE-03</p>
        </div>
      ]]></description>
      <styleUrl>#redPinStyle</styleUrl>
      <Point>
        <coordinates>136.529187,35.15888,0</coordinates>
      </Point>
    </Placemark>
    <Placemark>
      <name>MIE03-000057 - いなべ市 北勢町阿下喜 第2区画</name>
      <description><![CDATA[
        <div style="font-family:sans-serif;">
          <h3>area_id: MIE03-000057</h3>
          <p><b>自治体:</b> いなべ市</p>
          <p><b>住所:</b> 北勢町阿下喜 第2区画</p>
          <p><b>郵便番号:</b> 〒5100000</p>
          <p><b>選挙区:</b> MIE-03</p>
        </div>
      ]]></description>
      <styleUrl>#redPinStyle</styleUrl>
      <Point>
        <coordinates>136.504785,35.166242,0</coordinates>
      </Point>
    </Placemark>
    <Placemark>
      <name>MIE03-000058 - いなべ市 大安町丹生川 第2区画</name>
      <description><![CDATA[
        <div style="font-family:sans-serif;">
          <h3>area_id: MIE03-000058</h3>
          <p><b>自治体:</b> いなべ市</p>
          <p><b>住所:</b> 大安町丹生川 第2区画</p>
          <p><b>郵便番号:</b> 〒5100000</p>
          <p><b>選挙区:</b> MIE-03</p>
        </div>
      ]]></description>
      <styleUrl>#redPinStyle</styleUrl>
      <Point>
        <coordinates>136.518099,35.145115,0</coordinates>
      </Point>
    </Placemark>
    <Placemark>
      <name>MIE03-000059 - いなべ市 藤原町市場 第2区画</name>
      <description><![CDATA[
        <div style="font-family:sans-serif;">
          <h3>area_id: MIE03-000059</h3>
          <p><b>自治体:</b> いなべ市</p>
          <p><b>住所:</b> 藤原町市場 第2区画</p>
          <p><b>郵便番号:</b> 〒5100000</p>
          <p><b>選挙区:</b> MIE-03</p>
        </div>
      ]]></description>
      <styleUrl>#redPinStyle</styleUrl>
      <Point>
        <coordinates>136.526049,35.17036,0</coordinates>
      </Point>
    </Placemark>
    <Placemark>
      <name>MIE03-000060 - 桑名郡 木曽岬町加畑 第2区画</name>
      <description><![CDATA[
        <div style="font-family:sans-serif;">
          <h3>area_id: MIE03-000060</h3>
          <p><b>自治体:</b> 桑名郡</p>
          <p><b>住所:</b> 木曽岬町加畑 第2区画</p>
          <p><b>郵便番号:</b> 〒5100000</p>
          <p><b>選挙区:</b> MIE-03</p>
        </div>
      ]]></description>
      <styleUrl>#redPinStyle</styleUrl>
      <Point>
        <coordinates>136.581489,35.04658,0</coordinates>
      </Point>
    </Placemark>
    <Placemark>
      <name>MIE03-000061 - 桑名郡 木曽岬町源緑輪中 第2区画</name>
      <description><![CDATA[
        <div style="font-family:sans-serif;">
          <h3>area_id: MIE03-000061</h3>
          <p><b>自治体:</b> 桑名郡</p>
          <p><b>住所:</b> 木曽岬町源緑輪中 第2区画</p>
          <p><b>郵便番号:</b> 〒5100000</p>
          <p><b>選挙区:</b> MIE-03</p>
        </div>
      ]]></description>
      <styleUrl>#redPinStyle</styleUrl>
      <Point>
        <coordinates>136.617667,35.0415,0</coordinates>
      </Point>
    </Placemark>
    <Placemark>
      <name>MIE03-000062 - 員弁郡 東員町穴太 第2区画</name>
      <description><![CDATA[
        <div style="font-family:sans-serif;">
          <h3>area_id: MIE03-000062</h3>
          <p><b>自治体:</b> 員弁郡</p>
          <p><b>住所:</b> 東員町穴太 第2区画</p>
          <p><b>郵便番号:</b> 〒5100000</p>
          <p><b>選挙区:</b> MIE-03</p>
        </div>
      ]]></description>
      <styleUrl>#redPinStyle</styleUrl>
      <Point>
        <coordinates>136.593433,35.067358,0</coordinates>
      </Point>
    </Placemark>
    <Placemark>
      <name>MIE03-000063 - 員弁郡 東員町笹尾東1丁目 第2区画</name>
      <description><![CDATA[
        <div style="font-family:sans-serif;">
          <h3>area_id: MIE03-000063</h3>
          <p><b>自治体:</b> 員弁郡</p>
          <p><b>住所:</b> 東員町笹尾東1丁目 第2区画</p>
          <p><b>郵便番号:</b> 〒5100000</p>
          <p><b>選挙区:</b> MIE-03</p>
        </div>
      ]]></description>
      <styleUrl>#redPinStyle</styleUrl>
      <Point>
        <coordinates>136.590161,35.032418,0</coordinates>
      </Point>
    </Placemark>
    <Placemark>
      <name>MIE03-000064 - 員弁郡 東員町笹尾東2丁目 第2区画</name>
      <description><![CDATA[
        <div style="font-family:sans-serif;">
          <h3>area_id: MIE03-000064</h3>
          <p><b>自治体:</b> 員弁郡</p>
          <p><b>住所:</b> 東員町笹尾東2丁目 第2区画</p>
          <p><b>郵便番号:</b> 〒5100000</p>
          <p><b>選挙区:</b> MIE-03</p>
        </div>
      ]]></description>
      <styleUrl>#redPinStyle</styleUrl>
      <Point>
        <coordinates>136.622838,35.057883,0</coordinates>
      </Point>
    </Placemark>
    <Placemark>
      <name>MIE03-000065 - 員弁郡 東員町笹尾東3丁目 第2区画</name>
      <description><![CDATA[
        <div style="font-family:sans-serif;">
          <h3>area_id: MIE03-000065</h3>
          <p><b>自治体:</b> 員弁郡</p>
          <p><b>住所:</b> 東員町笹尾東3丁目 第2区画</p>
          <p><b>郵便番号:</b> 〒5100000</p>
          <p><b>選挙区:</b> MIE-03</p>
        </div>
      ]]></description>
      <styleUrl>#redPinStyle</styleUrl>
      <Point>
        <coordinates>136.575418,35.057456,0</coordinates>
      </Point>
    </Placemark>
    <Placemark>
      <name>MIE03-000066 - 三重郡 菰野町大字菰野 第2区画</name>
      <description><![CDATA[
        <div style="font-family:sans-serif;">
          <h3>area_id: MIE03-000066</h3>
          <p><b>自治体:</b> 三重郡</p>
          <p><b>住所:</b> 菰野町大字菰野 第2区画</p>
          <p><b>郵便番号:</b> 〒5100000</p>
          <p><b>選挙区:</b> MIE-03</p>
        </div>
      ]]></description>
      <styleUrl>#redPinStyle</styleUrl>
      <Point>
        <coordinates>136.612744,35.029599,0</coordinates>
      </Point>
    </Placemark>
    <Placemark>
      <name>MIE03-000067 - 三重郡 朝日町大字柿 第2区画</name>
      <description><![CDATA[
        <div style="font-family:sans-serif;">
          <h3>area_id: MIE03-000067</h3>
          <p><b>自治体:</b> 三重郡</p>
          <p><b>住所:</b> 朝日町大字柿 第2区画</p>
          <p><b>郵便番号:</b> 〒5100000</p>
          <p><b>選挙区:</b> MIE-03</p>
        </div>
      ]]></description>
      <styleUrl>#redPinStyle</styleUrl>
      <Point>
        <coordinates>136.607516,35.073375,0</coordinates>
      </Point>
    </Placemark>
    <Placemark>
      <name>MIE03-000068 - 三重郡 川越町大字豊田 第2区画</name>
      <description><![CDATA[
        <div style="font-family:sans-serif;">
          <h3>area_id: MIE03-000068</h3>
          <p><b>自治体:</b> 三重郡</p>
          <p><b>住所:</b> 川越町大字豊田 第2区画</p>
          <p><b>郵便番号:</b> 〒5100000</p>
          <p><b>選挙区:</b> MIE-03</p>
        </div>
      ]]></description>
      <styleUrl>#redPinStyle</styleUrl>
      <Point>
        <coordinates>136.574293,35.036353,0</coordinates>
      </Point>
    </Placemark>
    <Placemark>
      <name>MIE03-000069 - 四日市市（一部） 富田1丁目 第3区画</name>
      <description><![CDATA[
        <div style="font-family:sans-serif;">
          <h3>area_id: MIE03-000069</h3>
          <p><b>自治体:</b> 四日市市（一部）</p>
          <p><b>住所:</b> 富田1丁目 第3区画</p>
          <p><b>郵便番号:</b> 〒5100000</p>
          <p><b>選挙区:</b> MIE-03</p>
        </div>
      ]]></description>
      <styleUrl>#redPinStyle</styleUrl>
      <Point>
        <coordinates>136.671435,35.002281,0</coordinates>
      </Point>
    </Placemark>
    <Placemark>
      <name>MIE03-000070 - 四日市市（一部） 富田2丁目 第3区画</name>
      <description><![CDATA[
        <div style="font-family:sans-serif;">
          <h3>area_id: MIE03-000070</h3>
          <p><b>自治体:</b> 四日市市（一部）</p>
          <p><b>住所:</b> 富田2丁目 第3区画</p>
          <p><b>郵便番号:</b> 〒5100000</p>
          <p><b>選挙区:</b> MIE-03</p>
        </div>
      ]]></description>
      <styleUrl>#redPinStyle</styleUrl>
      <Point>
        <coordinates>136.619692,35.028955,0</coordinates>
      </Point>
    </Placemark>
    <Placemark>
      <name>MIE03-000071 - 四日市市（一部） 富田3丁目 第3区画</name>
      <description><![CDATA[
        <div style="font-family:sans-serif;">
          <h3>area_id: MIE03-000071</h3>
          <p><b>自治体:</b> 四日市市（一部）</p>
          <p><b>住所:</b> 富田3丁目 第3区画</p>
          <p><b>郵便番号:</b> 〒5100000</p>
          <p><b>選挙区:</b> MIE-03</p>
        </div>
      ]]></description>
      <styleUrl>#redPinStyle</styleUrl>
      <Point>
        <coordinates>136.636967,34.97801,0</coordinates>
      </Point>
    </Placemark>
    <Placemark>
      <name>MIE03-000072 - 四日市市（一部） 富州原町 第3区画</name>
      <description><![CDATA[
        <div style="font-family:sans-serif;">
          <h3>area_id: MIE03-000072</h3>
          <p><b>自治体:</b> 四日市市（一部）</p>
          <p><b>住所:</b> 富州原町 第3区画</p>
          <p><b>郵便番号:</b> 〒5100000</p>
          <p><b>選挙区:</b> MIE-03</p>
        </div>
      ]]></description>
      <styleUrl>#redPinStyle</styleUrl>
      <Point>
        <coordinates>136.666719,35.027303,0</coordinates>
      </Point>
    </Placemark>
    <Placemark>
      <name>MIE03-000073 - 四日市市（一部） 羽津1丁目 第3区画</name>
      <description><![CDATA[
        <div style="font-family:sans-serif;">
          <h3>area_id: MIE03-000073</h3>
          <p><b>自治体:</b> 四日市市（一部）</p>
          <p><b>住所:</b> 羽津1丁目 第3区画</p>
          <p><b>郵便番号:</b> 〒5100000</p>
          <p><b>選挙区:</b> MIE-03</p>
        </div>
      ]]></description>
      <styleUrl>#redPinStyle</styleUrl>
      <Point>
        <coordinates>136.60232,35.0069,0</coordinates>
      </Point>
    </Placemark>
    <Placemark>
      <name>MIE03-000074 - 四日市市（一部） 羽津2丁目 第3区画</name>
      <description><![CDATA[
        <div style="font-family:sans-serif;">
          <h3>area_id: MIE03-000074</h3>
          <p><b>自治体:</b> 四日市市（一部）</p>
          <p><b>住所:</b> 羽津2丁目 第3区画</p>
          <p><b>郵便番号:</b> 〒5100000</p>
          <p><b>選挙区:</b> MIE-03</p>
        </div>
      ]]></description>
      <styleUrl>#redPinStyle</styleUrl>
      <Point>
        <coordinates>136.668842,34.984876,0</coordinates>
      </Point>
    </Placemark>
    <Placemark>
      <name>MIE03-000075 - 桑名市 江場1丁目 第3区画</name>
      <description><![CDATA[
        <div style="font-family:sans-serif;">
          <h3>area_id: MIE03-000075</h3>
          <p><b>自治体:</b> 桑名市</p>
          <p><b>住所:</b> 江場1丁目 第3区画</p>
          <p><b>郵便番号:</b> 〒5100000</p>
          <p><b>選挙区:</b> MIE-03</p>
        </div>
      ]]></description>
      <styleUrl>#redPinStyle</styleUrl>
      <Point>
        <coordinates>136.676465,35.097771,0</coordinates>
      </Point>
    </Placemark>
    <Placemark>
      <name>MIE03-000076 - 桑名市 江場2丁目 第3区画</name>
      <description><![CDATA[
        <div style="font-family:sans-serif;">
          <h3>area_id: MIE03-000076</h3>
          <p><b>自治体:</b> 桑名市</p>
          <p><b>住所:</b> 江場2丁目 第3区画</p>
          <p><b>郵便番号:</b> 〒5100000</p>
          <p><b>選挙区:</b> MIE-03</p>
        </div>
      ]]></description>
      <styleUrl>#redPinStyle</styleUrl>
      <Point>
        <coordinates>136.676347,35.060133,0</coordinates>
      </Point>
    </Placemark>
    <Placemark>
      <name>MIE03-000077 - 桑名市 江場3丁目 第3区画</name>
      <description><![CDATA[
        <div style="font-family:sans-serif;">
          <h3>area_id: MIE03-000077</h3>
          <p><b>自治体:</b> 桑名市</p>
          <p><b>住所:</b> 江場3丁目 第3区画</p>
          <p><b>郵便番号:</b> 〒5100000</p>
          <p><b>選挙区:</b> MIE-03</p>
        </div>
      ]]></description>
      <styleUrl>#redPinStyle</styleUrl>
      <Point>
        <coordinates>136.687327,35.065177,0</coordinates>
      </Point>
    </Placemark>
    <Placemark>
      <name>MIE03-000078 - 桑名市 吉之丸 第3区画</name>
      <description><![CDATA[
        <div style="font-family:sans-serif;">
          <h3>area_id: MIE03-000078</h3>
          <p><b>自治体:</b> 桑名市</p>
          <p><b>住所:</b> 吉之丸 第3区画</p>
          <p><b>郵便番号:</b> 〒5100000</p>
          <p><b>選挙区:</b> MIE-03</p>
        </div>
      ]]></description>
      <styleUrl>#redPinStyle</styleUrl>
      <Point>
        <coordinates>136.672511,35.068076,0</coordinates>
      </Point>
    </Placemark>
    <Placemark>
      <name>MIE03-000079 - 桑名市 大山田1丁目 第3区画</name>
      <description><![CDATA[
        <div style="font-family:sans-serif;">
          <h3>area_id: MIE03-000079</h3>
          <p><b>自治体:</b> 桑名市</p>
          <p><b>住所:</b> 大山田1丁目 第3区画</p>
          <p><b>郵便番号:</b> 〒5100000</p>
          <p><b>選挙区:</b> MIE-03</p>
        </div>
      ]]></description>
      <styleUrl>#redPinStyle</styleUrl>
      <Point>
        <coordinates>136.682671,35.055793,0</coordinates>
      </Point>
    </Placemark>
    <Placemark>
      <name>MIE03-000080 - 桑名市 大山田2丁目 第3区画</name>
      <description><![CDATA[
        <div style="font-family:sans-serif;">
          <h3>area_id: MIE03-000080</h3>
          <p><b>自治体:</b> 桑名市</p>
          <p><b>住所:</b> 大山田2丁目 第3区画</p>
          <p><b>郵便番号:</b> 〒5100000</p>
          <p><b>選挙区:</b> MIE-03</p>
        </div>
      ]]></description>
      <styleUrl>#redPinStyle</styleUrl>
      <Point>
        <coordinates>136.68543,35.072793,0</coordinates>
      </Point>
    </Placemark>
    <Placemark>
      <name>MIE03-000081 - 桑名市 大山田3丁目 第3区画</name>
      <description><![CDATA[
        <div style="font-family:sans-serif;">
          <h3>area_id: MIE03-000081</h3>
          <p><b>自治体:</b> 桑名市</p>
          <p><b>住所:</b> 大山田3丁目 第3区画</p>
          <p><b>郵便番号:</b> 〒5100000</p>
          <p><b>選挙区:</b> MIE-03</p>
        </div>
      ]]></description>
      <styleUrl>#redPinStyle</styleUrl>
      <Point>
        <coordinates>136.667596,35.060338,0</coordinates>
      </Point>
    </Placemark>
    <Placemark>
      <name>MIE03-000082 - 桑名市 大山田4丁目 第3区画</name>
      <description><![CDATA[
        <div style="font-family:sans-serif;">
          <h3>area_id: MIE03-000082</h3>
          <p><b>自治体:</b> 桑名市</p>
          <p><b>住所:</b> 大山田4丁目 第3区画</p>
          <p><b>郵便番号:</b> 〒5100000</p>
          <p><b>選挙区:</b> MIE-03</p>
        </div>
      ]]></description>
      <styleUrl>#redPinStyle</styleUrl>
      <Point>
        <coordinates>136.693526,35.059431,0</coordinates>
      </Point>
    </Placemark>
    <Placemark>
      <name>MIE03-000083 - 桑名市 大山田5丁目 第3区画</name>
      <description><![CDATA[
        <div style="font-family:sans-serif;">
          <h3>area_id: MIE03-000083</h3>
          <p><b>自治体:</b> 桑名市</p>
          <p><b>住所:</b> 大山田5丁目 第3区画</p>
          <p><b>郵便番号:</b> 〒5100000</p>
          <p><b>選挙区:</b> MIE-03</p>
        </div>
      ]]></description>
      <styleUrl>#redPinStyle</styleUrl>
      <Point>
        <coordinates>136.673204,35.076245,0</coordinates>
      </Point>
    </Placemark>
    <Placemark>
      <name>MIE03-000084 - 桑名市 大山田6丁目 第3区画</name>
      <description><![CDATA[
        <div style="font-family:sans-serif;">
          <h3>area_id: MIE03-000084</h3>
          <p><b>自治体:</b> 桑名市</p>
          <p><b>住所:</b> 大山田6丁目 第3区画</p>
          <p><b>郵便番号:</b> 〒5100000</p>
          <p><b>選挙区:</b> MIE-03</p>
        </div>
      ]]></description>
      <styleUrl>#redPinStyle</styleUrl>
      <Point>
        <coordinates>136.674732,35.050176,0</coordinates>
      </Point>
    </Placemark>
    <Placemark>
      <name>MIE03-000085 - 桑名市 大山田7丁目 第3区画</name>
      <description><![CDATA[
        <div style="font-family:sans-serif;">
          <h3>area_id: MIE03-000085</h3>
          <p><b>自治体:</b> 桑名市</p>
          <p><b>住所:</b> 大山田7丁目 第3区画</p>
          <p><b>郵便番号:</b> 〒5100000</p>
          <p><b>選挙区:</b> MIE-03</p>
        </div>
      ]]></description>
      <styleUrl>#redPinStyle</styleUrl>
      <Point>
        <coordinates>136.69642,35.072,0</coordinates>
      </Point>
    </Placemark>
    <Placemark>
      <name>MIE03-000086 - 桑名市 大山田8丁目 第3区画</name>
      <description><![CDATA[
        <div style="font-family:sans-serif;">
          <h3>area_id: MIE03-000086</h3>
          <p><b>自治体:</b> 桑名市</p>
          <p><b>住所:</b> 大山田8丁目 第3区画</p>
          <p><b>郵便番号:</b> 〒5100000</p>
          <p><b>選挙区:</b> MIE-03</p>
        </div>
      ]]></description>
      <styleUrl>#redPinStyle</styleUrl>
      <Point>
        <coordinates>136.660084,35.067779,0</coordinates>
      </Point>
    </Placemark>
    <Placemark>
      <name>MIE03-000087 - 桑名市 播磨 第3区画</name>
      <description><![CDATA[
        <div style="font-family:sans-serif;">
          <h3>area_id: MIE03-000087</h3>
          <p><b>自治体:</b> 桑名市</p>
          <p><b>住所:</b> 播磨 第3区画</p>
          <p><b>郵便番号:</b> 〒5100000</p>
          <p><b>選挙区:</b> MIE-03</p>
        </div>
      ]]></description>
      <styleUrl>#redPinStyle</styleUrl>
      <Point>
        <coordinates>136.692527,35.049191,0</coordinates>
      </Point>
    </Placemark>
    <Placemark>
      <name>MIE03-000088 - 桑名市 多度町香取 第3区画</name>
      <description><![CDATA[
        <div style="font-family:sans-serif;">
          <h3>area_id: MIE03-000088</h3>
          <p><b>自治体:</b> 桑名市</p>
          <p><b>住所:</b> 多度町香取 第3区画</p>
          <p><b>郵便番号:</b> 〒5100000</p>
          <p><b>選挙区:</b> MIE-03</p>
        </div>
      ]]></description>
      <styleUrl>#redPinStyle</styleUrl>
      <Point>
        <coordinates>136.683039,35.083334,0</coordinates>
      </Point>
    </Placemark>
    <Placemark>
      <name>MIE03-000089 - 桑名市 長島町駒江 第3区画</name>
      <description><![CDATA[
        <div style="font-family:sans-serif;">
          <h3>area_id: MIE03-000089</h3>
          <p><b>自治体:</b> 桑名市</p>
          <p><b>住所:</b> 長島町駒江 第3区画</p>
          <p><b>郵便番号:</b> 〒5100000</p>
          <p><b>選挙区:</b> MIE-03</p>
        </div>
      ]]></description>
      <styleUrl>#redPinStyle</styleUrl>
      <Point>
        <coordinates>136.661063,35.050859,0</coordinates>
      </Point>
    </Placemark>
    <Placemark>
      <name>MIE03-000090 - いなべ市 員弁町大泉 第3区画</name>
      <description><![CDATA[
        <div style="font-family:sans-serif;">
          <h3>area_id: MIE03-000090</h3>
          <p><b>自治体:</b> いなべ市</p>
          <p><b>住所:</b> 員弁町大泉 第3区画</p>
          <p><b>郵便番号:</b> 〒5100000</p>
          <p><b>選挙区:</b> MIE-03</p>
        </div>
      ]]></description>
      <styleUrl>#redPinStyle</styleUrl>
      <Point>
        <coordinates>136.542135,35.157449,0</coordinates>
      </Point>
    </Placemark>
    <Placemark>
      <name>MIE03-000091 - いなべ市 北勢町阿下喜 第3区画</name>
      <description><![CDATA[
        <div style="font-family:sans-serif;">
          <h3>area_id: MIE03-000091</h3>
          <p><b>自治体:</b> いなべ市</p>
          <p><b>住所:</b> 北勢町阿下喜 第3区画</p>
          <p><b>郵便番号:</b> 〒5100000</p>
          <p><b>選挙区:</b> MIE-03</p>
        </div>
      ]]></description>
      <styleUrl>#redPinStyle</styleUrl>
      <Point>
        <coordinates>136.496484,35.174663,0</coordinates>
      </Point>
    </Placemark>
    <Placemark>
      <name>MIE03-000092 - いなべ市 大安町丹生川 第3区画</name>
      <description><![CDATA[
        <div style="font-family:sans-serif;">
          <h3>area_id: MIE03-000092</h3>
          <p><b>自治体:</b> いなべ市</p>
          <p><b>住所:</b> 大安町丹生川 第3区画</p>
          <p><b>郵便番号:</b> 〒5100000</p>
          <p><b>選挙区:</b> MIE-03</p>
        </div>
      ]]></description>
      <styleUrl>#redPinStyle</styleUrl>
      <Point>
        <coordinates>136.517267,35.134223,0</coordinates>
      </Point>
    </Placemark>
    <Placemark>
      <name>MIE03-000093 - いなべ市 藤原町市場 第3区画</name>
      <description><![CDATA[
        <div style="font-family:sans-serif;">
          <h3>area_id: MIE03-000093</h3>
          <p><b>自治体:</b> いなべ市</p>
          <p><b>住所:</b> 藤原町市場 第3区画</p>
          <p><b>郵便番号:</b> 〒5100000</p>
          <p><b>選挙区:</b> MIE-03</p>
        </div>
      ]]></description>
      <styleUrl>#redPinStyle</styleUrl>
      <Point>
        <coordinates>136.535592,35.177858,0</coordinates>
      </Point>
    </Placemark>
    <Placemark>
      <name>MIE03-000094 - 桑名郡 木曽岬町加畑 第3区画</name>
      <description><![CDATA[
        <div style="font-family:sans-serif;">
          <h3>area_id: MIE03-000094</h3>
          <p><b>自治体:</b> 桑名郡</p>
          <p><b>住所:</b> 木曽岬町加畑 第3区画</p>
          <p><b>郵便番号:</b> 〒5100000</p>
          <p><b>選挙区:</b> MIE-03</p>
        </div>
      ]]></description>
      <styleUrl>#redPinStyle</styleUrl>
      <Point>
        <coordinates>136.568353,35.046528,0</coordinates>
      </Point>
    </Placemark>
    <Placemark>
      <name>MIE03-000095 - 桑名郡 木曽岬町源緑輪中 第3区画</name>
      <description><![CDATA[
        <div style="font-family:sans-serif;">
          <h3>area_id: MIE03-000095</h3>
          <p><b>自治体:</b> 桑名郡</p>
          <p><b>住所:</b> 木曽岬町源緑輪中 第3区画</p>
          <p><b>郵便番号:</b> 〒5100000</p>
          <p><b>選挙区:</b> MIE-03</p>
        </div>
      ]]></description>
      <styleUrl>#redPinStyle</styleUrl>
      <Point>
        <coordinates>136.627327,35.034055,0</coordinates>
      </Point>
    </Placemark>
    <Placemark>
      <name>MIE03-000096 - 員弁郡 東員町穴太 第3区画</name>
      <description><![CDATA[
        <div style="font-family:sans-serif;">
          <h3>area_id: MIE03-000096</h3>
          <p><b>自治体:</b> 員弁郡</p>
          <p><b>住所:</b> 東員町穴太 第3区画</p>
          <p><b>郵便番号:</b> 〒5100000</p>
          <p><b>選挙区:</b> MIE-03</p>
        </div>
      ]]></description>
      <styleUrl>#redPinStyle</styleUrl>
      <Point>
        <coordinates>136.592468,35.078313,0</coordinates>
      </Point>
    </Placemark>
    <Placemark>
      <name>MIE03-000097 - 員弁郡 東員町笹尾東1丁目 第3区画</name>
      <description><![CDATA[
        <div style="font-family:sans-serif;">
          <h3>area_id: MIE03-000097</h3>
          <p><b>自治体:</b> 員弁郡</p>
          <p><b>住所:</b> 東員町笹尾東1丁目 第3区画</p>
          <p><b>郵便番号:</b> 〒5100000</p>
          <p><b>選挙区:</b> MIE-03</p>
        </div>
      ]]></description>
      <styleUrl>#redPinStyle</styleUrl>
      <Point>
        <coordinates>136.58188,35.023846,0</coordinates>
      </Point>
    </Placemark>
    <Placemark>
      <name>MIE03-000098 - 員弁郡 東員町笹尾東2丁目 第3区画</name>
      <description><![CDATA[
        <div style="font-family:sans-serif;">
          <h3>area_id: MIE03-000098</h3>
          <p><b>自治体:</b> 員弁郡</p>
          <p><b>住所:</b> 東員町笹尾東2丁目 第3区画</p>
          <p><b>郵便番号:</b> 〒5100000</p>
          <p><b>選挙区:</b> MIE-03</p>
        </div>
      ]]></description>
      <styleUrl>#redPinStyle</styleUrl>
      <Point>
        <coordinates>136.635936,35.059442,0</coordinates>
      </Point>
    </Placemark>
    <Placemark>
      <name>MIE03-000099 - 員弁郡 東員町笹尾東3丁目 第3区画</name>
      <description><![CDATA[
        <div style="font-family:sans-serif;">
          <h3>area_id: MIE03-000099</h3>
          <p><b>自治体:</b> 員弁郡</p>
          <p><b>住所:</b> 東員町笹尾東3丁目 第3区画</p>
          <p><b>郵便番号:</b> 〒5100000</p>
          <p><b>選挙区:</b> MIE-03</p>
        </div>
      ]]></description>
      <styleUrl>#redPinStyle</styleUrl>
      <Point>
        <coordinates>136.564545,35.063777,0</coordinates>
      </Point>
    </Placemark>
    <Placemark>
      <name>MIE03-000100 - 三重郡 菰野町大字菰野 第3区画</name>
      <description><![CDATA[
        <div style="font-family:sans-serif;">
          <h3>area_id: MIE03-000100</h3>
          <p><b>自治体:</b> 三重郡</p>
          <p><b>住所:</b> 菰野町大字菰野 第3区画</p>
          <p><b>郵便番号:</b> 〒5100000</p>
          <p><b>選挙区:</b> MIE-03</p>
        </div>
      ]]></description>
      <styleUrl>#redPinStyle</styleUrl>
      <Point>
        <coordinates>136.615522,35.018773,0</coordinates>
      </Point>
    </Placemark>
    <Placemark>
      <name>MIE03-000101 - 三重郡 朝日町大字柿 第3区画</name>
      <description><![CDATA[
        <div style="font-family:sans-serif;">
          <h3>area_id: MIE03-000101</h3>
          <p><b>自治体:</b> 三重郡</p>
          <p><b>住所:</b> 朝日町大字柿 第3区画</p>
          <p><b>郵便番号:</b> 〒5100000</p>
          <p><b>選挙区:</b> MIE-03</p>
        </div>
      ]]></description>
      <styleUrl>#redPinStyle</styleUrl>
      <Point>
        <coordinates>136.602052,35.054698,0</coordinates>
      </Point>
    </Placemark>
    <Placemark>
      <name>MIE03-000102 - 三重郡 川越町大字豊田 第3区画</name>
      <description><![CDATA[
        <div style="font-family:sans-serif;">
          <h3>area_id: MIE03-000102</h3>
          <p><b>自治体:</b> 三重郡</p>
          <p><b>住所:</b> 川越町大字豊田 第3区画</p>
          <p><b>郵便番号:</b> 〒5100000</p>
          <p><b>選挙区:</b> MIE-03</p>
        </div>
      ]]></description>
      <styleUrl>#redPinStyle</styleUrl>
      <Point>
        <coordinates>136.593401,35.047137,0</coordinates>
      </Point>
    </Placemark>
    <Placemark>
      <name>MIE03-000103 - 四日市市（一部） 富田1丁目 第4区画</name>
      <description><![CDATA[
        <div style="font-family:sans-serif;">
          <h3>area_id: MIE03-000103</h3>
          <p><b>自治体:</b> 四日市市（一部）</p>
          <p><b>住所:</b> 富田1丁目 第4区画</p>
          <p><b>郵便番号:</b> 〒5100000</p>
          <p><b>選挙区:</b> MIE-03</p>
        </div>
      ]]></description>
      <styleUrl>#redPinStyle</styleUrl>
      <Point>
        <coordinates>136.648577,35.004985,0</coordinates>
      </Point>
    </Placemark>
    <Placemark>
      <name>MIE03-000104 - 四日市市（一部） 富田2丁目 第4区画</name>
      <description><![CDATA[
        <div style="font-family:sans-serif;">
          <h3>area_id: MIE03-000104</h3>
          <p><b>自治体:</b> 四日市市（一部）</p>
          <p><b>住所:</b> 富田2丁目 第4区画</p>
          <p><b>郵便番号:</b> 〒5100000</p>
          <p><b>選挙区:</b> MIE-03</p>
        </div>
      ]]></description>
      <styleUrl>#redPinStyle</styleUrl>
      <Point>
        <coordinates>136.634455,35.014153,0</coordinates>
      </Point>
    </Placemark>
    <Placemark>
      <name>MIE03-000105 - 四日市市（一部） 富田3丁目 第4区画</name>
      <description><![CDATA[
        <div style="font-family:sans-serif;">
          <h3>area_id: MIE03-000105</h3>
          <p><b>自治体:</b> 四日市市（一部）</p>
          <p><b>住所:</b> 富田3丁目 第4区画</p>
          <p><b>郵便番号:</b> 〒5100000</p>
          <p><b>選挙区:</b> MIE-03</p>
        </div>
      ]]></description>
      <styleUrl>#redPinStyle</styleUrl>
      <Point>
        <coordinates>136.637958,34.997249,0</coordinates>
      </Point>
    </Placemark>
    <Placemark>
      <name>MIE03-000106 - 四日市市（一部） 富州原町 第4区画</name>
      <description><![CDATA[
        <div style="font-family:sans-serif;">
          <h3>area_id: MIE03-000106</h3>
          <p><b>自治体:</b> 四日市市（一部）</p>
          <p><b>住所:</b> 富州原町 第4区画</p>
          <p><b>郵便番号:</b> 〒5100000</p>
          <p><b>選挙区:</b> MIE-03</p>
        </div>
      ]]></description>
      <styleUrl>#redPinStyle</styleUrl>
      <Point>
        <coordinates>136.650472,35.013596,0</coordinates>
      </Point>
    </Placemark>
    <Placemark>
      <name>MIE03-000107 - 四日市市（一部） 羽津1丁目 第4区画</name>
      <description><![CDATA[
        <div style="font-family:sans-serif;">
          <h3>area_id: MIE03-000107</h3>
          <p><b>自治体:</b> 四日市市（一部）</p>
          <p><b>住所:</b> 羽津1丁目 第4区画</p>
          <p><b>郵便番号:</b> 〒5100000</p>
          <p><b>選挙区:</b> MIE-03</p>
        </div>
      ]]></description>
      <styleUrl>#redPinStyle</styleUrl>
      <Point>
        <coordinates>136.625416,35.007963,0</coordinates>
      </Point>
    </Placemark>
    <Placemark>
      <name>MIE03-000108 - 四日市市（一部） 羽津2丁目 第4区画</name>
      <description><![CDATA[
        <div style="font-family:sans-serif;">
          <h3>area_id: MIE03-000108</h3>
          <p><b>自治体:</b> 四日市市（一部）</p>
          <p><b>住所:</b> 羽津2丁目 第4区画</p>
          <p><b>郵便番号:</b> 〒5100000</p>
          <p><b>選挙区:</b> MIE-03</p>
        </div>
      ]]></description>
      <styleUrl>#redPinStyle</styleUrl>
      <Point>
        <coordinates>136.650863,34.99702,0</coordinates>
      </Point>
    </Placemark>
    <Placemark>
      <name>MIE03-000109 - 桑名市 江場1丁目 第4区画</name>
      <description><![CDATA[
        <div style="font-family:sans-serif;">
          <h3>area_id: MIE03-000109</h3>
          <p><b>自治体:</b> 桑名市</p>
          <p><b>住所:</b> 江場1丁目 第4区画</p>
          <p><b>郵便番号:</b> 〒5100000</p>
          <p><b>選挙区:</b> MIE-03</p>
        </div>
      ]]></description>
      <styleUrl>#redPinStyle</styleUrl>
      <Point>
        <coordinates>136.68,35.0787,0</coordinates>
      </Point>
    </Placemark>
    <Placemark>
      <name>MIE03-000110 - 桑名市 江場2丁目 第4区画</name>
      <description><![CDATA[
        <div style="font-family:sans-serif;">
          <h3>area_id: MIE03-000110</h3>
          <p><b>自治体:</b> 桑名市</p>
          <p><b>住所:</b> 江場2丁目 第4区画</p>
          <p><b>郵便番号:</b> 〒5100000</p>
          <p><b>選挙区:</b> MIE-03</p>
        </div>
      ]]></description>
      <styleUrl>#redPinStyle</styleUrl>
      <Point>
        <coordinates>136.667191,35.052451,0</coordinates>
      </Point>
    </Placemark>
    <Placemark>
      <name>MIE03-000111 - 桑名市 江場3丁目 第4区画</name>
      <description><![CDATA[
        <div style="font-family:sans-serif;">
          <h3>area_id: MIE03-000111</h3>
          <p><b>自治体:</b> 桑名市</p>
          <p><b>住所:</b> 江場3丁目 第4区画</p>
          <p><b>郵便番号:</b> 〒5100000</p>
          <p><b>選挙区:</b> MIE-03</p>
        </div>
      ]]></description>
      <styleUrl>#redPinStyle</styleUrl>
      <Point>
        <coordinates>136.700322,35.065582,0</coordinates>
      </Point>
    </Placemark>
    <Placemark>
      <name>MIE03-000112 - 桑名市 吉之丸 第4区画</name>
      <description><![CDATA[
        <div style="font-family:sans-serif;">
          <h3>area_id: MIE03-000112</h3>
          <p><b>自治体:</b> 桑名市</p>
          <p><b>住所:</b> 吉之丸 第4区画</p>
          <p><b>郵便番号:</b> 〒5100000</p>
          <p><b>選挙区:</b> MIE-03</p>
        </div>
      ]]></description>
      <styleUrl>#redPinStyle</styleUrl>
      <Point>
        <coordinates>136.662673,35.075179,0</coordinates>
      </Point>
    </Placemark>
    <Placemark>
      <name>MIE03-000113 - 桑名市 大山田1丁目 第4区画</name>
      <description><![CDATA[
        <div style="font-family:sans-serif;">
          <h3>area_id: MIE03-000113</h3>
          <p><b>自治体:</b> 桑名市</p>
          <p><b>住所:</b> 大山田1丁目 第4区画</p>
          <p><b>郵便番号:</b> 〒5100000</p>
          <p><b>選挙区:</b> MIE-03</p>
        </div>
      ]]></description>
      <styleUrl>#redPinStyle</styleUrl>
      <Point>
        <coordinates>136.684043,35.044995,0</coordinates>
      </Point>
    </Placemark>
    <Placemark>
      <name>MIE03-000114 - 桑名市 大山田2丁目 第4区画</name>
      <description><![CDATA[
        <div style="font-family:sans-serif;">
          <h3>area_id: MIE03-000114</h3>
          <p><b>自治体:</b> 桑名市</p>
          <p><b>住所:</b> 大山田2丁目 第4区画</p>
          <p><b>郵便番号:</b> 〒5100000</p>
          <p><b>選挙区:</b> MIE-03</p>
        </div>
      ]]></description>
      <styleUrl>#redPinStyle</styleUrl>
      <Point>
        <coordinates>136.693282,35.081474,0</coordinates>
      </Point>
    </Placemark>
    <Placemark>
      <name>MIE03-000115 - 桑名市 大山田3丁目 第4区画</name>
      <description><![CDATA[
        <div style="font-family:sans-serif;">
          <h3>area_id: MIE03-000115</h3>
          <p><b>自治体:</b> 桑名市</p>
          <p><b>住所:</b> 大山田3丁目 第4区画</p>
          <p><b>郵便番号:</b> 〒5100000</p>
          <p><b>選挙区:</b> MIE-03</p>
        </div>
      ]]></description>
      <styleUrl>#redPinStyle</styleUrl>
      <Point>
        <coordinates>136.654731,35.058458,0</coordinates>
      </Point>
    </Placemark>
    <Placemark>
      <name>MIE03-000116 - 桑名市 大山田4丁目 第4区画</name>
      <description><![CDATA[
        <div style="font-family:sans-serif;">
          <h3>area_id: MIE03-000116</h3>
          <p><b>自治体:</b> 桑名市</p>
          <p><b>住所:</b> 大山田4丁目 第4区画</p>
          <p><b>郵便番号:</b> 〒5100000</p>
          <p><b>選挙区:</b> MIE-03</p>
        </div>
      ]]></description>
      <styleUrl>#redPinStyle</styleUrl>
      <Point>
        <coordinates>136.704481,35.05348,0</coordinates>
      </Point>
    </Placemark>
    <Placemark>
      <name>MIE03-000117 - 桑名市 大山田5丁目 第4区画</name>
      <description><![CDATA[
        <div style="font-family:sans-serif;">
          <h3>area_id: MIE03-000117</h3>
          <p><b>自治体:</b> 桑名市</p>
          <p><b>住所:</b> 大山田5丁目 第4区画</p>
          <p><b>郵便番号:</b> 〒5100000</p>
          <p><b>選挙区:</b> MIE-03</p>
        </div>
      ]]></description>
      <styleUrl>#redPinStyle</styleUrl>
      <Point>
        <coordinates>136.670068,35.086841,0</coordinates>
      </Point>
    </Placemark>
    <Placemark>
      <name>MIE03-000118 - 桑名市 大山田6丁目 第4区画</name>
      <description><![CDATA[
        <div style="font-family:sans-serif;">
          <h3>area_id: MIE03-000118</h3>
          <p><b>自治体:</b> 桑名市</p>
          <p><b>住所:</b> 大山田6丁目 第4区画</p>
          <p><b>郵便番号:</b> 〒5100000</p>
          <p><b>選挙区:</b> MIE-03</p>
        </div>
      ]]></description>
      <styleUrl>#redPinStyle</styleUrl>
      <Point>
        <coordinates>136.668336,35.040633,0</coordinates>
      </Point>
    </Placemark>
    <Placemark>
      <name>MIE03-000119 - 桑名市 大山田7丁目 第4区画</name>
      <description><![CDATA[
        <div style="font-family:sans-serif;">
          <h3>area_id: MIE03-000119</h3>
          <p><b>自治体:</b> 桑名市</p>
          <p><b>住所:</b> 大山田7丁目 第4区画</p>
          <p><b>郵便番号:</b> 〒5100000</p>
          <p><b>選挙区:</b> MIE-03</p>
        </div>
      ]]></description>
      <styleUrl>#redPinStyle</styleUrl>
      <Point>
        <coordinates>136.708929,35.075342,0</coordinates>
      </Point>
    </Placemark>
    <Placemark>
      <name>MIE03-000120 - 桑名市 大山田8丁目 第4区画</name>
      <description><![CDATA[
        <div style="font-family:sans-serif;">
          <h3>area_id: MIE03-000120</h3>
          <p><b>自治体:</b> 桑名市</p>
          <p><b>住所:</b> 大山田8丁目 第4区画</p>
          <p><b>郵便番号:</b> 〒5100000</p>
          <p><b>選挙区:</b> MIE-03</p>
        </div>
      ]]></description>
      <styleUrl>#redPinStyle</styleUrl>
      <Point>
        <coordinates>136.648184,35.07246,0</coordinates>
      </Point>
    </Placemark>
    <Placemark>
      <name>MIE03-000121 - 桑名市 播磨 第4区画</name>
      <description><![CDATA[
        <div style="font-family:sans-serif;">
          <h3>area_id: MIE03-000121</h3>
          <p><b>自治体:</b> 桑名市</p>
          <p><b>住所:</b> 播磨 第4区画</p>
          <p><b>郵便番号:</b> 〒5100000</p>
          <p><b>選挙区:</b> MIE-03</p>
        </div>
      ]]></description>
      <styleUrl>#redPinStyle</styleUrl>
      <Point>
        <coordinates>136.6974,35.038985,0</coordinates>
      </Point>
    </Placemark>
    <Placemark>
      <name>MIE03-000122 - 桑名市 多度町香取 第4区画</name>
      <description><![CDATA[
        <div style="font-family:sans-serif;">
          <h3>area_id: MIE03-000122</h3>
          <p><b>自治体:</b> 桑名市</p>
          <p><b>住所:</b> 多度町香取 第4区画</p>
          <p><b>郵便番号:</b> 〒5100000</p>
          <p><b>選挙区:</b> MIE-03</p>
        </div>
      ]]></description>
      <styleUrl>#redPinStyle</styleUrl>
      <Point>
        <coordinates>136.687844,35.093584,0</coordinates>
      </Point>
    </Placemark>
    <Placemark>
      <name>MIE03-000123 - 桑名市 長島町駒江 第4区画</name>
      <description><![CDATA[
        <div style="font-family:sans-serif;">
          <h3>area_id: MIE03-000123</h3>
          <p><b>自治体:</b> 桑名市</p>
          <p><b>住所:</b> 長島町駒江 第4区画</p>
          <p><b>郵便番号:</b> 〒5100000</p>
          <p><b>選挙区:</b> MIE-03</p>
        </div>
      ]]></description>
      <styleUrl>#redPinStyle</styleUrl>
      <Point>
        <coordinates>136.649134,35.04609,0</coordinates>
      </Point>
    </Placemark>
    <Placemark>
      <name>MIE03-000124 - いなべ市 員弁町大泉 第4区画</name>
      <description><![CDATA[
        <div style="font-family:sans-serif;">
          <h3>area_id: MIE03-000124</h3>
          <p><b>自治体:</b> いなべ市</p>
          <p><b>住所:</b> 員弁町大泉 第4区画</p>
          <p><b>郵便番号:</b> 〒5100000</p>
          <p><b>選挙区:</b> MIE-03</p>
        </div>
      ]]></description>
      <styleUrl>#redPinStyle</styleUrl>
      <Point>
        <coordinates>136.554785,35.154145,0</coordinates>
      </Point>
    </Placemark>
    <Placemark>
      <name>MIE03-000125 - いなべ市 北勢町阿下喜 第4区画</name>
      <description><![CDATA[
        <div style="font-family:sans-serif;">
          <h3>area_id: MIE03-000125</h3>
          <p><b>自治体:</b> いなべ市</p>
          <p><b>住所:</b> 北勢町阿下喜 第4区画</p>
          <p><b>郵便番号:</b> 〒5100000</p>
          <p><b>選挙区:</b> MIE-03</p>
        </div>
      ]]></description>
      <styleUrl>#redPinStyle</styleUrl>
      <Point>
        <coordinates>136.489929,35.184292,0</coordinates>
      </Point>
    </Placemark>
    <Placemark>
      <name>MIE03-000126 - いなべ市 大安町丹生川 第4区画</name>
      <description><![CDATA[
        <div style="font-family:sans-serif;">
          <h3>area_id: MIE03-000126</h3>
          <p><b>自治体:</b> いなべ市</p>
          <p><b>住所:</b> 大安町丹生川 第4区画</p>
          <p><b>郵便番号:</b> 〒5100000</p>
          <p><b>選挙区:</b> MIE-03</p>
        </div>
      ]]></description>
      <styleUrl>#redPinStyle</styleUrl>
      <Point>
        <coordinates>136.515738,35.153405,0</coordinates>
      </Point>
    </Placemark>
    <Placemark>
      <name>MIE03-000127 - いなべ市 藤原町市場 第4区画</name>
      <description><![CDATA[
        <div style="font-family:sans-serif;">
          <h3>area_id: MIE03-000127</h3>
          <p><b>自治体:</b> いなべ市</p>
          <p><b>住所:</b> 藤原町市場 第4区画</p>
          <p><b>郵便番号:</b> 〒5100000</p>
          <p><b>選挙区:</b> MIE-03</p>
        </div>
      ]]></description>
      <styleUrl>#redPinStyle</styleUrl>
      <Point>
        <coordinates>136.521261,35.162784,0</coordinates>
      </Point>
    </Placemark>
    <Placemark>
      <name>MIE03-000128 - 桑名郡 木曽岬町加畑 第4区画</name>
      <description><![CDATA[
        <div style="font-family:sans-serif;">
          <h3>area_id: MIE03-000128</h3>
          <p><b>自治体:</b> 桑名郡</p>
          <p><b>住所:</b> 木曽岬町加畑 第4区画</p>
          <p><b>郵便番号:</b> 〒5100000</p>
          <p><b>選挙区:</b> MIE-03</p>
        </div>
      ]]></description>
      <styleUrl>#redPinStyle</styleUrl>
      <Point>
        <coordinates>136.591128,35.049677,0</coordinates>
      </Point>
    </Placemark>
    <Placemark>
      <name>MIE03-000129 - 桑名郡 木曽岬町源緑輪中 第4区画</name>
      <description><![CDATA[
        <div style="font-family:sans-serif;">
          <h3>area_id: MIE03-000129</h3>
          <p><b>自治体:</b> 桑名郡</p>
          <p><b>住所:</b> 木曽岬町源緑輪中 第4区画</p>
          <p><b>郵便番号:</b> 〒5100000</p>
          <p><b>選挙区:</b> MIE-03</p>
        </div>
      ]]></description>
      <styleUrl>#redPinStyle</styleUrl>
      <Point>
        <coordinates>136.607906,35.044472,0</coordinates>
      </Point>
    </Placemark>
    <Placemark>
      <name>MIE03-000130 - 員弁郡 東員町穴太 第4区画</name>
      <description><![CDATA[
        <div style="font-family:sans-serif;">
          <h3>area_id: MIE03-000130</h3>
          <p><b>自治体:</b> 員弁郡</p>
          <p><b>住所:</b> 東員町穴太 第4区画</p>
          <p><b>郵便番号:</b> 〒5100000</p>
          <p><b>選挙区:</b> MIE-03</p>
        </div>
      ]]></description>
      <styleUrl>#redPinStyle</styleUrl>
      <Point>
        <coordinates>136.598465,35.059716,0</coordinates>
      </Point>
    </Placemark>
    <Placemark>
      <name>MIE03-000131 - 員弁郡 東員町笹尾東1丁目 第4区画</name>
      <description><![CDATA[
        <div style="font-family:sans-serif;">
          <h3>area_id: MIE03-000131</h3>
          <p><b>自治体:</b> 員弁郡</p>
          <p><b>住所:</b> 東員町笹尾東1丁目 第4区画</p>
          <p><b>郵便番号:</b> 〒5100000</p>
          <p><b>選挙区:</b> MIE-03</p>
        </div>
      ]]></description>
      <styleUrl>#redPinStyle</styleUrl>
      <Point>
        <coordinates>136.592429,35.040989,0</coordinates>
      </Point>
    </Placemark>
    <Placemark>
      <name>MIE03-000132 - 員弁郡 東員町笹尾東2丁目 第4区画</name>
      <description><![CDATA[
        <div style="font-family:sans-serif;">
          <h3>area_id: MIE03-000132</h3>
          <p><b>自治体:</b> 員弁郡</p>
          <p><b>住所:</b> 東員町笹尾東2丁目 第4区画</p>
          <p><b>郵便番号:</b> 〒5100000</p>
          <p><b>選挙区:</b> MIE-03</p>
        </div>
      ]]></description>
      <styleUrl>#redPinStyle</styleUrl>
      <Point>
        <coordinates>136.614293,35.052641,0</coordinates>
      </Point>
    </Placemark>
    <Placemark>
      <name>MIE03-000133 - 員弁郡 東員町笹尾東3丁目 第4区画</name>
      <description><![CDATA[
        <div style="font-family:sans-serif;">
          <h3>area_id: MIE03-000133</h3>
          <p><b>自治体:</b> 員弁郡</p>
          <p><b>住所:</b> 東員町笹尾東3丁目 第4区画</p>
          <p><b>郵便番号:</b> 〒5100000</p>
          <p><b>選挙区:</b> MIE-03</p>
        </div>
      ]]></description>
      <styleUrl>#redPinStyle</styleUrl>
      <Point>
        <coordinates>136.586074,35.0567,0</coordinates>
      </Point>
    </Placemark>
    <Placemark>
      <name>MIE03-000134 - 三重郡 菰野町大字菰野 第4区画</name>
      <description><![CDATA[
        <div style="font-family:sans-serif;">
          <h3>area_id: MIE03-000134</h3>
          <p><b>自治体:</b> 三重郡</p>
          <p><b>住所:</b> 菰野町大字菰野 第4区画</p>
          <p><b>郵便番号:</b> 〒5100000</p>
          <p><b>選挙区:</b> MIE-03</p>
        </div>
      ]]></description>
      <styleUrl>#redPinStyle</styleUrl>
      <Point>
        <coordinates>136.605268,35.036076,0</coordinates>
      </Point>
    </Placemark>
    <Placemark>
      <name>MIE03-000135 - 三重郡 朝日町大字柿 第4区画</name>
      <description><![CDATA[
        <div style="font-family:sans-serif;">
          <h3>area_id: MIE03-000135</h3>
          <p><b>自治体:</b> 三重郡</p>
          <p><b>住所:</b> 朝日町大字柿 第4区画</p>
          <p><b>郵便番号:</b> 〒5100000</p>
          <p><b>選挙区:</b> MIE-03</p>
        </div>
      ]]></description>
      <styleUrl>#redPinStyle</styleUrl>
      <Point>
        <coordinates>136.608013,35.06432,0</coordinates>
      </Point>
    </Placemark>
    <Placemark>
      <name>MIE03-000136 - 三重郡 川越町大字豊田 第4区画</name>
      <description><![CDATA[
        <div style="font-family:sans-serif;">
          <h3>area_id: MIE03-000136</h3>
          <p><b>自治体:</b> 三重郡</p>
          <p><b>住所:</b> 川越町大字豊田 第4区画</p>
          <p><b>郵便番号:</b> 〒5100000</p>
          <p><b>選挙区:</b> MIE-03</p>
        </div>
      ]]></description>
      <styleUrl>#redPinStyle</styleUrl>
      <Point>
        <coordinates>136.581153,35.043494,0</coordinates>
      </Point>
    </Placemark>
    <Placemark>
      <name>MIE03-000137 - 四日市市（一部） 富田1丁目 第5区画</name>
      <description><![CDATA[
        <div style="font-family:sans-serif;">
          <h3>area_id: MIE03-000137</h3>
          <p><b>自治体:</b> 四日市市（一部）</p>
          <p><b>住所:</b> 富田1丁目 第5区画</p>
          <p><b>郵便番号:</b> 〒5100000</p>
          <p><b>選挙区:</b> MIE-03</p>
        </div>
      ]]></description>
      <styleUrl>#redPinStyle</styleUrl>
      <Point>
        <coordinates>136.660523,35.000675,0</coordinates>
      </Point>
    </Placemark>
    <Placemark>
      <name>MIE03-000138 - 四日市市（一部） 富田2丁目 第5区画</name>
      <description><![CDATA[
        <div style="font-family:sans-serif;">
          <h3>area_id: MIE03-000138</h3>
          <p><b>自治体:</b> 四日市市（一部）</p>
          <p><b>住所:</b> 富田2丁目 第5区画</p>
          <p><b>郵便番号:</b> 〒5100000</p>
          <p><b>選挙区:</b> MIE-03</p>
        </div>
      ]]></description>
      <styleUrl>#redPinStyle</styleUrl>
      <Point>
        <coordinates>136.62925,35.024108,0</coordinates>
      </Point>
    </Placemark>
    <Placemark>
      <name>MIE03-000139 - 四日市市（一部） 富田3丁目 第5区画</name>
      <description><![CDATA[
        <div style="font-family:sans-serif;">
          <h3>area_id: MIE03-000139</h3>
          <p><b>自治体:</b> 四日市市（一部）</p>
          <p><b>住所:</b> 富田3丁目 第5区画</p>
          <p><b>郵便番号:</b> 〒5100000</p>
          <p><b>選挙区:</b> MIE-03</p>
        </div>
      ]]></description>
      <styleUrl>#redPinStyle</styleUrl>
      <Point>
        <coordinates>136.633602,34.987002,0</coordinates>
      </Point>
    </Placemark>
    <Placemark>
      <name>MIE03-000140 - 四日市市（一部） 富州原町 第5区画</name>
      <description><![CDATA[
        <div style="font-family:sans-serif;">
          <h3>area_id: MIE03-000140</h3>
          <p><b>自治体:</b> 四日市市（一部）</p>
          <p><b>住所:</b> 富州原町 第5区画</p>
          <p><b>郵便番号:</b> 〒5100000</p>
          <p><b>選挙区:</b> MIE-03</p>
        </div>
      ]]></description>
      <styleUrl>#redPinStyle</styleUrl>
      <Point>
        <coordinates>136.662063,35.018613,0</coordinates>
      </Point>
    </Placemark>
    <Placemark>
      <name>MIE03-000141 - 四日市市（一部） 羽津1丁目 第5区画</name>
      <description><![CDATA[
        <div style="font-family:sans-serif;">
          <h3>area_id: MIE03-000141</h3>
          <p><b>自治体:</b> 四日市市（一部）</p>
          <p><b>住所:</b> 羽津1丁目 第5区画</p>
          <p><b>郵便番号:</b> 〒5100000</p>
          <p><b>選挙区:</b> MIE-03</p>
        </div>
      ]]></description>
      <styleUrl>#redPinStyle</styleUrl>
      <Point>
        <coordinates>136.612819,35.010894,0</coordinates>
      </Point>
    </Placemark>
    <Placemark>
      <name>MIE03-000142 - 四日市市（一部） 羽津2丁目 第5区画</name>
      <description><![CDATA[
        <div style="font-family:sans-serif;">
          <h3>area_id: MIE03-000142</h3>
          <p><b>自治体:</b> 四日市市（一部）</p>
          <p><b>住所:</b> 羽津2丁目 第5区画</p>
          <p><b>郵便番号:</b> 〒5100000</p>
          <p><b>選挙区:</b> MIE-03</p>
        </div>
      ]]></description>
      <styleUrl>#redPinStyle</styleUrl>
      <Point>
        <coordinates>136.657678,34.987701,0</coordinates>
      </Point>
    </Placemark>
    <Placemark>
      <name>MIE03-000143 - 桑名市 江場1丁目 第5区画</name>
      <description><![CDATA[
        <div style="font-family:sans-serif;">
          <h3>area_id: MIE03-000143</h3>
          <p><b>自治体:</b> 桑名市</p>
          <p><b>住所:</b> 江場1丁目 第5区画</p>
          <p><b>郵便番号:</b> 〒5100000</p>
          <p><b>選挙区:</b> MIE-03</p>
        </div>
      ]]></description>
      <styleUrl>#redPinStyle</styleUrl>
      <Point>
        <coordinates>136.682657,35.089403,0</coordinates>
      </Point>
    </Placemark>
    <Placemark>
      <name>MIE03-000144 - 桑名市 江場2丁目 第5区画</name>
      <description><![CDATA[
        <div style="font-family:sans-serif;">
          <h3>area_id: MIE03-000144</h3>
          <p><b>自治体:</b> 桑名市</p>
          <p><b>住所:</b> 江場2丁目 第5区画</p>
          <p><b>郵便番号:</b> 〒5100000</p>
          <p><b>選挙区:</b> MIE-03</p>
        </div>
      ]]></description>
      <styleUrl>#redPinStyle</styleUrl>
      <Point>
        <coordinates>136.656466,35.046129,0</coordinates>
      </Point>
    </Placemark>
    <Placemark>
      <name>MIE03-000145 - 桑名市 江場3丁目 第5区画</name>
      <description><![CDATA[
        <div style="font-family:sans-serif;">
          <h3>area_id: MIE03-000145</h3>
          <p><b>自治体:</b> 桑名市</p>
          <p><b>住所:</b> 江場3丁目 第5区画</p>
          <p><b>郵便番号:</b> 〒5100000</p>
          <p><b>選挙区:</b> MIE-03</p>
        </div>
      ]]></description>
      <styleUrl>#redPinStyle</styleUrl>
      <Point>
        <coordinates>136.71336,35.0641,0</coordinates>
      </Point>
    </Placemark>
    <Placemark>
      <name>MIE03-000146 - 桑名市 吉之丸 第5区画</name>
      <description><![CDATA[
        <div style="font-family:sans-serif;">
          <h3>area_id: MIE03-000146</h3>
          <p><b>自治体:</b> 桑名市</p>
          <p><b>住所:</b> 吉之丸 第5区画</p>
          <p><b>郵便番号:</b> 〒5100000</p>
          <p><b>選挙区:</b> MIE-03</p>
        </div>
      ]]></description>
      <styleUrl>#redPinStyle</styleUrl>
      <Point>
        <coordinates>136.654343,35.083692,0</coordinates>
      </Point>
    </Placemark>
    <Placemark>
      <name>MIE03-000147 - 桑名市 大山田1丁目 第5区画</name>
      <description><![CDATA[
        <div style="font-family:sans-serif;">
          <h3>area_id: MIE03-000147</h3>
          <p><b>自治体:</b> 桑名市</p>
          <p><b>住所:</b> 大山田1丁目 第5区画</p>
          <p><b>郵便番号:</b> 〒5100000</p>
          <p><b>選挙区:</b> MIE-03</p>
        </div>
      ]]></description>
      <styleUrl>#redPinStyle</styleUrl>
      <Point>
        <coordinates>136.683159,35.034015,0</coordinates>
      </Point>
    </Placemark>
    <Placemark>
      <name>MIE03-000148 - 桑名市 大山田2丁目 第5区画</name>
      <description><![CDATA[
        <div style="font-family:sans-serif;">
          <h3>area_id: MIE03-000148</h3>
          <p><b>自治体:</b> 桑名市</p>
          <p><b>住所:</b> 大山田2丁目 第5区画</p>
          <p><b>郵便番号:</b> 〒5100000</p>
          <p><b>選挙区:</b> MIE-03</p>
        </div>
      ]]></description>
      <styleUrl>#redPinStyle</styleUrl>
      <Point>
        <coordinates>136.702938,35.089011,0</coordinates>
      </Point>
    </Placemark>
    <Placemark>
      <name>MIE03-000149 - 桑名市 大山田3丁目 第5区画</name>
      <description><![CDATA[
        <div style="font-family:sans-serif;">
          <h3>area_id: MIE03-000149</h3>
          <p><b>自治体:</b> 桑名市</p>
          <p><b>住所:</b> 大山田3丁目 第5区画</p>
          <p><b>郵便番号:</b> 〒5100000</p>
          <p><b>選挙区:</b> MIE-03</p>
        </div>
      ]]></description>
      <styleUrl>#redPinStyle</styleUrl>
      <Point>
        <coordinates>136.641474,35.058439,0</coordinates>
      </Point>
    </Placemark>
    <Placemark>
      <name>MIE03-000150 - 桑名市 大山田4丁目 第5区画</name>
      <description><![CDATA[
        <div style="font-family:sans-serif;">
          <h3>area_id: MIE03-000150</h3>
          <p><b>自治体:</b> 桑名市</p>
          <p><b>住所:</b> 大山田4丁目 第5区画</p>
          <p><b>郵便番号:</b> 〒5100000</p>
          <p><b>選挙区:</b> MIE-03</p>
        </div>
      ]]></description>
      <styleUrl>#redPinStyle</styleUrl>
      <Point>
        <coordinates>136.714208,35.045939,0</coordinates>
      </Point>
    </Placemark>
    <Placemark>
      <name>MIE03-000151 - 桑名市 大山田5丁目 第5区画</name>
      <description><![CDATA[
        <div style="font-family:sans-serif;">
          <h3>area_id: MIE03-000151</h3>
          <p><b>自治体:</b> 桑名市</p>
          <p><b>住所:</b> 大山田5丁目 第5区画</p>
          <p><b>郵便番号:</b> 〒5100000</p>
          <p><b>選挙区:</b> MIE-03</p>
        </div>
      ]]></description>
      <styleUrl>#redPinStyle</styleUrl>
      <Point>
        <coordinates>136.678447,35.06893,0</coordinates>
      </Point>
    </Placemark>
    <Placemark>
      <name>MIE03-000152 - 桑名市 大山田6丁目 第5区画</name>
      <description><![CDATA[
        <div style="font-family:sans-serif;">
          <h3>area_id: MIE03-000152</h3>
          <p><b>自治体:</b> 桑名市</p>
          <p><b>住所:</b> 大山田6丁目 第5区画</p>
          <p><b>郵便番号:</b> 〒5100000</p>
          <p><b>選挙区:</b> MIE-03</p>
        </div>
      ]]></description>
      <styleUrl>#redPinStyle</styleUrl>
      <Point>
        <coordinates>136.676565,35.058601,0</coordinates>
      </Point>
    </Placemark>
    <Placemark>
      <name>MIE03-000153 - 桑名市 大山田7丁目 第5区画</name>
      <description><![CDATA[
        <div style="font-family:sans-serif;">
          <h3>area_id: MIE03-000153</h3>
          <p><b>自治体:</b> 桑名市</p>
          <p><b>住所:</b> 大山田7丁目 第5区画</p>
          <p><b>郵便番号:</b> 〒5100000</p>
          <p><b>選挙区:</b> MIE-03</p>
        </div>
      ]]></description>
      <styleUrl>#redPinStyle</styleUrl>
      <Point>
        <coordinates>136.688344,35.066631,0</coordinates>
      </Point>
    </Placemark>
    <Placemark>
      <name>MIE03-000154 - 桑名市 大山田8丁目 第5区画</name>
      <description><![CDATA[
        <div style="font-family:sans-serif;">
          <h3>area_id: MIE03-000154</h3>
          <p><b>自治体:</b> 桑名市</p>
          <p><b>住所:</b> 大山田8丁目 第5区画</p>
          <p><b>郵便番号:</b> 〒5100000</p>
          <p><b>選挙区:</b> MIE-03</p>
        </div>
      ]]></description>
      <styleUrl>#redPinStyle</styleUrl>
      <Point>
        <coordinates>136.670466,35.067391,0</coordinates>
      </Point>
    </Placemark>
    <Placemark>
      <name>MIE03-000155 - 桑名市 播磨 第5区画</name>
      <description><![CDATA[
        <div style="font-family:sans-serif;">
          <h3>area_id: MIE03-000155</h3>
          <p><b>自治体:</b> 桑名市</p>
          <p><b>住所:</b> 播磨 第5区画</p>
          <p><b>郵便番号:</b> 〒5100000</p>
          <p><b>選挙区:</b> MIE-03</p>
        </div>
      ]]></description>
      <styleUrl>#redPinStyle</styleUrl>
      <Point>
        <coordinates>136.68497,35.055218,0</coordinates>
      </Point>
    </Placemark>
    <Placemark>
      <name>MIE03-000156 - 桑名市 多度町香取 第5区画</name>
      <description><![CDATA[
        <div style="font-family:sans-serif;">
          <h3>area_id: MIE03-000156</h3>
          <p><b>自治体:</b> 桑名市</p>
          <p><b>住所:</b> 多度町香取 第5区画</p>
          <p><b>郵便番号:</b> 〒5100000</p>
          <p><b>選挙区:</b> MIE-03</p>
        </div>
      ]]></description>
      <styleUrl>#redPinStyle</styleUrl>
      <Point>
        <coordinates>136.683969,35.074591,0</coordinates>
      </Point>
    </Placemark>
    <Placemark>
      <name>MIE03-000157 - 桑名市 長島町駒江 第5区画</name>
      <description><![CDATA[
        <div style="font-family:sans-serif;">
          <h3>area_id: MIE03-000157</h3>
          <p><b>自治体:</b> 桑名市</p>
          <p><b>住所:</b> 長島町駒江 第5区画</p>
          <p><b>郵便番号:</b> 〒5100000</p>
          <p><b>選挙区:</b> MIE-03</p>
        </div>
      ]]></description>
      <styleUrl>#redPinStyle</styleUrl>
      <Point>
        <coordinates>136.667321,35.058,0</coordinates>
      </Point>
    </Placemark>
    <Placemark>
      <name>MIE03-000158 - いなべ市 員弁町大泉 第5区画</name>
      <description><![CDATA[
        <div style="font-family:sans-serif;">
          <h3>area_id: MIE03-000158</h3>
          <p><b>自治体:</b> いなべ市</p>
          <p><b>住所:</b> 員弁町大泉 第5区画</p>
          <p><b>郵便番号:</b> 〒5100000</p>
          <p><b>選挙区:</b> MIE-03</p>
        </div>
      ]]></description>
      <styleUrl>#redPinStyle</styleUrl>
      <Point>
        <coordinates>136.531699,35.1555,0</coordinates>
      </Point>
    </Placemark>
    <Placemark>
      <name>MIE03-000159 - いなべ市 北勢町阿下喜 第5区画</name>
      <description><![CDATA[
        <div style="font-family:sans-serif;">
          <h3>area_id: MIE03-000159</h3>
          <p><b>自治体:</b> いなべ市</p>
          <p><b>住所:</b> 北勢町阿下喜 第5区画</p>
          <p><b>郵便番号:</b> 〒5100000</p>
          <p><b>選挙区:</b> MIE-03</p>
        </div>
      ]]></description>
      <styleUrl>#redPinStyle</styleUrl>
      <Point>
        <coordinates>136.505951,35.17036,0</coordinates>
      </Point>
    </Placemark>
    <Placemark>
      <name>MIE03-000160 - いなべ市 大安町丹生川 第5区画</name>
      <description><![CDATA[
        <div style="font-family:sans-serif;">
          <h3>area_id: MIE03-000160</h3>
          <p><b>自治体:</b> いなべ市</p>
          <p><b>住所:</b> 大安町丹生川 第5区画</p>
          <p><b>郵便番号:</b> 〒5100000</p>
          <p><b>選挙区:</b> MIE-03</p>
        </div>
      ]]></description>
      <styleUrl>#redPinStyle</styleUrl>
      <Point>
        <coordinates>136.513525,35.142735,0</coordinates>
      </Point>
    </Placemark>
    <Placemark>
      <name>MIE03-000161 - いなべ市 藤原町市場 第5区画</name>
      <description><![CDATA[
        <div style="font-family:sans-serif;">
          <h3>area_id: MIE03-000161</h3>
          <p><b>自治体:</b> いなべ市</p>
          <p><b>住所:</b> 藤原町市場 第5区画</p>
          <p><b>郵便番号:</b> 〒5100000</p>
          <p><b>選挙区:</b> MIE-03</p>
        </div>
      ]]></description>
      <styleUrl>#redPinStyle</styleUrl>
      <Point>
        <coordinates>136.531627,35.169327,0</coordinates>
      </Point>
    </Placemark>
    <Placemark>
      <name>MIE03-000162 - 桑名郡 木曽岬町加畑 第5区画</name>
      <description><![CDATA[
        <div style="font-family:sans-serif;">
          <h3>area_id: MIE03-000162</h3>
          <p><b>自治体:</b> 桑名郡</p>
          <p><b>住所:</b> 木曽岬町加畑 第5区画</p>
          <p><b>郵便番号:</b> 〒5100000</p>
          <p><b>選挙区:</b> MIE-03</p>
        </div>
      ]]></description>
      <styleUrl>#redPinStyle</styleUrl>
      <Point>
        <coordinates>136.578181,35.050794,0</coordinates>
      </Point>
    </Placemark>
    <Placemark>
      <name>MIE03-000163 - 桑名郡 木曽岬町源緑輪中 第5区画</name>
      <description><![CDATA[
        <div style="font-family:sans-serif;">
          <h3>area_id: MIE03-000163</h3>
          <p><b>自治体:</b> 桑名郡</p>
          <p><b>住所:</b> 木曽岬町源緑輪中 第5区画</p>
          <p><b>郵便番号:</b> 〒5100000</p>
          <p><b>選挙区:</b> MIE-03</p>
        </div>
      ]]></description>
      <styleUrl>#redPinStyle</styleUrl>
      <Point>
        <coordinates>136.616461,35.036282,0</coordinates>
      </Point>
    </Placemark>
    <Placemark>
      <name>MIE03-000164 - 員弁郡 東員町穴太 第5区画</name>
      <description><![CDATA[
        <div style="font-family:sans-serif;">
          <h3>area_id: MIE03-000164</h3>
          <p><b>自治体:</b> 員弁郡</p>
          <p><b>住所:</b> 東員町穴太 第5区画</p>
          <p><b>郵便番号:</b> 〒5100000</p>
          <p><b>選挙区:</b> MIE-03</p>
        </div>
      ]]></description>
      <styleUrl>#redPinStyle</styleUrl>
      <Point>
        <coordinates>136.598922,35.07058,0</coordinates>
      </Point>
    </Placemark>
    <Placemark>
      <name>MIE03-000165 - 員弁郡 東員町笹尾東1丁目 第5区画</name>
      <description><![CDATA[
        <div style="font-family:sans-serif;">
          <h3>area_id: MIE03-000165</h3>
          <p><b>自治体:</b> 員弁郡</p>
          <p><b>住所:</b> 東員町笹尾東1丁目 第5区画</p>
          <p><b>郵便番号:</b> 〒5100000</p>
          <p><b>選挙区:</b> MIE-03</p>
        </div>
      ]]></description>
      <styleUrl>#redPinStyle</styleUrl>
      <Point>
        <coordinates>136.583185,35.0333,0</coordinates>
      </Point>
    </Placemark>
    <Placemark>
      <name>MIE03-000166 - 員弁郡 東員町笹尾東2丁目 第5区画</name>
      <description><![CDATA[
        <div style="font-family:sans-serif;">
          <h3>area_id: MIE03-000166</h3>
          <p><b>自治体:</b> 員弁郡</p>
          <p><b>住所:</b> 東員町笹尾東2丁目 第5区画</p>
          <p><b>郵便番号:</b> 〒5100000</p>
          <p><b>選挙区:</b> MIE-03</p>
        </div>
      ]]></description>
      <styleUrl>#redPinStyle</styleUrl>
      <Point>
        <coordinates>136.627364,35.053002,0</coordinates>
      </Point>
    </Placemark>
    <Placemark>
      <name>MIE03-000167 - 員弁郡 東員町笹尾東3丁目 第5区画</name>
      <description><![CDATA[
        <div style="font-family:sans-serif;">
          <h3>area_id: MIE03-000167</h3>
          <p><b>自治体:</b> 員弁郡</p>
          <p><b>住所:</b> 東員町笹尾東3丁目 第5区画</p>
          <p><b>郵便番号:</b> 〒5100000</p>
          <p><b>選挙区:</b> MIE-03</p>
        </div>
      ]]></description>
      <styleUrl>#redPinStyle</styleUrl>
      <Point>
        <coordinates>136.576212,35.063881,0</coordinates>
      </Point>
    </Placemark>
    <Placemark>
      <name>MIE03-000168 - 三重郡 菰野町大字菰野 第5区画</name>
      <description><![CDATA[
        <div style="font-family:sans-serif;">
          <h3>area_id: MIE03-000168</h3>
          <p><b>自治体:</b> 三重郡</p>
          <p><b>住所:</b> 菰野町大字菰野 第5区画</p>
          <p><b>郵便番号:</b> 〒5100000</p>
          <p><b>選挙区:</b> MIE-03</p>
        </div>
      ]]></description>
      <styleUrl>#redPinStyle</styleUrl>
      <Point>
        <coordinates>136.606597,35.025202,0</coordinates>
      </Point>
    </Placemark>
    <Placemark>
      <name>MIE03-000169 - 三重郡 朝日町大字柿 第5区画</name>
      <description><![CDATA[
        <div style="font-family:sans-serif;">
          <h3>area_id: MIE03-000169</h3>
          <p><b>自治体:</b> 三重郡</p>
          <p><b>住所:</b> 朝日町大字柿 第5区画</p>
          <p><b>郵便番号:</b> 〒5100000</p>
          <p><b>選挙区:</b> MIE-03</p>
        </div>
      ]]></description>
      <styleUrl>#redPinStyle</styleUrl>
      <Point>
        <coordinates>136.61596,35.073036,0</coordinates>
      </Point>
    </Placemark>
    <Placemark>
      <name>MIE03-000170 - 三重郡 川越町大字豊田 第5区画</name>
      <description><![CDATA[
        <div style="font-family:sans-serif;">
          <h3>area_id: MIE03-000170</h3>
          <p><b>自治体:</b> 三重郡</p>
          <p><b>住所:</b> 川越町大字豊田 第5区画</p>
          <p><b>郵便番号:</b> 〒5100000</p>
          <p><b>選挙区:</b> MIE-03</p>
        </div>
      ]]></description>
      <styleUrl>#redPinStyle</styleUrl>
      <Point>
        <coordinates>136.568184,35.04164,0</coordinates>
      </Point>
    </Placemark>
    <Placemark>
      <name>MIE03-000171 - 四日市市（一部） 富田1丁目 第6区画</name>
      <description><![CDATA[
        <div style="font-family:sans-serif;">
          <h3>area_id: MIE03-000171</h3>
          <p><b>自治体:</b> 四日市市（一部）</p>
          <p><b>住所:</b> 富田1丁目 第6区画</p>
          <p><b>郵便番号:</b> 〒5100000</p>
          <p><b>選挙区:</b> MIE-03</p>
        </div>
      ]]></description>
      <styleUrl>#redPinStyle</styleUrl>
      <Point>
        <coordinates>136.67154,34.994644,0</coordinates>
      </Point>
    </Placemark>
    <Placemark>
      <name>MIE03-000172 - 四日市市（一部） 富田2丁目 第6区画</name>
      <description><![CDATA[
        <div style="font-family:sans-serif;">
          <h3>area_id: MIE03-000172</h3>
          <p><b>自治体:</b> 四日市市（一部）</p>
          <p><b>住所:</b> 富田2丁目 第6区画</p>
          <p><b>郵便番号:</b> 〒5100000</p>
          <p><b>選挙区:</b> MIE-03</p>
        </div>
      ]]></description>
      <styleUrl>#redPinStyle</styleUrl>
      <Point>
        <coordinates>136.626132,35.034801,0</coordinates>
      </Point>
    </Placemark>
    <Placemark>
      <name>MIE03-000173 - 四日市市（一部） 富田3丁目 第6区画</name>
      <description><![CDATA[
        <div style="font-family:sans-serif;">
          <h3>area_id: MIE03-000173</h3>
          <p><b>自治体:</b> 四日市市（一部）</p>
          <p><b>住所:</b> 富田3丁目 第6区画</p>
          <p><b>郵便番号:</b> 〒5100000</p>
          <p><b>選挙区:</b> MIE-03</p>
        </div>
      ]]></description>
      <styleUrl>#redPinStyle</styleUrl>
      <Point>
        <coordinates>136.627113,34.977394,0</coordinates>
      </Point>
    </Placemark>
    <Placemark>
      <name>MIE03-000174 - 四日市市（一部） 富州原町 第6区画</name>
      <description><![CDATA[
        <div style="font-family:sans-serif;">
          <h3>area_id: MIE03-000174</h3>
          <p><b>自治体:</b> 四日市市（一部）</p>
          <p><b>住所:</b> 富州原町 第6区画</p>
          <p><b>郵便番号:</b> 〒5100000</p>
          <p><b>選挙区:</b> MIE-03</p>
        </div>
      ]]></description>
      <styleUrl>#redPinStyle</styleUrl>
      <Point>
        <coordinates>136.6747,35.021953,0</coordinates>
      </Point>
    </Placemark>
    <Placemark>
      <name>MIE03-000175 - 四日市市（一部） 羽津1丁目 第6区画</name>
      <description><![CDATA[
        <div style="font-family:sans-serif;">
          <h3>area_id: MIE03-000175</h3>
          <p><b>自治体:</b> 四日市市（一部）</p>
          <p><b>住所:</b> 羽津1丁目 第6区画</p>
          <p><b>郵便番号:</b> 〒5100000</p>
          <p><b>選挙区:</b> MIE-03</p>
        </div>
      ]]></description>
      <styleUrl>#redPinStyle</styleUrl>
      <Point>
        <coordinates>136.600822,35.015648,0</coordinates>
      </Point>
    </Placemark>
    <Placemark>
      <name>MIE03-000176 - 四日市市（一部） 羽津2丁目 第6区画</name>
      <description><![CDATA[
        <div style="font-family:sans-serif;">
          <h3>area_id: MIE03-000176</h3>
          <p><b>自治体:</b> 四日市市（一部）</p>
          <p><b>住所:</b> 羽津2丁目 第6区画</p>
          <p><b>郵便番号:</b> 〒5100000</p>
          <p><b>選挙区:</b> MIE-03</p>
        </div>
      ]]></description>
      <styleUrl>#redPinStyle</styleUrl>
      <Point>
        <coordinates>136.643224,35.002683,0</coordinates>
      </Point>
    </Placemark>
    <Placemark>
      <name>MIE03-000177 - 桑名市 江場1丁目 第6区画</name>
      <description><![CDATA[
        <div style="font-family:sans-serif;">
          <h3>area_id: MIE03-000177</h3>
          <p><b>自治体:</b> 桑名市</p>
          <p><b>住所:</b> 江場1丁目 第6区画</p>
          <p><b>郵便番号:</b> 〒5100000</p>
          <p><b>選挙区:</b> MIE-03</p>
        </div>
      ]]></description>
      <styleUrl>#redPinStyle</styleUrl>
      <Point>
        <coordinates>136.681292,35.070206,0</coordinates>
      </Point>
    </Placemark>
    <Placemark>
      <name>MIE03-000178 - 桑名市 江場2丁目 第6区画</name>
      <description><![CDATA[
        <div style="font-family:sans-serif;">
          <h3>area_id: MIE03-000178</h3>
          <p><b>自治体:</b> 桑名市</p>
          <p><b>住所:</b> 江場2丁目 第6区画</p>
          <p><b>郵便番号:</b> 〒5100000</p>
          <p><b>選挙区:</b> MIE-03</p>
        </div>
      ]]></description>
      <styleUrl>#redPinStyle</styleUrl>
      <Point>
        <coordinates>136.672955,35.059595,0</coordinates>
      </Point>
    </Placemark>
    <Placemark>
      <name>MIE03-000179 - 桑名市 江場3丁目 第6区画</name>
      <description><![CDATA[
        <div style="font-family:sans-serif;">
          <h3>area_id: MIE03-000179</h3>
          <p><b>自治体:</b> 桑名市</p>
          <p><b>住所:</b> 江場3丁目 第6区画</p>
          <p><b>郵便番号:</b> 〒5100000</p>
          <p><b>選挙区:</b> MIE-03</p>
        </div>
      ]]></description>
      <styleUrl>#redPinStyle</styleUrl>
      <Point>
        <coordinates>136.690281,35.06335,0</coordinates>
      </Point>
    </Placemark>
    <Placemark>
      <name>MIE03-000180 - 桑名市 吉之丸 第6区画</name>
      <description><![CDATA[
        <div style="font-family:sans-serif;">
          <h3>area_id: MIE03-000180</h3>
          <p><b>自治体:</b> 桑名市</p>
          <p><b>住所:</b> 吉之丸 第6区画</p>
          <p><b>郵便番号:</b> 〒5100000</p>
          <p><b>選挙区:</b> MIE-03</p>
        </div>
      ]]></description>
      <styleUrl>#redPinStyle</styleUrl>
      <Point>
        <coordinates>136.672055,35.071325,0</coordinates>
      </Point>
    </Placemark>
    <Placemark>
      <name>MIE03-000181 - 桑名市 大山田1丁目 第6区画</name>
      <description><![CDATA[
        <div style="font-family:sans-serif;">
          <h3>area_id: MIE03-000181</h3>
          <p><b>自治体:</b> 桑名市</p>
          <p><b>住所:</b> 大山田1丁目 第6区画</p>
          <p><b>郵便番号:</b> 〒5100000</p>
          <p><b>選挙区:</b> MIE-03</p>
        </div>
      ]]></description>
      <styleUrl>#redPinStyle</styleUrl>
      <Point>
        <coordinates>136.68,35.0531,0</coordinates>
      </Point>
    </Placemark>
    <Placemark>
      <name>MIE03-000182 - 桑名市 大山田2丁目 第6区画</name>
      <description><![CDATA[
        <div style="font-family:sans-serif;">
          <h3>area_id: MIE03-000182</h3>
          <p><b>自治体:</b> 桑名市</p>
          <p><b>住所:</b> 大山田2丁目 第6区画</p>
          <p><b>郵便番号:</b> 〒5100000</p>
          <p><b>選挙区:</b> MIE-03</p>
        </div>
      ]]></description>
      <styleUrl>#redPinStyle</styleUrl>
      <Point>
        <coordinates>136.689891,35.073095,0</coordinates>
      </Point>
    </Placemark>
    <Placemark>
      <name>MIE03-000183 - 桑名市 大山田3丁目 第6区画</name>
      <description><![CDATA[
        <div style="font-family:sans-serif;">
          <h3>area_id: MIE03-000183</h3>
          <p><b>自治体:</b> 桑名市</p>
          <p><b>住所:</b> 大山田3丁目 第6区画</p>
          <p><b>郵便番号:</b> 〒5100000</p>
          <p><b>選挙区:</b> MIE-03</p>
        </div>
      ]]></description>
      <styleUrl>#redPinStyle</styleUrl>
      <Point>
        <coordinates>136.663981,35.062932,0</coordinates>
      </Point>
    </Placemark>
    <Placemark>
      <name>MIE03-000184 - 桑名市 大山田4丁目 第6区画</name>
      <description><![CDATA[
        <div style="font-family:sans-serif;">
          <h3>area_id: MIE03-000184</h3>
          <p><b>自治体:</b> 桑名市</p>
          <p><b>住所:</b> 大山田4丁目 第6区画</p>
          <p><b>郵便番号:</b> 〒5100000</p>
          <p><b>選挙区:</b> MIE-03</p>
        </div>
      ]]></description>
      <styleUrl>#redPinStyle</styleUrl>
      <Point>
        <coordinates>136.6939,35.055212,0</coordinates>
      </Point>
    </Placemark>
    <Placemark>
      <name>MIE03-000185 - 桑名市 大山田5丁目 第6区画</name>
      <description><![CDATA[
        <div style="font-family:sans-serif;">
          <h3>area_id: MIE03-000185</h3>
          <p><b>自治体:</b> 桑名市</p>
          <p><b>住所:</b> 大山田5丁目 第6区画</p>
          <p><b>郵便番号:</b> 〒5100000</p>
          <p><b>選挙区:</b> MIE-03</p>
        </div>
      ]]></description>
      <styleUrl>#redPinStyle</styleUrl>
      <Point>
        <coordinates>136.676708,35.07966,0</coordinates>
      </Point>
    </Placemark>
    <Placemark>
      <name>MIE03-000186 - 桑名市 大山田6丁目 第6区画</name>
      <description><![CDATA[
        <div style="font-family:sans-serif;">
          <h3>area_id: MIE03-000186</h3>
          <p><b>自治体:</b> 桑名市</p>
          <p><b>住所:</b> 大山田6丁目 第6区画</p>
          <p><b>郵便番号:</b> 〒5100000</p>
          <p><b>選挙区:</b> MIE-03</p>
        </div>
      ]]></description>
      <styleUrl>#redPinStyle</styleUrl>
      <Point>
        <coordinates>136.669039,35.049762,0</coordinates>
      </Point>
    </Placemark>
    <Placemark>
      <name>MIE03-000187 - 桑名市 大山田7丁目 第6区画</name>
      <description><![CDATA[
        <div style="font-family:sans-serif;">
          <h3>area_id: MIE03-000187</h3>
          <p><b>自治体:</b> 桑名市</p>
          <p><b>住所:</b> 大山田7丁目 第6区画</p>
          <p><b>郵便番号:</b> 〒5100000</p>
          <p><b>選挙区:</b> MIE-03</p>
        </div>
      ]]></description>
      <styleUrl>#redPinStyle</styleUrl>
      <Point>
        <coordinates>136.701096,35.068811,0</coordinates>
      </Point>
    </Placemark>
    <Placemark>
      <name>MIE03-000188 - 桑名市 大山田8丁目 第6区画</name>
      <description><![CDATA[
        <div style="font-family:sans-serif;">
          <h3>area_id: MIE03-000188</h3>
          <p><b>自治体:</b> 桑名市</p>
          <p><b>住所:</b> 大山田8丁目 第6区画</p>
          <p><b>郵便番号:</b> 〒5100000</p>
          <p><b>選挙区:</b> MIE-03</p>
        </div>
      ]]></description>
      <styleUrl>#redPinStyle</styleUrl>
      <Point>
        <coordinates>136.65935,35.073058,0</coordinates>
      </Point>
    </Placemark>
    <Placemark>
      <name>MIE03-000189 - 桑名市 播磨 第6区画</name>
      <description><![CDATA[
        <div style="font-family:sans-serif;">
          <h3>area_id: MIE03-000189</h3>
          <p><b>自治体:</b> 桑名市</p>
          <p><b>住所:</b> 播磨 第6区画</p>
          <p><b>郵便番号:</b> 〒5100000</p>
          <p><b>選挙区:</b> MIE-03</p>
        </div>
      ]]></description>
      <styleUrl>#redPinStyle</styleUrl>
      <Point>
        <coordinates>136.688455,35.044742,0</coordinates>
      </Point>
    </Placemark>
    <Placemark>
      <name>MIE03-000190 - 桑名市 多度町香取 第6区画</name>
      <description><![CDATA[
        <div style="font-family:sans-serif;">
          <h3>area_id: MIE03-000190</h3>
          <p><b>自治体:</b> 桑名市</p>
          <p><b>住所:</b> 多度町香取 第6区画</p>
          <p><b>郵便番号:</b> 〒5100000</p>
          <p><b>選挙区:</b> MIE-03</p>
        </div>
      ]]></description>
      <styleUrl>#redPinStyle</styleUrl>
      <Point>
        <coordinates>136.690011,35.084241,0</coordinates>
      </Point>
    </Placemark>
    <Placemark>
      <name>MIE03-000191 - 桑名市 長島町駒江 第6区画</name>
      <description><![CDATA[
        <div style="font-family:sans-serif;">
          <h3>area_id: MIE03-000191</h3>
          <p><b>自治体:</b> 桑名市</p>
          <p><b>住所:</b> 長島町駒江 第6区画</p>
          <p><b>郵便番号:</b> 〒5100000</p>
          <p><b>選挙区:</b> MIE-03</p>
        </div>
      ]]></description>
      <styleUrl>#redPinStyle</styleUrl>
      <Point>
        <coordinates>136.654986,35.05438,0</coordinates>
      </Point>
    </Placemark>
    <Placemark>
      <name>MIE03-000192 - いなべ市 員弁町大泉 第6区画</name>
      <description><![CDATA[
        <div style="font-family:sans-serif;">
          <h3>area_id: MIE03-000192</h3>
          <p><b>自治体:</b> いなべ市</p>
          <p><b>住所:</b> 員弁町大泉 第6区画</p>
          <p><b>郵便番号:</b> 〒5100000</p>
          <p><b>選挙区:</b> MIE-03</p>
        </div>
      ]]></description>
      <styleUrl>#redPinStyle</styleUrl>
      <Point>
        <coordinates>136.543696,35.151123,0</coordinates>
      </Point>
    </Placemark>
    <Placemark>
      <name>MIE03-000193 - いなべ市 北勢町阿下喜 第6区画</name>
      <description><![CDATA[
        <div style="font-family:sans-serif;">
          <h3>area_id: MIE03-000193</h3>
          <p><b>自治体:</b> いなべ市</p>
          <p><b>住所:</b> 北勢町阿下喜 第6区画</p>
          <p><b>郵便番号:</b> 〒5100000</p>
          <p><b>選挙区:</b> MIE-03</p>
        </div>
      ]]></description>
      <styleUrl>#redPinStyle</styleUrl>
      <Point>
        <coordinates>136.50076,35.180397,0</coordinates>
      </Point>
    </Placemark>
    <Placemark>
      <name>MIE03-000194 - いなべ市 大安町丹生川 第6区画</name>
      <description><![CDATA[
        <div style="font-family:sans-serif;">
          <h3>area_id: MIE03-000194</h3>
          <p><b>自治体:</b> いなべ市</p>
          <p><b>住所:</b> 大安町丹生川 第6区画</p>
          <p><b>郵便番号:</b> 〒5100000</p>
          <p><b>選挙区:</b> MIE-03</p>
        </div>
      ]]></description>
      <styleUrl>#redPinStyle</styleUrl>
      <Point>
        <coordinates>136.509091,35.132431,0</coordinates>
      </Point>
    </Placemark>
    <Placemark>
      <name>MIE03-000195 - いなべ市 藤原町市場 第6区画</name>
      <description><![CDATA[
        <div style="font-family:sans-serif;">
          <h3>area_id: MIE03-000195</h3>
          <p><b>自治体:</b> いなべ市</p>
          <p><b>住所:</b> 藤原町市場 第6区画</p>
          <p><b>郵便番号:</b> 〒5100000</p>
          <p><b>選挙区:</b> MIE-03</p>
        </div>
      ]]></description>
      <styleUrl>#redPinStyle</styleUrl>
      <Point>
        <coordinates>136.543327,35.174345,0</coordinates>
      </Point>
    </Placemark>
    <Placemark>
      <name>MIE03-000196 - 桑名郡 木曽岬町加畑 第6区画</name>
      <description><![CDATA[
        <div style="font-family:sans-serif;">
          <h3>area_id: MIE03-000196</h3>
          <p><b>自治体:</b> 桑名郡</p>
          <p><b>住所:</b> 木曽岬町加畑 第6区画</p>
          <p><b>郵便番号:</b> 〒5100000</p>
          <p><b>選挙区:</b> MIE-03</p>
        </div>
      ]]></description>
      <styleUrl>#redPinStyle</styleUrl>
      <Point>
        <coordinates>136.565498,35.053785,0</coordinates>
      </Point>
    </Placemark>
    <Placemark>
      <name>MIE03-000197 - 桑名郡 木曽岬町源緑輪中 第6区画</name>
      <description><![CDATA[
        <div style="font-family:sans-serif;">
          <h3>area_id: MIE03-000197</h3>
          <p><b>自治体:</b> 桑名郡</p>
          <p><b>住所:</b> 木曽岬町源緑輪中 第6区画</p>
          <p><b>郵便番号:</b> 〒5100000</p>
          <p><b>選挙区:</b> MIE-03</p>
        </div>
      ]]></description>
      <styleUrl>#redPinStyle</styleUrl>
      <Point>
        <coordinates>136.623295,35.026865,0</coordinates>
      </Point>
    </Placemark>
    <Placemark>
      <name>MIE03-000198 - 員弁郡 東員町穴太 第6区画</name>
      <description><![CDATA[
        <div style="font-family:sans-serif;">
          <h3>area_id: MIE03-000198</h3>
          <p><b>自治体:</b> 員弁郡</p>
          <p><b>住所:</b> 東員町穴太 第6区画</p>
          <p><b>郵便番号:</b> 〒5100000</p>
          <p><b>選挙区:</b> MIE-03</p>
        </div>
      ]]></description>
      <styleUrl>#redPinStyle</styleUrl>
      <Point>
        <coordinates>136.601644,35.08137,0</coordinates>
      </Point>
    </Placemark>
    <Placemark>
      <name>MIE03-000199 - 員弁郡 東員町笹尾東1丁目 第6区画</name>
      <description><![CDATA[
        <div style="font-family:sans-serif;">
          <h3>area_id: MIE03-000199</h3>
          <p><b>自治体:</b> 員弁郡</p>
          <p><b>住所:</b> 東員町笹尾東1丁目 第6区画</p>
          <p><b>郵便番号:</b> 〒5100000</p>
          <p><b>選挙区:</b> MIE-03</p>
        </div>
      ]]></description>
      <styleUrl>#redPinStyle</styleUrl>
      <Point>
        <coordinates>136.572338,35.026948,0</coordinates>
      </Point>
    </Placemark>
    <Placemark>
      <name>MIE03-000200 - 員弁郡 東員町笹尾東2丁目 第6区画</name>
      <description><![CDATA[
        <div style="font-family:sans-serif;">
          <h3>area_id: MIE03-000200</h3>
          <p><b>自治体:</b> 員弁郡</p>
          <p><b>住所:</b> 東員町笹尾東2丁目 第6区画</p>
          <p><b>郵便番号:</b> 〒5100000</p>
          <p><b>選挙区:</b> MIE-03</p>
        </div>
      ]]></description>
      <styleUrl>#redPinStyle</styleUrl>
      <Point>
        <coordinates>136.640521,35.051474,0</coordinates>
      </Point>
    </Placemark>
    <Placemark>
      <name>MIE03-000201 - 員弁郡 東員町笹尾東3丁目 第6区画</name>
      <description><![CDATA[
        <div style="font-family:sans-serif;">
          <h3>area_id: MIE03-000201</h3>
          <p><b>自治体:</b> 員弁郡</p>
          <p><b>住所:</b> 東員町笹尾東3丁目 第6区画</p>
          <p><b>郵便番号:</b> 〒5100000</p>
          <p><b>選挙区:</b> MIE-03</p>
        </div>
      ]]></description>
      <styleUrl>#redPinStyle</styleUrl>
      <Point>
        <coordinates>136.595404,35.053214,0</coordinates>
      </Point>
    </Placemark>
    <Placemark>
      <name>MIE03-000202 - 三重郡 菰野町大字菰野 第6区画</name>
      <description><![CDATA[
        <div style="font-family:sans-serif;">
          <h3>area_id: MIE03-000202</h3>
          <p><b>自治体:</b> 三重郡</p>
          <p><b>住所:</b> 菰野町大字菰野 第6区画</p>
          <p><b>郵便番号:</b> 〒5100000</p>
          <p><b>選挙区:</b> MIE-03</p>
        </div>
      ]]></description>
      <styleUrl>#redPinStyle</styleUrl>
      <Point>
        <coordinates>136.600971,35.043853,0</coordinates>
      </Point>
    </Placemark>
    <Placemark>
      <name>MIE03-000203 - 三重郡 朝日町大字柿 第6区画</name>
      <description><![CDATA[
        <div style="font-family:sans-serif;">
          <h3>area_id: MIE03-000203</h3>
          <p><b>自治体:</b> 三重郡</p>
          <p><b>住所:</b> 朝日町大字柿 第6区画</p>
          <p><b>郵便番号:</b> 〒5100000</p>
          <p><b>選挙区:</b> MIE-03</p>
        </div>
      ]]></description>
      <styleUrl>#redPinStyle</styleUrl>
      <Point>
        <coordinates>136.605093,35.056062,0</coordinates>
      </Point>
    </Placemark>
    <Placemark>
      <name>MIE03-000204 - 三重郡 川越町大字豊田 第6区画</name>
      <description><![CDATA[
        <div style="font-family:sans-serif;">
          <h3>area_id: MIE03-000204</h3>
          <p><b>自治体:</b> 三重郡</p>
          <p><b>住所:</b> 川越町大字豊田 第6区画</p>
          <p><b>郵便番号:</b> 〒5100000</p>
          <p><b>選挙区:</b> MIE-03</p>
        </div>
      ]]></description>
      <styleUrl>#redPinStyle</styleUrl>
      <Point>
        <coordinates>136.589925,35.048139,0</coordinates>
      </Point>
    </Placemark>
    <Placemark>
      <name>MIE03-000205 - 四日市市（一部） 富田1丁目 第7区画</name>
      <description><![CDATA[
        <div style="font-family:sans-serif;">
          <h3>area_id: MIE03-000205</h3>
          <p><b>自治体:</b> 四日市市（一部）</p>
          <p><b>住所:</b> 富田1丁目 第7区画</p>
          <p><b>郵便番号:</b> 〒5100000</p>
          <p><b>選挙区:</b> MIE-03</p>
        </div>
      ]]></description>
      <styleUrl>#redPinStyle</styleUrl>
      <Point>
        <coordinates>136.650184,35.002,0</coordinates>
      </Point>
    </Placemark>
    <Placemark>
      <name>MIE03-000206 - 四日市市（一部） 富田2丁目 第7区画</name>
      <description><![CDATA[
        <div style="font-family:sans-serif;">
          <h3>area_id: MIE03-000206</h3>
          <p><b>自治体:</b> 四日市市（一部）</p>
          <p><b>住所:</b> 富田2丁目 第7区画</p>
          <p><b>郵便番号:</b> 〒5100000</p>
          <p><b>選挙区:</b> MIE-03</p>
        </div>
      ]]></description>
      <styleUrl>#redPinStyle</styleUrl>
      <Point>
        <coordinates>136.636031,35.017391,0</coordinates>
      </Point>
    </Placemark>
    <Placemark>
      <name>MIE03-000207 - 四日市市（一部） 富田3丁目 第7区画</name>
      <description><![CDATA[
        <div style="font-family:sans-serif;">
          <h3>area_id: MIE03-000207</h3>
          <p><b>自治体:</b> 四日市市（一部）</p>
          <p><b>住所:</b> 富田3丁目 第7区画</p>
          <p><b>郵便番号:</b> 〒5100000</p>
          <p><b>選挙区:</b> MIE-03</p>
        </div>
      ]]></description>
      <styleUrl>#redPinStyle</styleUrl>
      <Point>
        <coordinates>136.633813,34.995843,0</coordinates>
      </Point>
    </Placemark>
    <Placemark>
      <name>MIE03-000208 - 四日市市（一部） 富州原町 第7区画</name>
      <description><![CDATA[
        <div style="font-family:sans-serif;">
          <h3>area_id: MIE03-000208</h3>
          <p><b>自治体:</b> 四日市市（一部）</p>
          <p><b>住所:</b> 富州原町 第7区画</p>
          <p><b>郵便番号:</b> 〒5100000</p>
          <p><b>選挙区:</b> MIE-03</p>
        </div>
      ]]></description>
      <styleUrl>#redPinStyle</styleUrl>
      <Point>
        <coordinates>136.654856,35.012028,0</coordinates>
      </Point>
    </Placemark>
    <Placemark>
      <name>MIE03-000209 - 四日市市（一部） 羽津1丁目 第7区画</name>
      <description><![CDATA[
        <div style="font-family:sans-serif;">
          <h3>area_id: MIE03-000209</h3>
          <p><b>自治体:</b> 四日市市（一部）</p>
          <p><b>住所:</b> 羽津1丁目 第7区画</p>
          <p><b>郵便番号:</b> 〒5100000</p>
          <p><b>選挙区:</b> MIE-03</p>
        </div>
      ]]></description>
      <styleUrl>#redPinStyle</styleUrl>
      <Point>
        <coordinates>136.623537,35.011893,0</coordinates>
      </Point>
    </Placemark>
    <Placemark>
      <name>MIE03-000210 - 四日市市（一部） 羽津2丁目 第7区画</name>
      <description><![CDATA[
        <div style="font-family:sans-serif;">
          <h3>area_id: MIE03-000210</h3>
          <p><b>自治体:</b> 四日市市（一部）</p>
          <p><b>住所:</b> 羽津2丁目 第7区画</p>
          <p><b>郵便番号:</b> 〒5100000</p>
          <p><b>選挙区:</b> MIE-03</p>
        </div>
      ]]></description>
      <styleUrl>#redPinStyle</styleUrl>
      <Point>
        <coordinates>136.648755,34.992885,0</coordinates>
      </Point>
    </Placemark>
    <Placemark>
      <name>MIE03-000211 - 桑名市 江場1丁目 第7区画</name>
      <description><![CDATA[
        <div style="font-family:sans-serif;">
          <h3>area_id: MIE03-000211</h3>
          <p><b>自治体:</b> 桑名市</p>
          <p><b>住所:</b> 江場1丁目 第7区画</p>
          <p><b>郵便番号:</b> 〒5100000</p>
          <p><b>選挙区:</b> MIE-03</p>
        </div>
      ]]></description>
      <styleUrl>#redPinStyle</styleUrl>
      <Point>
        <coordinates>136.68528,35.080521,0</coordinates>
      </Point>
    </Placemark>
    <Placemark>
      <name>MIE03-000212 - 桑名市 江場2丁目 第7区画</name>
      <description><![CDATA[
        <div style="font-family:sans-serif;">
          <h3>area_id: MIE03-000212</h3>
          <p><b>自治体:</b> 桑名市</p>
          <p><b>住所:</b> 江場2丁目 第7区画</p>
          <p><b>郵便番号:</b> 〒5100000</p>
          <p><b>選挙区:</b> MIE-03</p>
        </div>
      ]]></description>
      <styleUrl>#redPinStyle</styleUrl>
      <Point>
        <coordinates>136.66158,35.054321,0</coordinates>
      </Point>
    </Placemark>
    <Placemark>
      <name>MIE03-000213 - 桑名市 江場3丁目 第7区画</name>
      <description><![CDATA[
        <div style="font-family:sans-serif;">
          <h3>area_id: MIE03-000213</h3>
          <p><b>自治体:</b> 桑名市</p>
          <p><b>住所:</b> 江場3丁目 第7区画</p>
          <p><b>郵便番号:</b> 〒5100000</p>
          <p><b>選挙区:</b> MIE-03</p>
        </div>
      ]]></description>
      <styleUrl>#redPinStyle</styleUrl>
      <Point>
        <coordinates>136.702926,35.060731,0</coordinates>
      </Point>
    </Placemark>
    <Placemark>
      <name>MIE03-000214 - 桑名市 吉之丸 第7区画</name>
      <description><![CDATA[
        <div style="font-family:sans-serif;">
          <h3>area_id: MIE03-000214</h3>
          <p><b>自治体:</b> 桑名市</p>
          <p><b>住所:</b> 吉之丸 第7区画</p>
          <p><b>郵便番号:</b> 〒5100000</p>
          <p><b>選挙区:</b> MIE-03</p>
        </div>
      ]]></description>
      <styleUrl>#redPinStyle</styleUrl>
      <Point>
        <coordinates>136.664951,35.080443,0</coordinates>
      </Point>
    </Placemark>
    <Placemark>
      <name>MIE03-000215 - 桑名市 大山田1丁目 第7区画</name>
      <description><![CDATA[
        <div style="font-family:sans-serif;">
          <h3>area_id: MIE03-000215</h3>
          <p><b>自治体:</b> 桑名市</p>
          <p><b>住所:</b> 大山田1丁目 第7区画</p>
          <p><b>郵便番号:</b> 〒5100000</p>
          <p><b>選挙区:</b> MIE-03</p>
        </div>
      ]]></description>
      <styleUrl>#redPinStyle</styleUrl>
      <Point>
        <coordinates>136.67772,35.042383,0</coordinates>
      </Point>
    </Placemark>
    <Placemark>
      <name>MIE03-000216 - 桑名市 大山田2丁目 第7区画</name>
      <description><![CDATA[
        <div style="font-family:sans-serif;">
          <h3>area_id: MIE03-000216</h3>
          <p><b>自治体:</b> 桑名市</p>
          <p><b>住所:</b> 大山田2丁目 第7区画</p>
          <p><b>郵便番号:</b> 〒5100000</p>
          <p><b>選挙区:</b> MIE-03</p>
        </div>
      ]]></description>
      <styleUrl>#redPinStyle</styleUrl>
      <Point>
        <coordinates>136.700349,35.079639,0</coordinates>
      </Point>
    </Placemark>
    <Placemark>
      <name>MIE03-000217 - 桑名市 大山田3丁目 第7区画</name>
      <description><![CDATA[
        <div style="font-family:sans-serif;">
          <h3>area_id: MIE03-000217</h3>
          <p><b>自治体:</b> 桑名市</p>
          <p><b>住所:</b> 大山田3丁目 第7区画</p>
          <p><b>郵便番号:</b> 〒5100000</p>
          <p><b>選挙区:</b> MIE-03</p>
        </div>
      ]]></description>
      <styleUrl>#redPinStyle</styleUrl>
      <Point>
        <coordinates>136.65096,35.0641,0</coordinates>
      </Point>
    </Placemark>
    <Placemark>
      <name>MIE03-000218 - 桑名市 大山田4丁目 第7区画</name>
      <description><![CDATA[
        <div style="font-family:sans-serif;">
          <h3>area_id: MIE03-000218</h3>
          <p><b>自治体:</b> 桑名市</p>
          <p><b>住所:</b> 大山田4丁目 第7区画</p>
          <p><b>郵便番号:</b> 〒5100000</p>
          <p><b>選挙区:</b> MIE-03</p>
        </div>
      ]]></description>
      <styleUrl>#redPinStyle</styleUrl>
      <Point>
        <coordinates>136.702472,35.04694,0</coordinates>
      </Point>
    </Placemark>
    <Placemark>
      <name>MIE03-000219 - 桑名市 大山田5丁目 第7区画</name>
      <description><![CDATA[
        <div style="font-family:sans-serif;">
          <h3>area_id: MIE03-000219</h3>
          <p><b>自治体:</b> 桑名市</p>
          <p><b>住所:</b> 大山田5丁目 第7区画</p>
          <p><b>郵便番号:</b> 〒5100000</p>
          <p><b>選挙区:</b> MIE-03</p>
        </div>
      ]]></description>
      <styleUrl>#redPinStyle</styleUrl>
      <Point>
        <coordinates>136.677218,35.090599,0</coordinates>
      </Point>
    </Placemark>
    <Placemark>
      <name>MIE03-000220 - 桑名市 大山田6丁目 第7区画</name>
      <description><![CDATA[
        <div style="font-family:sans-serif;">
          <h3>area_id: MIE03-000220</h3>
          <p><b>自治体:</b> 桑名市</p>
          <p><b>住所:</b> 大山田6丁目 第7区画</p>
          <p><b>郵便番号:</b> 〒5100000</p>
          <p><b>選挙区:</b> MIE-03</p>
        </div>
      ]]></description>
      <styleUrl>#redPinStyle</styleUrl>
      <Point>
        <coordinates>136.659692,35.042045,0</coordinates>
      </Point>
    </Placemark>
    <Placemark>
      <name>MIE03-000221 - 桑名市 大山田7丁目 第7区画</name>
      <description><![CDATA[
        <div style="font-family:sans-serif;">
          <h3>area_id: MIE03-000221</h3>
          <p><b>自治体:</b> 桑名市</p>
          <p><b>住所:</b> 大山田7丁目 第7区画</p>
          <p><b>郵便番号:</b> 〒5100000</p>
          <p><b>選挙区:</b> MIE-03</p>
        </div>
      ]]></description>
      <styleUrl>#redPinStyle</styleUrl>
      <Point>
        <coordinates>136.714271,35.069136,0</coordinates>
      </Point>
    </Placemark>
    <Placemark>
      <name>MIE03-000222 - 桑名市 大山田8丁目 第7区画</name>
      <description><![CDATA[
        <div style="font-family:sans-serif;">
          <h3>area_id: MIE03-000222</h3>
          <p><b>自治体:</b> 桑名市</p>
          <p><b>住所:</b> 大山田8丁目 第7区画</p>
          <p><b>郵便番号:</b> 〒5100000</p>
          <p><b>選挙区:</b> MIE-03</p>
        </div>
      ]]></description>
      <styleUrl>#redPinStyle</styleUrl>
      <Point>
        <coordinates>136.649435,35.080326,0</coordinates>
      </Point>
    </Placemark>
    <Placemark>
      <name>MIE03-000223 - 桑名市 播磨 第7区画</name>
      <description><![CDATA[
        <div style="font-family:sans-serif;">
          <h3>area_id: MIE03-000223</h3>
          <p><b>自治体:</b> 桑名市</p>
          <p><b>住所:</b> 播磨 第7区画</p>
          <p><b>郵便番号:</b> 〒5100000</p>
          <p><b>選挙区:</b> MIE-03</p>
        </div>
      ]]></description>
      <styleUrl>#redPinStyle</styleUrl>
      <Point>
        <coordinates>136.689752,35.03377,0</coordinates>
      </Point>
    </Placemark>
    <Placemark>
      <name>MIE03-000224 - 桑名市 多度町香取 第7区画</name>
      <description><![CDATA[
        <div style="font-family:sans-serif;">
          <h3>area_id: MIE03-000224</h3>
          <p><b>自治体:</b> 桑名市</p>
          <p><b>住所:</b> 多度町香取 第7区画</p>
          <p><b>郵便番号:</b> 〒5100000</p>
          <p><b>選挙区:</b> MIE-03</p>
        </div>
      ]]></description>
      <styleUrl>#redPinStyle</styleUrl>
      <Point>
        <coordinates>136.698064,35.093017,0</coordinates>
      </Point>
    </Placemark>
    <Placemark>
      <name>MIE03-000225 - 桑名市 長島町駒江 第7区画</name>
      <description><![CDATA[
        <div style="font-family:sans-serif;">
          <h3>area_id: MIE03-000225</h3>
          <p><b>自治体:</b> 桑名市</p>
          <p><b>住所:</b> 長島町駒江 第7区画</p>
          <p><b>郵便番号:</b> 〒5100000</p>
          <p><b>選挙区:</b> MIE-03</p>
        </div>
      ]]></description>
      <styleUrl>#redPinStyle</styleUrl>
      <Point>
        <coordinates>136.641886,35.05254,0</coordinates>
      </Point>
    </Placemark>
    <Placemark>
      <name>MIE03-000226 - いなべ市 員弁町大泉 第7区画</name>
      <description><![CDATA[
        <div style="font-family:sans-serif;">
          <h3>area_id: MIE03-000226</h3>
          <p><b>自治体:</b> いなべ市</p>
          <p><b>住所:</b> 員弁町大泉 第7区画</p>
          <p><b>郵便番号:</b> 〒5100000</p>
          <p><b>選挙区:</b> MIE-03</p>
        </div>
      ]]></description>
      <styleUrl>#redPinStyle</styleUrl>
      <Point>
        <coordinates>136.521543,35.156487,0</coordinates>
      </Point>
    </Placemark>
    <Placemark>
      <name>MIE03-000227 - いなべ市 北勢町阿下喜 第7区画</name>
      <description><![CDATA[
        <div style="font-family:sans-serif;">
          <h3>area_id: MIE03-000227</h3>
          <p><b>自治体:</b> いなべ市</p>
          <p><b>住所:</b> 北勢町阿下喜 第7区画</p>
          <p><b>郵便番号:</b> 〒5100000</p>
          <p><b>選挙区:</b> MIE-03</p>
        </div>
      ]]></description>
      <styleUrl>#redPinStyle</styleUrl>
      <Point>
        <coordinates>136.512856,35.164019,0</coordinates>
      </Point>
    </Placemark>
    <Placemark>
      <name>MIE03-000228 - いなべ市 大安町丹生川 第7区画</name>
      <description><![CDATA[
        <div style="font-family:sans-serif;">
          <h3>area_id: MIE03-000228</h3>
          <p><b>自治体:</b> いなべ市</p>
          <p><b>住所:</b> 大安町丹生川 第7区画</p>
          <p><b>郵便番号:</b> 〒5100000</p>
          <p><b>選挙区:</b> MIE-03</p>
        </div>
      ]]></description>
      <styleUrl>#redPinStyle</styleUrl>
      <Point>
        <coordinates>136.51333,35.151342,0</coordinates>
      </Point>
    </Placemark>
    <Placemark>
      <name>MIE03-000229 - いなべ市 藤原町市場 第7区画</name>
      <description><![CDATA[
        <div style="font-family:sans-serif;">
          <h3>area_id: MIE03-000229</h3>
          <p><b>自治体:</b> いなべ市</p>
          <p><b>住所:</b> 藤原町市場 第7区画</p>
          <p><b>郵便番号:</b> 〒5100000</p>
          <p><b>選挙区:</b> MIE-03</p>
        </div>
      ]]></description>
      <styleUrl>#redPinStyle</styleUrl>
      <Point>
        <coordinates>136.524937,35.1627,0</coordinates>
      </Point>
    </Placemark>
    <Placemark>
      <name>MIE03-000230 - 桑名郡 木曽岬町加畑 第7区画</name>
      <description><![CDATA[
        <div style="font-family:sans-serif;">
          <h3>area_id: MIE03-000230</h3>
          <p><b>自治体:</b> 桑名郡</p>
          <p><b>住所:</b> 木曽岬町加畑 第7区画</p>
          <p><b>郵便番号:</b> 〒5100000</p>
          <p><b>選挙区:</b> MIE-03</p>
        </div>
      ]]></description>
      <styleUrl>#redPinStyle</styleUrl>
      <Point>
        <coordinates>136.588519,35.052121,0</coordinates>
      </Point>
    </Placemark>
    <Placemark>
      <name>MIE03-000231 - 桑名郡 木曽岬町源緑輪中 第7区画</name>
      <description><![CDATA[
        <div style="font-family:sans-serif;">
          <h3>area_id: MIE03-000231</h3>
          <p><b>自治体:</b> 桑名郡</p>
          <p><b>住所:</b> 木曽岬町源緑輪中 第7区画</p>
          <p><b>郵便番号:</b> 〒5100000</p>
          <p><b>選挙区:</b> MIE-03</p>
        </div>
      ]]></description>
      <styleUrl>#redPinStyle</styleUrl>
      <Point>
        <coordinates>136.607571,35.040989,0</coordinates>
      </Point>
    </Placemark>
    <Placemark>
      <name>MIE03-000232 - 員弁郡 東員町穴太 第7区画</name>
      <description><![CDATA[
        <div style="font-family:sans-serif;">
          <h3>area_id: MIE03-000232</h3>
          <p><b>自治体:</b> 員弁郡</p>
          <p><b>住所:</b> 東員町穴太 第7区画</p>
          <p><b>郵便番号:</b> 〒5100000</p>
          <p><b>選挙区:</b> MIE-03</p>
        </div>
      ]]></description>
      <styleUrl>#redPinStyle</styleUrl>
      <Point>
        <coordinates>136.601911,35.062096,0</coordinates>
      </Point>
    </Placemark>
    <Placemark>
      <name>MIE03-000233 - 員弁郡 東員町笹尾東1丁目 第7区画</name>
      <description><![CDATA[
        <div style="font-family:sans-serif;">
          <h3>area_id: MIE03-000233</h3>
          <p><b>自治体:</b> 員弁郡</p>
          <p><b>住所:</b> 東員町笹尾東1丁目 第7区画</p>
          <p><b>郵便番号:</b> 〒5100000</p>
          <p><b>選挙区:</b> MIE-03</p>
        </div>
      ]]></description>
      <styleUrl>#redPinStyle</styleUrl>
      <Point>
        <coordinates>136.587682,35.041387,0</coordinates>
      </Point>
    </Placemark>
    <Placemark>
      <name>MIE03-000234 - 員弁郡 東員町笹尾東2丁目 第7区画</name>
      <description><![CDATA[
        <div style="font-family:sans-serif;">
          <h3>area_id: MIE03-000234</h3>
          <p><b>自治体:</b> 員弁郡</p>
          <p><b>住所:</b> 東員町笹尾東2丁目 第7区画</p>
          <p><b>郵便番号:</b> 〒5100000</p>
          <p><b>選挙区:</b> MIE-03</p>
        </div>
      ]]></description>
      <styleUrl>#redPinStyle</styleUrl>
      <Point>
        <coordinates>136.617503,35.049363,0</coordinates>
      </Point>
    </Placemark>
    <Placemark>
      <name>MIE03-000235 - 員弁郡 東員町笹尾東3丁目 第7区画</name>
      <description><![CDATA[
        <div style="font-family:sans-serif;">
          <h3>area_id: MIE03-000235</h3>
          <p><b>自治体:</b> 員弁郡</p>
          <p><b>住所:</b> 東員町笹尾東3丁目 第7区画</p>
          <p><b>郵便番号:</b> 〒5100000</p>
          <p><b>選挙区:</b> MIE-03</p>
        </div>
      ]]></description>
      <styleUrl>#redPinStyle</styleUrl>
      <Point>
        <coordinates>136.586593,35.061172,0</coordinates>
      </Point>
    </Placemark>
    <Placemark>
      <name>MIE03-000236 - 三重郡 菰野町大字菰野 第7区画</name>
      <description><![CDATA[
        <div style="font-family:sans-serif;">
          <h3>area_id: MIE03-000236</h3>
          <p><b>自治体:</b> 三重郡</p>
          <p><b>住所:</b> 菰野町大字菰野 第7区画</p>
          <p><b>郵便番号:</b> 〒5100000</p>
          <p><b>選挙区:</b> MIE-03</p>
        </div>
      ]]></description>
      <styleUrl>#redPinStyle</styleUrl>
      <Point>
        <coordinates>136.60089,35.033016,0</coordinates>
      </Point>
    </Placemark>
    <Placemark>
      <name>MIE03-000237 - 三重郡 朝日町大字柿 第7区画</name>
      <description><![CDATA[
        <div style="font-family:sans-serif;">
          <h3>area_id: MIE03-000237</h3>
          <p><b>自治体:</b> 三重郡</p>
          <p><b>住所:</b> 朝日町大字柿 第7区画</p>
          <p><b>郵便番号:</b> 〒5100000</p>
          <p><b>選挙区:</b> MIE-03</p>
        </div>
      ]]></description>
      <styleUrl>#redPinStyle</styleUrl>
      <Point>
        <coordinates>136.614038,35.063942,0</coordinates>
      </Point>
    </Placemark>
    <Placemark>
      <name>MIE03-000238 - 三重郡 川越町大字豊田 第7区画</name>
      <description><![CDATA[
        <div style="font-family:sans-serif;">
          <h3>area_id: MIE03-000238</h3>
          <p><b>自治体:</b> 三重郡</p>
          <p><b>住所:</b> 川越町大字豊田 第7区画</p>
          <p><b>郵便番号:</b> 〒5100000</p>
          <p><b>選挙区:</b> MIE-03</p>
        </div>
      ]]></description>
      <styleUrl>#redPinStyle</styleUrl>
      <Point>
        <coordinates>136.576919,35.047468,0</coordinates>
      </Point>
    </Placemark>
    <Placemark>
      <name>MIE03-000239 - 四日市市（一部） 富田1丁目 第8区画</name>
      <description><![CDATA[
        <div style="font-family:sans-serif;">
          <h3>area_id: MIE03-000239</h3>
          <p><b>自治体:</b> 四日市市（一部）</p>
          <p><b>住所:</b> 富田1丁目 第8区画</p>
          <p><b>郵便番号:</b> 〒5100000</p>
          <p><b>選挙区:</b> MIE-03</p>
        </div>
      ]]></description>
      <styleUrl>#redPinStyle</styleUrl>
      <Point>
        <coordinates>136.660249,34.995084,0</coordinates>
      </Point>
    </Placemark>
    <Placemark>
      <name>MIE03-000240 - 四日市市（一部） 富田2丁目 第8区画</name>
      <description><![CDATA[
        <div style="font-family:sans-serif;">
          <h3>area_id: MIE03-000240</h3>
          <p><b>自治体:</b> 四日市市（一部）</p>
          <p><b>住所:</b> 富田2丁目 第8区画</p>
          <p><b>郵便番号:</b> 〒5100000</p>
          <p><b>選挙区:</b> MIE-03</p>
        </div>
      ]]></description>
      <styleUrl>#redPinStyle</styleUrl>
      <Point>
        <coordinates>136.634338,35.028183,0</coordinates>
      </Point>
    </Placemark>
    <Placemark>
      <name>MIE03-000241 - 四日市市（一部） 富田3丁目 第8区画</name>
      <description><![CDATA[
        <div style="font-family:sans-serif;">
          <h3>area_id: MIE03-000241</h3>
          <p><b>自治体:</b> 四日市市（一部）</p>
          <p><b>住所:</b> 富田3丁目 第8区画</p>
          <p><b>郵便番号:</b> 〒5100000</p>
          <p><b>選挙区:</b> MIE-03</p>
        </div>
      ]]></description>
      <styleUrl>#redPinStyle</styleUrl>
      <Point>
        <coordinates>136.6262,34.986981,0</coordinates>
      </Point>
    </Placemark>
    <Placemark>
      <name>MIE03-000242 - 四日市市（一部） 富州原町 第8区画</name>
      <description><![CDATA[
        <div style="font-family:sans-serif;">
          <h3>area_id: MIE03-000242</h3>
          <p><b>自治体:</b> 四日市市（一部）</p>
          <p><b>住所:</b> 富州原町 第8区画</p>
          <p><b>郵便番号:</b> 〒5100000</p>
          <p><b>選挙区:</b> MIE-03</p>
        </div>
      ]]></description>
      <styleUrl>#redPinStyle</styleUrl>
      <Point>
        <coordinates>136.667696,35.014177,0</coordinates>
      </Point>
    </Placemark>
    <Placemark>
      <name>MIE03-000243 - 四日市市（一部） 羽津1丁目 第8区画</name>
      <description><![CDATA[
        <div style="font-family:sans-serif;">
          <h3>area_id: MIE03-000243</h3>
          <p><b>自治体:</b> 四日市市（一部）</p>
          <p><b>住所:</b> 羽津1丁目 第8区画</p>
          <p><b>郵便番号:</b> 〒5100000</p>
          <p><b>選挙区:</b> MIE-03</p>
        </div>
      ]]></description>
      <styleUrl>#redPinStyle</styleUrl>
      <Point>
        <coordinates>136.612376,35.017635,0</coordinates>
      </Point>
    </Placemark>
    <Placemark>
      <name>MIE03-000244 - 四日市市（一部） 羽津2丁目 第8区画</name>
      <description><![CDATA[
        <div style="font-family:sans-serif;">
          <h3>area_id: MIE03-000244</h3>
          <p><b>自治体:</b> 四日市市（一部）</p>
          <p><b>住所:</b> 羽津2丁目 第8区画</p>
          <p><b>郵便番号:</b> 〒5100000</p>
          <p><b>選挙区:</b> MIE-03</p>
        </div>
      ]]></description>
      <styleUrl>#redPinStyle</styleUrl>
      <Point>
        <coordinates>136.652215,34.982325,0</coordinates>
      </Point>
    </Placemark>
    <Placemark>
      <name>MIE03-000245 - 桑名市 江場1丁目 第8区画</name>
      <description><![CDATA[
        <div style="font-family:sans-serif;">
          <h3>area_id: MIE03-000245</h3>
          <p><b>自治体:</b> 桑名市</p>
          <p><b>住所:</b> 江場1丁目 第8区画</p>
          <p><b>郵便番号:</b> 〒5100000</p>
          <p><b>選挙区:</b> MIE-03</p>
        </div>
      ]]></description>
      <styleUrl>#redPinStyle</styleUrl>
      <Point>
        <coordinates>136.69141,35.090223,0</coordinates>
      </Point>
    </Placemark>
    <Placemark>
      <name>MIE03-000246 - 桑名市 江場2丁目 第8区画</name>
      <description><![CDATA[
        <div style="font-family:sans-serif;">
          <h3>area_id: MIE03-000246</h3>
          <p><b>自治体:</b> 桑名市</p>
          <p><b>住所:</b> 江場2丁目 第8区画</p>
          <p><b>郵便番号:</b> 〒5100000</p>
          <p><b>選挙区:</b> MIE-03</p>
        </div>
      ]]></description>
      <styleUrl>#redPinStyle</styleUrl>
      <Point>
        <coordinates>136.649132,35.050709,0</coordinates>
      </Point>
    </Placemark>
    <Placemark>
      <name>MIE03-000247 - 桑名市 江場3丁目 第8区画</name>
      <description><![CDATA[
        <div style="font-family:sans-serif;">
          <h3>area_id: MIE03-000247</h3>
          <p><b>自治体:</b> 桑名市</p>
          <p><b>住所:</b> 江場3丁目 第8区画</p>
          <p><b>郵便番号:</b> 〒5100000</p>
          <p><b>選挙区:</b> MIE-03</p>
        </div>
      ]]></description>
      <styleUrl>#redPinStyle</styleUrl>
      <Point>
        <coordinates>136.715005,35.056284,0</coordinates>
      </Point>
    </Placemark>
    <Placemark>
      <name>MIE03-000248 - 桑名市 吉之丸 第8区画</name>
      <description><![CDATA[
        <div style="font-family:sans-serif;">
          <h3>area_id: MIE03-000248</h3>
          <p><b>自治体:</b> 桑名市</p>
          <p><b>住所:</b> 吉之丸 第8区画</p>
          <p><b>郵便番号:</b> 〒5100000</p>
          <p><b>選挙区:</b> MIE-03</p>
        </div>
      ]]></description>
      <styleUrl>#redPinStyle</styleUrl>
      <Point>
        <coordinates>136.659755,35.090582,0</coordinates>
      </Point>
    </Placemark>
    <Placemark>
      <name>MIE03-000249 - 桑名市 大山田1丁目 第8区画</name>
      <description><![CDATA[
        <div style="font-family:sans-serif;">
          <h3>area_id: MIE03-000249</h3>
          <p><b>自治体:</b> 桑名市</p>
          <p><b>住所:</b> 大山田1丁目 第8区画</p>
          <p><b>郵便番号:</b> 〒5100000</p>
          <p><b>選挙区:</b> MIE-03</p>
        </div>
      ]]></description>
      <styleUrl>#redPinStyle</styleUrl>
      <Point>
        <coordinates>136.673207,35.031995,0</coordinates>
      </Point>
    </Placemark>
    <Placemark>
      <name>MIE03-000250 - 桑名市 大山田2丁目 第8区画</name>
      <description><![CDATA[
        <div style="font-family:sans-serif;">
          <h3>area_id: MIE03-000250</h3>
          <p><b>自治体:</b> 桑名市</p>
          <p><b>住所:</b> 大山田2丁目 第8区画</p>
          <p><b>郵便番号:</b> 〒5100000</p>
          <p><b>選挙区:</b> MIE-03</p>
        </div>
      ]]></description>
      <styleUrl>#redPinStyle</styleUrl>
      <Point>
        <coordinates>136.712178,35.084676,0</coordinates>
      </Point>
    </Placemark>
    <Placemark>
      <name>MIE03-000251 - 桑名市 大山田3丁目 第8区画</name>
      <description><![CDATA[
        <div style="font-family:sans-serif;">
          <h3>area_id: MIE03-000251</h3>
          <p><b>自治体:</b> 桑名市</p>
          <p><b>住所:</b> 大山田3丁目 第8区画</p>
          <p><b>郵便番号:</b> 〒5100000</p>
          <p><b>選挙区:</b> MIE-03</p>
        </div>
      ]]></description>
      <styleUrl>#redPinStyle</styleUrl>
      <Point>
        <coordinates>136.674023,35.064536,0</coordinates>
      </Point>
    </Placemark>
    <Placemark>
      <name>MIE03-000252 - 桑名市 大山田4丁目 第8区画</name>
      <description><![CDATA[
        <div style="font-family:sans-serif;">
          <h3>area_id: MIE03-000252</h3>
          <p><b>自治体:</b> 桑名市</p>
          <p><b>住所:</b> 大山田4丁目 第8区画</p>
          <p><b>郵便番号:</b> 〒5100000</p>
          <p><b>選挙区:</b> MIE-03</p>
        </div>
      ]]></description>
      <styleUrl>#redPinStyle</styleUrl>
      <Point>
        <coordinates>136.685026,35.059529,0</coordinates>
      </Point>
    </Placemark>
    <Placemark>
      <name>MIE03-000253 - 桑名市 大山田5丁目 第8区画</name>
      <description><![CDATA[
        <div style="font-family:sans-serif;">
          <h3>area_id: MIE03-000253</h3>
          <p><b>自治体:</b> 桑名市</p>
          <p><b>住所:</b> 大山田5丁目 第8区画</p>
          <p><b>郵便番号:</b> 〒5100000</p>
          <p><b>選挙区:</b> MIE-03</p>
        </div>
      ]]></description>
      <styleUrl>#redPinStyle</styleUrl>
      <Point>
        <coordinates>136.68,35.0715,0</coordinates>
      </Point>
    </Placemark>
    <Placemark>
      <name>MIE03-000254 - 桑名市 大山田6丁目 第8区画</name>
      <description><![CDATA[
        <div style="font-family:sans-serif;">
          <h3>area_id: MIE03-000254</h3>
          <p><b>自治体:</b> 桑名市</p>
          <p><b>住所:</b> 大山田6丁目 第8区画</p>
          <p><b>郵便番号:</b> 〒5100000</p>
          <p><b>選挙区:</b> MIE-03</p>
        </div>
      ]]></description>
      <styleUrl>#redPinStyle</styleUrl>
      <Point>
        <coordinates>136.673028,35.057759,0</coordinates>
      </Point>
    </Placemark>
    <Placemark>
      <name>MIE03-000255 - 桑名市 大山田7丁目 第8区画</name>
      <description><![CDATA[
        <div style="font-family:sans-serif;">
          <h3>area_id: MIE03-000255</h3>
          <p><b>自治体:</b> 桑名市</p>
          <p><b>住所:</b> 大山田7丁目 第8区画</p>
          <p><b>郵便番号:</b> 〒5100000</p>
          <p><b>選挙区:</b> MIE-03</p>
        </div>
      ]]></description>
      <styleUrl>#redPinStyle</styleUrl>
      <Point>
        <coordinates>136.691715,35.064954,0</coordinates>
      </Point>
    </Placemark>
    <Placemark>
      <name>MIE03-000256 - 桑名市 大山田8丁目 第8区画</name>
      <description><![CDATA[
        <div style="font-family:sans-serif;">
          <h3>area_id: MIE03-000256</h3>
          <p><b>自治体:</b> 桑名市</p>
          <p><b>住所:</b> 大山田8丁目 第8区画</p>
          <p><b>郵便番号:</b> 〒5100000</p>
          <p><b>選挙区:</b> MIE-03</p>
        </div>
      ]]></description>
      <styleUrl>#redPinStyle</styleUrl>
      <Point>
        <coordinates>136.669528,35.070796,0</coordinates>
      </Point>
    </Placemark>
    <Placemark>
      <name>MIE03-000257 - 桑名市 播磨 第8区画</name>
      <description><![CDATA[
        <div style="font-family:sans-serif;">
          <h3>area_id: MIE03-000257</h3>
          <p><b>自治体:</b> 桑名市</p>
          <p><b>住所:</b> 播磨 第8区画</p>
          <p><b>郵便番号:</b> 〒5100000</p>
          <p><b>選挙区:</b> MIE-03</p>
        </div>
      ]]></description>
      <styleUrl>#redPinStyle</styleUrl>
      <Point>
        <coordinates>136.682542,35.052085,0</coordinates>
      </Point>
    </Placemark>
    <Placemark>
      <name>MIE03-000258 - 桑名市 多度町香取 第8区画</name>
      <description><![CDATA[
        <div style="font-family:sans-serif;">
          <h3>area_id: MIE03-000258</h3>
          <p><b>自治体:</b> 桑名市</p>
          <p><b>住所:</b> 多度町香取 第8区画</p>
          <p><b>郵便番号:</b> 〒5100000</p>
          <p><b>選挙区:</b> MIE-03</p>
        </div>
      ]]></description>
      <styleUrl>#redPinStyle</styleUrl>
      <Point>
        <coordinates>136.68864,35.075401,0</coordinates>
      </Point>
    </Placemark>
    <Placemark>
      <name>MIE03-000259 - 桑名市 長島町駒江 第8区画</name>
      <description><![CDATA[
        <div style="font-family:sans-serif;">
          <h3>area_id: MIE03-000259</h3>
          <p><b>自治体:</b> 桑名市</p>
          <p><b>住所:</b> 長島町駒江 第8区画</p>
          <p><b>郵便番号:</b> 〒5100000</p>
          <p><b>選挙区:</b> MIE-03</p>
        </div>
      ]]></description>
      <styleUrl>#redPinStyle</styleUrl>
      <Point>
        <coordinates>136.663077,35.060321,0</coordinates>
      </Point>
    </Placemark>
    <Placemark>
      <name>MIE03-000260 - いなべ市 員弁町大泉 第8区画</name>
      <description><![CDATA[
        <div style="font-family:sans-serif;">
          <h3>area_id: MIE03-000260</h3>
          <p><b>自治体:</b> いなべ市</p>
          <p><b>住所:</b> 員弁町大泉 第8区画</p>
          <p><b>郵便番号:</b> 〒5100000</p>
          <p><b>選挙区:</b> MIE-03</p>
        </div>
      ]]></description>
      <styleUrl>#redPinStyle</styleUrl>
      <Point>
        <coordinates>136.532818,35.151104,0</coordinates>
      </Point>
    </Placemark>
    <Placemark>
      <name>MIE03-000261 - いなべ市 北勢町阿下喜 第8区画</name>
      <description><![CDATA[
        <div style="font-family:sans-serif;">
          <h3>area_id: MIE03-000261</h3>
          <p><b>自治体:</b> いなべ市</p>
          <p><b>住所:</b> 北勢町阿下喜 第8区画</p>
          <p><b>郵便番号:</b> 〒5100000</p>
          <p><b>選挙区:</b> MIE-03</p>
        </div>
      ]]></description>
      <styleUrl>#redPinStyle</styleUrl>
      <Point>
        <coordinates>136.509023,35.174375,0</coordinates>
      </Point>
    </Placemark>
    <Placemark>
      <name>MIE03-000262 - いなべ市 大安町丹生川 第8区画</name>
      <description><![CDATA[
        <div style="font-family:sans-serif;">
          <h3>area_id: MIE03-000262</h3>
          <p><b>自治体:</b> いなべ市</p>
          <p><b>住所:</b> 大安町丹生川 第8区画</p>
          <p><b>郵便番号:</b> 〒5100000</p>
          <p><b>選挙区:</b> MIE-03</p>
        </div>
      ]]></description>
      <styleUrl>#redPinStyle</styleUrl>
      <Point>
        <coordinates>136.507642,35.141585,0</coordinates>
      </Point>
    </Placemark>
    <Placemark>
      <name>MIE03-000263 - いなべ市 藤原町市場 第8区画</name>
      <description><![CDATA[
        <div style="font-family:sans-serif;">
          <h3>area_id: MIE03-000263</h3>
          <p><b>自治体:</b> いなべ市</p>
          <p><b>住所:</b> 藤原町市場 第8区画</p>
          <p><b>郵便番号:</b> 〒5100000</p>
          <p><b>選挙区:</b> MIE-03</p>
        </div>
      ]]></description>
      <styleUrl>#redPinStyle</styleUrl>
      <Point>
        <coordinates>136.537099,35.166599,0</coordinates>
      </Point>
    </Placemark>
    <Placemark>
      <name>MIE03-000264 - 桑名郡 木曽岬町加畑 第8区画</name>
      <description><![CDATA[
        <div style="font-family:sans-serif;">
          <h3>area_id: MIE03-000264</h3>
          <p><b>自治体:</b> 桑名郡</p>
          <p><b>住所:</b> 木曽岬町加畑 第8区画</p>
          <p><b>郵便番号:</b> 〒5100000</p>
          <p><b>選挙区:</b> MIE-03</p>
        </div>
      ]]></description>
      <styleUrl>#redPinStyle</styleUrl>
      <Point>
        <coordinates>136.576424,35.056195,0</coordinates>
      </Point>
    </Placemark>
    <Placemark>
      <name>MIE03-000265 - 桑名郡 木曽岬町源緑輪中 第8区画</name>
      <description><![CDATA[
        <div style="font-family:sans-serif;">
          <h3>area_id: MIE03-000265</h3>
          <p><b>自治体:</b> 桑名郡</p>
          <p><b>住所:</b> 木曽岬町源緑輪中 第8区画</p>
          <p><b>郵便番号:</b> 〒5100000</p>
          <p><b>選挙区:</b> MIE-03</p>
        </div>
      ]]></description>
      <styleUrl>#redPinStyle</styleUrl>
      <Point>
        <coordinates>136.61308,35.031121,0</coordinates>
      </Point>
    </Placemark>
    <Placemark>
      <name>MIE03-000266 - 員弁郡 東員町穴太 第8区画</name>
      <description><![CDATA[
        <div style="font-family:sans-serif;">
          <h3>area_id: MIE03-000266</h3>
          <p><b>自治体:</b> 員弁郡</p>
          <p><b>住所:</b> 東員町穴太 第8区画</p>
          <p><b>郵便番号:</b> 〒5100000</p>
          <p><b>選挙区:</b> MIE-03</p>
        </div>
      ]]></description>
      <styleUrl>#redPinStyle</styleUrl>
      <Point>
        <coordinates>136.605974,35.072455,0</coordinates>
      </Point>
    </Placemark>
    <Placemark>
      <name>MIE03-000267 - 員弁郡 東員町笹尾東1丁目 第8区画</name>
      <description><![CDATA[
        <div style="font-family:sans-serif;">
          <h3>area_id: MIE03-000267</h3>
          <p><b>自治体:</b> 員弁郡</p>
          <p><b>住所:</b> 東員町笹尾東1丁目 第8区画</p>
          <p><b>郵便番号:</b> 〒5100000</p>
          <p><b>選挙区:</b> MIE-03</p>
        </div>
      ]]></description>
      <styleUrl>#redPinStyle</styleUrl>
      <Point>
        <coordinates>136.576212,35.036119,0</coordinates>
      </Point>
    </Placemark>
    <Placemark>
      <name>MIE03-000268 - 員弁郡 東員町笹尾東2丁目 第8区画</name>
      <description><![CDATA[
        <div style="font-family:sans-serif;">
          <h3>area_id: MIE03-000268</h3>
          <p><b>自治体:</b> 員弁郡</p>
          <p><b>住所:</b> 東員町笹尾東2丁目 第8区画</p>
          <p><b>郵便番号:</b> 〒5100000</p>
          <p><b>選挙区:</b> MIE-03</p>
        </div>
      ]]></description>
      <styleUrl>#redPinStyle</styleUrl>
      <Point>
        <coordinates>136.630219,35.046685,0</coordinates>
      </Point>
    </Placemark>
    <Placemark>
      <name>MIE03-000269 - 員弁郡 東員町笹尾東3丁目 第8区画</name>
      <description><![CDATA[
        <div style="font-family:sans-serif;">
          <h3>area_id: MIE03-000269</h3>
          <p><b>自治体:</b> 員弁郡</p>
          <p><b>住所:</b> 東員町笹尾東3丁目 第8区画</p>
          <p><b>郵便番号:</b> 〒5100000</p>
          <p><b>選挙区:</b> MIE-03</p>
        </div>
      ]]></description>
      <styleUrl>#redPinStyle</styleUrl>
      <Point>
        <coordinates>136.579482,35.070377,0</coordinates>
      </Point>
    </Placemark>
    <Placemark>
      <name>MIE03-000270 - 三重郡 菰野町大字菰野 第8区画</name>
      <description><![CDATA[
        <div style="font-family:sans-serif;">
          <h3>area_id: MIE03-000270</h3>
          <p><b>自治体:</b> 三重郡</p>
          <p><b>住所:</b> 菰野町大字菰野 第8区画</p>
          <p><b>郵便番号:</b> 〒5100000</p>
          <p><b>選挙区:</b> MIE-03</p>
        </div>
      ]]></description>
      <styleUrl>#redPinStyle</styleUrl>
      <Point>
        <coordinates>136.598545,35.022226,0</coordinates>
      </Point>
    </Placemark>
    <Placemark>
      <name>MIE03-000271 - 三重郡 朝日町大字柿 第8区画</name>
      <description><![CDATA[
        <div style="font-family:sans-serif;">
          <h3>area_id: MIE03-000271</h3>
          <p><b>自治体:</b> 三重郡</p>
          <p><b>住所:</b> 朝日町大字柿 第8区画</p>
          <p><b>郵便番号:</b> 〒5100000</p>
          <p><b>選挙区:</b> MIE-03</p>
        </div>
      ]]></description>
      <styleUrl>#redPinStyle</styleUrl>
      <Point>
        <coordinates>136.624607,35.070506,0</coordinates>
      </Point>
    </Placemark>
    <Placemark>
      <name>MIE03-000272 - 三重郡 川越町大字豊田 第8区画</name>
      <description><![CDATA[
        <div style="font-family:sans-serif;">
          <h3>area_id: MIE03-000272</h3>
          <p><b>自治体:</b> 三重郡</p>
          <p><b>住所:</b> 川越町大字豊田 第8区画</p>
          <p><b>郵便番号:</b> 〒5100000</p>
          <p><b>選挙区:</b> MIE-03</p>
        </div>
      ]]></description>
      <styleUrl>#redPinStyle</styleUrl>
      <Point>
        <coordinates>136.563794,35.048683,0</coordinates>
      </Point>
    </Placemark>
    <Placemark>
      <name>MIE03-000273 - 四日市市（一部） 富田1丁目 第9区画</name>
      <description><![CDATA[
        <div style="font-family:sans-serif;">
          <h3>area_id: MIE03-000273</h3>
          <p><b>自治体:</b> 四日市市（一部）</p>
          <p><b>住所:</b> 富田1丁目 第9区画</p>
          <p><b>郵便番号:</b> 〒5100000</p>
          <p><b>選挙区:</b> MIE-03</p>
        </div>
      ]]></description>
      <styleUrl>#redPinStyle</styleUrl>
      <Point>
        <coordinates>136.668865,34.986716,0</coordinates>
      </Point>
    </Placemark>
    <Placemark>
      <name>MIE03-000274 - 四日市市（一部） 富田2丁目 第9区画</name>
      <description><![CDATA[
        <div style="font-family:sans-serif;">
          <h3>area_id: MIE03-000274</h3>
          <p><b>自治体:</b> 四日市市（一部）</p>
          <p><b>住所:</b> 富田2丁目 第9区画</p>
          <p><b>郵便番号:</b> 〒5100000</p>
          <p><b>選挙区:</b> MIE-03</p>
        </div>
      ]]></description>
      <styleUrl>#redPinStyle</styleUrl>
      <Point>
        <coordinates>136.634894,35.039221,0</coordinates>
      </Point>
    </Placemark>
    <Placemark>
      <name>MIE03-000275 - 四日市市（一部） 富田3丁目 第9区画</name>
      <description><![CDATA[
        <div style="font-family:sans-serif;">
          <h3>area_id: MIE03-000275</h3>
          <p><b>自治体:</b> 四日市市（一部）</p>
          <p><b>住所:</b> 富田3丁目 第9区画</p>
          <p><b>郵便番号:</b> 〒5100000</p>
          <p><b>選挙区:</b> MIE-03</p>
        </div>
      ]]></description>
      <styleUrl>#redPinStyle</styleUrl>
      <Point>
        <coordinates>136.616736,34.979213,0</coordinates>
      </Point>
    </Placemark>
    <Placemark>
      <name>MIE03-000276 - 四日市市（一部） 富州原町 第9区画</name>
      <description><![CDATA[
        <div style="font-family:sans-serif;">
          <h3>area_id: MIE03-000276</h3>
          <p><b>自治体:</b> 四日市市（一部）</p>
          <p><b>住所:</b> 富州原町 第9区画</p>
          <p><b>郵便番号:</b> 〒5100000</p>
          <p><b>選挙区:</b> MIE-03</p>
        </div>
      ]]></description>
      <styleUrl>#redPinStyle</styleUrl>
      <Point>
        <coordinates>136.645858,35.007982,0</coordinates>
      </Point>
    </Placemark>
    <Placemark>
      <name>MIE03-000277 - 四日市市（一部） 羽津1丁目 第9区画</name>
      <description><![CDATA[
        <div style="font-family:sans-serif;">
          <h3>area_id: MIE03-000277</h3>
          <p><b>自治体:</b> 四日市市（一部）</p>
          <p><b>住所:</b> 羽津1丁目 第9区画</p>
          <p><b>郵便番号:</b> 〒5100000</p>
          <p><b>選挙区:</b> MIE-03</p>
        </div>
      ]]></description>
      <styleUrl>#redPinStyle</styleUrl>
      <Point>
        <coordinates>136.633557,35.01,0</coordinates>
      </Point>
    </Placemark>
    <Placemark>
      <name>MIE03-000278 - 四日市市（一部） 羽津2丁目 第9区画</name>
      <description><![CDATA[
        <div style="font-family:sans-serif;">
          <h3>area_id: MIE03-000278</h3>
          <p><b>自治体:</b> 四日市市（一部）</p>
          <p><b>住所:</b> 羽津2丁目 第9区画</p>
          <p><b>郵便番号:</b> 〒5100000</p>
          <p><b>選挙区:</b> MIE-03</p>
        </div>
      ]]></description>
      <styleUrl>#redPinStyle</styleUrl>
      <Point>
        <coordinates>136.64267,34.999842,0</coordinates>
      </Point>
    </Placemark>
    <Placemark>
      <name>MIE03-000279 - 桑名市 江場1丁目 第9区画</name>
      <description><![CDATA[
        <div style="font-family:sans-serif;">
          <h3>area_id: MIE03-000279</h3>
          <p><b>自治体:</b> 桑名市</p>
          <p><b>住所:</b> 江場1丁目 第9区画</p>
          <p><b>郵便番号:</b> 〒5100000</p>
          <p><b>選挙区:</b> MIE-03</p>
        </div>
      ]]></description>
      <styleUrl>#redPinStyle</styleUrl>
      <Point>
        <coordinates>136.684361,35.071894,0</coordinates>
      </Point>
    </Placemark>
    <Placemark>
      <name>MIE03-000280 - 桑名市 江場2丁目 第9区画</name>
      <description><![CDATA[
        <div style="font-family:sans-serif;">
          <h3>area_id: MIE03-000280</h3>
          <p><b>自治体:</b> 桑名市</p>
          <p><b>住所:</b> 江場2丁目 第9区画</p>
          <p><b>郵便番号:</b> 〒5100000</p>
          <p><b>選挙区:</b> MIE-03</p>
        </div>
      ]]></description>
      <styleUrl>#redPinStyle</styleUrl>
      <Point>
        <coordinates>136.669135,35.06035,0</coordinates>
      </Point>
    </Placemark>
    <Placemark>
      <name>MIE03-000281 - 桑名市 江場3丁目 第9区画</name>
      <description><![CDATA[
        <div style="font-family:sans-serif;">
          <h3>area_id: MIE03-000281</h3>
          <p><b>自治体:</b> 桑名市</p>
          <p><b>住所:</b> 江場3丁目 第9区画</p>
          <p><b>郵便番号:</b> 〒5100000</p>
          <p><b>選挙区:</b> MIE-03</p>
        </div>
      ]]></description>
      <styleUrl>#redPinStyle</styleUrl>
      <Point>
        <coordinates>136.692404,35.060338,0</coordinates>
      </Point>
    </Placemark>
    <Placemark>
      <name>MIE03-000282 - 桑名市 吉之丸 第9区画</name>
      <description><![CDATA[
        <div style="font-family:sans-serif;">
          <h3>area_id: MIE03-000282</h3>
          <p><b>自治体:</b> 桑名市</p>
          <p><b>住所:</b> 吉之丸 第9区画</p>
          <p><b>郵便番号:</b> 〒5100000</p>
          <p><b>選挙区:</b> MIE-03</p>
        </div>
      ]]></description>
      <styleUrl>#redPinStyle</styleUrl>
      <Point>
        <coordinates>136.67324,35.074922,0</coordinates>
      </Point>
    </Placemark>
    <Placemark>
      <name>MIE03-000283 - 桑名市 大山田1丁目 第9区画</name>
      <description><![CDATA[
        <div style="font-family:sans-serif;">
          <h3>area_id: MIE03-000283</h3>
          <p><b>自治体:</b> 桑名市</p>
          <p><b>住所:</b> 大山田1丁目 第9区画</p>
          <p><b>郵便番号:</b> 〒5100000</p>
          <p><b>選挙区:</b> MIE-03</p>
        </div>
      ]]></description>
      <styleUrl>#redPinStyle</styleUrl>
      <Point>
        <coordinates>136.675838,35.051157,0</coordinates>
      </Point>
    </Placemark>
    <Placemark>
      <name>MIE03-000284 - 桑名市 大山田2丁目 第9区画</name>
      <description><![CDATA[
        <div style="font-family:sans-serif;">
          <h3>area_id: MIE03-000284</h3>
          <p><b>自治体:</b> 桑名市</p>
          <p><b>住所:</b> 大山田2丁目 第9区画</p>
          <p><b>郵便番号:</b> 〒5100000</p>
          <p><b>選挙区:</b> MIE-03</p>
        </div>
      ]]></description>
      <styleUrl>#redPinStyle</styleUrl>
      <Point>
        <coordinates>136.694776,35.071945,0</coordinates>
      </Point>
    </Placemark>
    <Placemark>
      <name>MIE03-000285 - 桑名市 大山田3丁目 第9区画</name>
      <description><![CDATA[
        <div style="font-family:sans-serif;">
          <h3>area_id: MIE03-000285</h3>
          <p><b>自治体:</b> 桑名市</p>
          <p><b>住所:</b> 大山田3丁目 第9区画</p>
          <p><b>郵便番号:</b> 〒5100000</p>
          <p><b>選挙区:</b> MIE-03</p>
        </div>
      ]]></description>
      <styleUrl>#redPinStyle</styleUrl>
      <Point>
        <coordinates>136.661328,35.066844,0</coordinates>
      </Point>
    </Placemark>
    <Placemark>
      <name>MIE03-000286 - 桑名市 大山田4丁目 第9区画</name>
      <description><![CDATA[
        <div style="font-family:sans-serif;">
          <h3>area_id: MIE03-000286</h3>
          <p><b>自治体:</b> 桑名市</p>
          <p><b>住所:</b> 大山田4丁目 第9区画</p>
          <p><b>郵便番号:</b> 〒5100000</p>
          <p><b>選挙区:</b> MIE-03</p>
        </div>
      ]]></description>
      <styleUrl>#redPinStyle</styleUrl>
      <Point>
        <coordinates>136.692419,35.050613,0</coordinates>
      </Point>
    </Placemark>
    <Placemark>
      <name>MIE03-000287 - 桑名市 大山田5丁目 第9区画</name>
      <description><![CDATA[
        <div style="font-family:sans-serif;">
          <h3>area_id: MIE03-000287</h3>
          <p><b>自治体:</b> 桑名市</p>
          <p><b>住所:</b> 大山田5丁目 第9区画</p>
          <p><b>郵便番号:</b> 〒5100000</p>
          <p><b>選挙区:</b> MIE-03</p>
        </div>
      ]]></description>
      <styleUrl>#redPinStyle</styleUrl>
      <Point>
        <coordinates>136.681903,35.082231,0</coordinates>
      </Point>
    </Placemark>
    <Placemark>
      <name>MIE03-000288 - 桑名市 大山田6丁目 第9区画</name>
      <description><![CDATA[
        <div style="font-family:sans-serif;">
          <h3>area_id: MIE03-000288</h3>
          <p><b>自治体:</b> 桑名市</p>
          <p><b>住所:</b> 大山田6丁目 第9区画</p>
          <p><b>郵便番号:</b> 〒5100000</p>
          <p><b>選挙区:</b> MIE-03</p>
        </div>
      ]]></description>
      <styleUrl>#redPinStyle</styleUrl>
      <Point>
        <coordinates>136.662836,35.050994,0</coordinates>
      </Point>
    </Placemark>
    <Placemark>
      <name>MIE03-000289 - 桑名市 大山田7丁目 第9区画</name>
      <description><![CDATA[
        <div style="font-family:sans-serif;">
          <h3>area_id: MIE03-000289</h3>
          <p><b>自治体:</b> 桑名市</p>
          <p><b>住所:</b> 大山田7丁目 第9区画</p>
          <p><b>郵便番号:</b> 〒5100000</p>
          <p><b>選挙区:</b> MIE-03</p>
        </div>
      ]]></description>
      <styleUrl>#redPinStyle</styleUrl>
      <Point>
        <coordinates>136.70472,35.0641,0</coordinates>
      </Point>
    </Placemark>
    <Placemark>
      <name>MIE03-000290 - 桑名市 大山田8丁目 第9区画</name>
      <description><![CDATA[
        <div style="font-family:sans-serif;">
          <h3>area_id: MIE03-000290</h3>
          <p><b>自治体:</b> 桑名市</p>
          <p><b>住所:</b> 大山田8丁目 第9区画</p>
          <p><b>郵便番号:</b> 〒5100000</p>
          <p><b>選挙区:</b> MIE-03</p>
        </div>
      ]]></description>
      <styleUrl>#redPinStyle</styleUrl>
      <Point>
        <coordinates>136.660713,35.078828,0</coordinates>
      </Point>
    </Placemark>
    <Placemark>
      <name>MIE03-000291 - 桑名市 播磨 第9区画</name>
      <description><![CDATA[
        <div style="font-family:sans-serif;">
          <h3>area_id: MIE03-000291</h3>
          <p><b>自治体:</b> 桑名市</p>
          <p><b>住所:</b> 播磨 第9区画</p>
          <p><b>郵便番号:</b> 〒5100000</p>
          <p><b>選挙区:</b> MIE-03</p>
        </div>
      ]]></description>
      <styleUrl>#redPinStyle</styleUrl>
      <Point>
        <coordinates>136.682405,35.041188,0</coordinates>
      </Point>
    </Placemark>
    <Placemark>
      <name>MIE03-000292 - 桑名市 多度町香取 第9区画</name>
      <description><![CDATA[
        <div style="font-family:sans-serif;">
          <h3>area_id: MIE03-000292</h3>
          <p><b>自治体:</b> 桑名市</p>
          <p><b>住所:</b> 多度町香取 第9区画</p>
          <p><b>郵便番号:</b> 〒5100000</p>
          <p><b>選挙区:</b> MIE-03</p>
        </div>
      ]]></description>
      <styleUrl>#redPinStyle</styleUrl>
      <Point>
        <coordinates>136.697678,35.083299,0</coordinates>
      </Point>
    </Placemark>
    <Placemark>
      <name>MIE03-000293 - 桑名市 長島町駒江 第9区画</name>
      <description><![CDATA[
        <div style="font-family:sans-serif;">
          <h3>area_id: MIE03-000293</h3>
          <p><b>自治体:</b> 桑名市</p>
          <p><b>住所:</b> 長島町駒江 第9区画</p>
          <p><b>郵便番号:</b> 〒5100000</p>
          <p><b>選挙区:</b> MIE-03</p>
        </div>
      ]]></description>
      <styleUrl>#redPinStyle</styleUrl>
      <Point>
        <coordinates>136.649983,35.059689,0</coordinates>
      </Point>
    </Placemark>
    <Placemark>
      <name>MIE03-000294 - いなべ市 員弁町大泉 第9区画</name>
      <description><![CDATA[
        <div style="font-family:sans-serif;">
          <h3>area_id: MIE03-000294</h3>
          <p><b>自治体:</b> いなべ市</p>
          <p><b>住所:</b> 員弁町大泉 第9区画</p>
          <p><b>郵便番号:</b> 〒5100000</p>
          <p><b>選挙区:</b> MIE-03</p>
        </div>
      ]]></description>
      <styleUrl>#redPinStyle</styleUrl>
      <Point>
        <coordinates>136.542921,35.144108,0</coordinates>
      </Point>
    </Placemark>
    <Placemark>
      <name>MIE03-000295 - いなべ市 北勢町阿下喜 第9区画</name>
      <description><![CDATA[
        <div style="font-family:sans-serif;">
          <h3>area_id: MIE03-000295</h3>
          <p><b>自治体:</b> いなべ市</p>
          <p><b>住所:</b> 北勢町阿下喜 第9区画</p>
          <p><b>郵便番号:</b> 〒5100000</p>
          <p><b>選挙区:</b> MIE-03</p>
        </div>
      ]]></description>
      <styleUrl>#redPinStyle</styleUrl>
      <Point>
        <coordinates>136.507366,35.185253,0</coordinates>
      </Point>
    </Placemark>
    <Placemark>
      <name>MIE03-000296 - いなべ市 大安町丹生川 第9区画</name>
      <description><![CDATA[
        <div style="font-family:sans-serif;">
          <h3>area_id: MIE03-000296</h3>
          <p><b>自治体:</b> いなべ市</p>
          <p><b>住所:</b> 大安町丹生川 第9区画</p>
          <p><b>郵便番号:</b> 〒5100000</p>
          <p><b>選挙区:</b> MIE-03</p>
        </div>
      ]]></description>
      <styleUrl>#redPinStyle</styleUrl>
      <Point>
        <coordinates>136.499931,35.132677,0</coordinates>
      </Point>
    </Placemark>
    <Placemark>
      <name>MIE03-000297 - いなべ市 藤原町市場 第9区画</name>
      <description><![CDATA[
        <div style="font-family:sans-serif;">
          <h3>area_id: MIE03-000297</h3>
          <p><b>自治体:</b> いなべ市</p>
          <p><b>住所:</b> 藤原町市場 第9区画</p>
          <p><b>郵便番号:</b> 〒5100000</p>
          <p><b>選挙区:</b> MIE-03</p>
        </div>
      ]]></description>
      <styleUrl>#redPinStyle</styleUrl>
      <Point>
        <coordinates>136.550054,35.168729,0</coordinates>
      </Point>
    </Placemark>
    <Placemark>
      <name>MIE03-000298 - 桑名郡 木曽岬町加畑 第9区画</name>
      <description><![CDATA[
        <div style="font-family:sans-serif;">
          <h3>area_id: MIE03-000298</h3>
          <p><b>自治体:</b> 桑名郡</p>
          <p><b>住所:</b> 木曽岬町加畑 第9区画</p>
          <p><b>郵便番号:</b> 〒5100000</p>
          <p><b>選挙区:</b> MIE-03</p>
        </div>
      ]]></description>
      <styleUrl>#redPinStyle</styleUrl>
      <Point>
        <coordinates>136.565188,35.062016,0</coordinates>
      </Point>
    </Placemark>
    <Placemark>
      <name>MIE03-000299 - 桑名郡 木曽岬町源緑輪中 第9区画</name>
      <description><![CDATA[
        <div style="font-family:sans-serif;">
          <h3>area_id: MIE03-000299</h3>
          <p><b>自治体:</b> 桑名郡</p>
          <p><b>住所:</b> 木曽岬町源緑輪中 第9区画</p>
          <p><b>郵便番号:</b> 〒5100000</p>
          <p><b>選挙区:</b> MIE-03</p>
        </div>
      ]]></description>
      <styleUrl>#redPinStyle</styleUrl>
      <Point>
        <coordinates>136.616533,35.020454,0</coordinates>
      </Point>
    </Placemark>
    <Placemark>
      <name>MIE03-000300 - 員弁郡 東員町穴太 第9区画</name>
      <description><![CDATA[
        <div style="font-family:sans-serif;">
          <h3>area_id: MIE03-000300</h3>
          <p><b>自治体:</b> 員弁郡</p>
          <p><b>住所:</b> 東員町穴太 第9区画</p>
          <p><b>郵便番号:</b> 〒5100000</p>
          <p><b>選挙区:</b> MIE-03</p>
        </div>
      ]]></description>
      <styleUrl>#redPinStyle</styleUrl>
      <Point>
        <coordinates>136.612197,35.082236,0</coordinates>
      </Point>
    </Placemark>
    <Placemark>
      <name>MIE03-000301 - 員弁郡 東員町笹尾東1丁目 第9区画</name>
      <description><![CDATA[
        <div style="font-family:sans-serif;">
          <h3>area_id: MIE03-000301</h3>
          <p><b>自治体:</b> 員弁郡</p>
          <p><b>住所:</b> 東員町笹尾東1丁目 第9区画</p>
          <p><b>郵便番号:</b> 〒5100000</p>
          <p><b>選挙区:</b> MIE-03</p>
        </div>
      ]]></description>
      <styleUrl>#redPinStyle</styleUrl>
      <Point>
        <coordinates>136.594804,35.0475,0</coordinates>
      </Point>
    </Placemark>
    <Placemark>
      <name>MIE03-000302 - 員弁郡 東員町笹尾東2丁目 第9区画</name>
      <description><![CDATA[
        <div style="font-family:sans-serif;">
          <h3>area_id: MIE03-000302</h3>
          <p><b>自治体:</b> 員弁郡</p>
          <p><b>住所:</b> 東員町笹尾東2丁目 第9区画</p>
          <p><b>郵便番号:</b> 〒5100000</p>
          <p><b>選挙区:</b> MIE-03</p>
        </div>
      ]]></description>
      <styleUrl>#redPinStyle</styleUrl>
      <Point>
        <coordinates>136.607264,35.048658,0</coordinates>
      </Point>
    </Placemark>
    <Placemark>
      <name>MIE03-000303 - 員弁郡 東員町笹尾東3丁目 第9区画</name>
      <description><![CDATA[
        <div style="font-family:sans-serif;">
          <h3>area_id: MIE03-000303</h3>
          <p><b>自治体:</b> 員弁郡</p>
          <p><b>住所:</b> 東員町笹尾東3丁目 第9区画</p>
          <p><b>郵便番号:</b> 〒5100000</p>
          <p><b>選挙区:</b> MIE-03</p>
        </div>
      ]]></description>
      <styleUrl>#redPinStyle</styleUrl>
      <Point>
        <coordinates>136.594907,35.056062,0</coordinates>
      </Point>
    </Placemark>
    <Placemark>
      <name>MIE03-000304 - 三重郡 菰野町大字菰野 第9区画</name>
      <description><![CDATA[
        <div style="font-family:sans-serif;">
          <h3>area_id: MIE03-000304</h3>
          <p><b>自治体:</b> 三重郡</p>
          <p><b>住所:</b> 菰野町大字菰野 第9区画</p>
          <p><b>郵便番号:</b> 〒5100000</p>
          <p><b>選挙区:</b> MIE-03</p>
        </div>
      ]]></description>
      <styleUrl>#redPinStyle</styleUrl>
      <Point>
        <coordinates>136.598653,35.041474,0</coordinates>
      </Point>
    </Placemark>
    <Placemark>
      <name>MIE03-000305 - 三重郡 朝日町大字柿 第9区画</name>
      <description><![CDATA[
        <div style="font-family:sans-serif;">
          <h3>area_id: MIE03-000305</h3>
          <p><b>自治体:</b> 三重郡</p>
          <p><b>住所:</b> 朝日町大字柿 第9区画</p>
          <p><b>郵便番号:</b> 〒5100000</p>
          <p><b>選挙区:</b> MIE-03</p>
        </div>
      ]]></description>
      <styleUrl>#redPinStyle</styleUrl>
      <Point>
        <coordinates>136.609009,35.056299,0</coordinates>
      </Point>
    </Placemark>
    <Placemark>
      <name>MIE03-000306 - 三重郡 川越町大字豊田 第9区画</name>
      <description><![CDATA[
        <div style="font-family:sans-serif;">
          <h3>area_id: MIE03-000306</h3>
          <p><b>自治体:</b> 三重郡</p>
          <p><b>住所:</b> 川越町大字豊田 第9区画</p>
          <p><b>郵便番号:</b> 〒5100000</p>
          <p><b>選挙区:</b> MIE-03</p>
        </div>
      ]]></description>
      <styleUrl>#redPinStyle</styleUrl>
      <Point>
        <coordinates>136.586813,35.05048,0</coordinates>
      </Point>
    </Placemark>
    <Placemark>
      <name>MIE03-000307 - 四日市市（一部） 富田1丁目 第10区画</name>
      <description><![CDATA[
        <div style="font-family:sans-serif;">
          <h3>area_id: MIE03-000307</h3>
          <p><b>自治体:</b> 四日市市（一部）</p>
          <p><b>住所:</b> 富田1丁目 第10区画</p>
          <p><b>郵便番号:</b> 〒5100000</p>
          <p><b>選挙区:</b> MIE-03</p>
        </div>
      ]]></description>
      <styleUrl>#redPinStyle</styleUrl>
      <Point>
        <coordinates>136.650352,34.998273,0</coordinates>
      </Point>
    </Placemark>
    <Placemark>
      <name>MIE03-000308 - 四日市市（一部） 富田2丁目 第10区画</name>
      <description><![CDATA[
        <div style="font-family:sans-serif;">
          <h3>area_id: MIE03-000308</h3>
          <p><b>自治体:</b> 四日市市（一部）</p>
          <p><b>住所:</b> 富田2丁目 第10区画</p>
          <p><b>郵便番号:</b> 〒5100000</p>
          <p><b>選挙区:</b> MIE-03</p>
        </div>
      ]]></description>
      <styleUrl>#redPinStyle</styleUrl>
      <Point>
        <coordinates>136.639299,35.020287,0</coordinates>
      </Point>
    </Placemark>
    <Placemark>
      <name>MIE03-000309 - 四日市市（一部） 富田3丁目 第10区画</name>
      <description><![CDATA[
        <div style="font-family:sans-serif;">
          <h3>area_id: MIE03-000309</h3>
          <p><b>自治体:</b> 四日市市（一部）</p>
          <p><b>住所:</b> 富田3丁目 第10区画</p>
          <p><b>郵便番号:</b> 〒5100000</p>
          <p><b>選挙区:</b> MIE-03</p>
        </div>
      ]]></description>
      <styleUrl>#redPinStyle</styleUrl>
      <Point>
        <coordinates>136.628738,34.995716,0</coordinates>
      </Point>
    </Placemark>
    <Placemark>
      <name>MIE03-000310 - 四日市市（一部） 富州原町 第10区画</name>
      <description><![CDATA[
        <div style="font-family:sans-serif;">
          <h3>area_id: MIE03-000310</h3>
          <p><b>自治体:</b> 四日市市（一部）</p>
          <p><b>住所:</b> 富州原町 第10区画</p>
          <p><b>郵便番号:</b> 〒5100000</p>
          <p><b>選挙区:</b> MIE-03</p>
        </div>
      ]]></description>
      <styleUrl>#redPinStyle</styleUrl>
      <Point>
        <coordinates>136.658798,35.008962,0</coordinates>
      </Point>
    </Placemark>
    <Placemark>
      <name>MIE03-000311 - 四日市市（一部） 羽津1丁目 第10区画</name>
      <description><![CDATA[
        <div style="font-family:sans-serif;">
          <h3>area_id: MIE03-000311</h3>
          <p><b>自治体:</b> 四日市市（一部）</p>
          <p><b>住所:</b> 羽津1丁目 第10区画</p>
          <p><b>郵便番号:</b> 〒5100000</p>
          <p><b>選挙区:</b> MIE-03</p>
        </div>
      ]]></description>
      <styleUrl>#redPinStyle</styleUrl>
      <Point>
        <coordinates>136.623289,35.016651,0</coordinates>
      </Point>
    </Placemark>
    <Placemark>
      <name>MIE03-000312 - 四日市市（一部） 羽津2丁目 第10区画</name>
      <description><![CDATA[
        <div style="font-family:sans-serif;">
          <h3>area_id: MIE03-000312</h3>
          <p><b>自治体:</b> 四日市市（一部）</p>
          <p><b>住所:</b> 羽津2丁目 第10区画</p>
          <p><b>郵便番号:</b> 〒5100000</p>
          <p><b>選挙区:</b> MIE-03</p>
        </div>
      ]]></description>
      <styleUrl>#redPinStyle</styleUrl>
      <Point>
        <coordinates>136.644727,34.989131,0</coordinates>
      </Point>
    </Placemark>
    <Placemark>
      <name>MIE03-000313 - 桑名市 江場1丁目 第10区画</name>
      <description><![CDATA[
        <div style="font-family:sans-serif;">
          <h3>area_id: MIE03-000313</h3>
          <p><b>自治体:</b> 桑名市</p>
          <p><b>住所:</b> 江場1丁目 第10区画</p>
          <p><b>郵便番号:</b> 〒5100000</p>
          <p><b>選挙区:</b> MIE-03</p>
        </div>
      ]]></description>
      <styleUrl>#redPinStyle</styleUrl>
      <Point>
        <coordinates>136.69164,35.080901,0</coordinates>
      </Point>
    </Placemark>
    <Placemark>
      <name>MIE03-000314 - 桑名市 江場2丁目 第10区画</name>
      <description><![CDATA[
        <div style="font-family:sans-serif;">
          <h3>area_id: MIE03-000314</h3>
          <p><b>自治体:</b> 桑名市</p>
          <p><b>住所:</b> 江場2丁目 第10区画</p>
          <p><b>郵便番号:</b> 〒5100000</p>
          <p><b>選挙区:</b> MIE-03</p>
        </div>
      ]]></description>
      <styleUrl>#redPinStyle</styleUrl>
      <Point>
        <coordinates>136.656424,35.057905,0</coordinates>
      </Point>
    </Placemark>
    <Placemark>
      <name>MIE03-000315 - 桑名市 江場3丁目 第10区画</name>
      <description><![CDATA[
        <div style="font-family:sans-serif;">
          <h3>area_id: MIE03-000315</h3>
          <p><b>自治体:</b> 桑名市</p>
          <p><b>住所:</b> 江場3丁目 第10区画</p>
          <p><b>郵便番号:</b> 〒5100000</p>
          <p><b>選挙区:</b> MIE-03</p>
        </div>
      ]]></description>
      <styleUrl>#redPinStyle</styleUrl>
      <Point>
        <coordinates>136.703709,35.054887,0</coordinates>
      </Point>
    </Placemark>
    <Placemark>
      <name>MIE03-000316 - 桑名市 吉之丸 第10区画</name>
      <description><![CDATA[
        <div style="font-family:sans-serif;">
          <h3>area_id: MIE03-000316</h3>
          <p><b>自治体:</b> 桑名市</p>
          <p><b>住所:</b> 吉之丸 第10区画</p>
          <p><b>郵便番号:</b> 〒5100000</p>
          <p><b>選挙区:</b> MIE-03</p>
        </div>
      ]]></description>
      <styleUrl>#redPinStyle</styleUrl>
      <Point>
        <coordinates>136.669438,35.085349,0</coordinates>
      </Point>
    </Placemark>
    <Placemark>
      <name>MIE03-000317 - 桑名市 大山田1丁目 第10区画</name>
      <description><![CDATA[
        <div style="font-family:sans-serif;">
          <h3>area_id: MIE03-000317</h3>
          <p><b>自治体:</b> 桑名市</p>
          <p><b>住所:</b> 大山田1丁目 第10区画</p>
          <p><b>郵便番号:</b> 〒5100000</p>
          <p><b>選挙区:</b> MIE-03</p>
        </div>
      ]]></description>
      <styleUrl>#redPinStyle</styleUrl>
      <Point>
        <coordinates>136.670068,35.041359,0</coordinates>
      </Point>
    </Placemark>
    <Placemark>
      <name>MIE03-000318 - 桑名市 大山田2丁目 第10区画</name>
      <description><![CDATA[
        <div style="font-family:sans-serif;">
          <h3>area_id: MIE03-000318</h3>
          <p><b>自治体:</b> 桑名市</p>
          <p><b>住所:</b> 大山田2丁目 第10区画</p>
          <p><b>郵便番号:</b> 〒5100000</p>
          <p><b>選挙区:</b> MIE-03</p>
        </div>
      ]]></description>
      <styleUrl>#redPinStyle</styleUrl>
      <Point>
        <coordinates>136.707036,35.075828,0</coordinates>
      </Point>
    </Placemark>
    <Placemark>
      <name>MIE03-000319 - 桑名市 大山田3丁目 第10区画</name>
      <description><![CDATA[
        <div style="font-family:sans-serif;">
          <h3>area_id: MIE03-000319</h3>
          <p><b>自治体:</b> 桑名市</p>
          <p><b>住所:</b> 大山田3丁目 第10区画</p>
          <p><b>郵便番号:</b> 〒5100000</p>
          <p><b>選挙区:</b> MIE-03</p>
        </div>
      ]]></description>
      <styleUrl>#redPinStyle</styleUrl>
      <Point>
        <coordinates>136.649168,35.070985,0</coordinates>
      </Point>
    </Placemark>
    <Placemark>
      <name>MIE03-000320 - 桑名市 大山田4丁目 第10区画</name>
      <description><![CDATA[
        <div style="font-family:sans-serif;">
          <h3>area_id: MIE03-000320</h3>
          <p><b>自治体:</b> 桑名市</p>
          <p><b>住所:</b> 大山田4丁目 第10区画</p>
          <p><b>郵便番号:</b> 〒5100000</p>
          <p><b>選挙区:</b> MIE-03</p>
        </div>
      ]]></description>
      <styleUrl>#redPinStyle</styleUrl>
      <Point>
        <coordinates>136.697924,35.040654,0</coordinates>
      </Point>
    </Placemark>
    <Placemark>
      <name>MIE03-000321 - 桑名市 大山田5丁目 第10区画</name>
      <description><![CDATA[
        <div style="font-family:sans-serif;">
          <h3>area_id: MIE03-000321</h3>
          <p><b>自治体:</b> 桑名市</p>
          <p><b>住所:</b> 大山田5丁目 第10区画</p>
          <p><b>郵便番号:</b> 〒5100000</p>
          <p><b>選挙区:</b> MIE-03</p>
        </div>
      ]]></description>
      <styleUrl>#redPinStyle</styleUrl>
      <Point>
        <coordinates>136.686043,35.092659,0</coordinates>
      </Point>
    </Placemark>
    <Placemark>
      <name>MIE03-000322 - 桑名市 大山田6丁目 第10区画</name>
      <description><![CDATA[
        <div style="font-family:sans-serif;">
          <h3>area_id: MIE03-000322</h3>
          <p><b>自治体:</b> 桑名市</p>
          <p><b>住所:</b> 大山田6丁目 第10区画</p>
          <p><b>郵便番号:</b> 〒5100000</p>
          <p><b>選挙区:</b> MIE-03</p>
        </div>
      ]]></description>
      <styleUrl>#redPinStyle</styleUrl>
      <Point>
        <coordinates>136.651249,35.045715,0</coordinates>
      </Point>
    </Placemark>
    <Placemark>
      <name>MIE03-000323 - 桑名市 大山田7丁目 第10区画</name>
      <description><![CDATA[
        <div style="font-family:sans-serif;">
          <h3>area_id: MIE03-000323</h3>
          <p><b>自治体:</b> 桑名市</p>
          <p><b>住所:</b> 大山田7丁目 第10区画</p>
          <p><b>郵便番号:</b> 〒5100000</p>
          <p><b>選挙区:</b> MIE-03</p>
        </div>
      ]]></description>
      <styleUrl>#redPinStyle</styleUrl>
      <Point>
        <coordinates>136.717537,35.061363,0</coordinates>
      </Point>
    </Placemark>
    <Placemark>
      <name>MIE03-000324 - 桑名市 大山田8丁目 第10区画</name>
      <description><![CDATA[
        <div style="font-family:sans-serif;">
          <h3>area_id: MIE03-000324</h3>
          <p><b>自治体:</b> 桑名市</p>
          <p><b>住所:</b> 大山田8丁目 第10区画</p>
          <p><b>郵便番号:</b> 〒5100000</p>
          <p><b>選挙区:</b> MIE-03</p>
        </div>
      ]]></description>
      <styleUrl>#redPinStyle</styleUrl>
      <Point>
        <coordinates>136.653571,35.088135,0</coordinates>
      </Point>
    </Placemark>
    <Placemark>
      <name>MIE03-000325 - 桑名市 播磨 第10区画</name>
      <description><![CDATA[
        <div style="font-family:sans-serif;">
          <h3>area_id: MIE03-000325</h3>
          <p><b>自治体:</b> 桑名市</p>
          <p><b>住所:</b> 播磨 第10区画</p>
          <p><b>郵便番号:</b> 〒5100000</p>
          <p><b>選挙区:</b> MIE-03</p>
        </div>
      ]]></description>
      <styleUrl>#redPinStyle</styleUrl>
      <Point>
        <coordinates>136.68,35.0303,0</coordinates>
      </Point>
    </Placemark>
    <Placemark>
      <name>MIE03-000326 - 桑名市 多度町香取 第10区画</name>
      <description><![CDATA[
        <div style="font-family:sans-serif;">
          <h3>area_id: MIE03-000326</h3>
          <p><b>自治体:</b> 桑名市</p>
          <p><b>住所:</b> 多度町香取 第10区画</p>
          <p><b>郵便番号:</b> 〒5100000</p>
          <p><b>選挙区:</b> MIE-03</p>
        </div>
      ]]></description>
      <styleUrl>#redPinStyle</styleUrl>
      <Point>
        <coordinates>136.684054,35.067786,0</coordinates>
      </Point>
    </Placemark>
    <Placemark>
      <name>MIE03-000327 - 桑名市 長島町駒江 第10区画</name>
      <description><![CDATA[
        <div style="font-family:sans-serif;">
          <h3>area_id: MIE03-000327</h3>
          <p><b>自治体:</b> 桑名市</p>
          <p><b>住所:</b> 長島町駒江 第10区画</p>
          <p><b>郵便番号:</b> 〒5100000</p>
          <p><b>選挙区:</b> MIE-03</p>
        </div>
      ]]></description>
      <styleUrl>#redPinStyle</styleUrl>
      <Point>
        <coordinates>136.672588,35.06356,0</coordinates>
      </Point>
    </Placemark>
    <Placemark>
      <name>MIE03-000328 - いなべ市 員弁町大泉 第10区画</name>
      <description><![CDATA[
        <div style="font-family:sans-serif;">
          <h3>area_id: MIE03-000328</h3>
          <p><b>自治体:</b> いなべ市</p>
          <p><b>住所:</b> 員弁町大泉 第10区画</p>
          <p><b>郵便番号:</b> 〒5100000</p>
          <p><b>選挙区:</b> MIE-03</p>
        </div>
      ]]></description>
      <styleUrl>#redPinStyle</styleUrl>
      <Point>
        <coordinates>136.523045,35.153895,0</coordinates>
      </Point>
    </Placemark>
    <Placemark>
      <name>MIE03-000329 - いなべ市 北勢町阿下喜 第10区画</name>
      <description><![CDATA[
        <div style="font-family:sans-serif;">
          <h3>area_id: MIE03-000329</h3>
          <p><b>自治体:</b> いなべ市</p>
          <p><b>住所:</b> 北勢町阿下喜 第10区画</p>
          <p><b>郵便番号:</b> 〒5100000</p>
          <p><b>選挙区:</b> MIE-03</p>
        </div>
      ]]></description>
      <styleUrl>#redPinStyle</styleUrl>
      <Point>
        <coordinates>136.514208,35.166869,0</coordinates>
      </Point>
    </Placemark>
    <Placemark>
      <name>MIE03-000330 - いなべ市 大安町丹生川 第10区画</name>
      <description><![CDATA[
        <div style="font-family:sans-serif;">
          <h3>area_id: MIE03-000330</h3>
          <p><b>自治体:</b> いなべ市</p>
          <p><b>住所:</b> 大安町丹生川 第10区画</p>
          <p><b>郵便番号:</b> 〒5100000</p>
          <p><b>選挙区:</b> MIE-03</p>
        </div>
      ]]></description>
      <styleUrl>#redPinStyle</styleUrl>
      <Point>
        <coordinates>136.509681,35.150135,0</coordinates>
      </Point>
    </Placemark>
    <Placemark>
      <name>MIE03-000331 - いなべ市 藤原町市場 第10区画</name>
      <description><![CDATA[
        <div style="font-family:sans-serif;">
          <h3>area_id: MIE03-000331</h3>
          <p><b>自治体:</b> いなべ市</p>
          <p><b>住所:</b> 藤原町市場 第10区画</p>
          <p><b>郵便番号:</b> 〒5100000</p>
          <p><b>選挙区:</b> MIE-03</p>
        </div>
      ]]></description>
      <styleUrl>#redPinStyle</styleUrl>
      <Point>
        <coordinates>136.52875,35.161247,0</coordinates>
      </Point>
    </Placemark>
    <Placemark>
      <name>MIE03-000332 - 桑名郡 木曽岬町加畑 第10区画</name>
      <description><![CDATA[
        <div style="font-family:sans-serif;">
          <h3>area_id: MIE03-000332</h3>
          <p><b>自治体:</b> 桑名郡</p>
          <p><b>住所:</b> 木曽岬町加畑 第10区画</p>
          <p><b>郵便番号:</b> 〒5100000</p>
          <p><b>選挙区:</b> MIE-03</p>
        </div>
      ]]></description>
      <styleUrl>#redPinStyle</styleUrl>
      <Point>
        <coordinates>136.587014,35.055633,0</coordinates>
      </Point>
    </Placemark>
    <Placemark>
      <name>MIE03-000333 - 桑名郡 木曽岬町源緑輪中 第10区画</name>
      <description><![CDATA[
        <div style="font-family:sans-serif;">
          <h3>area_id: MIE03-000333</h3>
          <p><b>自治体:</b> 桑名郡</p>
          <p><b>住所:</b> 木曽岬町源緑輪中 第10区画</p>
          <p><b>郵便番号:</b> 〒5100000</p>
          <p><b>選挙区:</b> MIE-03</p>
        </div>
      ]]></description>
      <styleUrl>#redPinStyle</styleUrl>
      <Point>
        <coordinates>136.6055,35.037408,0</coordinates>
      </Point>
    </Placemark>
    <Placemark>
      <name>MIE03-000334 - 員弁郡 東員町穴太 第10区画</name>
      <description><![CDATA[
        <div style="font-family:sans-serif;">
          <h3>area_id: MIE03-000334</h3>
          <p><b>自治体:</b> 員弁郡</p>
          <p><b>住所:</b> 東員町穴太 第10区画</p>
          <p><b>郵便番号:</b> 〒5100000</p>
          <p><b>選挙区:</b> MIE-03</p>
        </div>
      ]]></description>
      <styleUrl>#redPinStyle</styleUrl>
      <Point>
        <coordinates>136.606705,35.063489,0</coordinates>
      </Point>
    </Placemark>
    <Placemark>
      <name>MIE03-000335 - 員弁郡 東員町笹尾東1丁目 第10区画</name>
      <description><![CDATA[
        <div style="font-family:sans-serif;">
          <h3>area_id: MIE03-000335</h3>
          <p><b>自治体:</b> 員弁郡</p>
          <p><b>住所:</b> 東員町笹尾東1丁目 第10区画</p>
          <p><b>郵便番号:</b> 〒5100000</p>
          <p><b>選挙区:</b> MIE-03</p>
        </div>
      ]]></description>
      <styleUrl>#redPinStyle</styleUrl>
      <Point>
        <coordinates>136.582816,35.043323,0</coordinates>
      </Point>
    </Placemark>
    <Placemark>
      <name>MIE03-000336 - 員弁郡 東員町笹尾東2丁目 第10区画</name>
      <description><![CDATA[
        <div style="font-family:sans-serif;">
          <h3>area_id: MIE03-000336</h3>
          <p><b>自治体:</b> 員弁郡</p>
          <p><b>住所:</b> 東員町笹尾東2丁目 第10区画</p>
          <p><b>郵便番号:</b> 〒5100000</p>
          <p><b>選挙区:</b> MIE-03</p>
        </div>
      ]]></description>
      <styleUrl>#redPinStyle</styleUrl>
      <Point>
        <coordinates>136.619456,35.044888,0</coordinates>
      </Point>
    </Placemark>
    <Placemark>
      <name>MIE03-000337 - 員弁郡 東員町笹尾東3丁目 第10区画</name>
      <description><![CDATA[
        <div style="font-family:sans-serif;">
          <h3>area_id: MIE03-000337</h3>
          <p><b>自治体:</b> 員弁郡</p>
          <p><b>住所:</b> 東員町笹尾東3丁目 第10区画</p>
          <p><b>郵便番号:</b> 〒5100000</p>
          <p><b>選挙区:</b> MIE-03</p>
        </div>
      ]]></description>
      <styleUrl>#redPinStyle</styleUrl>
      <Point>
        <coordinates>136.58908,35.065762,0</coordinates>
      </Point>
    </Placemark>
    <Placemark>
      <name>MIE03-000338 - 三重郡 菰野町大字菰野 第10区画</name>
      <description><![CDATA[
        <div style="font-family:sans-serif;">
          <h3>area_id: MIE03-000338</h3>
          <p><b>自治体:</b> 三重郡</p>
          <p><b>住所:</b> 菰野町大字菰野 第10区画</p>
          <p><b>郵便番号:</b> 〒5100000</p>
          <p><b>選挙区:</b> MIE-03</p>
        </div>
      ]]></description>
      <styleUrl>#redPinStyle</styleUrl>
      <Point>
        <coordinates>136.594961,35.03106,0</coordinates>
      </Point>
    </Placemark>
    <Placemark>
      <name>MIE03-000339 - 三重郡 朝日町大字柿 第10区画</name>
      <description><![CDATA[
        <div style="font-family:sans-serif;">
          <h3>area_id: MIE03-000339</h3>
          <p><b>自治体:</b> 三重郡</p>
          <p><b>住所:</b> 朝日町大字柿 第10区画</p>
          <p><b>郵便番号:</b> 〒5100000</p>
          <p><b>選挙区:</b> MIE-03</p>
        </div>
      ]]></description>
      <styleUrl>#redPinStyle</styleUrl>
      <Point>
        <coordinates>136.620249,35.061816,0</coordinates>
      </Point>
    </Placemark>
    <Placemark>
      <name>MIE03-000340 - 三重郡 川越町大字豊田 第10区画</name>
      <description><![CDATA[
        <div style="font-family:sans-serif;">
          <h3>area_id: MIE03-000340</h3>
          <p><b>自治体:</b> 三重郡</p>
          <p><b>住所:</b> 川越町大字豊田 第10区画</p>
          <p><b>郵便番号:</b> 〒5100000</p>
          <p><b>選挙区:</b> MIE-03</p>
        </div>
      ]]></description>
      <styleUrl>#redPinStyle</styleUrl>
      <Point>
        <coordinates>136.574064,35.052845,0</coordinates>
      </Point>
    </Placemark>
    <Placemark>
      <name>MIE03-000341 - 四日市市（一部） 富田1丁目 第11区画</name>
      <description><![CDATA[
        <div style="font-family:sans-serif;">
          <h3>area_id: MIE03-000341</h3>
          <p><b>自治体:</b> 四日市市（一部）</p>
          <p><b>住所:</b> 富田1丁目 第11区画</p>
          <p><b>郵便番号:</b> 〒5100000</p>
          <p><b>選挙区:</b> MIE-03</p>
        </div>
      ]]></description>
      <styleUrl>#redPinStyle</styleUrl>
      <Point>
        <coordinates>136.657741,34.989281,0</coordinates>
      </Point>
    </Placemark>
    <Placemark>
      <name>MIE03-000342 - 四日市市（一部） 富田2丁目 第11区画</name>
      <description><![CDATA[
        <div style="font-family:sans-serif;">
          <h3>area_id: MIE03-000342</h3>
          <p><b>自治体:</b> 四日市市（一部）</p>
          <p><b>住所:</b> 富田2丁目 第11区画</p>
          <p><b>郵便番号:</b> 〒5100000</p>
          <p><b>選挙区:</b> MIE-03</p>
        </div>
      ]]></description>
      <styleUrl>#redPinStyle</styleUrl>
      <Point>
        <coordinates>136.641267,35.031077,0</coordinates>
      </Point>
    </Placemark>
    <Placemark>
      <name>MIE03-000343 - 四日市市（一部） 富田3丁目 第11区画</name>
      <description><![CDATA[
        <div style="font-family:sans-serif;">
          <h3>area_id: MIE03-000343</h3>
          <p><b>自治体:</b> 四日市市（一部）</p>
          <p><b>住所:</b> 富田3丁目 第11区画</p>
          <p><b>郵便番号:</b> 〒5100000</p>
          <p><b>選挙区:</b> MIE-03</p>
        </div>
      ]]></description>
      <styleUrl>#redPinStyle</styleUrl>
      <Point>
        <coordinates>136.618447,34.988939,0</coordinates>
      </Point>
    </Placemark>
    <Placemark>
      <name>MIE03-000344 - 四日市市（一部） 富州原町 第11区画</name>
      <description><![CDATA[
        <div style="font-family:sans-serif;">
          <h3>area_id: MIE03-000344</h3>
          <p><b>自治体:</b> 四日市市（一部）</p>
          <p><b>住所:</b> 富州原町 第11区画</p>
          <p><b>郵便番号:</b> 〒5100000</p>
          <p><b>選挙区:</b> MIE-03</p>
        </div>
      ]]></description>
      <styleUrl>#redPinStyle</styleUrl>
      <Point>
        <coordinates>136.67189,35.00806,0</coordinates>
      </Point>
    </Placemark>
    <Placemark>
      <name>MIE03-000345 - 四日市市（一部） 羽津1丁目 第11区画</name>
      <description><![CDATA[
        <div style="font-family:sans-serif;">
          <h3>area_id: MIE03-000345</h3>
          <p><b>自治体:</b> 四日市市（一部）</p>
          <p><b>住所:</b> 羽津1丁目 第11区画</p>
          <p><b>郵便番号:</b> 〒5100000</p>
          <p><b>選挙区:</b> MIE-03</p>
        </div>
      ]]></description>
      <styleUrl>#redPinStyle</styleUrl>
      <Point>
        <coordinates>136.614445,35.024769,0</coordinates>
      </Point>
    </Placemark>
    <Placemark>
      <name>MIE03-000346 - 四日市市（一部） 羽津2丁目 第11区画</name>
      <description><![CDATA[
        <div style="font-family:sans-serif;">
          <h3>area_id: MIE03-000346</h3>
          <p><b>自治体:</b> 四日市市（一部）</p>
          <p><b>住所:</b> 羽津2丁目 第11区画</p>
          <p><b>郵便番号:</b> 〒5100000</p>
          <p><b>選挙区:</b> MIE-03</p>
        </div>
      ]]></description>
      <styleUrl>#redPinStyle</styleUrl>
      <Point>
        <coordinates>136.644542,34.978148,0</coordinates>
      </Point>
    </Placemark>
    <Placemark>
      <name>MIE03-000347 - 桑名市 江場1丁目 第11区画</name>
      <description><![CDATA[
        <div style="font-family:sans-serif;">
          <h3>area_id: MIE03-000347</h3>
          <p><b>自治体:</b> 桑名市</p>
          <p><b>住所:</b> 江場1丁目 第11区画</p>
          <p><b>郵便番号:</b> 〒5100000</p>
          <p><b>選挙区:</b> MIE-03</p>
        </div>
      ]]></description>
      <styleUrl>#redPinStyle</styleUrl>
      <Point>
        <coordinates>136.700786,35.088838,0</coordinates>
      </Point>
    </Placemark>
    <Placemark>
      <name>MIE03-000348 - 桑名市 江場2丁目 第11区画</name>
      <description><![CDATA[
        <div style="font-family:sans-serif;">
          <h3>area_id: MIE03-000348</h3>
          <p><b>自治体:</b> 桑名市</p>
          <p><b>住所:</b> 江場2丁目 第11区画</p>
          <p><b>郵便番号:</b> 〒5100000</p>
          <p><b>選挙区:</b> MIE-03</p>
        </div>
      ]]></description>
      <styleUrl>#redPinStyle</styleUrl>
      <Point>
        <coordinates>136.643213,35.057304,0</coordinates>
      </Point>
    </Placemark>
    <Placemark>
      <name>MIE03-000349 - 桑名市 江場3丁目 第11区画</name>
      <description><![CDATA[
        <div style="font-family:sans-serif;">
          <h3>area_id: MIE03-000349</h3>
          <p><b>自治体:</b> 桑名市</p>
          <p><b>住所:</b> 江場3丁目 第11区画</p>
          <p><b>郵便番号:</b> 〒5100000</p>
          <p><b>選挙区:</b> MIE-03</p>
        </div>
      ]]></description>
      <styleUrl>#redPinStyle</styleUrl>
      <Point>
        <coordinates>136.713879,35.0478,0</coordinates>
      </Point>
    </Placemark>
    <Placemark>
      <name>MIE03-000350 - 桑名市 吉之丸 第11区画</name>
      <description><![CDATA[
        <div style="font-family:sans-serif;">
          <h3>area_id: MIE03-000350</h3>
          <p><b>自治体:</b> 桑名市</p>
          <p><b>住所:</b> 吉之丸 第11区画</p>
          <p><b>郵便番号:</b> 〒5100000</p>
          <p><b>選挙区:</b> MIE-03</p>
        </div>
      ]]></description>
      <styleUrl>#redPinStyle</styleUrl>
      <Point>
        <coordinates>136.667803,35.096336,0</coordinates>
      </Point>
    </Placemark>
    <Placemark>
      <name>MIE03-000351 - 桑名市 大山田1丁目 第11区画</name>
      <description><![CDATA[
        <div style="font-family:sans-serif;">
          <h3>area_id: MIE03-000351</h3>
          <p><b>自治体:</b> 桑名市</p>
          <p><b>住所:</b> 大山田1丁目 第11区画</p>
          <p><b>郵便番号:</b> 〒5100000</p>
          <p><b>選挙区:</b> MIE-03</p>
        </div>
      ]]></description>
      <styleUrl>#redPinStyle</styleUrl>
      <Point>
        <coordinates>136.677464,35.059568,0</coordinates>
      </Point>
    </Placemark>
    <Placemark>
      <name>MIE03-000352 - 桑名市 大山田2丁目 第11区画</name>
      <description><![CDATA[
        <div style="font-family:sans-serif;">
          <h3>area_id: MIE03-000352</h3>
          <p><b>自治体:</b> 桑名市</p>
          <p><b>住所:</b> 大山田2丁目 第11区画</p>
          <p><b>郵便番号:</b> 〒5100000</p>
          <p><b>選挙区:</b> MIE-03</p>
        </div>
      ]]></description>
      <styleUrl>#redPinStyle</styleUrl>
      <Point>
        <coordinates>136.686874,35.066473,0</coordinates>
      </Point>
    </Placemark>
    <Placemark>
      <name>MIE03-000353 - 桑名市 大山田3丁目 第11区画</name>
      <description><![CDATA[
        <div style="font-family:sans-serif;">
          <h3>area_id: MIE03-000353</h3>
          <p><b>自治体:</b> 桑名市</p>
          <p><b>住所:</b> 大山田3丁目 第11区画</p>
          <p><b>郵便番号:</b> 〒5100000</p>
          <p><b>選挙区:</b> MIE-03</p>
        </div>
      ]]></description>
      <styleUrl>#redPinStyle</styleUrl>
      <Point>
        <coordinates>136.671656,35.066631,0</coordinates>
      </Point>
    </Placemark>
    <Placemark>
      <name>MIE03-000354 - 桑名市 大山田4丁目 第11区画</name>
      <description><![CDATA[
        <div style="font-family:sans-serif;">
          <h3>area_id: MIE03-000354</h3>
          <p><b>自治体:</b> 桑名市</p>
          <p><b>住所:</b> 大山田4丁目 第11区画</p>
          <p><b>郵便番号:</b> 〒5100000</p>
          <p><b>選挙区:</b> MIE-03</p>
        </div>
      ]]></description>
      <styleUrl>#redPinStyle</styleUrl>
      <Point>
        <coordinates>136.684765,35.056472,0</coordinates>
      </Point>
    </Placemark>
    <Placemark>
      <name>MIE03-000355 - 桑名市 大山田5丁目 第11区画</name>
      <description><![CDATA[
        <div style="font-family:sans-serif;">
          <h3>area_id: MIE03-000355</h3>
          <p><b>自治体:</b> 桑名市</p>
          <p><b>住所:</b> 大山田5丁目 第11区画</p>
          <p><b>郵便番号:</b> 〒5100000</p>
          <p><b>選挙区:</b> MIE-03</p>
        </div>
      ]]></description>
      <styleUrl>#redPinStyle</styleUrl>
      <Point>
        <coordinates>136.683044,35.073566,0</coordinates>
      </Point>
    </Placemark>
    <Placemark>
      <name>MIE03-000356 - 桑名市 大山田6丁目 第11区画</name>
      <description><![CDATA[
        <div style="font-family:sans-serif;">
          <h3>area_id: MIE03-000356</h3>
          <p><b>自治体:</b> 桑名市</p>
          <p><b>住所:</b> 大山田6丁目 第11区画</p>
          <p><b>郵便番号:</b> 〒5100000</p>
          <p><b>選挙区:</b> MIE-03</p>
        </div>
      ]]></description>
      <styleUrl>#redPinStyle</styleUrl>
      <Point>
        <coordinates>136.668867,35.05819,0</coordinates>
      </Point>
    </Placemark>
    <Placemark>
      <name>MIE03-000357 - 桑名市 大山田7丁目 第11区画</name>
      <description><![CDATA[
        <div style="font-family:sans-serif;">
          <h3>area_id: MIE03-000357</h3>
          <p><b>自治体:</b> 桑名市</p>
          <p><b>住所:</b> 大山田7丁目 第11区画</p>
          <p><b>郵便番号:</b> 〒5100000</p>
          <p><b>選挙区:</b> MIE-03</p>
        </div>
      ]]></description>
      <styleUrl>#redPinStyle</styleUrl>
      <Point>
        <coordinates>136.694418,35.061981,0</coordinates>
      </Point>
    </Placemark>
    <Placemark>
      <name>MIE03-000358 - 桑名市 大山田8丁目 第11区画</name>
      <description><![CDATA[
        <div style="font-family:sans-serif;">
          <h3>area_id: MIE03-000358</h3>
          <p><b>自治体:</b> 桑名市</p>
          <p><b>住所:</b> 大山田8丁目 第11区画</p>
          <p><b>郵便番号:</b> 〒5100000</p>
          <p><b>選挙区:</b> MIE-03</p>
        </div>
      ]]></description>
      <styleUrl>#redPinStyle</styleUrl>
      <Point>
        <coordinates>136.670211,35.074731,0</coordinates>
      </Point>
    </Placemark>
    <Placemark>
      <name>MIE03-000359 - 桑名市 播磨 第11区画</name>
      <description><![CDATA[
        <div style="font-family:sans-serif;">
          <h3>area_id: MIE03-000359</h3>
          <p><b>自治体:</b> 桑名市</p>
          <p><b>住所:</b> 播磨 第11区画</p>
          <p><b>郵便番号:</b> 〒5100000</p>
          <p><b>選挙区:</b> MIE-03</p>
        </div>
      ]]></description>
      <styleUrl>#redPinStyle</styleUrl>
      <Point>
        <coordinates>136.678473,35.049556,0</coordinates>
      </Point>
    </Placemark>
    <Placemark>
      <name>MIE03-000360 - 桑名市 多度町香取 第11区画</name>
      <description><![CDATA[
        <div style="font-family:sans-serif;">
          <h3>area_id: MIE03-000360</h3>
          <p><b>自治体:</b> 桑名市</p>
          <p><b>住所:</b> 多度町香取 第11区画</p>
          <p><b>郵便番号:</b> 〒5100000</p>
          <p><b>選挙区:</b> MIE-03</p>
        </div>
      ]]></description>
      <styleUrl>#redPinStyle</styleUrl>
      <Point>
        <coordinates>136.693979,35.074774,0</coordinates>
      </Point>
    </Placemark>
    <Placemark>
      <name>MIE03-000361 - 桑名市 長島町駒江 第11区画</name>
      <description><![CDATA[
        <div style="font-family:sans-serif;">
          <h3>area_id: MIE03-000361</h3>
          <p><b>自治体:</b> 桑名市</p>
          <p><b>住所:</b> 長島町駒江 第11区画</p>
          <p><b>郵便番号:</b> 〒5100000</p>
          <p><b>選挙区:</b> MIE-03</p>
        </div>
      ]]></description>
      <styleUrl>#redPinStyle</styleUrl>
      <Point>
        <coordinates>136.6596,35.0641,0</coordinates>
      </Point>
    </Placemark>
    <Placemark>
      <name>MIE03-000362 - いなべ市 員弁町大泉 第11区画</name>
      <description><![CDATA[
        <div style="font-family:sans-serif;">
          <h3>area_id: MIE03-000362</h3>
          <p><b>自治体:</b> いなべ市</p>
          <p><b>住所:</b> 員弁町大泉 第11区画</p>
          <p><b>郵便番号:</b> 〒5100000</p>
          <p><b>選挙区:</b> MIE-03</p>
        </div>
      ]]></description>
      <styleUrl>#redPinStyle</styleUrl>
      <Point>
        <coordinates>136.532102,35.146104,0</coordinates>
      </Point>
    </Placemark>
    <Placemark>
      <name>MIE03-000363 - いなべ市 北勢町阿下喜 第11区画</name>
      <description><![CDATA[
        <div style="font-family:sans-serif;">
          <h3>area_id: MIE03-000363</h3>
          <p><b>自治体:</b> いなべ市</p>
          <p><b>住所:</b> 北勢町阿下喜 第11区画</p>
          <p><b>郵便番号:</b> 〒5100000</p>
          <p><b>選挙区:</b> MIE-03</p>
        </div>
      ]]></description>
      <styleUrl>#redPinStyle</styleUrl>
      <Point>
        <coordinates>136.513971,35.177726,0</coordinates>
      </Point>
    </Placemark>
    <Placemark>
      <name>MIE03-000364 - いなべ市 大安町丹生川 第11区画</name>
      <description><![CDATA[
        <div style="font-family:sans-serif;">
          <h3>area_id: MIE03-000364</h3>
          <p><b>自治体:</b> いなべ市</p>
          <p><b>住所:</b> 大安町丹生川 第11区画</p>
          <p><b>郵便番号:</b> 〒5100000</p>
          <p><b>選挙区:</b> MIE-03</p>
        </div>
      ]]></description>
      <styleUrl>#redPinStyle</styleUrl>
      <Point>
        <coordinates>136.500951,35.142057,0</coordinates>
      </Point>
    </Placemark>
    <Placemark>
      <name>MIE03-000365 - いなべ市 藤原町市場 第11区画</name>
      <description><![CDATA[
        <div style="font-family:sans-serif;">
          <h3>area_id: MIE03-000365</h3>
          <p><b>自治体:</b> いなべ市</p>
          <p><b>住所:</b> 藤原町市場 第11区画</p>
          <p><b>郵便番号:</b> 〒5100000</p>
          <p><b>選挙区:</b> MIE-03</p>
        </div>
      ]]></description>
      <styleUrl>#redPinStyle</styleUrl>
      <Point>
        <coordinates>136.541763,35.162186,0</coordinates>
      </Point>
    </Placemark>
    <Placemark>
      <name>MIE03-000366 - 桑名郡 木曽岬町加畑 第11区画</name>
      <description><![CDATA[
        <div style="font-family:sans-serif;">
          <h3>area_id: MIE03-000366</h3>
          <p><b>自治体:</b> 桑名郡</p>
          <p><b>住所:</b> 木曽岬町加畑 第11区画</p>
          <p><b>郵便番号:</b> 〒5100000</p>
          <p><b>選挙区:</b> MIE-03</p>
        </div>
      ]]></description>
      <styleUrl>#redPinStyle</styleUrl>
      <Point>
        <coordinates>136.576722,35.062358,0</coordinates>
      </Point>
    </Placemark>
    <Placemark>
      <name>MIE03-000367 - 桑名郡 木曽岬町源緑輪中 第11区画</name>
      <description><![CDATA[
        <div style="font-family:sans-serif;">
          <h3>area_id: MIE03-000367</h3>
          <p><b>自治体:</b> 桑名郡</p>
          <p><b>住所:</b> 木曽岬町源緑輪中 第11区画</p>
          <p><b>郵便番号:</b> 〒5100000</p>
          <p><b>選挙区:</b> MIE-03</p>
        </div>
      ]]></description>
      <styleUrl>#redPinStyle</styleUrl>
      <Point>
        <coordinates>136.607516,35.026625,0</coordinates>
      </Point>
    </Placemark>
    <Placemark>
      <name>MIE03-000368 - 員弁郡 東員町穴太 第11区画</name>
      <description><![CDATA[
        <div style="font-family:sans-serif;">
          <h3>area_id: MIE03-000368</h3>
          <p><b>自治体:</b> 員弁郡</p>
          <p><b>住所:</b> 東員町穴太 第11区画</p>
          <p><b>郵便番号:</b> 〒5100000</p>
          <p><b>選挙区:</b> MIE-03</p>
        </div>
      ]]></description>
      <styleUrl>#redPinStyle</styleUrl>
      <Point>
        <coordinates>136.614074,35.07253,0</coordinates>
      </Point>
    </Placemark>
    <Placemark>
      <name>MIE03-000369 - 員弁郡 東員町笹尾東1丁目 第11区画</name>
      <description><![CDATA[
        <div style="font-family:sans-serif;">
          <h3>area_id: MIE03-000369</h3>
          <p><b>自治体:</b> 員弁郡</p>
          <p><b>住所:</b> 東員町笹尾東1丁目 第11区画</p>
          <p><b>郵便番号:</b> 〒5100000</p>
          <p><b>選挙区:</b> MIE-03</p>
        </div>
      ]]></description>
      <styleUrl>#redPinStyle</styleUrl>
      <Point>
        <coordinates>136.570005,35.040902,0</coordinates>
      </Point>
    </Placemark>
    <Placemark>
      <name>MIE03-000370 - 員弁郡 東員町笹尾東2丁目 第11区画</name>
      <description><![CDATA[
        <div style="font-family:sans-serif;">
          <h3>area_id: MIE03-000370</h3>
          <p><b>自治体:</b> 員弁郡</p>
          <p><b>住所:</b> 東員町笹尾東2丁目 第11区画</p>
          <p><b>郵便番号:</b> 〒5100000</p>
          <p><b>選挙区:</b> MIE-03</p>
        </div>
      ]]></description>
      <styleUrl>#redPinStyle</styleUrl>
      <Point>
        <coordinates>136.630821,35.039361,0</coordinates>
      </Point>
    </Placemark>
    <Placemark>
      <name>MIE03-000371 - 員弁郡 東員町笹尾東3丁目 第11区画</name>
      <description><![CDATA[
        <div style="font-family:sans-serif;">
          <h3>area_id: MIE03-000371</h3>
          <p><b>自治体:</b> 員弁郡</p>
          <p><b>住所:</b> 東員町笹尾東3丁目 第11区画</p>
          <p><b>郵便番号:</b> 〒5100000</p>
          <p><b>選挙区:</b> MIE-03</p>
        </div>
      ]]></description>
      <styleUrl>#redPinStyle</styleUrl>
      <Point>
        <coordinates>136.585293,35.076283,0</coordinates>
      </Point>
    </Placemark>
    <Placemark>
      <name>MIE03-000372 - 三重郡 菰野町大字菰野 第11区画</name>
      <description><![CDATA[
        <div style="font-family:sans-serif;">
          <h3>area_id: MIE03-000372</h3>
          <p><b>自治体:</b> 三重郡</p>
          <p><b>住所:</b> 菰野町大字菰野 第11区画</p>
          <p><b>郵便番号:</b> 〒5100000</p>
          <p><b>選挙区:</b> MIE-03</p>
        </div>
      ]]></description>
      <styleUrl>#redPinStyle</styleUrl>
      <Point>
        <coordinates>136.589102,35.021198,0</coordinates>
      </Point>
    </Placemark>
    <Placemark>
      <name>MIE03-000373 - 三重郡 朝日町大字柿 第11区画</name>
      <description><![CDATA[
        <div style="font-family:sans-serif;">
          <h3>area_id: MIE03-000373</h3>
          <p><b>自治体:</b> 三重郡</p>
          <p><b>住所:</b> 朝日町大字柿 第11区画</p>
          <p><b>郵便番号:</b> 〒5100000</p>
          <p><b>選挙区:</b> MIE-03</p>
        </div>
      ]]></description>
      <styleUrl>#redPinStyle</styleUrl>
      <Point>
        <coordinates>136.632632,35.0657,0</coordinates>
      </Point>
    </Placemark>
    <Placemark>
      <name>MIE03-000374 - 三重郡 川越町大字豊田 第11区画</name>
      <description><![CDATA[
        <div style="font-family:sans-serif;">
          <h3>area_id: MIE03-000374</h3>
          <p><b>自治体:</b> 三重郡</p>
          <p><b>住所:</b> 川越町大字豊田 第11区画</p>
          <p><b>郵便番号:</b> 〒5100000</p>
          <p><b>選挙区:</b> MIE-03</p>
        </div>
      ]]></description>
      <styleUrl>#redPinStyle</styleUrl>
      <Point>
        <coordinates>136.561807,35.057056,0</coordinates>
      </Point>
    </Placemark>
    <Placemark>
      <name>MIE03-000375 - 四日市市（一部） 富田1丁目 第12区画</name>
      <description><![CDATA[
        <div style="font-family:sans-serif;">
          <h3>area_id: MIE03-000375</h3>
          <p><b>自治体:</b> 四日市市（一部）</p>
          <p><b>住所:</b> 富田1丁目 第12区画</p>
          <p><b>郵便番号:</b> 〒5100000</p>
          <p><b>選挙区:</b> MIE-03</p>
        </div>
      ]]></description>
      <styleUrl>#redPinStyle</styleUrl>
      <Point>
        <coordinates>136.663264,34.979213,0</coordinates>
      </Point>
    </Placemark>
    <Placemark>
      <name>MIE03-000376 - 四日市市（一部） 富田2丁目 第12区画</name>
      <description><![CDATA[
        <div style="font-family:sans-serif;">
          <h3>area_id: MIE03-000376</h3>
          <p><b>自治体:</b> 四日市市（一部）</p>
          <p><b>住所:</b> 富田2丁目 第12区画</p>
          <p><b>郵便番号:</b> 〒5100000</p>
          <p><b>選挙区:</b> MIE-03</p>
        </div>
      ]]></description>
      <styleUrl>#redPinStyle</styleUrl>
      <Point>
        <coordinates>136.640783,35.011857,0</coordinates>
      </Point>
    </Placemark>
    <Placemark>
      <name>MIE03-000377 - 四日市市（一部） 富田3丁目 第12区画</name>
      <description><![CDATA[
        <div style="font-family:sans-serif;">
          <h3>area_id: MIE03-000377</h3>
          <p><b>自治体:</b> 四日市市（一部）</p>
          <p><b>住所:</b> 富田3丁目 第12区画</p>
          <p><b>郵便番号:</b> 〒5100000</p>
          <p><b>選挙区:</b> MIE-03</p>
        </div>
      ]]></description>
      <styleUrl>#redPinStyle</styleUrl>
      <Point>
        <coordinates>136.634301,35.002915,0</coordinates>
      </Point>
    </Placemark>
    <Placemark>
      <name>MIE03-000378 - 四日市市（一部） 富州原町 第12区画</name>
      <description><![CDATA[
        <div style="font-family:sans-serif;">
          <h3>area_id: MIE03-000378</h3>
          <p><b>自治体:</b> 四日市市（一部）</p>
          <p><b>住所:</b> 富州原町 第12区画</p>
          <p><b>郵便番号:</b> 〒5100000</p>
          <p><b>選挙区:</b> MIE-03</p>
        </div>
      ]]></description>
      <styleUrl>#redPinStyle</styleUrl>
      <Point>
        <coordinates>136.648872,35.006577,0</coordinates>
      </Point>
    </Placemark>
    <Placemark>
      <name>MIE03-000379 - 四日市市（一部） 羽津1丁目 第12区画</name>
      <description><![CDATA[
        <div style="font-family:sans-serif;">
          <h3>area_id: MIE03-000379</h3>
          <p><b>自治体:</b> 四日市市（一部）</p>
          <p><b>住所:</b> 羽津1丁目 第12区画</p>
          <p><b>郵便番号:</b> 〒5100000</p>
          <p><b>選挙区:</b> MIE-03</p>
        </div>
      ]]></description>
      <styleUrl>#redPinStyle</styleUrl>
      <Point>
        <coordinates>136.632703,35.012981,0</coordinates>
      </Point>
    </Placemark>
    <Placemark>
      <name>MIE03-000380 - 四日市市（一部） 羽津2丁目 第12区画</name>
      <description><![CDATA[
        <div style="font-family:sans-serif;">
          <h3>area_id: MIE03-000380</h3>
          <p><b>自治体:</b> 四日市市（一部）</p>
          <p><b>住所:</b> 羽津2丁目 第12区画</p>
          <p><b>郵便番号:</b> 〒5100000</p>
          <p><b>選挙区:</b> MIE-03</p>
        </div>
      ]]></description>
      <styleUrl>#redPinStyle</styleUrl>
      <Point>
        <coordinates>136.640513,34.997109,0</coordinates>
      </Point>
    </Placemark>
    <Placemark>
      <name>MIE03-000381 - 桑名市 江場1丁目 第12区画</name>
      <description><![CDATA[
        <div style="font-family:sans-serif;">
          <h3>area_id: MIE03-000381</h3>
          <p><b>自治体:</b> 桑名市</p>
          <p><b>住所:</b> 江場1丁目 第12区画</p>
          <p><b>郵便番号:</b> 〒5100000</p>
          <p><b>選挙区:</b> MIE-03</p>
        </div>
      ]]></description>
      <styleUrl>#redPinStyle</styleUrl>
      <Point>
        <coordinates>136.688485,35.072526,0</coordinates>
      </Point>
    </Placemark>
    <Placemark>
      <name>MIE03-000382 - 桑名市 江場2丁目 第12区画</name>
      <description><![CDATA[
        <div style="font-family:sans-serif;">
          <h3>area_id: MIE03-000382</h3>
          <p><b>自治体:</b> 桑名市</p>
          <p><b>住所:</b> 江場2丁目 第12区画</p>
          <p><b>郵便番号:</b> 〒5100000</p>
          <p><b>選挙区:</b> MIE-03</p>
        </div>
      ]]></description>
      <styleUrl>#redPinStyle</styleUrl>
      <Point>
        <coordinates>136.665485,35.062508,0</coordinates>
      </Point>
    </Placemark>
    <Placemark>
      <name>MIE03-000383 - 桑名市 江場3丁目 第12区画</name>
      <description><![CDATA[
        <div style="font-family:sans-serif;">
          <h3>area_id: MIE03-000383</h3>
          <p><b>自治体:</b> 桑名市</p>
          <p><b>住所:</b> 江場3丁目 第12区画</p>
          <p><b>郵便番号:</b> 〒5100000</p>
          <p><b>選挙区:</b> MIE-03</p>
        </div>
      ]]></description>
      <styleUrl>#redPinStyle</styleUrl>
      <Point>
        <coordinates>136.693172,35.056414,0</coordinates>
      </Point>
    </Placemark>
    <Placemark>
      <name>MIE03-000384 - 桑名市 吉之丸 第12区画</name>
      <description><![CDATA[
        <div style="font-family:sans-serif;">
          <h3>area_id: MIE03-000384</h3>
          <p><b>自治体:</b> 桑名市</p>
          <p><b>住所:</b> 吉之丸 第12区画</p>
          <p><b>郵便番号:</b> 〒5100000</p>
          <p><b>選挙区:</b> MIE-03</p>
        </div>
      ]]></description>
      <styleUrl>#redPinStyle</styleUrl>
      <Point>
        <coordinates>136.676208,35.078354,0</coordinates>
      </Point>
    </Placemark>
    <Placemark>
      <name>MIE03-000385 - 桑名市 大山田1丁目 第12区画</name>
      <description><![CDATA[
        <div style="font-family:sans-serif;">
          <h3>area_id: MIE03-000385</h3>
          <p><b>自治体:</b> 桑名市</p>
          <p><b>住所:</b> 大山田1丁目 第12区画</p>
          <p><b>郵便番号:</b> 〒5100000</p>
          <p><b>選挙区:</b> MIE-03</p>
        </div>
      ]]></description>
      <styleUrl>#redPinStyle</styleUrl>
      <Point>
        <coordinates>136.67052,35.050417,0</coordinates>
      </Point>
    </Placemark>
    <Placemark>
      <name>MIE03-000386 - 桑名市 大山田2丁目 第12区画</name>
      <description><![CDATA[
        <div style="font-family:sans-serif;">
          <h3>area_id: MIE03-000386</h3>
          <p><b>自治体:</b> 桑名市</p>
          <p><b>住所:</b> 大山田2丁目 第12区画</p>
          <p><b>郵便番号:</b> 〒5100000</p>
          <p><b>選挙区:</b> MIE-03</p>
        </div>
      ]]></description>
      <styleUrl>#redPinStyle</styleUrl>
      <Point>
        <coordinates>136.699456,35.069212,0</coordinates>
      </Point>
    </Placemark>
    <Placemark>
      <name>MIE03-000387 - 桑名市 大山田3丁目 第12区画</name>
      <description><![CDATA[
        <div style="font-family:sans-serif;">
          <h3>area_id: MIE03-000387</h3>
          <p><b>自治体:</b> 桑名市</p>
          <p><b>住所:</b> 大山田3丁目 第12区画</p>
          <p><b>郵便番号:</b> 〒5100000</p>
          <p><b>選挙区:</b> MIE-03</p>
        </div>
      ]]></description>
      <styleUrl>#redPinStyle</styleUrl>
      <Point>
        <coordinates>136.660206,35.071792,0</coordinates>
      </Point>
    </Placemark>
    <Placemark>
      <name>MIE03-000388 - 桑名市 大山田4丁目 第12区画</name>
      <description><![CDATA[
        <div style="font-family:sans-serif;">
          <h3>area_id: MIE03-000388</h3>
          <p><b>自治体:</b> 桑名市</p>
          <p><b>住所:</b> 大山田4丁目 第12区画</p>
          <p><b>郵便番号:</b> 〒5100000</p>
          <p><b>選挙区:</b> MIE-03</p>
        </div>
      ]]></description>
      <styleUrl>#redPinStyle</styleUrl>
      <Point>
        <coordinates>136.688909,35.046177,0</coordinates>
      </Point>
    </Placemark>
    <Placemark>
      <name>MIE03-000389 - 桑名市 大山田5丁目 第12区画</name>
      <description><![CDATA[
        <div style="font-family:sans-serif;">
          <h3>area_id: MIE03-000389</h3>
          <p><b>自治体:</b> 桑名市</p>
          <p><b>住所:</b> 大山田5丁目 第12区画</p>
          <p><b>郵便番号:</b> 〒5100000</p>
          <p><b>選挙区:</b> MIE-03</p>
        </div>
      ]]></description>
      <styleUrl>#redPinStyle</styleUrl>
      <Point>
        <coordinates>136.688455,35.083458,0</coordinates>
      </Point>
    </Placemark>
    <Placemark>
      <name>MIE03-000390 - 桑名市 大山田6丁目 第12区画</name>
      <description><![CDATA[
        <div style="font-family:sans-serif;">
          <h3>area_id: MIE03-000390</h3>
          <p><b>自治体:</b> 桑名市</p>
          <p><b>住所:</b> 大山田6丁目 第12区画</p>
          <p><b>郵便番号:</b> 〒5100000</p>
          <p><b>選挙区:</b> MIE-03</p>
        </div>
      ]]></description>
      <styleUrl>#redPinStyle</styleUrl>
      <Point>
        <coordinates>136.656796,35.054034,0</coordinates>
      </Point>
    </Placemark>
    <Placemark>
      <name>MIE03-000391 - 桑名市 大山田7丁目 第12区画</name>
      <description><![CDATA[
        <div style="font-family:sans-serif;">
          <h3>area_id: MIE03-000391</h3>
          <p><b>自治体:</b> 桑名市</p>
          <p><b>住所:</b> 大山田7丁目 第12区画</p>
          <p><b>郵便番号:</b> 〒5100000</p>
          <p><b>選挙区:</b> MIE-03</p>
        </div>
      ]]></description>
      <styleUrl>#redPinStyle</styleUrl>
      <Point>
        <coordinates>136.70666,35.058147,0</coordinates>
      </Point>
    </Placemark>
    <Placemark>
      <name>MIE03-000392 - 桑名市 大山田8丁目 第12区画</name>
      <description><![CDATA[
        <div style="font-family:sans-serif;">
          <h3>area_id: MIE03-000392</h3>
          <p><b>自治体:</b> 桑名市</p>
          <p><b>住所:</b> 大山田8丁目 第12区画</p>
          <p><b>郵便番号:</b> 〒5100000</p>
          <p><b>選挙区:</b> MIE-03</p>
        </div>
      ]]></description>
      <styleUrl>#redPinStyle</styleUrl>
      <Point>
        <coordinates>136.664397,35.08451,0</coordinates>
      </Point>
    </Placemark>
    <Placemark>
      <name>MIE03-000393 - 桑名市 播磨 第12区画</name>
      <description><![CDATA[
        <div style="font-family:sans-serif;">
          <h3>area_id: MIE03-000393</h3>
          <p><b>自治体:</b> 桑名市</p>
          <p><b>住所:</b> 播磨 第12区画</p>
          <p><b>郵便番号:</b> 〒5100000</p>
          <p><b>選挙区:</b> MIE-03</p>
        </div>
      ]]></description>
      <styleUrl>#redPinStyle</styleUrl>
      <Point>
        <coordinates>136.674707,35.039086,0</coordinates>
      </Point>
    </Placemark>
    <Placemark>
      <name>MIE03-000394 - 桑名市 多度町香取 第12区画</name>
      <description><![CDATA[
        <div style="font-family:sans-serif;">
          <h3>area_id: MIE03-000394</h3>
          <p><b>自治体:</b> 桑名市</p>
          <p><b>住所:</b> 多度町香取 第12区画</p>
          <p><b>郵便番号:</b> 〒5100000</p>
          <p><b>選挙区:</b> MIE-03</p>
        </div>
      ]]></description>
      <styleUrl>#redPinStyle</styleUrl>
      <Point>
        <coordinates>136.705324,35.080293,0</coordinates>
      </Point>
    </Placemark>
    <Placemark>
      <name>MIE03-000395 - 桑名市 長島町駒江 第12区画</name>
      <description><![CDATA[
        <div style="font-family:sans-serif;">
          <h3>area_id: MIE03-000395</h3>
          <p><b>自治体:</b> 桑名市</p>
          <p><b>住所:</b> 長島町駒江 第12区画</p>
          <p><b>郵便番号:</b> 〒5100000</p>
          <p><b>選挙区:</b> MIE-03</p>
        </div>
      ]]></description>
      <styleUrl>#redPinStyle</styleUrl>
      <Point>
        <coordinates>136.646767,35.066523,0</coordinates>
      </Point>
    </Placemark>
    <Placemark>
      <name>MIE03-000396 - いなべ市 員弁町大泉 第12区画</name>
      <description><![CDATA[
        <div style="font-family:sans-serif;">
          <h3>area_id: MIE03-000396</h3>
          <p><b>自治体:</b> いなべ市</p>
          <p><b>住所:</b> 員弁町大泉 第12区画</p>
          <p><b>郵便番号:</b> 〒5100000</p>
          <p><b>選挙区:</b> MIE-03</p>
        </div>
      ]]></description>
      <styleUrl>#redPinStyle</styleUrl>
      <Point>
        <coordinates>136.539511,35.137019,0</coordinates>
      </Point>
    </Placemark>
    <Placemark>
      <name>MIE03-000397 - いなべ市 北勢町阿下喜 第12区画</name>
      <description><![CDATA[
        <div style="font-family:sans-serif;">
          <h3>area_id: MIE03-000397</h3>
          <p><b>自治体:</b> いなべ市</p>
          <p><b>住所:</b> 北勢町阿下喜 第12区画</p>
          <p><b>郵便番号:</b> 〒5100000</p>
          <p><b>選挙区:</b> MIE-03</p>
        </div>
      ]]></description>
      <styleUrl>#redPinStyle</styleUrl>
      <Point>
        <coordinates>136.516,35.1886,0</coordinates>
      </Point>
    </Placemark>
    <Placemark>
      <name>MIE03-000398 - いなべ市 大安町丹生川 第12区画</name>
      <description><![CDATA[
        <div style="font-family:sans-serif;">
          <h3>area_id: MIE03-000398</h3>
          <p><b>自治体:</b> いなべ市</p>
          <p><b>住所:</b> 大安町丹生川 第12区画</p>
          <p><b>郵便番号:</b> 〒5100000</p>
          <p><b>選挙区:</b> MIE-03</p>
        </div>
      ]]></description>
      <styleUrl>#redPinStyle</styleUrl>
      <Point>
        <coordinates>136.490544,35.135249,0</coordinates>
      </Point>
    </Placemark>
    <Placemark>
      <name>MIE03-000399 - いなべ市 藤原町市場 第12区画</name>
      <description><![CDATA[
        <div style="font-family:sans-serif;">
          <h3>area_id: MIE03-000399</h3>
          <p><b>自治体:</b> いなべ市</p>
          <p><b>住所:</b> 藤原町市場 第12区画</p>
          <p><b>郵便番号:</b> 〒5100000</p>
          <p><b>選挙区:</b> MIE-03</p>
        </div>
      ]]></description>
      <styleUrl>#redPinStyle</styleUrl>
      <Point>
        <coordinates>136.554971,35.161241,0</coordinates>
      </Point>
    </Placemark>
    <Placemark>
      <name>MIE03-000400 - 桑名郡 木曽岬町加畑 第12区画</name>
      <description><![CDATA[
        <div style="font-family:sans-serif;">
          <h3>area_id: MIE03-000400</h3>
          <p><b>自治体:</b> 桑名郡</p>
          <p><b>住所:</b> 木曽岬町加畑 第12区画</p>
          <p><b>郵便番号:</b> 〒5100000</p>
          <p><b>選挙区:</b> MIE-03</p>
        </div>
      ]]></description>
      <styleUrl>#redPinStyle</styleUrl>
      <Point>
        <coordinates>136.567822,35.070576,0</coordinates>
      </Point>
    </Placemark>
    <Placemark>
      <name>MIE03-000401 - 桑名郡 木曽岬町源緑輪中 第12区画</name>
      <description><![CDATA[
        <div style="font-family:sans-serif;">
          <h3>area_id: MIE03-000401</h3>
          <p><b>自治体:</b> 桑名郡</p>
          <p><b>住所:</b> 木曽岬町源緑輪中 第12区画</p>
          <p><b>郵便番号:</b> 〒5100000</p>
          <p><b>選挙区:</b> MIE-03</p>
        </div>
      ]]></description>
      <styleUrl>#redPinStyle</styleUrl>
      <Point>
        <coordinates>136.601042,35.045076,0</coordinates>
      </Point>
    </Placemark>
    <Placemark>
      <name>MIE03-000402 - 員弁郡 東員町穴太 第12区画</name>
      <description><![CDATA[
        <div style="font-family:sans-serif;">
          <h3>area_id: MIE03-000402</h3>
          <p><b>自治体:</b> 員弁郡</p>
          <p><b>住所:</b> 東員町穴太 第12区画</p>
          <p><b>郵便番号:</b> 〒5100000</p>
          <p><b>選挙区:</b> MIE-03</p>
        </div>
      ]]></description>
      <styleUrl>#redPinStyle</styleUrl>
      <Point>
        <coordinates>136.603998,35.055229,0</coordinates>
      </Point>
    </Placemark>
    <Placemark>
      <name>MIE03-000403 - 員弁郡 東員町笹尾東1丁目 第12区画</name>
      <description><![CDATA[
        <div style="font-family:sans-serif;">
          <h3>area_id: MIE03-000403</h3>
          <p><b>自治体:</b> 員弁郡</p>
          <p><b>住所:</b> 東員町笹尾東1丁目 第12区画</p>
          <p><b>郵便番号:</b> 〒5100000</p>
          <p><b>選挙区:</b> MIE-03</p>
        </div>
      ]]></description>
      <styleUrl>#redPinStyle</styleUrl>
      <Point>
        <coordinates>136.591423,35.048085,0</coordinates>
      </Point>
    </Placemark>
    <Placemark>
      <name>MIE03-000404 - 員弁郡 東員町笹尾東2丁目 第12区画</name>
      <description><![CDATA[
        <div style="font-family:sans-serif;">
          <h3>area_id: MIE03-000404</h3>
          <p><b>自治体:</b> 員弁郡</p>
          <p><b>住所:</b> 東員町笹尾東2丁目 第12区画</p>
          <p><b>郵便番号:</b> 〒5100000</p>
          <p><b>選挙区:</b> MIE-03</p>
        </div>
      ]]></description>
      <styleUrl>#redPinStyle</styleUrl>
      <Point>
        <coordinates>136.609154,35.046029,0</coordinates>
      </Point>
    </Placemark>
    <Placemark>
      <name>MIE03-000405 - 員弁郡 東員町笹尾東3丁目 第12区画</name>
      <description><![CDATA[
        <div style="font-family:sans-serif;">
          <h3>area_id: MIE03-000405</h3>
          <p><b>自治体:</b> 員弁郡</p>
          <p><b>住所:</b> 東員町笹尾東3丁目 第12区画</p>
          <p><b>郵便番号:</b> 〒5100000</p>
          <p><b>選挙区:</b> MIE-03</p>
        </div>
      ]]></description>
      <styleUrl>#redPinStyle</styleUrl>
      <Point>
        <coordinates>136.595978,35.059209,0</coordinates>
      </Point>
    </Placemark>
    <Placemark>
      <name>MIE03-000406 - 三重郡 菰野町大字菰野 第12区画</name>
      <description><![CDATA[
        <div style="font-family:sans-serif;">
          <h3>area_id: MIE03-000406</h3>
          <p><b>自治体:</b> 三重郡</p>
          <p><b>住所:</b> 菰野町大字菰野 第12区画</p>
          <p><b>郵便番号:</b> 〒5100000</p>
          <p><b>選挙区:</b> MIE-03</p>
        </div>
      ]]></description>
      <styleUrl>#redPinStyle</styleUrl>
      <Point>
        <coordinates>136.594949,35.039837,0</coordinates>
      </Point>
    </Placemark>
    <Placemark>
      <name>MIE03-000407 - 三重郡 朝日町大字柿 第12区画</name>
      <description><![CDATA[
        <div style="font-family:sans-serif;">
          <h3>area_id: MIE03-000407</h3>
          <p><b>自治体:</b> 三重郡</p>
          <p><b>住所:</b> 朝日町大字柿 第12区画</p>
          <p><b>郵便番号:</b> 〒5100000</p>
          <p><b>選挙区:</b> MIE-03</p>
        </div>
      ]]></description>
      <styleUrl>#redPinStyle</styleUrl>
      <Point>
        <coordinates>136.613268,35.055156,0</coordinates>
      </Point>
    </Placemark>
    <Placemark>
      <name>MIE03-000408 - 三重郡 川越町大字豊田 第12区画</name>
      <description><![CDATA[
        <div style="font-family:sans-serif;">
          <h3>area_id: MIE03-000408</h3>
          <p><b>自治体:</b> 三重郡</p>
          <p><b>住所:</b> 川越町大字豊田 第12区画</p>
          <p><b>郵便番号:</b> 〒5100000</p>
          <p><b>選挙区:</b> MIE-03</p>
        </div>
      ]]></description>
      <styleUrl>#redPinStyle</styleUrl>
      <Point>
        <coordinates>136.584664,35.054029,0</coordinates>
      </Point>
    </Placemark>
    <Placemark>
      <name>MIE03-000409 - 四日市市（一部） 富田1丁目 第13区画</name>
      <description><![CDATA[
        <div style="font-family:sans-serif;">
          <h3>area_id: MIE03-000409</h3>
          <p><b>自治体:</b> 四日市市（一部）</p>
          <p><b>住所:</b> 富田1丁目 第13区画</p>
          <p><b>郵便番号:</b> 〒5100000</p>
          <p><b>選挙区:</b> MIE-03</p>
        </div>
      ]]></description>
      <styleUrl>#redPinStyle</styleUrl>
      <Point>
        <coordinates>136.64876,34.994256,0</coordinates>
      </Point>
    </Placemark>
    <Placemark>
      <name>MIE03-000410 - 四日市市（一部） 富田2丁目 第13区画</name>
      <description><![CDATA[
        <div style="font-family:sans-serif;">
          <h3>area_id: MIE03-000410</h3>
          <p><b>自治体:</b> 四日市市（一部）</p>
          <p><b>住所:</b> 富田2丁目 第13区画</p>
          <p><b>郵便番号:</b> 〒5100000</p>
          <p><b>選挙区:</b> MIE-03</p>
        </div>
      ]]></description>
      <styleUrl>#redPinStyle</styleUrl>
      <Point>
        <coordinates>136.644104,35.022325,0</coordinates>
      </Point>
    </Placemark>
    <Placemark>
      <name>MIE03-000411 - 四日市市（一部） 富田3丁目 第13区画</name>
      <description><![CDATA[
        <div style="font-family:sans-serif;">
          <h3>area_id: MIE03-000411</h3>
          <p><b>自治体:</b> 四日市市（一部）</p>
          <p><b>住所:</b> 富田3丁目 第13区画</p>
          <p><b>郵便番号:</b> 〒5100000</p>
          <p><b>選挙区:</b> MIE-03</p>
        </div>
      ]]></description>
      <styleUrl>#redPinStyle</styleUrl>
      <Point>
        <coordinates>136.623289,34.997149,0</coordinates>
      </Point>
    </Placemark>
    <Placemark>
      <name>MIE03-000412 - 四日市市（一部） 富州原町 第13区画</name>
      <description><![CDATA[
        <div style="font-family:sans-serif;">
          <h3>area_id: MIE03-000412</h3>
          <p><b>自治体:</b> 四日市市（一部）</p>
          <p><b>住所:</b> 富州原町 第13区画</p>
          <p><b>郵便番号:</b> 〒5100000</p>
          <p><b>選挙区:</b> MIE-03</p>
        </div>
      ]]></description>
      <styleUrl>#redPinStyle</styleUrl>
      <Point>
        <coordinates>136.661653,35.004524,0</coordinates>
      </Point>
    </Placemark>
    <Placemark>
      <name>MIE03-000413 - 四日市市（一部） 羽津1丁目 第13区画</name>
      <description><![CDATA[
        <div style="font-family:sans-serif;">
          <h3>area_id: MIE03-000413</h3>
          <p><b>自治体:</b> 四日市市（一部）</p>
          <p><b>住所:</b> 羽津1丁目 第13区画</p>
          <p><b>郵便番号:</b> 〒5100000</p>
          <p><b>選挙区:</b> MIE-03</p>
        </div>
      ]]></description>
      <styleUrl>#redPinStyle</styleUrl>
      <Point>
        <coordinates>136.625036,35.021761,0</coordinates>
      </Point>
    </Placemark>
    <Placemark>
      <name>MIE03-000414 - 四日市市（一部） 羽津2丁目 第13区画</name>
      <description><![CDATA[
        <div style="font-family:sans-serif;">
          <h3>area_id: MIE03-000414</h3>
          <p><b>自治体:</b> 四日市市（一部）</p>
          <p><b>住所:</b> 羽津2丁目 第13区画</p>
          <p><b>郵便番号:</b> 〒5100000</p>
          <p><b>選挙区:</b> MIE-03</p>
        </div>
      ]]></description>
      <styleUrl>#redPinStyle</styleUrl>
      <Point>
        <coordinates>136.638922,34.98632,0</coordinates>
      </Point>
    </Placemark>
    <Placemark>
      <name>MIE03-000415 - 桑名市 江場1丁目 第13区画</name>
      <description><![CDATA[
        <div style="font-family:sans-serif;">
          <h3>area_id: MIE03-000415</h3>
          <p><b>自治体:</b> 桑名市</p>
          <p><b>住所:</b> 江場1丁目 第13区画</p>
          <p><b>郵便番号:</b> 〒5100000</p>
          <p><b>選挙区:</b> MIE-03</p>
        </div>
      ]]></description>
      <styleUrl>#redPinStyle</styleUrl>
      <Point>
        <coordinates>136.698498,35.079515,0</coordinates>
      </Point>
    </Placemark>
    <Placemark>
      <name>MIE03-000416 - 桑名市 江場2丁目 第13区画</name>
      <description><![CDATA[
        <div style="font-family:sans-serif;">
          <h3>area_id: MIE03-000416</h3>
          <p><b>自治体:</b> 桑名市</p>
          <p><b>住所:</b> 江場2丁目 第13区画</p>
          <p><b>郵便番号:</b> 〒5100000</p>
          <p><b>選挙区:</b> MIE-03</p>
        </div>
      ]]></description>
      <styleUrl>#redPinStyle</styleUrl>
      <Point>
        <coordinates>136.652426,35.063097,0</coordinates>
      </Point>
    </Placemark>
    <Placemark>
      <name>MIE03-000417 - 桑名市 江場3丁目 第13区画</name>
      <description><![CDATA[
        <div style="font-family:sans-serif;">
          <h3>area_id: MIE03-000417</h3>
          <p><b>自治体:</b> 桑名市</p>
          <p><b>住所:</b> 江場3丁目 第13区画</p>
          <p><b>郵便番号:</b> 〒5100000</p>
          <p><b>選挙区:</b> MIE-03</p>
        </div>
      ]]></description>
      <styleUrl>#redPinStyle</styleUrl>
      <Point>
        <coordinates>136.702246,35.048545,0</coordinates>
      </Point>
    </Placemark>
    <Placemark>
      <name>MIE03-000418 - 桑名市 吉之丸 第13区画</name>
      <description><![CDATA[
        <div style="font-family:sans-serif;">
          <h3>area_id: MIE03-000418</h3>
          <p><b>自治体:</b> 桑名市</p>
          <p><b>住所:</b> 吉之丸 第13区画</p>
          <p><b>郵便番号:</b> 〒5100000</p>
          <p><b>選挙区:</b> MIE-03</p>
        </div>
      ]]></description>
      <styleUrl>#redPinStyle</styleUrl>
      <Point>
        <coordinates>136.676022,35.089283,0</coordinates>
      </Point>
    </Placemark>
    <Placemark>
      <name>MIE03-000419 - 桑名市 大山田1丁目 第13区画</name>
      <description><![CDATA[
        <div style="font-family:sans-serif;">
          <h3>area_id: MIE03-000419</h3>
          <p><b>自治体:</b> 桑名市</p>
          <p><b>住所:</b> 大山田1丁目 第13区画</p>
          <p><b>郵便番号:</b> 〒5100000</p>
          <p><b>選挙区:</b> MIE-03</p>
        </div>
      ]]></description>
      <styleUrl>#redPinStyle</styleUrl>
      <Point>
        <coordinates>136.661691,35.042311,0</coordinates>
      </Point>
    </Placemark>
    <Placemark>
      <name>MIE03-000420 - 桑名市 大山田2丁目 第13区画</name>
      <description><![CDATA[
        <div style="font-family:sans-serif;">
          <h3>area_id: MIE03-000420</h3>
          <p><b>自治体:</b> 桑名市</p>
          <p><b>住所:</b> 大山田2丁目 第13区画</p>
          <p><b>郵便番号:</b> 〒5100000</p>
          <p><b>選挙区:</b> MIE-03</p>
        </div>
      ]]></description>
      <styleUrl>#redPinStyle</styleUrl>
      <Point>
        <coordinates>136.712569,35.070117,0</coordinates>
      </Point>
    </Placemark>
    <Placemark>
      <name>MIE03-000421 - 桑名市 大山田3丁目 第13区画</name>
      <description><![CDATA[
        <div style="font-family:sans-serif;">
          <h3>area_id: MIE03-000421</h3>
          <p><b>自治体:</b> 桑名市</p>
          <p><b>住所:</b> 大山田3丁目 第13区画</p>
          <p><b>郵便番号:</b> 〒5100000</p>
          <p><b>選挙区:</b> MIE-03</p>
        </div>
      ]]></description>
      <styleUrl>#redPinStyle</styleUrl>
      <Point>
        <coordinates>136.649862,35.0786,0</coordinates>
      </Point>
    </Placemark>
    <Placemark>
      <name>MIE03-000422 - 桑名市 大山田4丁目 第13区画</name>
      <description><![CDATA[
        <div style="font-family:sans-serif;">
          <h3>area_id: MIE03-000422</h3>
          <p><b>自治体:</b> 桑名市</p>
          <p><b>住所:</b> 大山田4丁目 第13区画</p>
          <p><b>郵便番号:</b> 〒5100000</p>
          <p><b>選挙区:</b> MIE-03</p>
        </div>
      ]]></description>
      <styleUrl>#redPinStyle</styleUrl>
      <Point>
        <coordinates>136.690898,35.035298,0</coordinates>
      </Point>
    </Placemark>
    <Placemark>
      <name>MIE03-000423 - 桑名市 大山田5丁目 第13区画</name>
      <description><![CDATA[
        <div style="font-family:sans-serif;">
          <h3>area_id: MIE03-000423</h3>
          <p><b>自治体:</b> 桑名市</p>
          <p><b>住所:</b> 大山田5丁目 第13区画</p>
          <p><b>郵便番号:</b> 〒5100000</p>
          <p><b>選挙区:</b> MIE-03</p>
        </div>
      ]]></description>
      <styleUrl>#redPinStyle</styleUrl>
      <Point>
        <coordinates>136.695924,35.092558,0</coordinates>
      </Point>
    </Placemark>
    <Placemark>
      <name>MIE03-000424 - 桑名市 大山田6丁目 第13区画</name>
      <description><![CDATA[
        <div style="font-family:sans-serif;">
          <h3>area_id: MIE03-000424</h3>
          <p><b>自治体:</b> 桑名市</p>
          <p><b>住所:</b> 大山田6丁目 第13区画</p>
          <p><b>郵便番号:</b> 〒5100000</p>
          <p><b>選挙区:</b> MIE-03</p>
        </div>
      ]]></description>
      <styleUrl>#redPinStyle</styleUrl>
      <Point>
        <coordinates>136.643858,35.051625,0</coordinates>
      </Point>
    </Placemark>
    <Placemark>
      <name>MIE03-000425 - 桑名市 大山田7丁目 第13区画</name>
      <description><![CDATA[
        <div style="font-family:sans-serif;">
          <h3>area_id: MIE03-000425</h3>
          <p><b>自治体:</b> 桑名市</p>
          <p><b>住所:</b> 大山田7丁目 第13区画</p>
          <p><b>郵便番号:</b> 〒5100000</p>
          <p><b>選挙区:</b> MIE-03</p>
        </div>
      ]]></description>
      <styleUrl>#redPinStyle</styleUrl>
      <Point>
        <coordinates>136.718114,35.05254,0</coordinates>
      </Point>
    </Placemark>
    <Placemark>
      <name>MIE03-000426 - 桑名市 大山田8丁目 第13区画</name>
      <description><![CDATA[
        <div style="font-family:sans-serif;">
          <h3>area_id: MIE03-000426</h3>
          <p><b>自治体:</b> 桑名市</p>
          <p><b>住所:</b> 大山田8丁目 第13区画</p>
          <p><b>郵便番号:</b> 〒5100000</p>
          <p><b>選挙区:</b> MIE-03</p>
        </div>
      ]]></description>
      <styleUrl>#redPinStyle</styleUrl>
      <Point>
        <coordinates>136.67723,35.068535,0</coordinates>
      </Point>
    </Placemark>
    <Placemark>
      <name>MIE03-000427 - 桑名市 播磨 第13区画</name>
      <description><![CDATA[
        <div style="font-family:sans-serif;">
          <h3>area_id: MIE03-000427</h3>
          <p><b>自治体:</b> 桑名市</p>
          <p><b>住所:</b> 播磨 第13区画</p>
          <p><b>郵便番号:</b> 〒5100000</p>
          <p><b>選挙区:</b> MIE-03</p>
        </div>
      ]]></description>
      <styleUrl>#redPinStyle</styleUrl>
      <Point>
        <coordinates>136.678074,35.058111,0</coordinates>
      </Point>
    </Placemark>
    <Placemark>
      <name>MIE03-000428 - 桑名市 多度町香取 第13区画</name>
      <description><![CDATA[
        <div style="font-family:sans-serif;">
          <h3>area_id: MIE03-000428</h3>
          <p><b>自治体:</b> 桑名市</p>
          <p><b>住所:</b> 多度町香取 第13区画</p>
          <p><b>郵便番号:</b> 〒5100000</p>
          <p><b>選挙区:</b> MIE-03</p>
        </div>
      ]]></description>
      <styleUrl>#redPinStyle</styleUrl>
      <Point>
        <coordinates>136.687489,35.068076,0</coordinates>
      </Point>
    </Placemark>
    <Placemark>
      <name>MIE03-000429 - 桑名市 長島町駒江 第13区画</name>
      <description><![CDATA[
        <div style="font-family:sans-serif;">
          <h3>area_id: MIE03-000429</h3>
          <p><b>自治体:</b> 桑名市</p>
          <p><b>住所:</b> 長島町駒江 第13区画</p>
          <p><b>郵便番号:</b> 〒5100000</p>
          <p><b>選挙区:</b> MIE-03</p>
        </div>
      ]]></description>
      <styleUrl>#redPinStyle</styleUrl>
      <Point>
        <coordinates>136.669837,35.065593,0</coordinates>
      </Point>
    </Placemark>
    <Placemark>
      <name>MIE03-000430 - いなべ市 員弁町大泉 第13区画</name>
      <description><![CDATA[
        <div style="font-family:sans-serif;">
          <h3>area_id: MIE03-000430</h3>
          <p><b>自治体:</b> いなべ市</p>
          <p><b>住所:</b> 員弁町大泉 第13区画</p>
          <p><b>郵便番号:</b> 〒5100000</p>
          <p><b>選挙区:</b> MIE-03</p>
        </div>
      ]]></description>
      <styleUrl>#redPinStyle</styleUrl>
      <Point>
        <coordinates>136.523159,35.150625,0</coordinates>
      </Point>
    </Placemark>
    <Placemark>
      <name>MIE03-000431 - いなべ市 北勢町阿下喜 第13区画</name>
      <description><![CDATA[
        <div style="font-family:sans-serif;">
          <h3>area_id: MIE03-000431</h3>
          <p><b>自治体:</b> いなべ市</p>
          <p><b>住所:</b> 北勢町阿下喜 第13区画</p>
          <p><b>郵便番号:</b> 〒5100000</p>
          <p><b>選挙区:</b> MIE-03</p>
        </div>
      ]]></description>
      <styleUrl>#redPinStyle</styleUrl>
      <Point>
        <coordinates>136.51715,35.169358,0</coordinates>
      </Point>
    </Placemark>
    <Placemark>
      <name>MIE03-000432 - いなべ市 大安町丹生川 第13区画</name>
      <description><![CDATA[
        <div style="font-family:sans-serif;">
          <h3>area_id: MIE03-000432</h3>
          <p><b>自治体:</b> いなべ市</p>
          <p><b>住所:</b> 大安町丹生川 第13区画</p>
          <p><b>郵便番号:</b> 〒5100000</p>
          <p><b>選挙区:</b> MIE-03</p>
        </div>
      ]]></description>
      <styleUrl>#redPinStyle</styleUrl>
      <Point>
        <coordinates>136.505206,35.150158,0</coordinates>
      </Point>
    </Placemark>
    <Placemark>
      <name>MIE03-000433 - いなべ市 藤原町市場 第13区画</name>
      <description><![CDATA[
        <div style="font-family:sans-serif;">
          <h3>area_id: MIE03-000433</h3>
          <p><b>自治体:</b> いなべ市</p>
          <p><b>住所:</b> 藤原町市場 第13区画</p>
          <p><b>郵便番号:</b> 〒5100000</p>
          <p><b>選挙区:</b> MIE-03</p>
        </div>
      ]]></description>
      <styleUrl>#redPinStyle</styleUrl>
      <Point>
        <coordinates>136.53208,35.1584,0</coordinates>
      </Point>
    </Placemark>
    <Placemark>
      <name>MIE03-000434 - 桑名郡 木曽岬町加畑 第13区画</name>
      <description><![CDATA[
        <div style="font-family:sans-serif;">
          <h3>area_id: MIE03-000434</h3>
          <p><b>自治体:</b> 桑名郡</p>
          <p><b>住所:</b> 木曽岬町加畑 第13区画</p>
          <p><b>郵便番号:</b> 〒5100000</p>
          <p><b>選挙区:</b> MIE-03</p>
        </div>
      ]]></description>
      <styleUrl>#redPinStyle</styleUrl>
      <Point>
        <coordinates>136.587083,35.059864,0</coordinates>
      </Point>
    </Placemark>
    <Placemark>
      <name>MIE03-000435 - 桑名郡 木曽岬町源緑輪中 第13区画</name>
      <description><![CDATA[
        <div style="font-family:sans-serif;">
          <h3>area_id: MIE03-000435</h3>
          <p><b>自治体:</b> 桑名郡</p>
          <p><b>住所:</b> 木曽岬町源緑輪中 第13区画</p>
          <p><b>郵便番号:</b> 〒5100000</p>
          <p><b>選挙区:</b> MIE-03</p>
        </div>
      ]]></description>
      <styleUrl>#redPinStyle</styleUrl>
      <Point>
        <coordinates>136.601652,35.03426,0</coordinates>
      </Point>
    </Placemark>
    <Placemark>
      <name>MIE03-000436 - 員弁郡 東員町穴太 第13区画</name>
      <description><![CDATA[
        <div style="font-family:sans-serif;">
          <h3>area_id: MIE03-000436</h3>
          <p><b>自治体:</b> 員弁郡</p>
          <p><b>住所:</b> 東員町穴太 第13区画</p>
          <p><b>郵便番号:</b> 〒5100000</p>
          <p><b>選挙区:</b> MIE-03</p>
        </div>
      ]]></description>
      <styleUrl>#redPinStyle</styleUrl>
      <Point>
        <coordinates>136.612419,35.063487,0</coordinates>
      </Point>
    </Placemark>
    <Placemark>
      <name>MIE03-000437 - 員弁郡 東員町笹尾東1丁目 第13区画</name>
      <description><![CDATA[
        <div style="font-family:sans-serif;">
          <h3>area_id: MIE03-000437</h3>
          <p><b>自治体:</b> 員弁郡</p>
          <p><b>住所:</b> 東員町笹尾東1丁目 第13区画</p>
          <p><b>郵便番号:</b> 〒5100000</p>
          <p><b>選挙区:</b> MIE-03</p>
        </div>
      ]]></description>
      <styleUrl>#redPinStyle</styleUrl>
      <Point>
        <coordinates>136.578492,35.04684,0</coordinates>
      </Point>
    </Placemark>
    <Placemark>
      <name>MIE03-000438 - 員弁郡 東員町笹尾東2丁目 第13区画</name>
      <description><![CDATA[
        <div style="font-family:sans-serif;">
          <h3>area_id: MIE03-000438</h3>
          <p><b>自治体:</b> 員弁郡</p>
          <p><b>住所:</b> 東員町笹尾東2丁目 第13区画</p>
          <p><b>郵便番号:</b> 〒5100000</p>
          <p><b>選挙区:</b> MIE-03</p>
        </div>
      ]]></description>
      <styleUrl>#redPinStyle</styleUrl>
      <Point>
        <coordinates>136.619634,35.039576,0</coordinates>
      </Point>
    </Placemark>
    <Placemark>
      <name>MIE03-000439 - 員弁郡 東員町笹尾東3丁目 第13区画</name>
      <description><![CDATA[
        <div style="font-family:sans-serif;">
          <h3>area_id: MIE03-000439</h3>
          <p><b>自治体:</b> 員弁郡</p>
          <p><b>住所:</b> 東員町笹尾東3丁目 第13区画</p>
          <p><b>郵便番号:</b> 〒5100000</p>
          <p><b>選挙区:</b> MIE-03</p>
        </div>
      ]]></description>
      <styleUrl>#redPinStyle</styleUrl>
      <Point>
        <coordinates>136.593602,35.069898,0</coordinates>
      </Point>
    </Placemark>
    <Placemark>
      <name>MIE03-000440 - 三重郡 菰野町大字菰野 第13区画</name>
      <description><![CDATA[
        <div style="font-family:sans-serif;">
          <h3>area_id: MIE03-000440</h3>
          <p><b>自治体:</b> 三重郡</p>
          <p><b>住所:</b> 菰野町大字菰野 第13区画</p>
          <p><b>郵便番号:</b> 〒5100000</p>
          <p><b>選挙区:</b> MIE-03</p>
        </div>
      ]]></description>
      <styleUrl>#redPinStyle</styleUrl>
      <Point>
        <coordinates>136.587921,35.030663,0</coordinates>
      </Point>
    </Placemark>
    <Placemark>
      <name>MIE03-000441 - 三重郡 朝日町大字柿 第13区画</name>
      <description><![CDATA[
        <div style="font-family:sans-serif;">
          <h3>area_id: MIE03-000441</h3>
          <p><b>自治体:</b> 三重郡</p>
          <p><b>住所:</b> 朝日町大字柿 第13区画</p>
          <p><b>郵便番号:</b> 〒5100000</p>
          <p><b>選挙区:</b> MIE-03</p>
        </div>
      ]]></description>
      <styleUrl>#redPinStyle</styleUrl>
      <Point>
        <coordinates>136.625936,35.057866,0</coordinates>
      </Point>
    </Placemark>
    <Placemark>
      <name>MIE03-000442 - 三重郡 川越町大字豊田 第13区画</name>
      <description><![CDATA[
        <div style="font-family:sans-serif;">
          <h3>area_id: MIE03-000442</h3>
          <p><b>自治体:</b> 三重郡</p>
          <p><b>住所:</b> 川越町大字豊田 第13区画</p>
          <p><b>郵便番号:</b> 〒5100000</p>
          <p><b>選挙区:</b> MIE-03</p>
        </div>
      ]]></description>
      <styleUrl>#redPinStyle</styleUrl>
      <Point>
        <coordinates>136.573171,35.059261,0</coordinates>
      </Point>
    </Placemark>
    <Placemark>
      <name>MIE03-000443 - 四日市市（一部） 富田1丁目 第14区画</name>
      <description><![CDATA[
        <div style="font-family:sans-serif;">
          <h3>area_id: MIE03-000443</h3>
          <p><b>自治体:</b> 四日市市（一部）</p>
          <p><b>住所:</b> 富田1丁目 第14区画</p>
          <p><b>郵便番号:</b> 〒5100000</p>
          <p><b>選挙区:</b> MIE-03</p>
        </div>
      ]]></description>
      <styleUrl>#redPinStyle</styleUrl>
      <Point>
        <coordinates>136.652881,34.98388,0</coordinates>
      </Point>
    </Placemark>
    <Placemark>
      <name>MIE03-000444 - 四日市市（一部） 富田2丁目 第14区画</name>
      <description><![CDATA[
        <div style="font-family:sans-serif;">
          <h3>area_id: MIE03-000444</h3>
          <p><b>自治体:</b> 四日市市（一部）</p>
          <p><b>住所:</b> 富田2丁目 第14区画</p>
          <p><b>郵便番号:</b> 〒5100000</p>
          <p><b>選挙区:</b> MIE-03</p>
        </div>
      ]]></description>
      <styleUrl>#redPinStyle</styleUrl>
      <Point>
        <coordinates>136.649599,35.032269,0</coordinates>
      </Point>
    </Placemark>
    <Placemark>
      <name>MIE03-000445 - 四日市市（一部） 富田3丁目 第14区画</name>
      <description><![CDATA[
        <div style="font-family:sans-serif;">
          <h3>area_id: MIE03-000445</h3>
          <p><b>自治体:</b> 四日市市（一部）</p>
          <p><b>住所:</b> 富田3丁目 第14区画</p>
          <p><b>郵便番号:</b> 〒5100000</p>
          <p><b>選挙区:</b> MIE-03</p>
        </div>
      ]]></description>
      <styleUrl>#redPinStyle</styleUrl>
      <Point>
        <coordinates>136.611109,34.993,0</coordinates>
      </Point>
    </Placemark>
    <Placemark>
      <name>MIE03-000446 - 四日市市（一部） 富州原町 第14区画</name>
      <description><![CDATA[
        <div style="font-family:sans-serif;">
          <h3>area_id: MIE03-000446</h3>
          <p><b>自治体:</b> 四日市市（一部）</p>
          <p><b>住所:</b> 富州原町 第14区画</p>
          <p><b>郵便番号:</b> 〒5100000</p>
          <p><b>選挙区:</b> MIE-03</p>
        </div>
      ]]></description>
      <styleUrl>#redPinStyle</styleUrl>
      <Point>
        <coordinates>136.673975,35.000623,0</coordinates>
      </Point>
    </Placemark>
    <Placemark>
      <name>MIE03-000447 - 四日市市（一部） 羽津1丁目 第14区画</name>
      <description><![CDATA[
        <div style="font-family:sans-serif;">
          <h3>area_id: MIE03-000447</h3>
          <p><b>自治体:</b> 四日市市（一部）</p>
          <p><b>住所:</b> 羽津1丁目 第14区画</p>
          <p><b>郵便番号:</b> 〒5100000</p>
          <p><b>選挙区:</b> MIE-03</p>
        </div>
      ]]></description>
      <styleUrl>#redPinStyle</styleUrl>
      <Point>
        <coordinates>136.619214,35.031638,0</coordinates>
      </Point>
    </Placemark>
    <Placemark>
      <name>MIE03-000448 - 四日市市（一部） 羽津2丁目 第14区画</name>
      <description><![CDATA[
        <div style="font-family:sans-serif;">
          <h3>area_id: MIE03-000448</h3>
          <p><b>自治体:</b> 四日市市（一部）</p>
          <p><b>住所:</b> 羽津2丁目 第14区画</p>
          <p><b>郵便番号:</b> 〒5100000</p>
          <p><b>選挙区:</b> MIE-03</p>
        </div>
      ]]></description>
      <styleUrl>#redPinStyle</styleUrl>
      <Point>
        <coordinates>136.635082,34.975769,0</coordinates>
      </Point>
    </Placemark>
    <Placemark>
      <name>MIE03-000449 - 桑名市 江場1丁目 第14区画</name>
      <description><![CDATA[
        <div style="font-family:sans-serif;">
          <h3>area_id: MIE03-000449</h3>
          <p><b>自治体:</b> 桑名市</p>
          <p><b>住所:</b> 江場1丁目 第14区画</p>
          <p><b>郵便番号:</b> 〒5100000</p>
          <p><b>選挙区:</b> MIE-03</p>
        </div>
      ]]></description>
      <styleUrl>#redPinStyle</styleUrl>
      <Point>
        <coordinates>136.709968,35.085055,0</coordinates>
      </Point>
    </Placemark>
    <Placemark>
      <name>MIE03-000450 - 桑名市 江場2丁目 第14区画</name>
      <description><![CDATA[
        <div style="font-family:sans-serif;">
          <h3>area_id: MIE03-000450</h3>
          <p><b>自治体:</b> 桑名市</p>
          <p><b>住所:</b> 江場2丁目 第14区画</p>
          <p><b>郵便番号:</b> 〒5100000</p>
          <p><b>選挙区:</b> MIE-03</p>
        </div>
      ]]></description>
      <styleUrl>#redPinStyle</styleUrl>
      <Point>
        <coordinates>136.639479,35.065574,0</coordinates>
      </Point>
    </Placemark>
    <Placemark>
      <name>MIE03-000451 - 桑名市 江場3丁目 第14区画</name>
      <description><![CDATA[
        <div style="font-family:sans-serif;">
          <h3>area_id: MIE03-000451</h3>
          <p><b>自治体:</b> 桑名市</p>
          <p><b>住所:</b> 江場3丁目 第14区画</p>
          <p><b>郵便番号:</b> 〒5100000</p>
          <p><b>選挙区:</b> MIE-03</p>
        </div>
      ]]></description>
      <styleUrl>#redPinStyle</styleUrl>
      <Point>
        <coordinates>136.684243,35.060564,0</coordinates>
      </Point>
    </Placemark>
    <Placemark>
      <name>MIE03-000452 - 桑名市 吉之丸 第14区画</name>
      <description><![CDATA[
        <div style="font-family:sans-serif;">
          <h3>area_id: MIE03-000452</h3>
          <p><b>自治体:</b> 桑名市</p>
          <p><b>住所:</b> 吉之丸 第14区画</p>
          <p><b>郵便番号:</b> 〒5100000</p>
          <p><b>選挙区:</b> MIE-03</p>
        </div>
      ]]></description>
      <styleUrl>#redPinStyle</styleUrl>
      <Point>
        <coordinates>136.679675,35.070294,0</coordinates>
      </Point>
    </Placemark>
    <Placemark>
      <name>MIE03-000453 - 桑名市 大山田1丁目 第14区画</name>
      <description><![CDATA[
        <div style="font-family:sans-serif;">
          <h3>area_id: MIE03-000453</h3>
          <p><b>自治体:</b> 桑名市</p>
          <p><b>住所:</b> 大山田1丁目 第14区画</p>
          <p><b>郵便番号:</b> 〒5100000</p>
          <p><b>選挙区:</b> MIE-03</p>
        </div>
      ]]></description>
      <styleUrl>#redPinStyle</styleUrl>
      <Point>
        <coordinates>136.674292,35.058431,0</coordinates>
      </Point>
    </Placemark>
    <Placemark>
      <name>MIE03-000454 - 桑名市 大山田2丁目 第14区画</name>
      <description><![CDATA[
        <div style="font-family:sans-serif;">
          <h3>area_id: MIE03-000454</h3>
          <p><b>自治体:</b> 桑名市</p>
          <p><b>住所:</b> 大山田2丁目 第14区画</p>
          <p><b>郵便番号:</b> 〒5100000</p>
          <p><b>選挙区:</b> MIE-03</p>
        </div>
      ]]></description>
      <styleUrl>#redPinStyle</styleUrl>
      <Point>
        <coordinates>136.690232,35.065223,0</coordinates>
      </Point>
    </Placemark>
    <Placemark>
      <name>MIE03-000455 - 桑名市 大山田3丁目 第14区画</name>
      <description><![CDATA[
        <div style="font-family:sans-serif;">
          <h3>area_id: MIE03-000455</h3>
          <p><b>自治体:</b> 桑名市</p>
          <p><b>住所:</b> 大山田3丁目 第14区画</p>
          <p><b>郵便番号:</b> 〒5100000</p>
          <p><b>選挙区:</b> MIE-03</p>
        </div>
      ]]></description>
      <styleUrl>#redPinStyle</styleUrl>
      <Point>
        <coordinates>136.670367,35.069721,0</coordinates>
      </Point>
    </Placemark>
    <Placemark>
      <name>MIE03-000456 - 桑名市 大山田4丁目 第14区画</name>
      <description><![CDATA[
        <div style="font-family:sans-serif;">
          <h3>area_id: MIE03-000456</h3>
          <p><b>自治体:</b> 桑名市</p>
          <p><b>住所:</b> 大山田4丁目 第14区画</p>
          <p><b>郵便番号:</b> 〒5100000</p>
          <p><b>選挙区:</b> MIE-03</p>
        </div>
      ]]></description>
      <styleUrl>#redPinStyle</styleUrl>
      <Point>
        <coordinates>136.682857,35.053361,0</coordinates>
      </Point>
    </Placemark>
    <Placemark>
      <name>MIE03-000457 - 桑名市 大山田5丁目 第14区画</name>
      <description><![CDATA[
        <div style="font-family:sans-serif;">
          <h3>area_id: MIE03-000457</h3>
          <p><b>自治体:</b> 桑名市</p>
          <p><b>住所:</b> 大山田5丁目 第14区画</p>
          <p><b>郵便番号:</b> 〒5100000</p>
          <p><b>選挙区:</b> MIE-03</p>
        </div>
      ]]></description>
      <styleUrl>#redPinStyle</styleUrl>
      <Point>
        <coordinates>136.68732,35.074666,0</coordinates>
      </Point>
    </Placemark>
    <Placemark>
      <name>MIE03-000458 - 桑名市 大山田6丁目 第14区画</name>
      <description><![CDATA[
        <div style="font-family:sans-serif;">
          <h3>area_id: MIE03-000458</h3>
          <p><b>自治体:</b> 桑名市</p>
          <p><b>住所:</b> 大山田6丁目 第14区画</p>
          <p><b>郵便番号:</b> 〒5100000</p>
          <p><b>選挙区:</b> MIE-03</p>
        </div>
      ]]></description>
      <styleUrl>#redPinStyle</styleUrl>
      <Point>
        <coordinates>136.664664,35.060071,0</coordinates>
      </Point>
    </Placemark>
    <Placemark>
      <name>MIE03-000459 - 桑名市 大山田7丁目 第14区画</name>
      <description><![CDATA[
        <div style="font-family:sans-serif;">
          <h3>area_id: MIE03-000459</h3>
          <p><b>自治体:</b> 桑名市</p>
          <p><b>住所:</b> 大山田7丁目 第14区画</p>
          <p><b>郵便番号:</b> 〒5100000</p>
          <p><b>選挙区:</b> MIE-03</p>
        </div>
      ]]></description>
      <styleUrl>#redPinStyle</styleUrl>
      <Point>
        <coordinates>136.695879,35.05793,0</coordinates>
      </Point>
    </Placemark>
    <Placemark>
      <name>MIE03-000460 - 桑名市 大山田8丁目 第14区画</name>
      <description><![CDATA[
        <div style="font-family:sans-serif;">
          <h3>area_id: MIE03-000460</h3>
          <p><b>自治体:</b> 桑名市</p>
          <p><b>住所:</b> 大山田8丁目 第14区画</p>
          <p><b>郵便番号:</b> 〒5100000</p>
          <p><b>選挙区:</b> MIE-03</p>
        </div>
      ]]></description>
      <styleUrl>#redPinStyle</styleUrl>
      <Point>
        <coordinates>136.672744,35.078697,0</coordinates>
      </Point>
    </Placemark>
    <Placemark>
      <name>MIE03-000461 - 桑名市 播磨 第14区画</name>
      <description><![CDATA[
        <div style="font-family:sans-serif;">
          <h3>area_id: MIE03-000461</h3>
          <p><b>自治体:</b> 桑名市</p>
          <p><b>住所:</b> 播磨 第14区画</p>
          <p><b>郵便番号:</b> 〒5100000</p>
          <p><b>選挙区:</b> MIE-03</p>
        </div>
      ]]></description>
      <styleUrl>#redPinStyle</styleUrl>
      <Point>
        <coordinates>136.673023,35.048125,0</coordinates>
      </Point>
    </Placemark>
    <Placemark>
      <name>MIE03-000462 - 桑名市 多度町香取 第14区画</name>
      <description><![CDATA[
        <div style="font-family:sans-serif;">
          <h3>area_id: MIE03-000462</h3>
          <p><b>自治体:</b> 桑名市</p>
          <p><b>住所:</b> 多度町香取 第14区画</p>
          <p><b>郵便番号:</b> 〒5100000</p>
          <p><b>選挙区:</b> MIE-03</p>
        </div>
      ]]></description>
      <styleUrl>#redPinStyle</styleUrl>
      <Point>
        <coordinates>136.699372,35.072504,0</coordinates>
      </Point>
    </Placemark>
    <Placemark>
      <name>MIE03-000463 - 桑名市 長島町駒江 第14区画</name>
      <description><![CDATA[
        <div style="font-family:sans-serif;">
          <h3>area_id: MIE03-000463</h3>
          <p><b>自治体:</b> 桑名市</p>
          <p><b>住所:</b> 長島町駒江 第14区画</p>
          <p><b>郵便番号:</b> 〒5100000</p>
          <p><b>選挙区:</b> MIE-03</p>
        </div>
      ]]></description>
      <styleUrl>#redPinStyle</styleUrl>
      <Point>
        <coordinates>136.657513,35.069121,0</coordinates>
      </Point>
    </Placemark>
    <Placemark>
      <name>MIE03-000464 - いなべ市 員弁町大泉 第14区画</name>
      <description><![CDATA[
        <div style="font-family:sans-serif;">
          <h3>area_id: MIE03-000464</h3>
          <p><b>自治体:</b> いなべ市</p>
          <p><b>住所:</b> 員弁町大泉 第14区画</p>
          <p><b>郵便番号:</b> 〒5100000</p>
          <p><b>選挙区:</b> MIE-03</p>
        </div>
      ]]></description>
      <styleUrl>#redPinStyle</styleUrl>
      <Point>
        <coordinates>136.529282,35.141026,0</coordinates>
      </Point>
    </Placemark>
    <Placemark>
      <name>MIE03-000465 - いなべ市 北勢町阿下喜 第14区画</name>
      <description><![CDATA[
        <div style="font-family:sans-serif;">
          <h3>area_id: MIE03-000465</h3>
          <p><b>自治体:</b> いなべ市</p>
          <p><b>住所:</b> 北勢町阿下喜 第14区画</p>
          <p><b>郵便番号:</b> 〒5100000</p>
          <p><b>選挙区:</b> MIE-03</p>
        </div>
      ]]></description>
      <styleUrl>#redPinStyle</styleUrl>
      <Point>
        <coordinates>136.520543,35.179869,0</coordinates>
      </Point>
    </Placemark>
    <Placemark>
      <name>MIE03-000466 - いなべ市 大安町丹生川 第14区画</name>
      <description><![CDATA[
        <div style="font-family:sans-serif;">
          <h3>area_id: MIE03-000466</h3>
          <p><b>自治体:</b> いなべ市</p>
          <p><b>住所:</b> 大安町丹生川 第14区画</p>
          <p><b>郵便番号:</b> 〒5100000</p>
          <p><b>選挙区:</b> MIE-03</p>
        </div>
      ]]></description>
      <styleUrl>#redPinStyle</styleUrl>
      <Point>
        <coordinates>136.494103,35.144398,0</coordinates>
      </Point>
    </Placemark>
    <Placemark>
      <name>MIE03-000467 - いなべ市 藤原町市場 第14区画</name>
      <description><![CDATA[
        <div style="font-family:sans-serif;">
          <h3>area_id: MIE03-000467</h3>
          <p><b>自治体:</b> いなべ市</p>
          <p><b>住所:</b> 藤原町市場 第14区画</p>
          <p><b>郵便番号:</b> 〒5100000</p>
          <p><b>選挙区:</b> MIE-03</p>
        </div>
      ]]></description>
      <styleUrl>#redPinStyle</styleUrl>
      <Point>
        <coordinates>136.544929,35.156291,0</coordinates>
      </Point>
    </Placemark>
    <Placemark>
      <name>MIE03-000468 - 桑名郡 木曽岬町加畑 第14区画</name>
      <description><![CDATA[
        <div style="font-family:sans-serif;">
          <h3>area_id: MIE03-000468</h3>
          <p><b>自治体:</b> 桑名郡</p>
          <p><b>住所:</b> 木曽岬町加畑 第14区画</p>
          <p><b>郵便番号:</b> 〒5100000</p>
          <p><b>選挙区:</b> MIE-03</p>
        </div>
      ]]></description>
      <styleUrl>#redPinStyle</styleUrl>
      <Point>
        <coordinates>136.579408,35.068727,0</coordinates>
      </Point>
    </Placemark>
    <Placemark>
      <name>MIE03-000469 - 桑名郡 木曽岬町源緑輪中 第14区画</name>
      <description><![CDATA[
        <div style="font-family:sans-serif;">
          <h3>area_id: MIE03-000469</h3>
          <p><b>自治体:</b> 桑名郡</p>
          <p><b>住所:</b> 木曽岬町源緑輪中 第14区画</p>
          <p><b>郵便番号:</b> 〒5100000</p>
          <p><b>選挙区:</b> MIE-03</p>
        </div>
      ]]></description>
      <styleUrl>#redPinStyle</styleUrl>
      <Point>
        <coordinates>136.6,35.0234,0</coordinates>
      </Point>
    </Placemark>
    <Placemark>
      <name>MIE03-000470 - 員弁郡 東員町穴太 第14区画</name>
      <description><![CDATA[
        <div style="font-family:sans-serif;">
          <h3>area_id: MIE03-000470</h3>
          <p><b>自治体:</b> 員弁郡</p>
          <p><b>住所:</b> 東員町穴太 第14区画</p>
          <p><b>郵便番号:</b> 〒5100000</p>
          <p><b>選挙区:</b> MIE-03</p>
        </div>
      ]]></description>
      <styleUrl>#redPinStyle</styleUrl>
      <Point>
        <coordinates>136.622538,35.070496,0</coordinates>
      </Point>
    </Placemark>
    <Placemark>
      <name>MIE03-000471 - 員弁郡 東員町笹尾東1丁目 第14区画</name>
      <description><![CDATA[
        <div style="font-family:sans-serif;">
          <h3>area_id: MIE03-000471</h3>
          <p><b>自治体:</b> 員弁郡</p>
          <p><b>住所:</b> 東員町笹尾東1丁目 第14区画</p>
          <p><b>郵便番号:</b> 〒5100000</p>
          <p><b>選挙区:</b> MIE-03</p>
        </div>
      ]]></description>
      <styleUrl>#redPinStyle</styleUrl>
      <Point>
        <coordinates>136.565332,35.047472,0</coordinates>
      </Point>
    </Placemark>
    <Placemark>
      <name>MIE03-000472 - 員弁郡 東員町笹尾東2丁目 第14区画</name>
      <description><![CDATA[
        <div style="font-family:sans-serif;">
          <h3>area_id: MIE03-000472</h3>
          <p><b>自治体:</b> 員弁郡</p>
          <p><b>住所:</b> 東員町笹尾東2丁目 第14区画</p>
          <p><b>郵便番号:</b> 〒5100000</p>
          <p><b>選挙区:</b> MIE-03</p>
        </div>
      ]]></description>
      <styleUrl>#redPinStyle</styleUrl>
      <Point>
        <coordinates>136.628751,35.031615,0</coordinates>
      </Point>
    </Placemark>
    <Placemark>
      <name>MIE03-000473 - 員弁郡 東員町笹尾東3丁目 第14区画</name>
      <description><![CDATA[
        <div style="font-family:sans-serif;">
          <h3>area_id: MIE03-000473</h3>
          <p><b>自治体:</b> 員弁郡</p>
          <p><b>住所:</b> 東員町笹尾東3丁目 第14区画</p>
          <p><b>郵便番号:</b> 〒5100000</p>
          <p><b>選挙区:</b> MIE-03</p>
        </div>
      ]]></description>
      <styleUrl>#redPinStyle</styleUrl>
      <Point>
        <coordinates>136.593457,35.080923,0</coordinates>
      </Point>
    </Placemark>
    <Placemark>
      <name>MIE03-000474 - 三重郡 菰野町大字菰野 第14区画</name>
      <description><![CDATA[
        <div style="font-family:sans-serif;">
          <h3>area_id: MIE03-000474</h3>
          <p><b>自治体:</b> 三重郡</p>
          <p><b>住所:</b> 菰野町大字菰野 第14区画</p>
          <p><b>郵便番号:</b> 〒5100000</p>
          <p><b>選挙区:</b> MIE-03</p>
        </div>
      ]]></description>
      <styleUrl>#redPinStyle</styleUrl>
      <Point>
        <coordinates>136.578981,35.022505,0</coordinates>
      </Point>
    </Placemark>
    <Placemark>
      <name>MIE03-000475 - 三重郡 朝日町大字柿 第14区画</name>
      <description><![CDATA[
        <div style="font-family:sans-serif;">
          <h3>area_id: MIE03-000475</h3>
          <p><b>自治体:</b> 三重郡</p>
          <p><b>住所:</b> 朝日町大字柿 第14区画</p>
          <p><b>郵便番号:</b> 〒5100000</p>
          <p><b>選挙区:</b> MIE-03</p>
        </div>
      ]]></description>
      <styleUrl>#redPinStyle</styleUrl>
      <Point>
        <coordinates>136.639178,35.058748,0</coordinates>
      </Point>
    </Placemark>
    <Placemark>
      <name>MIE03-000476 - 三重郡 川越町大字豊田 第14区画</name>
      <description><![CDATA[
        <div style="font-family:sans-serif;">
          <h3>area_id: MIE03-000476</h3>
          <p><b>自治体:</b> 三重郡</p>
          <p><b>住所:</b> 川越町大字豊田 第14区画</p>
          <p><b>郵便番号:</b> 〒5100000</p>
          <p><b>選挙区:</b> MIE-03</p>
        </div>
      ]]></description>
      <styleUrl>#redPinStyle</styleUrl>
      <Point>
        <coordinates>136.594678,35.052309,0</coordinates>
      </Point>
    </Placemark>
    <Placemark>
      <name>MIE03-000477 - 四日市市（一部） 富田1丁目 第15区画</name>
      <description><![CDATA[
        <div style="font-family:sans-serif;">
          <h3>area_id: MIE03-000477</h3>
          <p><b>自治体:</b> 四日市市（一部）</p>
          <p><b>住所:</b> 富田1丁目 第15区画</p>
          <p><b>郵便番号:</b> 〒5100000</p>
          <p><b>選挙区:</b> MIE-03</p>
        </div>
      ]]></description>
      <styleUrl>#redPinStyle</styleUrl>
      <Point>
        <coordinates>136.642545,35.001074,0</coordinates>
      </Point>
    </Placemark>
    <Placemark>
      <name>MIE03-000478 - 四日市市（一部） 富田2丁目 第15区画</name>
      <description><![CDATA[
        <div style="font-family:sans-serif;">
          <h3>area_id: MIE03-000478</h3>
          <p><b>自治体:</b> 四日市市（一部）</p>
          <p><b>住所:</b> 富田2丁目 第15区画</p>
          <p><b>郵便番号:</b> 〒5100000</p>
          <p><b>選挙区:</b> MIE-03</p>
        </div>
      ]]></description>
      <styleUrl>#redPinStyle</styleUrl>
      <Point>
        <coordinates>136.643398,35.013737,0</coordinates>
      </Point>
    </Placemark>
    <Placemark>
      <name>MIE03-000479 - 四日市市（一部） 富田3丁目 第15区画</name>
      <description><![CDATA[
        <div style="font-family:sans-serif;">
          <h3>area_id: MIE03-000479</h3>
          <p><b>自治体:</b> 四日市市（一部）</p>
          <p><b>住所:</b> 富田3丁目 第15区画</p>
          <p><b>郵便番号:</b> 〒5100000</p>
          <p><b>選挙区:</b> MIE-03</p>
        </div>
      ]]></description>
      <styleUrl>#redPinStyle</styleUrl>
      <Point>
        <coordinates>136.630647,35.003265,0</coordinates>
      </Point>
    </Placemark>
    <Placemark>
      <name>MIE03-000480 - 四日市市（一部） 富州原町 第15区画</name>
      <description><![CDATA[
        <div style="font-family:sans-serif;">
          <h3>area_id: MIE03-000480</h3>
          <p><b>自治体:</b> 四日市市（一部）</p>
          <p><b>住所:</b> 富州原町 第15区画</p>
          <p><b>郵便番号:</b> 〒5100000</p>
          <p><b>選挙区:</b> MIE-03</p>
        </div>
      ]]></description>
      <styleUrl>#redPinStyle</styleUrl>
      <Point>
        <coordinates>136.651216,35.003953,0</coordinates>
      </Point>
    </Placemark>
    <Placemark>
      <name>MIE03-000481 - 四日市市（一部） 羽津1丁目 第15区画</name>
      <description><![CDATA[
        <div style="font-family:sans-serif;">
          <h3>area_id: MIE03-000481</h3>
          <p><b>自治体:</b> 四日市市（一部）</p>
          <p><b>住所:</b> 羽津1丁目 第15区画</p>
          <p><b>郵便番号:</b> 〒5100000</p>
          <p><b>選挙区:</b> MIE-03</p>
        </div>
      ]]></description>
      <styleUrl>#redPinStyle</styleUrl>
      <Point>
        <coordinates>136.6334,35.016426,0</coordinates>
      </Point>
    </Placemark>
    <Placemark>
      <name>MIE03-000482 - 四日市市（一部） 羽津2丁目 第15区画</name>
      <description><![CDATA[
        <div style="font-family:sans-serif;">
          <h3>area_id: MIE03-000482</h3>
          <p><b>自治体:</b> 四日市市（一部）</p>
          <p><b>住所:</b> 羽津2丁目 第15区画</p>
          <p><b>郵便番号:</b> 〒5100000</p>
          <p><b>選挙区:</b> MIE-03</p>
        </div>
      ]]></description>
      <styleUrl>#redPinStyle</styleUrl>
      <Point>
        <coordinates>136.636831,34.994989,0</coordinates>
      </Point>
    </Placemark>
    <Placemark>
      <name>MIE03-000483 - 桑名市 江場1丁目 第15区画</name>
      <description><![CDATA[
        <div style="font-family:sans-serif;">
          <h3>area_id: MIE03-000483</h3>
          <p><b>自治体:</b> 桑名市</p>
          <p><b>住所:</b> 江場1丁目 第15区画</p>
          <p><b>郵便番号:</b> 〒5100000</p>
          <p><b>選挙区:</b> MIE-03</p>
        </div>
      ]]></description>
      <styleUrl>#redPinStyle</styleUrl>
      <Point>
        <coordinates>136.693172,35.071786,0</coordinates>
      </Point>
    </Placemark>
    <Placemark>
      <name>MIE03-000484 - 桑名市 江場2丁目 第15区画</name>
      <description><![CDATA[
        <div style="font-family:sans-serif;">
          <h3>area_id: MIE03-000484</h3>
          <p><b>自治体:</b> 桑名市</p>
          <p><b>住所:</b> 江場2丁目 第15区画</p>
          <p><b>郵便番号:</b> 〒5100000</p>
          <p><b>選挙区:</b> MIE-03</p>
        </div>
      ]]></description>
      <styleUrl>#redPinStyle</styleUrl>
      <Point>
        <coordinates>136.66263,35.066006,0</coordinates>
      </Point>
    </Placemark>
    <Placemark>
      <name>MIE03-000485 - 桑名市 江場3丁目 第15区画</name>
      <description><![CDATA[
        <div style="font-family:sans-serif;">
          <h3>area_id: MIE03-000485</h3>
          <p><b>自治体:</b> 桑名市</p>
          <p><b>住所:</b> 江場3丁目 第15区画</p>
          <p><b>郵便番号:</b> 〒5100000</p>
          <p><b>選挙区:</b> MIE-03</p>
        </div>
      ]]></description>
      <styleUrl>#redPinStyle</styleUrl>
      <Point>
        <coordinates>136.692187,35.051996,0</coordinates>
      </Point>
    </Placemark>
    <Placemark>
      <name>MIE03-000486 - 桑名市 吉之丸 第15区画</name>
      <description><![CDATA[
        <div style="font-family:sans-serif;">
          <h3>area_id: MIE03-000486</h3>
          <p><b>自治体:</b> 桑名市</p>
          <p><b>住所:</b> 吉之丸 第15区画</p>
          <p><b>郵便番号:</b> 〒5100000</p>
          <p><b>選挙区:</b> MIE-03</p>
        </div>
      ]]></description>
      <styleUrl>#redPinStyle</styleUrl>
      <Point>
        <coordinates>136.68089,35.081084,0</coordinates>
      </Point>
    </Placemark>
    <Placemark>
      <name>MIE03-000487 - 桑名市 大山田1丁目 第15区画</name>
      <description><![CDATA[
        <div style="font-family:sans-serif;">
          <h3>area_id: MIE03-000487</h3>
          <p><b>自治体:</b> 桑名市</p>
          <p><b>住所:</b> 大山田1丁目 第15区画</p>
          <p><b>郵便番号:</b> 〒5100000</p>
          <p><b>選挙区:</b> MIE-03</p>
        </div>
      ]]></description>
      <styleUrl>#redPinStyle</styleUrl>
      <Point>
        <coordinates>136.664557,35.051231,0</coordinates>
      </Point>
    </Placemark>
    <Placemark>
      <name>MIE03-000488 - 桑名市 大山田2丁目 第15区画</name>
      <description><![CDATA[
        <div style="font-family:sans-serif;">
          <h3>area_id: MIE03-000488</h3>
          <p><b>自治体:</b> 桑名市</p>
          <p><b>住所:</b> 大山田2丁目 第15区画</p>
          <p><b>郵便番号:</b> 〒5100000</p>
          <p><b>選挙区:</b> MIE-03</p>
        </div>
      ]]></description>
      <styleUrl>#redPinStyle</styleUrl>
      <Point>
        <coordinates>136.703258,35.064946,0</coordinates>
      </Point>
    </Placemark>
    <Placemark>
      <name>MIE03-000489 - 桑名市 大山田3丁目 第15区画</name>
      <description><![CDATA[
        <div style="font-family:sans-serif;">
          <h3>area_id: MIE03-000489</h3>
          <p><b>自治体:</b> 桑名市</p>
          <p><b>住所:</b> 大山田3丁目 第15区画</p>
          <p><b>郵便番号:</b> 〒5100000</p>
          <p><b>選挙区:</b> MIE-03</p>
        </div>
      ]]></description>
      <styleUrl>#redPinStyle</styleUrl>
      <Point>
        <coordinates>136.661063,35.077341,0</coordinates>
      </Point>
    </Placemark>
    <Placemark>
      <name>MIE03-000490 - 桑名市 大山田4丁目 第15区画</name>
      <description><![CDATA[
        <div style="font-family:sans-serif;">
          <h3>area_id: MIE03-000490</h3>
          <p><b>自治体:</b> 桑名市</p>
          <p><b>住所:</b> 大山田4丁目 第15区画</p>
          <p><b>郵便番号:</b> 〒5100000</p>
          <p><b>選挙区:</b> MIE-03</p>
        </div>
      ]]></description>
      <styleUrl>#redPinStyle</styleUrl>
      <Point>
        <coordinates>136.683415,35.042487,0</coordinates>
      </Point>
    </Placemark>
    <Placemark>
      <name>MIE03-000491 - 桑名市 大山田5丁目 第15区画</name>
      <description><![CDATA[
        <div style="font-family:sans-serif;">
          <h3>area_id: MIE03-000491</h3>
          <p><b>自治体:</b> 桑名市</p>
          <p><b>住所:</b> 大山田5丁目 第15区画</p>
          <p><b>郵便番号:</b> 〒5100000</p>
          <p><b>選挙区:</b> MIE-03</p>
        </div>
      ]]></description>
      <styleUrl>#redPinStyle</styleUrl>
      <Point>
        <coordinates>136.695831,35.08294,0</coordinates>
      </Point>
    </Placemark>
    <Placemark>
      <name>MIE03-000492 - 桑名市 大山田6丁目 第15区画</name>
      <description><![CDATA[
        <div style="font-family:sans-serif;">
          <h3>area_id: MIE03-000492</h3>
          <p><b>自治体:</b> 桑名市</p>
          <p><b>住所:</b> 大山田6丁目 第15区画</p>
          <p><b>郵便番号:</b> 〒5100000</p>
          <p><b>選挙区:</b> MIE-03</p>
        </div>
      ]]></description>
      <styleUrl>#redPinStyle</styleUrl>
      <Point>
        <coordinates>136.651648,35.058862,0</coordinates>
      </Point>
    </Placemark>
    <Placemark>
      <name>MIE03-000493 - 桑名市 大山田7丁目 第15区画</name>
      <description><![CDATA[
        <div style="font-family:sans-serif;">
          <h3>area_id: MIE03-000493</h3>
          <p><b>自治体:</b> 桑名市</p>
          <p><b>住所:</b> 大山田7丁目 第15区画</p>
          <p><b>郵便番号:</b> 〒5100000</p>
          <p><b>選挙区:</b> MIE-03</p>
        </div>
      ]]></description>
      <styleUrl>#redPinStyle</styleUrl>
      <Point>
        <coordinates>136.706396,35.0514,0</coordinates>
      </Point>
    </Placemark>
    <Placemark>
      <name>MIE03-000494 - 桑名市 大山田8丁目 第15区画</name>
      <description><![CDATA[
        <div style="font-family:sans-serif;">
          <h3>area_id: MIE03-000494</h3>
          <p><b>自治体:</b> 桑名市</p>
          <p><b>住所:</b> 大山田8丁目 第15区画</p>
          <p><b>郵便番号:</b> 〒5100000</p>
          <p><b>選挙区:</b> MIE-03</p>
        </div>
      ]]></description>
      <styleUrl>#redPinStyle</styleUrl>
      <Point>
        <coordinates>136.670401,35.089469,0</coordinates>
      </Point>
    </Placemark>
    <Placemark>
      <name>MIE03-000495 - 桑名市 播磨 第15区画</name>
      <description><![CDATA[
        <div style="font-family:sans-serif;">
          <h3>area_id: MIE03-000495</h3>
          <p><b>自治体:</b> 桑名市</p>
          <p><b>住所:</b> 播磨 第15区画</p>
          <p><b>郵便番号:</b> 〒5100000</p>
          <p><b>選挙区:</b> MIE-03</p>
        </div>
      ]]></description>
      <styleUrl>#redPinStyle</styleUrl>
      <Point>
        <coordinates>136.665901,35.038905,0</coordinates>
      </Point>
    </Placemark>
    <Placemark>
      <name>MIE03-000496 - 桑名市 多度町香取 第15区画</name>
      <description><![CDATA[
        <div style="font-family:sans-serif;">
          <h3>area_id: MIE03-000496</h3>
          <p><b>自治体:</b> 桑名市</p>
          <p><b>住所:</b> 多度町香取 第15区画</p>
          <p><b>郵便番号:</b> 〒5100000</p>
          <p><b>選挙区:</b> MIE-03</p>
        </div>
      ]]></description>
      <styleUrl>#redPinStyle</styleUrl>
      <Point>
        <coordinates>136.712151,35.075198,0</coordinates>
      </Point>
    </Placemark>
    <Placemark>
      <name>MIE03-000497 - 桑名市 長島町駒江 第15区画</name>
      <description><![CDATA[
        <div style="font-family:sans-serif;">
          <h3>area_id: MIE03-000497</h3>
          <p><b>自治体:</b> 桑名市</p>
          <p><b>住所:</b> 長島町駒江 第15区画</p>
          <p><b>郵便番号:</b> 〒5100000</p>
          <p><b>選挙区:</b> MIE-03</p>
        </div>
      ]]></description>
      <styleUrl>#redPinStyle</styleUrl>
      <Point>
        <coordinates>136.645946,35.074429,0</coordinates>
      </Point>
    </Placemark>
    <Placemark>
      <name>MIE03-000498 - いなべ市 員弁町大泉 第15区画</name>
      <description><![CDATA[
        <div style="font-family:sans-serif;">
          <h3>area_id: MIE03-000498</h3>
          <p><b>自治体:</b> いなべ市</p>
          <p><b>住所:</b> 員弁町大泉 第15区画</p>
          <p><b>郵便番号:</b> 〒5100000</p>
          <p><b>選挙区:</b> MIE-03</p>
        </div>
      ]]></description>
      <styleUrl>#redPinStyle</styleUrl>
      <Point>
        <coordinates>136.533399,35.130548,0</coordinates>
      </Point>
    </Placemark>
    <Placemark>
      <name>MIE03-000499 - いなべ市 北勢町阿下喜 第15区画</name>
      <description><![CDATA[
        <div style="font-family:sans-serif;">
          <h3>area_id: MIE03-000499</h3>
          <p><b>自治体:</b> いなべ市</p>
          <p><b>住所:</b> 北勢町阿下喜 第15区画</p>
          <p><b>郵便番号:</b> 〒5100000</p>
          <p><b>選挙区:</b> MIE-03</p>
        </div>
      ]]></description>
      <styleUrl>#redPinStyle</styleUrl>
      <Point>
        <coordinates>136.526125,35.189889,0</coordinates>
      </Point>
    </Placemark>
    <Placemark>
      <name>MIE03-000500 - いなべ市 大安町丹生川 第15区画</name>
      <description><![CDATA[
        <div style="font-family:sans-serif;">
          <h3>area_id: MIE03-000500</h3>
          <p><b>自治体:</b> いなべ市</p>
          <p><b>住所:</b> 大安町丹生川 第15区画</p>
          <p><b>郵便番号:</b> 〒5100000</p>
          <p><b>選挙区:</b> MIE-03</p>
        </div>
      ]]></description>
      <styleUrl>#redPinStyle</styleUrl>
      <Point>
        <coordinates>136.481792,35.140239,0</coordinates>
      </Point>
    </Placemark>
    <Placemark>
      <name>MIE03-000501 - いなべ市 藤原町市場 第15区画</name>
      <description><![CDATA[
        <div style="font-family:sans-serif;">
          <h3>area_id: MIE03-000501</h3>
          <p><b>自治体:</b> いなべ市</p>
          <p><b>住所:</b> 藤原町市場 第15区画</p>
          <p><b>郵便番号:</b> 〒5100000</p>
          <p><b>選挙区:</b> MIE-03</p>
        </div>
      ]]></description>
      <styleUrl>#redPinStyle</styleUrl>
      <Point>
        <coordinates>136.521909,35.157532,0</coordinates>
      </Point>
    </Placemark>
    <Placemark>
      <name>MIE03-000502 - 桑名郡 木曽岬町加畑 第15区画</name>
      <description><![CDATA[
        <div style="font-family:sans-serif;">
          <h3>area_id: MIE03-000502</h3>
          <p><b>自治体:</b> 桑名郡</p>
          <p><b>住所:</b> 木曽岬町加畑 第15区画</p>
          <p><b>郵便番号:</b> 〒5100000</p>
          <p><b>選挙区:</b> MIE-03</p>
        </div>
      ]]></description>
      <styleUrl>#redPinStyle</styleUrl>
      <Point>
        <coordinates>136.595471,35.054919,0</coordinates>
      </Point>
    </Placemark>
    <Placemark>
      <name>MIE03-000503 - 桑名郡 木曽岬町源緑輪中 第15区画</name>
      <description><![CDATA[
        <div style="font-family:sans-serif;">
          <h3>area_id: MIE03-000503</h3>
          <p><b>自治体:</b> 桑名郡</p>
          <p><b>住所:</b> 木曽岬町源緑輪中 第15区画</p>
          <p><b>郵便番号:</b> 〒5100000</p>
          <p><b>選挙区:</b> MIE-03</p>
        </div>
      ]]></description>
      <styleUrl>#redPinStyle</styleUrl>
      <Point>
        <coordinates>136.599226,35.042628,0</coordinates>
      </Point>
    </Placemark>
    <Placemark>
      <name>MIE03-000504 - 員弁郡 東員町穴太 第15区画</name>
      <description><![CDATA[
        <div style="font-family:sans-serif;">
          <h3>area_id: MIE03-000504</h3>
          <p><b>自治体:</b> 員弁郡</p>
          <p><b>住所:</b> 東員町穴太 第15区画</p>
          <p><b>郵便番号:</b> 〒5100000</p>
          <p><b>選挙区:</b> MIE-03</p>
        </div>
      ]]></description>
      <styleUrl>#redPinStyle</styleUrl>
      <Point>
        <coordinates>136.607609,35.05581,0</coordinates>
      </Point>
    </Placemark>
    <Placemark>
      <name>MIE03-000505 - 員弁郡 東員町笹尾東1丁目 第15区画</name>
      <description><![CDATA[
        <div style="font-family:sans-serif;">
          <h3>area_id: MIE03-000505</h3>
          <p><b>自治体:</b> 員弁郡</p>
          <p><b>住所:</b> 東員町笹尾東1丁目 第15区画</p>
          <p><b>郵便番号:</b> 〒5100000</p>
          <p><b>選挙区:</b> MIE-03</p>
        </div>
      ]]></description>
      <styleUrl>#redPinStyle</styleUrl>
      <Point>
        <coordinates>136.58824,35.05,0</coordinates>
      </Point>
    </Placemark>
    <Placemark>
      <name>MIE03-000506 - 員弁郡 東員町笹尾東2丁目 第15区画</name>
      <description><![CDATA[
        <div style="font-family:sans-serif;">
          <h3>area_id: MIE03-000506</h3>
          <p><b>自治体:</b> 員弁郡</p>
          <p><b>住所:</b> 東員町笹尾東2丁目 第15区画</p>
          <p><b>郵便番号:</b> 〒5100000</p>
          <p><b>選挙区:</b> MIE-03</p>
        </div>
      ]]></description>
      <styleUrl>#redPinStyle</styleUrl>
      <Point>
        <coordinates>136.609732,35.042569,0</coordinates>
      </Point>
    </Placemark>
    <Placemark>
      <name>MIE03-000507 - 員弁郡 東員町笹尾東3丁目 第15区画</name>
      <description><![CDATA[
        <div style="font-family:sans-serif;">
          <h3>area_id: MIE03-000507</h3>
          <p><b>自治体:</b> 員弁郡</p>
          <p><b>住所:</b> 東員町笹尾東3丁目 第15区画</p>
          <p><b>郵便番号:</b> 〒5100000</p>
          <p><b>選挙区:</b> MIE-03</p>
        </div>
      ]]></description>
      <styleUrl>#redPinStyle</styleUrl>
      <Point>
        <coordinates>136.598724,35.062154,0</coordinates>
      </Point>
    </Placemark>
    <Placemark>
      <name>MIE03-000508 - 三重郡 菰野町大字菰野 第15区画</name>
      <description><![CDATA[
        <div style="font-family:sans-serif;">
          <h3>area_id: MIE03-000508</h3>
          <p><b>自治体:</b> 三重郡</p>
          <p><b>住所:</b> 菰野町大字菰野 第15区画</p>
          <p><b>郵便番号:</b> 〒5100000</p>
          <p><b>選挙区:</b> MIE-03</p>
        </div>
      ]]></description>
      <styleUrl>#redPinStyle</styleUrl>
      <Point>
        <coordinates>136.590211,35.039369,0</coordinates>
      </Point>
    </Placemark>
    <Placemark>
      <name>MIE03-000509 - 三重郡 朝日町大字柿 第15区画</name>
      <description><![CDATA[
        <div style="font-family:sans-serif;">
          <h3>area_id: MIE03-000509</h3>
          <p><b>自治体:</b> 三重郡</p>
          <p><b>住所:</b> 朝日町大字柿 第15区画</p>
          <p><b>郵便番号:</b> 〒5100000</p>
          <p><b>選挙区:</b> MIE-03</p>
        </div>
      ]]></description>
      <styleUrl>#redPinStyle</styleUrl>
      <Point>
        <coordinates>136.617254,35.052535,0</coordinates>
      </Point>
    </Placemark>
    <Placemark>
      <name>MIE03-000510 - 三重郡 川越町大字豊田 第15区画</name>
      <description><![CDATA[
        <div style="font-family:sans-serif;">
          <h3>area_id: MIE03-000510</h3>
          <p><b>自治体:</b> 三重郡</p>
          <p><b>住所:</b> 川越町大字豊田 第15区画</p>
          <p><b>郵便番号:</b> 〒5100000</p>
          <p><b>選挙区:</b> MIE-03</p>
        </div>
      ]]></description>
      <styleUrl>#redPinStyle</styleUrl>
      <Point>
        <coordinates>136.584009,35.058489,0</coordinates>
      </Point>
    </Placemark>
    <Placemark>
      <name>MIE03-000511 - 四日市市（一部） 富田1丁目 第16区画</name>
      <description><![CDATA[
        <div style="font-family:sans-serif;">
          <h3>area_id: MIE03-000511</h3>
          <p><b>自治体:</b> 四日市市（一部）</p>
          <p><b>住所:</b> 富田1丁目 第16区画</p>
          <p><b>郵便番号:</b> 〒5100000</p>
          <p><b>選挙区:</b> MIE-03</p>
        </div>
      ]]></description>
      <styleUrl>#redPinStyle</styleUrl>
      <Point>
        <coordinates>136.64528,34.990479,0</coordinates>
      </Point>
    </Placemark>
    <Placemark>
      <name>MIE03-000512 - 四日市市（一部） 富田2丁目 第16区画</name>
      <description><![CDATA[
        <div style="font-family:sans-serif;">
          <h3>area_id: MIE03-000512</h3>
          <p><b>自治体:</b> 四日市市（一部）</p>
          <p><b>住所:</b> 富田2丁目 第16区画</p>
          <p><b>郵便番号:</b> 〒5100000</p>
          <p><b>選挙区:</b> MIE-03</p>
        </div>
      ]]></description>
      <styleUrl>#redPinStyle</styleUrl>
      <Point>
        <coordinates>136.650085,35.023044,0</coordinates>
      </Point>
    </Placemark>
    <Placemark>
      <name>MIE03-000513 - 四日市市（一部） 富田3丁目 第16区画</name>
      <description><![CDATA[
        <div style="font-family:sans-serif;">
          <h3>area_id: MIE03-000513</h3>
          <p><b>自治体:</b> 四日市市（一部）</p>
          <p><b>住所:</b> 富田3丁目 第16区画</p>
          <p><b>郵便番号:</b> 〒5100000</p>
          <p><b>選挙区:</b> MIE-03</p>
        </div>
      ]]></description>
      <styleUrl>#redPinStyle</styleUrl>
      <Point>
        <coordinates>136.618124,35.000265,0</coordinates>
      </Point>
    </Placemark>
    <Placemark>
      <name>MIE03-000514 - 四日市市（一部） 富州原町 第16区画</name>
      <description><![CDATA[
        <div style="font-family:sans-serif;">
          <h3>area_id: MIE03-000514</h3>
          <p><b>自治体:</b> 四日市市（一部）</p>
          <p><b>住所:</b> 富州原町 第16区画</p>
          <p><b>郵便番号:</b> 〒5100000</p>
          <p><b>選挙区:</b> MIE-03</p>
        </div>
      ]]></description>
      <styleUrl>#redPinStyle</styleUrl>
      <Point>
        <coordinates>136.662838,34.999017,0</coordinates>
      </Point>
    </Placemark>
    <Placemark>
      <name>MIE03-000515 - 四日市市（一部） 羽津1丁目 第16区画</name>
      <description><![CDATA[
        <div style="font-family:sans-serif;">
          <h3>area_id: MIE03-000515</h3>
          <p><b>自治体:</b> 四日市市（一部）</p>
          <p><b>住所:</b> 羽津1丁目 第16区画</p>
          <p><b>郵便番号:</b> 〒5100000</p>
          <p><b>選挙区:</b> MIE-03</p>
        </div>
      ]]></description>
      <styleUrl>#redPinStyle</styleUrl>
      <Point>
        <coordinates>136.628944,35.026658,0</coordinates>
      </Point>
    </Placemark>
    <Placemark>
      <name>MIE03-000516 - 四日市市（一部） 羽津2丁目 第16区画</name>
      <description><![CDATA[
        <div style="font-family:sans-serif;">
          <h3>area_id: MIE03-000516</h3>
          <p><b>自治体:</b> 四日市市（一部）</p>
          <p><b>住所:</b> 羽津2丁目 第16区画</p>
          <p><b>郵便番号:</b> 〒5100000</p>
          <p><b>選挙区:</b> MIE-03</p>
        </div>
      ]]></description>
      <styleUrl>#redPinStyle</styleUrl>
      <Point>
        <coordinates>136.631701,34.984965,0</coordinates>
      </Point>
    </Placemark>
    <Placemark>
      <name>MIE03-000517 - 桑名市 江場1丁目 第16区画</name>
      <description><![CDATA[
        <div style="font-family:sans-serif;">
          <h3>area_id: MIE03-000517</h3>
          <p><b>自治体:</b> 桑名市</p>
          <p><b>住所:</b> 江場1丁目 第16区画</p>
          <p><b>郵便番号:</b> 〒5100000</p>
          <p><b>選挙区:</b> MIE-03</p>
        </div>
      ]]></description>
      <styleUrl>#redPinStyle</styleUrl>
      <Point>
        <coordinates>136.705149,35.0762,0</coordinates>
      </Point>
    </Placemark>
    <Placemark>
      <name>MIE03-000518 - 桑名市 江場2丁目 第16区画</name>
      <description><![CDATA[
        <div style="font-family:sans-serif;">
          <h3>area_id: MIE03-000518</h3>
          <p><b>自治体:</b> 桑名市</p>
          <p><b>住所:</b> 江場2丁目 第16区画</p>
          <p><b>郵便番号:</b> 〒5100000</p>
          <p><b>選挙区:</b> MIE-03</p>
        </div>
      ]]></description>
      <styleUrl>#redPinStyle</styleUrl>
      <Point>
        <coordinates>136.650242,35.069598,0</coordinates>
      </Point>
    </Placemark>
    <Placemark>
      <name>MIE03-000519 - 桑名市 江場3丁目 第16区画</name>
      <description><![CDATA[
        <div style="font-family:sans-serif;">
          <h3>area_id: MIE03-000519</h3>
          <p><b>自治体:</b> 桑名市</p>
          <p><b>住所:</b> 江場3丁目 第16区画</p>
          <p><b>郵便番号:</b> 〒5100000</p>
          <p><b>選挙区:</b> MIE-03</p>
        </div>
      ]]></description>
      <styleUrl>#redPinStyle</styleUrl>
      <Point>
        <coordinates>136.698309,35.042311,0</coordinates>
      </Point>
    </Placemark>
    <Placemark>
      <name>MIE03-000520 - 桑名市 吉之丸 第16区画</name>
      <description><![CDATA[
        <div style="font-family:sans-serif;">
          <h3>area_id: MIE03-000520</h3>
          <p><b>自治体:</b> 桑名市</p>
          <p><b>住所:</b> 吉之丸 第16区画</p>
          <p><b>郵便番号:</b> 〒5100000</p>
          <p><b>選挙区:</b> MIE-03</p>
        </div>
      ]]></description>
      <styleUrl>#redPinStyle</styleUrl>
      <Point>
        <coordinates>136.684354,35.091662,0</coordinates>
      </Point>
    </Placemark>
    <Placemark>
      <name>MIE03-000521 - 桑名市 大山田1丁目 第16区画</name>
      <description><![CDATA[
        <div style="font-family:sans-serif;">
          <h3>area_id: MIE03-000521</h3>
          <p><b>自治体:</b> 桑名市</p>
          <p><b>住所:</b> 大山田1丁目 第16区画</p>
          <p><b>郵便番号:</b> 〒5100000</p>
          <p><b>選挙区:</b> MIE-03</p>
        </div>
      ]]></description>
      <styleUrl>#redPinStyle</styleUrl>
      <Point>
        <coordinates>136.653342,35.045459,0</coordinates>
      </Point>
    </Placemark>
    <Placemark>
      <name>MIE03-000522 - 桑名市 大山田2丁目 第16区画</name>
      <description><![CDATA[
        <div style="font-family:sans-serif;">
          <h3>area_id: MIE03-000522</h3>
          <p><b>自治体:</b> 桑名市</p>
          <p><b>住所:</b> 大山田2丁目 第16区画</p>
          <p><b>郵便番号:</b> 〒5100000</p>
          <p><b>選挙区:</b> MIE-03</p>
        </div>
      ]]></description>
      <styleUrl>#redPinStyle</styleUrl>
      <Point>
        <coordinates>136.716206,35.062783,0</coordinates>
      </Point>
    </Placemark>
    <Placemark>
      <name>MIE03-000523 - 桑名市 大山田3丁目 第16区画</name>
      <description><![CDATA[
        <div style="font-family:sans-serif;">
          <h3>area_id: MIE03-000523</h3>
          <p><b>自治体:</b> 桑名市</p>
          <p><b>住所:</b> 大山田3丁目 第16区画</p>
          <p><b>郵便番号:</b> 〒5100000</p>
          <p><b>選挙区:</b> MIE-03</p>
        </div>
      ]]></description>
      <styleUrl>#redPinStyle</styleUrl>
      <Point>
        <coordinates>136.653356,35.086303,0</coordinates>
      </Point>
    </Placemark>
    <Placemark>
      <name>MIE03-000524 - 桑名市 大山田4丁目 第16区画</name>
      <description><![CDATA[
        <div style="font-family:sans-serif;">
          <h3>area_id: MIE03-000524</h3>
          <p><b>自治体:</b> 桑名市</p>
          <p><b>住所:</b> 大山田4丁目 第16区画</p>
          <p><b>郵便番号:</b> 〒5100000</p>
          <p><b>選挙区:</b> MIE-03</p>
        </div>
      ]]></description>
      <styleUrl>#redPinStyle</styleUrl>
      <Point>
        <coordinates>136.681706,35.031531,0</coordinates>
      </Point>
    </Placemark>
    <Placemark>
      <name>MIE03-000525 - 桑名市 大山田5丁目 第16区画</name>
      <description><![CDATA[
        <div style="font-family:sans-serif;">
          <h3>area_id: MIE03-000525</h3>
          <p><b>自治体:</b> 桑名市</p>
          <p><b>住所:</b> 大山田5丁目 第16区画</p>
          <p><b>郵便番号:</b> 〒5100000</p>
          <p><b>選挙区:</b> MIE-03</p>
        </div>
      ]]></description>
      <styleUrl>#redPinStyle</styleUrl>
      <Point>
        <coordinates>136.706071,35.089992,0</coordinates>
      </Point>
    </Placemark>
    <Placemark>
      <name>MIE03-000526 - 桑名市 大山田6丁目 第16区画</name>
      <description><![CDATA[
        <div style="font-family:sans-serif;">
          <h3>area_id: MIE03-000526</h3>
          <p><b>自治体:</b> 桑名市</p>
          <p><b>住所:</b> 大山田6丁目 第16区画</p>
          <p><b>郵便番号:</b> 〒5100000</p>
          <p><b>選挙区:</b> MIE-03</p>
        </div>
      ]]></description>
      <styleUrl>#redPinStyle</styleUrl>
      <Point>
        <coordinates>136.674051,35.063447,0</coordinates>
      </Point>
    </Placemark>
    <Placemark>
      <name>MIE03-000527 - 桑名市 大山田7丁目 第16区画</name>
      <description><![CDATA[
        <div style="font-family:sans-serif;">
          <h3>area_id: MIE03-000527</h3>
          <p><b>自治体:</b> 桑名市</p>
          <p><b>住所:</b> 大山田7丁目 第16区画</p>
          <p><b>郵便番号:</b> 〒5100000</p>
          <p><b>選挙区:</b> MIE-03</p>
        </div>
      ]]></description>
      <styleUrl>#redPinStyle</styleUrl>
      <Point>
        <coordinates>136.686094,35.060544,0</coordinates>
      </Point>
    </Placemark>
    <Placemark>
      <name>MIE03-000528 - 桑名市 大山田8丁目 第16区画</name>
      <description><![CDATA[
        <div style="font-family:sans-serif;">
          <h3>area_id: MIE03-000528</h3>
          <p><b>自治体:</b> 桑名市</p>
          <p><b>住所:</b> 大山田8丁目 第16区画</p>
          <p><b>郵便番号:</b> 〒5100000</p>
          <p><b>選挙区:</b> MIE-03</p>
        </div>
      ]]></description>
      <styleUrl>#redPinStyle</styleUrl>
      <Point>
        <coordinates>136.678078,35.071325,0</coordinates>
      </Point>
    </Placemark>
    <Placemark>
      <name>MIE03-000529 - 桑名市 播磨 第16区画</name>
      <description><![CDATA[
        <div style="font-family:sans-serif;">
          <h3>area_id: MIE03-000529</h3>
          <p><b>自治体:</b> 桑名市</p>
          <p><b>住所:</b> 播磨 第16区画</p>
          <p><b>郵便番号:</b> 〒5100000</p>
          <p><b>選挙区:</b> MIE-03</p>
        </div>
      ]]></description>
      <styleUrl>#redPinStyle</styleUrl>
      <Point>
        <coordinates>136.67484,35.056652,0</coordinates>
      </Point>
    </Placemark>
    <Placemark>
      <name>MIE03-000530 - 桑名市 多度町香取 第16区画</name>
      <description><![CDATA[
        <div style="font-family:sans-serif;">
          <h3>area_id: MIE03-000530</h3>
          <p><b>自治体:</b> 桑名市</p>
          <p><b>住所:</b> 多度町香取 第16区画</p>
          <p><b>郵便番号:</b> 〒5100000</p>
          <p><b>選挙区:</b> MIE-03</p>
        </div>
      ]]></description>
      <styleUrl>#redPinStyle</styleUrl>
      <Point>
        <coordinates>136.691216,35.067047,0</coordinates>
      </Point>
    </Placemark>
    <Placemark>
      <name>MIE03-000531 - 桑名市 長島町駒江 第16区画</name>
      <description><![CDATA[
        <div style="font-family:sans-serif;">
          <h3>area_id: MIE03-000531</h3>
          <p><b>自治体:</b> 桑名市</p>
          <p><b>住所:</b> 長島町駒江 第16区画</p>
          <p><b>郵便番号:</b> 〒5100000</p>
          <p><b>選挙区:</b> MIE-03</p>
        </div>
      ]]></description>
      <styleUrl>#redPinStyle</styleUrl>
      <Point>
        <coordinates>136.668037,35.068749,0</coordinates>
      </Point>
    </Placemark>
    <Placemark>
      <name>MIE03-000532 - いなべ市 員弁町大泉 第16区画</name>
      <description><![CDATA[
        <div style="font-family:sans-serif;">
          <h3>area_id: MIE03-000532</h3>
          <p><b>自治体:</b> いなべ市</p>
          <p><b>住所:</b> 員弁町大泉 第16区画</p>
          <p><b>郵便番号:</b> 〒5100000</p>
          <p><b>選挙区:</b> MIE-03</p>
        </div>
      ]]></description>
      <styleUrl>#redPinStyle</styleUrl>
      <Point>
        <coordinates>136.521602,35.147129,0</coordinates>
      </Point>
    </Placemark>
    <Placemark>
      <name>MIE03-000533 - いなべ市 北勢町阿下喜 第16区画</name>
      <description><![CDATA[
        <div style="font-family:sans-serif;">
          <h3>area_id: MIE03-000533</h3>
          <p><b>自治体:</b> いなべ市</p>
          <p><b>住所:</b> 北勢町阿下喜 第16区画</p>
          <p><b>郵便番号:</b> 〒5100000</p>
          <p><b>選挙区:</b> MIE-03</p>
        </div>
      ]]></description>
      <styleUrl>#redPinStyle</styleUrl>
      <Point>
        <coordinates>136.5215,35.170992,0</coordinates>
      </Point>
    </Placemark>
    <Placemark>
      <name>MIE03-000534 - いなべ市 大安町丹生川 第16区画</name>
      <description><![CDATA[
        <div style="font-family:sans-serif;">
          <h3>area_id: MIE03-000534</h3>
          <p><b>自治体:</b> いなべ市</p>
          <p><b>住所:</b> 大安町丹生川 第16区画</p>
          <p><b>郵便番号:</b> 〒5100000</p>
          <p><b>選挙区:</b> MIE-03</p>
        </div>
      ]]></description>
      <styleUrl>#redPinStyle</styleUrl>
      <Point>
        <coordinates>136.50046,35.151658,0</coordinates>
      </Point>
    </Placemark>
    <Placemark>
      <name>MIE03-000535 - いなべ市 藤原町市場 第16区画</name>
      <description><![CDATA[
        <div style="font-family:sans-serif;">
          <h3>area_id: MIE03-000535</h3>
          <p><b>自治体:</b> いなべ市</p>
          <p><b>住所:</b> 藤原町市場 第16区画</p>
          <p><b>郵便番号:</b> 〒5100000</p>
          <p><b>選挙区:</b> MIE-03</p>
        </div>
      ]]></description>
      <styleUrl>#redPinStyle</styleUrl>
      <Point>
        <coordinates>136.534314,35.154311,0</coordinates>
      </Point>
    </Placemark>
    <Placemark>
      <name>MIE03-000536 - 桑名郡 木曽岬町加畑 第16区画</name>
      <description><![CDATA[
        <div style="font-family:sans-serif;">
          <h3>area_id: MIE03-000536</h3>
          <p><b>自治体:</b> 桑名郡</p>
          <p><b>住所:</b> 木曽岬町加畑 第16区画</p>
          <p><b>郵便番号:</b> 〒5100000</p>
          <p><b>選挙区:</b> MIE-03</p>
        </div>
      ]]></description>
      <styleUrl>#redPinStyle</styleUrl>
      <Point>
        <coordinates>136.589039,35.064338,0</coordinates>
      </Point>
    </Placemark>
    <Placemark>
      <name>MIE03-000537 - 桑名郡 木曽岬町源緑輪中 第16区画</name>
      <description><![CDATA[
        <div style="font-family:sans-serif;">
          <h3>area_id: MIE03-000537</h3>
          <p><b>自治体:</b> 桑名郡</p>
          <p><b>住所:</b> 木曽岬町源緑輪中 第16区画</p>
          <p><b>郵便番号:</b> 〒5100000</p>
          <p><b>選挙区:</b> MIE-03</p>
        </div>
      ]]></description>
      <styleUrl>#redPinStyle</styleUrl>
      <Point>
        <coordinates>136.596208,35.032076,0</coordinates>
      </Point>
    </Placemark>
    <Placemark>
      <name>MIE03-000538 - 員弁郡 東員町穴太 第16区画</name>
      <description><![CDATA[
        <div style="font-family:sans-serif;">
          <h3>area_id: MIE03-000538</h3>
          <p><b>自治体:</b> 員弁郡</p>
          <p><b>住所:</b> 東員町穴太 第16区画</p>
          <p><b>郵便番号:</b> 〒5100000</p>
          <p><b>選挙区:</b> MIE-03</p>
        </div>
      ]]></description>
      <styleUrl>#redPinStyle</styleUrl>
      <Point>
        <coordinates>136.618469,35.06181,0</coordinates>
      </Point>
    </Placemark>
    <Placemark>
      <name>MIE03-000539 - 員弁郡 東員町笹尾東1丁目 第16区画</name>
      <description><![CDATA[
        <div style="font-family:sans-serif;">
          <h3>area_id: MIE03-000539</h3>
          <p><b>自治体:</b> 員弁郡</p>
          <p><b>住所:</b> 東員町笹尾東1丁目 第16区画</p>
          <p><b>郵便番号:</b> 〒5100000</p>
          <p><b>選挙区:</b> MIE-03</p>
        </div>
      ]]></description>
      <styleUrl>#redPinStyle</styleUrl>
      <Point>
        <coordinates>136.575374,35.051795,0</coordinates>
      </Point>
    </Placemark>
    <Placemark>
      <name>MIE03-000540 - 員弁郡 東員町笹尾東2丁目 第16区画</name>
      <description><![CDATA[
        <div style="font-family:sans-serif;">
          <h3>area_id: MIE03-000540</h3>
          <p><b>自治体:</b> 員弁郡</p>
          <p><b>住所:</b> 東員町笹尾東2丁目 第16区画</p>
          <p><b>郵便番号:</b> 〒5100000</p>
          <p><b>選挙区:</b> MIE-03</p>
        </div>
      ]]></description>
      <styleUrl>#redPinStyle</styleUrl>
      <Point>
        <coordinates>136.617673,35.033927,0</coordinates>
      </Point>
    </Placemark>
    <Placemark>
      <name>MIE03-000541 - 員弁郡 東員町笹尾東3丁目 第16区画</name>
      <description><![CDATA[
        <div style="font-family:sans-serif;">
          <h3>area_id: MIE03-000541</h3>
          <p><b>自治体:</b> 員弁郡</p>
          <p><b>住所:</b> 東員町笹尾東3丁目 第16区画</p>
          <p><b>郵便番号:</b> 〒5100000</p>
          <p><b>選挙区:</b> MIE-03</p>
        </div>
      ]]></description>
      <styleUrl>#redPinStyle</styleUrl>
      <Point>
        <coordinates>136.6,35.073,0</coordinates>
      </Point>
    </Placemark>
    <Placemark>
      <name>MIE03-000542 - 三重郡 菰野町大字菰野 第16区画</name>
      <description><![CDATA[
        <div style="font-family:sans-serif;">
          <h3>area_id: MIE03-000542</h3>
          <p><b>自治体:</b> 三重郡</p>
          <p><b>住所:</b> 菰野町大字菰野 第16区画</p>
          <p><b>郵便番号:</b> 〒5100000</p>
          <p><b>選挙区:</b> MIE-03</p>
        </div>
      ]]></description>
      <styleUrl>#redPinStyle</styleUrl>
      <Point>
        <coordinates>136.580381,35.032158,0</coordinates>
      </Point>
    </Placemark>
    <Placemark>
      <name>MIE03-000543 - 三重郡 朝日町大字柿 第16区画</name>
      <description><![CDATA[
        <div style="font-family:sans-serif;">
          <h3>area_id: MIE03-000543</h3>
          <p><b>自治体:</b> 三重郡</p>
          <p><b>住所:</b> 朝日町大字柿 第16区画</p>
          <p><b>郵便番号:</b> 〒5100000</p>
          <p><b>選挙区:</b> MIE-03</p>
        </div>
      ]]></description>
      <styleUrl>#redPinStyle</styleUrl>
      <Point>
        <coordinates>136.630364,35.052214,0</coordinates>
      </Point>
    </Placemark>
    <Placemark>
      <name>MIE03-000544 - 三重郡 川越町大字豊田 第16区画</name>
      <description><![CDATA[
        <div style="font-family:sans-serif;">
          <h3>area_id: MIE03-000544</h3>
          <p><b>自治体:</b> 三重郡</p>
          <p><b>住所:</b> 川越町大字豊田 第16区画</p>
          <p><b>郵便番号:</b> 〒5100000</p>
          <p><b>選挙区:</b> MIE-03</p>
        </div>
      ]]></description>
      <styleUrl>#redPinStyle</styleUrl>
      <Point>
        <coordinates>136.574676,35.066193,0</coordinates>
      </Point>
    </Placemark>
    <Placemark>
      <name>MIE03-000545 - 四日市市（一部） 富田1丁目 第17区画</name>
      <description><![CDATA[
        <div style="font-family:sans-serif;">
          <h3>area_id: MIE03-000545</h3>
          <p><b>自治体:</b> 四日市市（一部）</p>
          <p><b>住所:</b> 富田1丁目 第17区画</p>
          <p><b>郵便番号:</b> 〒5100000</p>
          <p><b>選挙区:</b> MIE-03</p>
        </div>
      ]]></description>
      <styleUrl>#redPinStyle</styleUrl>
      <Point>
        <coordinates>136.645793,34.979522,0</coordinates>
      </Point>
    </Placemark>
    <Placemark>
      <name>MIE03-000546 - 四日市市（一部） 富田2丁目 第17区画</name>
      <description><![CDATA[
        <div style="font-family:sans-serif;">
          <h3>area_id: MIE03-000546</h3>
          <p><b>自治体:</b> 四日市市（一部）</p>
          <p><b>住所:</b> 富田2丁目 第17区画</p>
          <p><b>郵便番号:</b> 〒5100000</p>
          <p><b>選挙区:</b> MIE-03</p>
        </div>
      ]]></description>
      <styleUrl>#redPinStyle</styleUrl>
      <Point>
        <coordinates>136.658698,35.031358,0</coordinates>
      </Point>
    </Placemark>
    <Placemark>
      <name>MIE03-000547 - 四日市市（一部） 富田3丁目 第17区画</name>
      <description><![CDATA[
        <div style="font-family:sans-serif;">
          <h3>area_id: MIE03-000547</h3>
          <p><b>自治体:</b> 四日市市（一部）</p>
          <p><b>住所:</b> 富田3丁目 第17区画</p>
          <p><b>郵便番号:</b> 〒5100000</p>
          <p><b>選挙区:</b> MIE-03</p>
        </div>
      ]]></description>
      <styleUrl>#redPinStyle</styleUrl>
      <Point>
        <coordinates>136.604995,34.999084,0</coordinates>
      </Point>
    </Placemark>
    <Placemark>
      <name>MIE03-000548 - 四日市市（一部） 富州原町 第17区画</name>
      <description><![CDATA[
        <div style="font-family:sans-serif;">
          <h3>area_id: MIE03-000548</h3>
          <p><b>自治体:</b> 四日市市（一部）</p>
          <p><b>住所:</b> 富州原町 第17区画</p>
          <p><b>郵便番号:</b> 〒5100000</p>
          <p><b>選挙区:</b> MIE-03</p>
        </div>
      ]]></description>
      <styleUrl>#redPinStyle</styleUrl>
      <Point>
        <coordinates>136.673423,34.992401,0</coordinates>
      </Point>
    </Placemark>
    <Placemark>
      <name>MIE03-000549 - 四日市市（一部） 羽津1丁目 第17区画</name>
      <description><![CDATA[
        <div style="font-family:sans-serif;">
          <h3>area_id: MIE03-000549</h3>
          <p><b>自治体:</b> 四日市市（一部）</p>
          <p><b>住所:</b> 羽津1丁目 第17区画</p>
          <p><b>郵便番号:</b> 〒5100000</p>
          <p><b>選挙区:</b> MIE-03</p>
        </div>
      ]]></description>
      <styleUrl>#redPinStyle</styleUrl>
      <Point>
        <coordinates>136.62662,35.037534,0</coordinates>
      </Point>
    </Placemark>
    <Placemark>
      <name>MIE03-000550 - 四日市市（一部） 羽津2丁目 第17区画</name>
      <description><![CDATA[
        <div style="font-family:sans-serif;">
          <h3>area_id: MIE03-000550</h3>
          <p><b>自治体:</b> 四日市市（一部）</p>
          <p><b>住所:</b> 羽津2丁目 第17区画</p>
          <p><b>郵便番号:</b> 〒5100000</p>
          <p><b>選挙区:</b> MIE-03</p>
        </div>
      ]]></description>
      <styleUrl>#redPinStyle</styleUrl>
      <Point>
        <coordinates>136.624478,34.975673,0</coordinates>
      </Point>
    </Placemark>
    <Placemark>
      <name>MIE03-000551 - 桑名市 江場1丁目 第17区画</name>
      <description><![CDATA[
        <div style="font-family:sans-serif;">
          <h3>area_id: MIE03-000551</h3>
          <p><b>自治体:</b> 桑名市</p>
          <p><b>住所:</b> 江場1丁目 第17区画</p>
          <p><b>郵便番号:</b> 〒5100000</p>
          <p><b>選挙区:</b> MIE-03</p>
        </div>
      ]]></description>
      <styleUrl>#redPinStyle</styleUrl>
      <Point>
        <coordinates>136.685438,35.066213,0</coordinates>
      </Point>
    </Placemark>
    <Placemark>
      <name>MIE03-000552 - 桑名市 江場2丁目 第17区画</name>
      <description><![CDATA[
        <div style="font-family:sans-serif;">
          <h3>area_id: MIE03-000552</h3>
          <p><b>自治体:</b> 桑名市</p>
          <p><b>住所:</b> 江場2丁目 第17区画</p>
          <p><b>郵便番号:</b> 〒5100000</p>
          <p><b>選挙区:</b> MIE-03</p>
        </div>
      ]]></description>
      <styleUrl>#redPinStyle</styleUrl>
      <Point>
        <coordinates>136.672904,35.065964,0</coordinates>
      </Point>
    </Placemark>
    <Placemark>
      <name>MIE03-000553 - 桑名市 江場3丁目 第17区画</name>
      <description><![CDATA[
        <div style="font-family:sans-serif;">
          <h3>area_id: MIE03-000553</h3>
          <p><b>自治体:</b> 桑名市</p>
          <p><b>住所:</b> 江場3丁目 第17区画</p>
          <p><b>郵便番号:</b> 〒5100000</p>
          <p><b>選挙区:</b> MIE-03</p>
        </div>
      ]]></description>
      <styleUrl>#redPinStyle</styleUrl>
      <Point>
        <coordinates>136.68444,35.057691,0</coordinates>
      </Point>
    </Placemark>
    <Placemark>
      <name>MIE03-000554 - 桑名市 吉之丸 第17区画</name>
      <description><![CDATA[
        <div style="font-family:sans-serif;">
          <h3>area_id: MIE03-000554</h3>
          <p><b>自治体:</b> 桑名市</p>
          <p><b>住所:</b> 吉之丸 第17区画</p>
          <p><b>郵便番号:</b> 〒5100000</p>
          <p><b>選挙区:</b> MIE-03</p>
        </div>
      ]]></description>
      <styleUrl>#redPinStyle</styleUrl>
      <Point>
        <coordinates>136.682234,35.072496,0</coordinates>
      </Point>
    </Placemark>
    <Placemark>
      <name>MIE03-000555 - 桑名市 大山田1丁目 第17区画</name>
      <description><![CDATA[
        <div style="font-family:sans-serif;">
          <h3>area_id: MIE03-000555</h3>
          <p><b>自治体:</b> 桑名市</p>
          <p><b>住所:</b> 大山田1丁目 第17区画</p>
          <p><b>郵便番号:</b> 〒5100000</p>
          <p><b>選挙区:</b> MIE-03</p>
        </div>
      ]]></description>
      <styleUrl>#redPinStyle</styleUrl>
      <Point>
        <coordinates>136.670367,35.058479,0</coordinates>
      </Point>
    </Placemark>
    <Placemark>
      <name>MIE03-000556 - 桑名市 大山田2丁目 第17区画</name>
      <description><![CDATA[
        <div style="font-family:sans-serif;">
          <h3>area_id: MIE03-000556</h3>
          <p><b>自治体:</b> 桑名市</p>
          <p><b>住所:</b> 大山田2丁目 第17区画</p>
          <p><b>郵便番号:</b> 〒5100000</p>
          <p><b>選挙区:</b> MIE-03</p>
        </div>
      ]]></description>
      <styleUrl>#redPinStyle</styleUrl>
      <Point>
        <coordinates>136.693087,35.062664,0</coordinates>
      </Point>
    </Placemark>
    <Placemark>
      <name>MIE03-000557 - 桑名市 大山田3丁目 第17区画</name>
      <description><![CDATA[
        <div style="font-family:sans-serif;">
          <h3>area_id: MIE03-000557</h3>
          <p><b>自治体:</b> 桑名市</p>
          <p><b>住所:</b> 大山田3丁目 第17区画</p>
          <p><b>郵便番号:</b> 〒5100000</p>
          <p><b>選挙区:</b> MIE-03</p>
        </div>
      ]]></description>
      <styleUrl>#redPinStyle</styleUrl>
      <Point>
        <coordinates>136.67059,35.073446,0</coordinates>
      </Point>
    </Placemark>
    <Placemark>
      <name>MIE03-000558 - 桑名市 大山田4丁目 第17区画</name>
      <description><![CDATA[
        <div style="font-family:sans-serif;">
          <h3>area_id: MIE03-000558</h3>
          <p><b>自治体:</b> 桑名市</p>
          <p><b>住所:</b> 大山田4丁目 第17区画</p>
          <p><b>郵便番号:</b> 〒5100000</p>
          <p><b>選挙区:</b> MIE-03</p>
        </div>
      ]]></description>
      <styleUrl>#redPinStyle</styleUrl>
      <Point>
        <coordinates>136.679299,35.050713,0</coordinates>
      </Point>
    </Placemark>
    <Placemark>
      <name>MIE03-000559 - 桑名市 大山田5丁目 第17区画</name>
      <description><![CDATA[
        <div style="font-family:sans-serif;">
          <h3>area_id: MIE03-000559</h3>
          <p><b>自治体:</b> 桑名市</p>
          <p><b>住所:</b> 大山田5丁目 第17区画</p>
          <p><b>郵便番号:</b> 〒5100000</p>
          <p><b>選挙区:</b> MIE-03</p>
        </div>
      ]]></description>
      <styleUrl>#redPinStyle</styleUrl>
      <Point>
        <coordinates>136.692389,35.074424,0</coordinates>
      </Point>
    </Placemark>
    <Placemark>
      <name>MIE03-000560 - 桑名市 大山田6丁目 第17区画</name>
      <description><![CDATA[
        <div style="font-family:sans-serif;">
          <h3>area_id: MIE03-000560</h3>
          <p><b>自治体:</b> 桑名市</p>
          <p><b>住所:</b> 大山田6丁目 第17区画</p>
          <p><b>郵便番号:</b> 〒5100000</p>
          <p><b>選挙区:</b> MIE-03</p>
        </div>
      ]]></description>
      <styleUrl>#redPinStyle</styleUrl>
      <Point>
        <coordinates>136.661058,35.063411,0</coordinates>
      </Point>
    </Placemark>
    <Placemark>
      <name>MIE03-000561 - 桑名市 大山田7丁目 第17区画</name>
      <description><![CDATA[
        <div style="font-family:sans-serif;">
          <h3>area_id: MIE03-000561</h3>
          <p><b>自治体:</b> 桑名市</p>
          <p><b>住所:</b> 大山田7丁目 第17区画</p>
          <p><b>郵便番号:</b> 〒5100000</p>
          <p><b>選挙区:</b> MIE-03</p>
        </div>
      ]]></description>
      <styleUrl>#redPinStyle</styleUrl>
      <Point>
        <coordinates>136.695627,35.053173,0</coordinates>
      </Point>
    </Placemark>
    <Placemark>
      <name>MIE03-000562 - 桑名市 大山田8丁目 第17区画</name>
      <description><![CDATA[
        <div style="font-family:sans-serif;">
          <h3>area_id: MIE03-000562</h3>
          <p><b>自治体:</b> 桑名市</p>
          <p><b>住所:</b> 大山田8丁目 第17区画</p>
          <p><b>郵便番号:</b> 〒5100000</p>
          <p><b>選挙区:</b> MIE-03</p>
        </div>
      ]]></description>
      <styleUrl>#redPinStyle</styleUrl>
      <Point>
        <coordinates>136.677149,35.082144,0</coordinates>
      </Point>
    </Placemark>
    <Placemark>
      <name>MIE03-000563 - 桑名市 播磨 第17区画</name>
      <description><![CDATA[
        <div style="font-family:sans-serif;">
          <h3>area_id: MIE03-000563</h3>
          <p><b>自治体:</b> 桑名市</p>
          <p><b>住所:</b> 播磨 第17区画</p>
          <p><b>郵便番号:</b> 〒5100000</p>
          <p><b>選挙区:</b> MIE-03</p>
        </div>
      ]]></description>
      <styleUrl>#redPinStyle</styleUrl>
      <Point>
        <coordinates>136.666647,35.048208,0</coordinates>
      </Point>
    </Placemark>
    <Placemark>
      <name>MIE03-000564 - 桑名市 多度町香取 第17区画</name>
      <description><![CDATA[
        <div style="font-family:sans-serif;">
          <h3>area_id: MIE03-000564</h3>
          <p><b>自治体:</b> 桑名市</p>
          <p><b>住所:</b> 多度町香取 第17区画</p>
          <p><b>郵便番号:</b> 〒5100000</p>
          <p><b>選挙区:</b> MIE-03</p>
        </div>
      ]]></description>
      <styleUrl>#redPinStyle</styleUrl>
      <Point>
        <coordinates>136.704134,35.068559,0</coordinates>
      </Point>
    </Placemark>
    <Placemark>
      <name>MIE03-000565 - 桑名市 長島町駒江 第17区画</name>
      <description><![CDATA[
        <div style="font-family:sans-serif;">
          <h3>area_id: MIE03-000565</h3>
          <p><b>自治体:</b> 桑名市</p>
          <p><b>住所:</b> 長島町駒江 第17区画</p>
          <p><b>郵便番号:</b> 〒5100000</p>
          <p><b>選挙区:</b> MIE-03</p>
        </div>
      ]]></description>
      <styleUrl>#redPinStyle</styleUrl>
      <Point>
        <coordinates>136.657345,35.075,0</coordinates>
      </Point>
    </Placemark>
    <Placemark>
      <name>MIE03-000566 - いなべ市 員弁町大泉 第17区画</name>
      <description><![CDATA[
        <div style="font-family:sans-serif;">
          <h3>area_id: MIE03-000566</h3>
          <p><b>自治体:</b> いなべ市</p>
          <p><b>住所:</b> 員弁町大泉 第17区画</p>
          <p><b>郵便番号:</b> 〒5100000</p>
          <p><b>選挙区:</b> MIE-03</p>
        </div>
      ]]></description>
      <styleUrl>#redPinStyle</styleUrl>
      <Point>
        <coordinates>136.524299,35.136465,0</coordinates>
      </Point>
    </Placemark>
    <Placemark>
      <name>MIE03-000567 - いなべ市 北勢町阿下喜 第17区画</name>
      <description><![CDATA[
        <div style="font-family:sans-serif;">
          <h3>area_id: MIE03-000567</h3>
          <p><b>自治体:</b> いなべ市</p>
          <p><b>住所:</b> 北勢町阿下喜 第17区画</p>
          <p><b>郵便番号:</b> 〒5100000</p>
          <p><b>選挙区:</b> MIE-03</p>
        </div>
      ]]></description>
      <styleUrl>#redPinStyle</styleUrl>
      <Point>
        <coordinates>136.528273,35.180333,0</coordinates>
      </Point>
    </Placemark>
    <Placemark>
      <name>MIE03-000568 - いなべ市 大安町丹生川 第17区画</name>
      <description><![CDATA[
        <div style="font-family:sans-serif;">
          <h3>area_id: MIE03-000568</h3>
          <p><b>自治体:</b> いなべ市</p>
          <p><b>住所:</b> 大安町丹生川 第17区画</p>
          <p><b>郵便番号:</b> 〒5100000</p>
          <p><b>選挙区:</b> MIE-03</p>
        </div>
      ]]></description>
      <styleUrl>#redPinStyle</styleUrl>
      <Point>
        <coordinates>136.48784,35.14868,0</coordinates>
      </Point>
    </Placemark>
    <Placemark>
      <name>MIE03-000569 - いなべ市 藤原町市場 第17区画</name>
      <description><![CDATA[
        <div style="font-family:sans-serif;">
          <h3>area_id: MIE03-000569</h3>
          <p><b>自治体:</b> いなべ市</p>
          <p><b>住所:</b> 藤原町市場 第17区画</p>
          <p><b>郵便番号:</b> 〒5100000</p>
          <p><b>選挙区:</b> MIE-03</p>
        </div>
      ]]></description>
      <styleUrl>#redPinStyle</styleUrl>
      <Point>
        <coordinates>136.545995,35.149302,0</coordinates>
      </Point>
    </Placemark>
    <Placemark>
      <name>MIE03-000570 - 桑名郡 木曽岬町加畑 第17区画</name>
      <description><![CDATA[
        <div style="font-family:sans-serif;">
          <h3>area_id: MIE03-000570</h3>
          <p><b>自治体:</b> 桑名郡</p>
          <p><b>住所:</b> 木曽岬町加畑 第17区画</p>
          <p><b>郵便番号:</b> 〒5100000</p>
          <p><b>選挙区:</b> MIE-03</p>
        </div>
      ]]></description>
      <styleUrl>#redPinStyle</styleUrl>
      <Point>
        <coordinates>136.584596,35.074659,0</coordinates>
      </Point>
    </Placemark>
    <Placemark>
      <name>MIE03-000571 - 桑名郡 木曽岬町源緑輪中 第17区画</name>
      <description><![CDATA[
        <div style="font-family:sans-serif;">
          <h3>area_id: MIE03-000571</h3>
          <p><b>自治体:</b> 桑名郡</p>
          <p><b>住所:</b> 木曽岬町源緑輪中 第17区画</p>
          <p><b>郵便番号:</b> 〒5100000</p>
          <p><b>選挙区:</b> MIE-03</p>
        </div>
      ]]></description>
      <styleUrl>#redPinStyle</styleUrl>
      <Point>
        <coordinates>136.590993,35.021988,0</coordinates>
      </Point>
    </Placemark>
    <Placemark>
      <name>MIE03-000572 - 員弁郡 東員町穴太 第17区画</name>
      <description><![CDATA[
        <div style="font-family:sans-serif;">
          <h3>area_id: MIE03-000572</h3>
          <p><b>自治体:</b> 員弁郡</p>
          <p><b>住所:</b> 東員町穴太 第17区画</p>
          <p><b>郵便番号:</b> 〒5100000</p>
          <p><b>選挙区:</b> MIE-03</p>
        </div>
      ]]></description>
      <styleUrl>#redPinStyle</styleUrl>
      <Point>
        <coordinates>136.630565,35.066226,0</coordinates>
      </Point>
    </Placemark>
    <Placemark>
      <name>MIE03-000573 - 員弁郡 東員町笹尾東1丁目 第17区画</name>
      <description><![CDATA[
        <div style="font-family:sans-serif;">
          <h3>area_id: MIE03-000573</h3>
          <p><b>自治体:</b> 員弁郡</p>
          <p><b>住所:</b> 東員町笹尾東1丁目 第17区画</p>
          <p><b>郵便番号:</b> 〒5100000</p>
          <p><b>選挙区:</b> MIE-03</p>
        </div>
      ]]></description>
      <styleUrl>#redPinStyle</styleUrl>
      <Point>
        <coordinates>136.562892,35.055453,0</coordinates>
      </Point>
    </Placemark>
    <Placemark>
      <name>MIE03-000574 - 員弁郡 東員町笹尾東2丁目 第17区画</name>
      <description><![CDATA[
        <div style="font-family:sans-serif;">
          <h3>area_id: MIE03-000574</h3>
          <p><b>自治体:</b> 員弁郡</p>
          <p><b>住所:</b> 東員町笹尾東2丁目 第17区画</p>
          <p><b>郵便番号:</b> 〒5100000</p>
          <p><b>選挙区:</b> MIE-03</p>
        </div>
      ]]></description>
      <styleUrl>#redPinStyle</styleUrl>
      <Point>
        <coordinates>136.623815,35.024137,0</coordinates>
      </Point>
    </Placemark>
    <Placemark>
      <name>MIE03-000575 - 員弁郡 東員町笹尾東3丁目 第17区画</name>
      <description><![CDATA[
        <div style="font-family:sans-serif;">
          <h3>area_id: MIE03-000575</h3>
          <p><b>自治体:</b> 員弁郡</p>
          <p><b>住所:</b> 東員町笹尾東3丁目 第17区画</p>
          <p><b>郵便番号:</b> 〒5100000</p>
          <p><b>選挙区:</b> MIE-03</p>
        </div>
      ]]></description>
      <styleUrl>#redPinStyle</styleUrl>
      <Point>
        <coordinates>136.603535,35.083671,0</coordinates>
      </Point>
    </Placemark>
    <Placemark>
      <name>MIE03-000576 - 三重郡 菰野町大字菰野 第17区画</name>
      <description><![CDATA[
        <div style="font-family:sans-serif;">
          <h3>area_id: MIE03-000576</h3>
          <p><b>自治体:</b> 三重郡</p>
          <p><b>住所:</b> 菰野町大字菰野 第17区画</p>
          <p><b>郵便番号:</b> 〒5100000</p>
          <p><b>選挙区:</b> MIE-03</p>
        </div>
      ]]></description>
      <styleUrl>#redPinStyle</styleUrl>
      <Point>
        <coordinates>136.595576,35.046622,0</coordinates>
      </Point>
    </Placemark>
    <Placemark>
      <name>MIE03-000577 - 三重郡 朝日町大字柿 第17区画</name>
      <description><![CDATA[
        <div style="font-family:sans-serif;">
          <h3>area_id: MIE03-000577</h3>
          <p><b>自治体:</b> 三重郡</p>
          <p><b>住所:</b> 朝日町大字柿 第17区画</p>
          <p><b>郵便番号:</b> 〒5100000</p>
          <p><b>選挙区:</b> MIE-03</p>
        </div>
      ]]></description>
      <styleUrl>#redPinStyle</styleUrl>
      <Point>
        <coordinates>136.60744,35.05,0</coordinates>
      </Point>
    </Placemark>
    <Placemark>
      <name>MIE03-000578 - 三重郡 川越町大字豊田 第17区画</name>
      <description><![CDATA[
        <div style="font-family:sans-serif;">
          <h3>area_id: MIE03-000578</h3>
          <p><b>自治体:</b> 三重郡</p>
          <p><b>住所:</b> 川越町大字豊田 第17区画</p>
          <p><b>郵便番号:</b> 〒5100000</p>
          <p><b>選挙区:</b> MIE-03</p>
        </div>
      ]]></description>
      <styleUrl>#redPinStyle</styleUrl>
      <Point>
        <coordinates>136.593453,35.054999,0</coordinates>
      </Point>
    </Placemark>
    <Placemark>
      <name>MIE03-000579 - 四日市市（一部） 富田1丁目 第18区画</name>
      <description><![CDATA[
        <div style="font-family:sans-serif;">
          <h3>area_id: MIE03-000579</h3>
          <p><b>自治体:</b> 四日市市（一部）</p>
          <p><b>住所:</b> 富田1丁目 第18区画</p>
          <p><b>郵便番号:</b> 〒5100000</p>
          <p><b>選挙区:</b> MIE-03</p>
        </div>
      ]]></description>
      <styleUrl>#redPinStyle</styleUrl>
      <Point>
        <coordinates>136.640899,34.998333,0</coordinates>
      </Point>
    </Placemark>
    <Placemark>
      <name>MIE03-000580 - 四日市市（一部） 富田2丁目 第18区画</name>
      <description><![CDATA[
        <div style="font-family:sans-serif;">
          <h3>area_id: MIE03-000580</h3>
          <p><b>自治体:</b> 四日市市（一部）</p>
          <p><b>住所:</b> 富田2丁目 第18区画</p>
          <p><b>郵便番号:</b> 〒5100000</p>
          <p><b>選挙区:</b> MIE-03</p>
        </div>
      ]]></description>
      <styleUrl>#redPinStyle</styleUrl>
      <Point>
        <coordinates>136.647159,35.014675,0</coordinates>
      </Point>
    </Placemark>
    <Placemark>
      <name>MIE03-000581 - 四日市市（一部） 富田3丁目 第18区画</name>
      <description><![CDATA[
        <div style="font-family:sans-serif;">
          <h3>area_id: MIE03-000581</h3>
          <p><b>自治体:</b> 四日市市（一部）</p>
          <p><b>住所:</b> 富田3丁目 第18区画</p>
          <p><b>郵便番号:</b> 〒5100000</p>
          <p><b>選挙区:</b> MIE-03</p>
        </div>
      ]]></description>
      <styleUrl>#redPinStyle</styleUrl>
      <Point>
        <coordinates>136.627001,35.00499,0</coordinates>
      </Point>
    </Placemark>
    <Placemark>
      <name>MIE03-000582 - 四日市市（一部） 富州原町 第18区画</name>
      <description><![CDATA[
        <div style="font-family:sans-serif;">
          <h3>area_id: MIE03-000582</h3>
          <p><b>自治体:</b> 四日市市（一部）</p>
          <p><b>住所:</b> 富州原町 第18区画</p>
          <p><b>郵便番号:</b> 〒5100000</p>
          <p><b>選挙区:</b> MIE-03</p>
        </div>
      ]]></description>
      <styleUrl>#redPinStyle</styleUrl>
      <Point>
        <coordinates>136.652347,35.000345,0</coordinates>
      </Point>
    </Placemark>
    <Placemark>
      <name>MIE03-000583 - 四日市市（一部） 羽津1丁目 第18区画</name>
      <description><![CDATA[
        <div style="font-family:sans-serif;">
          <h3>area_id: MIE03-000583</h3>
          <p><b>自治体:</b> 四日市市（一部）</p>
          <p><b>住所:</b> 羽津1丁目 第18区画</p>
          <p><b>郵便番号:</b> 〒5100000</p>
          <p><b>選挙区:</b> MIE-03</p>
        </div>
      ]]></description>
      <styleUrl>#redPinStyle</styleUrl>
      <Point>
        <coordinates>136.635838,35.019843,0</coordinates>
      </Point>
    </Placemark>
    <Placemark>
      <name>MIE03-000584 - 四日市市（一部） 羽津2丁目 第18区画</name>
      <description><![CDATA[
        <div style="font-family:sans-serif;">
          <h3>area_id: MIE03-000584</h3>
          <p><b>自治体:</b> 四日市市（一部）</p>
          <p><b>住所:</b> 羽津2丁目 第18区画</p>
          <p><b>郵便番号:</b> 〒5100000</p>
          <p><b>選挙区:</b> MIE-03</p>
        </div>
      ]]></description>
      <styleUrl>#redPinStyle</styleUrl>
      <Point>
        <coordinates>136.63191,34.99395,0</coordinates>
      </Point>
    </Placemark>
    <Placemark>
      <name>MIE03-000585 - 桑名市 江場1丁目 第18区画</name>
      <description><![CDATA[
        <div style="font-family:sans-serif;">
          <h3>area_id: MIE03-000585</h3>
          <p><b>自治体:</b> 桑名市</p>
          <p><b>住所:</b> 江場1丁目 第18区画</p>
          <p><b>郵便番号:</b> 〒5100000</p>
          <p><b>選挙区:</b> MIE-03</p>
        </div>
      ]]></description>
      <styleUrl>#redPinStyle</styleUrl>
      <Point>
        <coordinates>136.697817,35.069504,0</coordinates>
      </Point>
    </Placemark>
    <Placemark>
      <name>MIE03-000586 - 桑名市 江場2丁目 第18区画</name>
      <description><![CDATA[
        <div style="font-family:sans-serif;">
          <h3>area_id: MIE03-000586</h3>
          <p><b>自治体:</b> 桑名市</p>
          <p><b>住所:</b> 江場2丁目 第18区画</p>
          <p><b>郵便番号:</b> 〒5100000</p>
          <p><b>選挙区:</b> MIE-03</p>
        </div>
      ]]></description>
      <styleUrl>#redPinStyle</styleUrl>
      <Point>
        <coordinates>136.661153,35.070606,0</coordinates>
      </Point>
    </Placemark>
    <Placemark>
      <name>MIE03-000587 - 桑名市 江場3丁目 第18区画</name>
      <description><![CDATA[
        <div style="font-family:sans-serif;">
          <h3>area_id: MIE03-000587</h3>
          <p><b>自治体:</b> 桑名市</p>
          <p><b>住所:</b> 江場3丁目 第18区画</p>
          <p><b>郵便番号:</b> 〒5100000</p>
          <p><b>選挙区:</b> MIE-03</p>
        </div>
      ]]></description>
      <styleUrl>#redPinStyle</styleUrl>
      <Point>
        <coordinates>136.68923,35.047605,0</coordinates>
      </Point>
    </Placemark>
    <Placemark>
      <name>MIE03-000588 - 桑名市 吉之丸 第18区画</name>
      <description><![CDATA[
        <div style="font-family:sans-serif;">
          <h3>area_id: MIE03-000588</h3>
          <p><b>自治体:</b> 桑名市</p>
          <p><b>住所:</b> 吉之丸 第18区画</p>
          <p><b>郵便番号:</b> 〒5100000</p>
          <p><b>選挙区:</b> MIE-03</p>
        </div>
      ]]></description>
      <styleUrl>#redPinStyle</styleUrl>
      <Point>
        <coordinates>136.687,35.082602,0</coordinates>
      </Point>
    </Placemark>
    <Placemark>
      <name>MIE03-000589 - 桑名市 大山田1丁目 第18区画</name>
      <description><![CDATA[
        <div style="font-family:sans-serif;">
          <h3>area_id: MIE03-000589</h3>
          <p><b>自治体:</b> 桑名市</p>
          <p><b>住所:</b> 大山田1丁目 第18区画</p>
          <p><b>郵便番号:</b> 〒5100000</p>
          <p><b>選挙区:</b> MIE-03</p>
        </div>
      ]]></description>
      <styleUrl>#redPinStyle</styleUrl>
      <Point>
        <coordinates>136.658592,35.0538,0</coordinates>
      </Point>
    </Placemark>
    <Placemark>
      <name>MIE03-000590 - 桑名市 大山田2丁目 第18区画</name>
      <description><![CDATA[
        <div style="font-family:sans-serif;">
          <h3>area_id: MIE03-000590</h3>
          <p><b>自治体:</b> 桑名市</p>
          <p><b>住所:</b> 大山田2丁目 第18区画</p>
          <p><b>郵便番号:</b> 〒5100000</p>
          <p><b>選挙区:</b> MIE-03</p>
        </div>
      ]]></description>
      <styleUrl>#redPinStyle</styleUrl>
      <Point>
        <coordinates>136.70554,35.059382,0</coordinates>
      </Point>
    </Placemark>
    <Placemark>
      <name>MIE03-000591 - 桑名市 大山田3丁目 第18区画</name>
      <description><![CDATA[
        <div style="font-family:sans-serif;">
          <h3>area_id: MIE03-000591</h3>
          <p><b>自治体:</b> 桑名市</p>
          <p><b>住所:</b> 大山田3丁目 第18区画</p>
          <p><b>郵便番号:</b> 〒5100000</p>
          <p><b>選挙区:</b> MIE-03</p>
        </div>
      ]]></description>
      <styleUrl>#redPinStyle</styleUrl>
      <Point>
        <coordinates>136.664169,35.08294,0</coordinates>
      </Point>
    </Placemark>
    <Placemark>
      <name>MIE03-000592 - 桑名市 大山田4丁目 第18区画</name>
      <description><![CDATA[
        <div style="font-family:sans-serif;">
          <h3>area_id: MIE03-000592</h3>
          <p><b>自治体:</b> 桑名市</p>
          <p><b>住所:</b> 大山田4丁目 第18区画</p>
          <p><b>郵便番号:</b> 〒5100000</p>
          <p><b>選挙区:</b> MIE-03</p>
        </div>
      ]]></description>
      <styleUrl>#redPinStyle</styleUrl>
      <Point>
        <coordinates>136.67621,35.040107,0</coordinates>
      </Point>
    </Placemark>
    <Placemark>
      <name>MIE03-000593 - 桑名市 大山田5丁目 第18区画</name>
      <description><![CDATA[
        <div style="font-family:sans-serif;">
          <h3>area_id: MIE03-000593</h3>
          <p><b>自治体:</b> 桑名市</p>
          <p><b>住所:</b> 大山田5丁目 第18区画</p>
          <p><b>郵便番号:</b> 〒5100000</p>
          <p><b>選挙区:</b> MIE-03</p>
        </div>
      ]]></description>
      <styleUrl>#redPinStyle</styleUrl>
      <Point>
        <coordinates>136.703349,35.080427,0</coordinates>
      </Point>
    </Placemark>
    <Placemark>
      <name>MIE03-000594 - 桑名市 大山田6丁目 第18区画</name>
      <description><![CDATA[
        <div style="font-family:sans-serif;">
          <h3>area_id: MIE03-000594</h3>
          <p><b>自治体:</b> 桑名市</p>
          <p><b>住所:</b> 大山田6丁目 第18区画</p>
          <p><b>郵便番号:</b> 〒5100000</p>
          <p><b>選挙区:</b> MIE-03</p>
        </div>
      ]]></description>
      <styleUrl>#redPinStyle</styleUrl>
      <Point>
        <coordinates>136.64811,35.06526,0</coordinates>
      </Point>
    </Placemark>
    <Placemark>
      <name>MIE03-000595 - 桑名市 大山田7丁目 第18区画</name>
      <description><![CDATA[
        <div style="font-family:sans-serif;">
          <h3>area_id: MIE03-000595</h3>
          <p><b>自治体:</b> 桑名市</p>
          <p><b>住所:</b> 大山田7丁目 第18区画</p>
          <p><b>郵便番号:</b> 〒5100000</p>
          <p><b>選挙区:</b> MIE-03</p>
        </div>
      ]]></description>
      <styleUrl>#redPinStyle</styleUrl>
      <Point>
        <coordinates>136.703589,35.044442,0</coordinates>
      </Point>
    </Placemark>
    <Placemark>
      <name>MIE03-000596 - 桑名市 大山田8丁目 第18区画</name>
      <description><![CDATA[
        <div style="font-family:sans-serif;">
          <h3>area_id: MIE03-000596</h3>
          <p><b>自治体:</b> 桑名市</p>
          <p><b>住所:</b> 大山田8丁目 第18区画</p>
          <p><b>郵便番号:</b> 〒5100000</p>
          <p><b>選挙区:</b> MIE-03</p>
        </div>
      ]]></description>
      <styleUrl>#redPinStyle</styleUrl>
      <Point>
        <coordinates>136.678482,35.093072,0</coordinates>
      </Point>
    </Placemark>
    <Placemark>
      <name>MIE03-000597 - 桑名市 播磨 第18区画</name>
      <description><![CDATA[
        <div style="font-family:sans-serif;">
          <h3>area_id: MIE03-000597</h3>
          <p><b>自治体:</b> 桑名市</p>
          <p><b>住所:</b> 播磨 第18区画</p>
          <p><b>郵便番号:</b> 〒5100000</p>
          <p><b>選挙区:</b> MIE-03</p>
        </div>
      ]]></description>
      <styleUrl>#redPinStyle</styleUrl>
      <Point>
        <coordinates>136.656705,35.040965,0</coordinates>
      </Point>
    </Placemark>
    <Placemark>
      <name>MIE03-000598 - 桑名市 多度町香取 第18区画</name>
      <description><![CDATA[
        <div style="font-family:sans-serif;">
          <h3>area_id: MIE03-000598</h3>
          <p><b>自治体:</b> 桑名市</p>
          <p><b>住所:</b> 多度町香取 第18区画</p>
          <p><b>郵便番号:</b> 〒5100000</p>
          <p><b>選挙区:</b> MIE-03</p>
        </div>
      ]]></description>
      <styleUrl>#redPinStyle</styleUrl>
      <Point>
        <coordinates>136.717358,35.068199,0</coordinates>
      </Point>
    </Placemark>
    <Placemark>
      <name>MIE03-000599 - 桑名市 長島町駒江 第18区画</name>
      <description><![CDATA[
        <div style="font-family:sans-serif;">
          <h3>area_id: MIE03-000599</h3>
          <p><b>自治体:</b> 桑名市</p>
          <p><b>住所:</b> 長島町駒江 第18区画</p>
          <p><b>郵便番号:</b> 〒5100000</p>
          <p><b>選挙区:</b> MIE-03</p>
        </div>
      ]]></description>
      <styleUrl>#redPinStyle</styleUrl>
      <Point>
        <coordinates>136.647955,35.082799,0</coordinates>
      </Point>
    </Placemark>
    <Placemark>
      <name>MIE03-000600 - いなべ市 員弁町大泉 第18区画</name>
      <description><![CDATA[
        <div style="font-family:sans-serif;">
          <h3>area_id: MIE03-000600</h3>
          <p><b>自治体:</b> いなべ市</p>
          <p><b>住所:</b> 員弁町大泉 第18区画</p>
          <p><b>郵便番号:</b> 〒5100000</p>
          <p><b>選挙区:</b> MIE-03</p>
        </div>
      ]]></description>
      <styleUrl>#redPinStyle</styleUrl>
      <Point>
        <coordinates>136.524779,35.125401,0</coordinates>
      </Point>
    </Placemark>
    <Placemark>
      <name>MIE03-000601 - いなべ市 北勢町阿下喜 第18区画</name>
      <description><![CDATA[
        <div style="font-family:sans-serif;">
          <h3>area_id: MIE03-000601</h3>
          <p><b>自治体:</b> いなべ市</p>
          <p><b>住所:</b> 北勢町阿下喜 第18区画</p>
          <p><b>郵便番号:</b> 〒5100000</p>
          <p><b>選挙区:</b> MIE-03</p>
        </div>
      ]]></description>
      <styleUrl>#redPinStyle</styleUrl>
      <Point>
        <coordinates>136.519,35.16273,0</coordinates>
      </Point>
    </Placemark>
    <Placemark>
      <name>MIE03-000602 - いなべ市 大安町丹生川 第18区画</name>
      <description><![CDATA[
        <div style="font-family:sans-serif;">
          <h3>area_id: MIE03-000602</h3>
          <p><b>自治体:</b> いなべ市</p>
          <p><b>住所:</b> 大安町丹生川 第18区画</p>
          <p><b>郵便番号:</b> 〒5100000</p>
          <p><b>選挙区:</b> MIE-03</p>
        </div>
      ]]></description>
      <styleUrl>#redPinStyle</styleUrl>
      <Point>
        <coordinates>136.508904,35.156536,0</coordinates>
      </Point>
    </Placemark>
    <Placemark>
      <name>MIE03-000603 - いなべ市 藤原町市場 第18区画</name>
      <description><![CDATA[
        <div style="font-family:sans-serif;">
          <h3>area_id: MIE03-000603</h3>
          <p><b>自治体:</b> いなべ市</p>
          <p><b>住所:</b> 藤原町市場 第18区画</p>
          <p><b>郵便番号:</b> 〒5100000</p>
          <p><b>選挙区:</b> MIE-03</p>
        </div>
      ]]></description>
      <styleUrl>#redPinStyle</styleUrl>
      <Point>
        <coordinates>136.524048,35.155273,0</coordinates>
      </Point>
    </Placemark>
    <Placemark>
      <name>MIE03-000604 - 桑名郡 木曽岬町加畑 第18区画</name>
      <description><![CDATA[
        <div style="font-family:sans-serif;">
          <h3>area_id: MIE03-000604</h3>
          <p><b>自治体:</b> 桑名郡</p>
          <p><b>住所:</b> 木曽岬町加畑 第18区画</p>
          <p><b>郵便番号:</b> 〒5100000</p>
          <p><b>選挙区:</b> MIE-03</p>
        </div>
      ]]></description>
      <styleUrl>#redPinStyle</styleUrl>
      <Point>
        <coordinates>136.596051,35.057945,0</coordinates>
      </Point>
    </Placemark>
    <Placemark>
      <name>MIE03-000605 - 桑名郡 木曽岬町源緑輪中 第18区画</name>
      <description><![CDATA[
        <div style="font-family:sans-serif;">
          <h3>area_id: MIE03-000605</h3>
          <p><b>自治体:</b> 桑名郡</p>
          <p><b>住所:</b> 木曽岬町源緑輪中 第18区画</p>
          <p><b>郵便番号:</b> 〒5100000</p>
          <p><b>選挙区:</b> MIE-03</p>
        </div>
      ]]></description>
      <styleUrl>#redPinStyle</styleUrl>
      <Point>
        <coordinates>136.595978,35.040791,0</coordinates>
      </Point>
    </Placemark>
    <Placemark>
      <name>MIE03-000606 - 員弁郡 東員町穴太 第18区画</name>
      <description><![CDATA[
        <div style="font-family:sans-serif;">
          <h3>area_id: MIE03-000606</h3>
          <p><b>自治体:</b> 員弁郡</p>
          <p><b>住所:</b> 東員町穴太 第18区画</p>
          <p><b>郵便番号:</b> 〒5100000</p>
          <p><b>選挙区:</b> MIE-03</p>
        </div>
      ]]></description>
      <styleUrl>#redPinStyle</styleUrl>
      <Point>
        <coordinates>136.611709,35.055079,0</coordinates>
      </Point>
    </Placemark>
    <Placemark>
      <name>MIE03-000607 - 員弁郡 東員町笹尾東1丁目 第18区画</name>
      <description><![CDATA[
        <div style="font-family:sans-serif;">
          <h3>area_id: MIE03-000607</h3>
          <p><b>自治体:</b> 員弁郡</p>
          <p><b>住所:</b> 東員町笹尾東1丁目 第18区画</p>
          <p><b>郵便番号:</b> 〒5100000</p>
          <p><b>選挙区:</b> MIE-03</p>
        </div>
      ]]></description>
      <styleUrl>#redPinStyle</styleUrl>
      <Point>
        <coordinates>136.585859,35.053158,0</coordinates>
      </Point>
    </Placemark>
    <Placemark>
      <name>MIE03-000608 - 員弁郡 東員町笹尾東2丁目 第18区画</name>
      <description><![CDATA[
        <div style="font-family:sans-serif;">
          <h3>area_id: MIE03-000608</h3>
          <p><b>自治体:</b> 員弁郡</p>
          <p><b>住所:</b> 東員町笹尾東2丁目 第18区画</p>
          <p><b>郵便番号:</b> 〒5100000</p>
          <p><b>選挙区:</b> MIE-03</p>
        </div>
      ]]></description>
      <styleUrl>#redPinStyle</styleUrl>
      <Point>
        <coordinates>136.60864,35.038699,0</coordinates>
      </Point>
    </Placemark>
    <Placemark>
      <name>MIE03-000609 - 員弁郡 東員町笹尾東3丁目 第18区画</name>
      <description><![CDATA[
        <div style="font-family:sans-serif;">
          <h3>area_id: MIE03-000609</h3>
          <p><b>自治体:</b> 員弁郡</p>
          <p><b>住所:</b> 東員町笹尾東3丁目 第18区画</p>
          <p><b>郵便番号:</b> 〒5100000</p>
          <p><b>選挙区:</b> MIE-03</p>
        </div>
      ]]></description>
      <styleUrl>#redPinStyle</styleUrl>
      <Point>
        <coordinates>136.603042,35.064378,0</coordinates>
      </Point>
    </Placemark>
    <Placemark>
      <name>MIE03-000610 - 三重郡 菰野町大字菰野 第18区画</name>
      <description><![CDATA[
        <div style="font-family:sans-serif;">
          <h3>area_id: MIE03-000610</h3>
          <p><b>自治体:</b> 三重郡</p>
          <p><b>住所:</b> 菰野町大字菰野 第18区画</p>
          <p><b>郵便番号:</b> 〒5100000</p>
          <p><b>選挙区:</b> MIE-03</p>
        </div>
      ]]></description>
      <styleUrl>#redPinStyle</styleUrl>
      <Point>
        <coordinates>136.584958,35.040382,0</coordinates>
      </Point>
    </Placemark>
    <Placemark>
      <name>MIE03-000611 - 三重郡 朝日町大字柿 第18区画</name>
      <description><![CDATA[
        <div style="font-family:sans-serif;">
          <h3>area_id: MIE03-000611</h3>
          <p><b>自治体:</b> 三重郡</p>
          <p><b>住所:</b> 朝日町大字柿 第18区画</p>
          <p><b>郵便番号:</b> 〒5100000</p>
          <p><b>選挙区:</b> MIE-03</p>
        </div>
      ]]></description>
      <styleUrl>#redPinStyle</styleUrl>
      <Point>
        <coordinates>136.620322,35.048518,0</coordinates>
      </Point>
    </Placemark>
    <Placemark>
      <name>MIE03-000612 - 三重郡 川越町大字豊田 第18区画</name>
      <description><![CDATA[
        <div style="font-family:sans-serif;">
          <h3>area_id: MIE03-000612</h3>
          <p><b>自治体:</b> 三重郡</p>
          <p><b>住所:</b> 川越町大字豊田 第18区画</p>
          <p><b>郵便番号:</b> 〒5100000</p>
          <p><b>選挙区:</b> MIE-03</p>
        </div>
      ]]></description>
      <styleUrl>#redPinStyle</styleUrl>
      <Point>
        <coordinates>136.585245,35.063418,0</coordinates>
      </Point>
    </Placemark>
    <Placemark>
      <name>MIE03-000613 - 四日市市（一部） 富田1丁目 第19区画</name>
      <description><![CDATA[
        <div style="font-family:sans-serif;">
          <h3>area_id: MIE03-000613</h3>
          <p><b>自治体:</b> 四日市市（一部）</p>
          <p><b>住所:</b> 富田1丁目 第19区画</p>
          <p><b>郵便番号:</b> 〒5100000</p>
          <p><b>選挙区:</b> MIE-03</p>
        </div>
      ]]></description>
      <styleUrl>#redPinStyle</styleUrl>
      <Point>
        <coordinates>136.64,34.9875,0</coordinates>
      </Point>
    </Placemark>
    <Placemark>
      <name>MIE03-000614 - 四日市市（一部） 富田2丁目 第19区画</name>
      <description><![CDATA[
        <div style="font-family:sans-serif;">
          <h3>area_id: MIE03-000614</h3>
          <p><b>自治体:</b> 四日市市（一部）</p>
          <p><b>住所:</b> 富田2丁目 第19区画</p>
          <p><b>郵便番号:</b> 〒5100000</p>
          <p><b>選挙区:</b> MIE-03</p>
        </div>
      ]]></description>
      <styleUrl>#redPinStyle</styleUrl>
      <Point>
        <coordinates>136.656701,35.022088,0</coordinates>
      </Point>
    </Placemark>
    <Placemark>
      <name>MIE03-000615 - 四日市市（一部） 富田3丁目 第19区画</name>
      <description><![CDATA[
        <div style="font-family:sans-serif;">
          <h3>area_id: MIE03-000615</h3>
          <p><b>自治体:</b> 四日市市（一部）</p>
          <p><b>住所:</b> 富田3丁目 第19区画</p>
          <p><b>郵便番号:</b> 〒5100000</p>
          <p><b>選挙区:</b> MIE-03</p>
        </div>
      ]]></description>
      <styleUrl>#redPinStyle</styleUrl>
      <Point>
        <coordinates>136.61394,35.005,0</coordinates>
      </Point>
    </Placemark>
    <Placemark>
      <name>MIE03-000616 - 四日市市（一部） 富州原町 第19区画</name>
      <description><![CDATA[
        <div style="font-family:sans-serif;">
          <h3>area_id: MIE03-000616</h3>
          <p><b>自治体:</b> 四日市市（一部）</p>
          <p><b>住所:</b> 富州原町 第19区画</p>
          <p><b>郵便番号:</b> 〒5100000</p>
          <p><b>選挙区:</b> MIE-03</p>
        </div>
      ]]></description>
      <styleUrl>#redPinStyle</styleUrl>
      <Point>
        <coordinates>136.661897,34.992898,0</coordinates>
      </Point>
    </Placemark>
    <Placemark>
      <name>MIE03-000617 - 四日市市（一部） 羽津1丁目 第19区画</name>
      <description><![CDATA[
        <div style="font-family:sans-serif;">
          <h3>area_id: MIE03-000617</h3>
          <p><b>自治体:</b> 四日市市（一部）</p>
          <p><b>住所:</b> 羽津1丁目 第19区画</p>
          <p><b>郵便番号:</b> 〒5100000</p>
          <p><b>選挙区:</b> MIE-03</p>
        </div>
      ]]></description>
      <styleUrl>#redPinStyle</styleUrl>
      <Point>
        <coordinates>136.634957,35.030732,0</coordinates>
      </Point>
    </Placemark>
    <Placemark>
      <name>MIE03-000618 - 四日市市（一部） 羽津2丁目 第19区画</name>
      <description><![CDATA[
        <div style="font-family:sans-serif;">
          <h3>area_id: MIE03-000618</h3>
          <p><b>自治体:</b> 四日市市（一部）</p>
          <p><b>住所:</b> 羽津2丁目 第19区画</p>
          <p><b>郵便番号:</b> 〒5100000</p>
          <p><b>選挙区:</b> MIE-03</p>
        </div>
      ]]></description>
      <styleUrl>#redPinStyle</styleUrl>
      <Point>
        <coordinates>136.623623,34.985478,0</coordinates>
      </Point>
    </Placemark>
    <Placemark>
      <name>MIE03-000619 - 桑名市 江場1丁目 第19区画</name>
      <description><![CDATA[
        <div style="font-family:sans-serif;">
          <h3>area_id: MIE03-000619</h3>
          <p><b>自治体:</b> 桑名市</p>
          <p><b>住所:</b> 江場1丁目 第19区画</p>
          <p><b>郵便番号:</b> 〒5100000</p>
          <p><b>選挙区:</b> MIE-03</p>
        </div>
      ]]></description>
      <styleUrl>#redPinStyle</styleUrl>
      <Point>
        <coordinates>136.710832,35.070985,0</coordinates>
      </Point>
    </Placemark>
    <Placemark>
      <name>MIE03-000620 - 桑名市 江場2丁目 第19区画</name>
      <description><![CDATA[
        <div style="font-family:sans-serif;">
          <h3>area_id: MIE03-000620</h3>
          <p><b>自治体:</b> 桑名市</p>
          <p><b>住所:</b> 江場2丁目 第19区画</p>
          <p><b>郵便番号:</b> 〒5100000</p>
          <p><b>選挙区:</b> MIE-03</p>
        </div>
      ]]></description>
      <styleUrl>#redPinStyle</styleUrl>
      <Point>
        <coordinates>136.650409,35.076937,0</coordinates>
      </Point>
    </Placemark>
    <Placemark>
      <name>MIE03-000621 - 桑名市 江場3丁目 第19区画</name>
      <description><![CDATA[
        <div style="font-family:sans-serif;">
          <h3>area_id: MIE03-000621</h3>
          <p><b>自治体:</b> 桑名市</p>
          <p><b>住所:</b> 江場3丁目 第19区画</p>
          <p><b>郵便番号:</b> 〒5100000</p>
          <p><b>選挙区:</b> MIE-03</p>
        </div>
      ]]></description>
      <styleUrl>#redPinStyle</styleUrl>
      <Point>
        <coordinates>136.691902,35.036849,0</coordinates>
      </Point>
    </Placemark>
    <Placemark>
      <name>MIE03-000622 - 桑名市 吉之丸 第19区画</name>
      <description><![CDATA[
        <div style="font-family:sans-serif;">
          <h3>area_id: MIE03-000622</h3>
          <p><b>自治体:</b> 桑名市</p>
          <p><b>住所:</b> 吉之丸 第19区画</p>
          <p><b>郵便番号:</b> 〒5100000</p>
          <p><b>選挙区:</b> MIE-03</p>
        </div>
      ]]></description>
      <styleUrl>#redPinStyle</styleUrl>
      <Point>
        <coordinates>136.693868,35.092001,0</coordinates>
      </Point>
    </Placemark>
    <Placemark>
      <name>MIE03-000623 - 桑名市 大山田1丁目 第19区画</name>
      <description><![CDATA[
        <div style="font-family:sans-serif;">
          <h3>area_id: MIE03-000623</h3>
          <p><b>自治体:</b> 桑名市</p>
          <p><b>住所:</b> 大山田1丁目 第19区画</p>
          <p><b>郵便番号:</b> 〒5100000</p>
          <p><b>選挙区:</b> MIE-03</p>
        </div>
      ]]></description>
      <styleUrl>#redPinStyle</styleUrl>
      <Point>
        <coordinates>136.64585,35.05083,0</coordinates>
      </Point>
    </Placemark>
    <Placemark>
      <name>MIE03-000624 - 桑名市 大山田2丁目 第19区画</name>
      <description><![CDATA[
        <div style="font-family:sans-serif;">
          <h3>area_id: MIE03-000624</h3>
          <p><b>自治体:</b> 桑名市</p>
          <p><b>住所:</b> 大山田2丁目 第19区画</p>
          <p><b>郵便番号:</b> 〒5100000</p>
          <p><b>選挙区:</b> MIE-03</p>
        </div>
      ]]></description>
      <styleUrl>#redPinStyle</styleUrl>
      <Point>
        <coordinates>136.717309,35.054297,0</coordinates>
      </Point>
    </Placemark>
    <Placemark>
      <name>MIE03-000625 - 桑名市 大山田3丁目 第19区画</name>
      <description><![CDATA[
        <div style="font-family:sans-serif;">
          <h3>area_id: MIE03-000625</h3>
          <p><b>自治体:</b> 桑名市</p>
          <p><b>住所:</b> 大山田3丁目 第19区画</p>
          <p><b>郵便番号:</b> 〒5100000</p>
          <p><b>選挙区:</b> MIE-03</p>
        </div>
      ]]></description>
      <styleUrl>#redPinStyle</styleUrl>
      <Point>
        <coordinates>136.65972,35.093372,0</coordinates>
      </Point>
    </Placemark>
    <Placemark>
      <name>MIE03-000626 - 桑名市 大山田4丁目 第19区画</name>
      <description><![CDATA[
        <div style="font-family:sans-serif;">
          <h3>area_id: MIE03-000626</h3>
          <p><b>自治体:</b> 桑名市</p>
          <p><b>住所:</b> 大山田4丁目 第19区画</p>
          <p><b>郵便番号:</b> 〒5100000</p>
          <p><b>選挙区:</b> MIE-03</p>
        </div>
      ]]></description>
      <styleUrl>#redPinStyle</styleUrl>
      <Point>
        <coordinates>136.678701,35.059219,0</coordinates>
      </Point>
    </Placemark>
    <Placemark>
      <name>MIE03-000627 - 桑名市 大山田5丁目 第19区画</name>
      <description><![CDATA[
        <div style="font-family:sans-serif;">
          <h3>area_id: MIE03-000627</h3>
          <p><b>自治体:</b> 桑名市</p>
          <p><b>住所:</b> 大山田5丁目 第19区画</p>
          <p><b>郵便番号:</b> 〒5100000</p>
          <p><b>選挙区:</b> MIE-03</p>
        </div>
      ]]></description>
      <styleUrl>#redPinStyle</styleUrl>
      <Point>
        <coordinates>136.686094,35.067656,0</coordinates>
      </Point>
    </Placemark>
    <Placemark>
      <name>MIE03-000628 - 桑名市 大山田6丁目 第19区画</name>
      <description><![CDATA[
        <div style="font-family:sans-serif;">
          <h3>area_id: MIE03-000628</h3>
          <p><b>自治体:</b> 桑名市</p>
          <p><b>住所:</b> 大山田6丁目 第19区画</p>
          <p><b>郵便番号:</b> 〒5100000</p>
          <p><b>選挙区:</b> MIE-03</p>
        </div>
      ]]></description>
      <styleUrl>#redPinStyle</styleUrl>
      <Point>
        <coordinates>136.671196,35.065066,0</coordinates>
      </Point>
    </Placemark>
    <Placemark>
      <name>MIE03-000629 - 桑名市 大山田7丁目 第19区画</name>
      <description><![CDATA[
        <div style="font-family:sans-serif;">
          <h3>area_id: MIE03-000629</h3>
          <p><b>自治体:</b> 桑名市</p>
          <p><b>住所:</b> 大山田7丁目 第19区画</p>
          <p><b>郵便番号:</b> 〒5100000</p>
          <p><b>選挙区:</b> MIE-03</p>
        </div>
      ]]></description>
      <styleUrl>#redPinStyle</styleUrl>
      <Point>
        <coordinates>136.686634,35.057512,0</coordinates>
      </Point>
    </Placemark>
    <Placemark>
      <name>MIE03-000630 - 桑名市 大山田8丁目 第19区画</name>
      <description><![CDATA[
        <div style="font-family:sans-serif;">
          <h3>area_id: MIE03-000630</h3>
          <p><b>自治体:</b> 桑名市</p>
          <p><b>住所:</b> 大山田8丁目 第19区画</p>
          <p><b>郵便番号:</b> 〒5100000</p>
          <p><b>選挙区:</b> MIE-03</p>
        </div>
      ]]></description>
      <styleUrl>#redPinStyle</styleUrl>
      <Point>
        <coordinates>136.680513,35.073891,0</coordinates>
      </Point>
    </Placemark>
    <Placemark>
      <name>MIE03-000631 - 桑名市 播磨 第19区画</name>
      <description><![CDATA[
        <div style="font-family:sans-serif;">
          <h3>area_id: MIE03-000631</h3>
          <p><b>自治体:</b> 桑名市</p>
          <p><b>住所:</b> 播磨 第19区画</p>
          <p><b>郵便番号:</b> 〒5100000</p>
          <p><b>選挙区:</b> MIE-03</p>
        </div>
      ]]></description>
      <styleUrl>#redPinStyle</styleUrl>
      <Point>
        <coordinates>136.670666,35.056322,0</coordinates>
      </Point>
    </Placemark>
    <Placemark>
      <name>MIE03-000632 - 桑名市 多度町香取 第19区画</name>
      <description><![CDATA[
        <div style="font-family:sans-serif;">
          <h3>area_id: MIE03-000632</h3>
          <p><b>自治体:</b> 桑名市</p>
          <p><b>住所:</b> 多度町香取 第19区画</p>
          <p><b>郵便番号:</b> 〒5100000</p>
          <p><b>選挙区:</b> MIE-03</p>
        </div>
      ]]></description>
      <styleUrl>#redPinStyle</styleUrl>
      <Point>
        <coordinates>136.694626,35.064632,0</coordinates>
      </Point>
    </Placemark>
    <Placemark>
      <name>MIE03-000633 - 桑名市 長島町駒江 第19区画</name>
      <description><![CDATA[
        <div style="font-family:sans-serif;">
          <h3>area_id: MIE03-000633</h3>
          <p><b>自治体:</b> 桑名市</p>
          <p><b>住所:</b> 長島町駒江 第19区画</p>
          <p><b>郵便番号:</b> 〒5100000</p>
          <p><b>選挙区:</b> MIE-03</p>
        </div>
      ]]></description>
      <styleUrl>#redPinStyle</styleUrl>
      <Point>
        <coordinates>136.667682,35.072713,0</coordinates>
      </Point>
    </Placemark>
    <Placemark>
      <name>MIE03-000634 - いなべ市 員弁町大泉 第19区画</name>
      <description><![CDATA[
        <div style="font-family:sans-serif;">
          <h3>area_id: MIE03-000634</h3>
          <p><b>自治体:</b> いなべ市</p>
          <p><b>住所:</b> 員弁町大泉 第19区画</p>
          <p><b>郵便番号:</b> 〒5100000</p>
          <p><b>選挙区:</b> MIE-03</p>
        </div>
      ]]></description>
      <styleUrl>#redPinStyle</styleUrl>
      <Point>
        <coordinates>136.518287,35.143925,0</coordinates>
      </Point>
    </Placemark>
    <Placemark>
      <name>MIE03-000635 - いなべ市 北勢町阿下喜 第19区画</name>
      <description><![CDATA[
        <div style="font-family:sans-serif;">
          <h3>area_id: MIE03-000635</h3>
          <p><b>自治体:</b> いなべ市</p>
          <p><b>住所:</b> 北勢町阿下喜 第19区画</p>
          <p><b>郵便番号:</b> 〒5100000</p>
          <p><b>選挙区:</b> MIE-03</p>
        </div>
      ]]></description>
      <styleUrl>#redPinStyle</styleUrl>
      <Point>
        <coordinates>136.526875,35.171343,0</coordinates>
      </Point>
    </Placemark>
    <Placemark>
      <name>MIE03-000636 - いなべ市 大安町丹生川 第19区画</name>
      <description><![CDATA[
        <div style="font-family:sans-serif;">
          <h3>area_id: MIE03-000636</h3>
          <p><b>自治体:</b> いなべ市</p>
          <p><b>住所:</b> 大安町丹生川 第19区画</p>
          <p><b>郵便番号:</b> 〒5100000</p>
          <p><b>選挙区:</b> MIE-03</p>
        </div>
      ]]></description>
      <styleUrl>#redPinStyle</styleUrl>
      <Point>
        <coordinates>136.496084,35.154721,0</coordinates>
      </Point>
    </Placemark>
    <Placemark>
      <name>MIE03-000637 - いなべ市 藤原町市場 第19区画</name>
      <description><![CDATA[
        <div style="font-family:sans-serif;">
          <h3>area_id: MIE03-000637</h3>
          <p><b>自治体:</b> いなべ市</p>
          <p><b>住所:</b> 藤原町市場 第19区画</p>
          <p><b>郵便番号:</b> 〒5100000</p>
          <p><b>選挙区:</b> MIE-03</p>
        </div>
      ]]></description>
      <styleUrl>#redPinStyle</styleUrl>
      <Point>
        <coordinates>136.534914,35.1493,0</coordinates>
      </Point>
    </Placemark>
    <Placemark>
      <name>MIE03-000638 - 桑名郡 木曽岬町加畑 第19区画</name>
      <description><![CDATA[
        <div style="font-family:sans-serif;">
          <h3>area_id: MIE03-000638</h3>
          <p><b>自治体:</b> 桑名郡</p>
          <p><b>住所:</b> 木曽岬町加畑 第19区画</p>
          <p><b>郵便番号:</b> 〒5100000</p>
          <p><b>選挙区:</b> MIE-03</p>
        </div>
      ]]></description>
      <styleUrl>#redPinStyle</styleUrl>
      <Point>
        <coordinates>136.593,35.068502,0</coordinates>
      </Point>
    </Placemark>
    <Placemark>
      <name>MIE03-000639 - 桑名郡 木曽岬町源緑輪中 第19区画</name>
      <description><![CDATA[
        <div style="font-family:sans-serif;">
          <h3>area_id: MIE03-000639</h3>
          <p><b>自治体:</b> 桑名郡</p>
          <p><b>住所:</b> 木曽岬町源緑輪中 第19区画</p>
          <p><b>郵便番号:</b> 〒5100000</p>
          <p><b>選挙区:</b> MIE-03</p>
        </div>
      ]]></description>
      <styleUrl>#redPinStyle</styleUrl>
      <Point>
        <coordinates>136.589553,35.03133,0</coordinates>
      </Point>
    </Placemark>
    <Placemark>
      <name>MIE03-000640 - 員弁郡 東員町穴太 第19区画</name>
      <description><![CDATA[
        <div style="font-family:sans-serif;">
          <h3>area_id: MIE03-000640</h3>
          <p><b>自治体:</b> 員弁郡</p>
          <p><b>住所:</b> 東員町穴太 第19区画</p>
          <p><b>郵便番号:</b> 〒5100000</p>
          <p><b>選挙区:</b> MIE-03</p>
        </div>
      ]]></description>
      <styleUrl>#redPinStyle</styleUrl>
      <Point>
        <coordinates>136.624169,35.058342,0</coordinates>
      </Point>
    </Placemark>
    <Placemark>
      <name>MIE03-000641 - 員弁郡 東員町笹尾東1丁目 第19区画</name>
      <description><![CDATA[
        <div style="font-family:sans-serif;">
          <h3>area_id: MIE03-000641</h3>
          <p><b>自治体:</b> 員弁郡</p>
          <p><b>住所:</b> 東員町笹尾東1丁目 第19区画</p>
          <p><b>郵便番号:</b> 〒5100000</p>
          <p><b>選挙区:</b> MIE-03</p>
        </div>
      ]]></description>
      <styleUrl>#redPinStyle</styleUrl>
      <Point>
        <coordinates>136.574064,35.057866,0</coordinates>
      </Point>
    </Placemark>
    <Placemark>
      <name>MIE03-000642 - 員弁郡 東員町笹尾東2丁目 第19区画</name>
      <description><![CDATA[
        <div style="font-family:sans-serif;">
          <h3>area_id: MIE03-000642</h3>
          <p><b>自治体:</b> 員弁郡</p>
          <p><b>住所:</b> 東員町笹尾東2丁目 第19区画</p>
          <p><b>郵便番号:</b> 〒5100000</p>
          <p><b>選挙区:</b> MIE-03</p>
        </div>
      ]]></description>
      <styleUrl>#redPinStyle</styleUrl>
      <Point>
        <coordinates>136.613409,35.028534,0</coordinates>
      </Point>
    </Placemark>
    <Placemark>
      <name>MIE03-000643 - 員弁郡 東員町笹尾東3丁目 第19区画</name>
      <description><![CDATA[
        <div style="font-family:sans-serif;">
          <h3>area_id: MIE03-000643</h3>
          <p><b>自治体:</b> 員弁郡</p>
          <p><b>住所:</b> 東員町笹尾東3丁目 第19区画</p>
          <p><b>郵便番号:</b> 〒5100000</p>
          <p><b>選挙区:</b> MIE-03</p>
        </div>
      ]]></description>
      <styleUrl>#redPinStyle</styleUrl>
      <Point>
        <coordinates>136.607889,35.074535,0</coordinates>
      </Point>
    </Placemark>
    <Placemark>
      <name>MIE03-000644 - 三重郡 菰野町大字菰野 第19区画</name>
      <description><![CDATA[
        <div style="font-family:sans-serif;">
          <h3>area_id: MIE03-000644</h3>
          <p><b>自治体:</b> 三重郡</p>
          <p><b>住所:</b> 菰野町大字菰野 第19区画</p>
          <p><b>郵便番号:</b> 〒5100000</p>
          <p><b>選挙区:</b> MIE-03</p>
        </div>
      ]]></description>
      <styleUrl>#redPinStyle</styleUrl>
      <Point>
        <coordinates>136.573079,35.035708,0</coordinates>
      </Point>
    </Placemark>
    <Placemark>
      <name>MIE03-000645 - 三重郡 朝日町大字柿 第19区画</name>
      <description><![CDATA[
        <div style="font-family:sans-serif;">
          <h3>area_id: MIE03-000645</h3>
          <p><b>自治体:</b> 三重郡</p>
          <p><b>住所:</b> 朝日町大字柿 第19区画</p>
          <p><b>郵便番号:</b> 〒5100000</p>
          <p><b>選挙区:</b> MIE-03</p>
        </div>
      ]]></description>
      <styleUrl>#redPinStyle</styleUrl>
      <Point>
        <coordinates>136.632853,35.045173,0</coordinates>
      </Point>
    </Placemark>
    <Placemark>
      <name>MIE03-000646 - 三重郡 川越町大字豊田 第19区画</name>
      <description><![CDATA[
        <div style="font-family:sans-serif;">
          <h3>area_id: MIE03-000646</h3>
          <p><b>自治体:</b> 三重郡</p>
          <p><b>住所:</b> 川越町大字豊田 第19区画</p>
          <p><b>郵便番号:</b> 〒5100000</p>
          <p><b>選挙区:</b> MIE-03</p>
        </div>
      ]]></description>
      <styleUrl>#redPinStyle</styleUrl>
      <Point>
        <coordinates>136.578815,35.073007,0</coordinates>
      </Point>
    </Placemark>
    <Placemark>
      <name>MIE03-000647 - 四日市市（一部） 富田1丁目 第20区画</name>
      <description><![CDATA[
        <div style="font-family:sans-serif;">
          <h3>area_id: MIE03-000647</h3>
          <p><b>自治体:</b> 四日市市（一部）</p>
          <p><b>住所:</b> 富田1丁目 第20区画</p>
          <p><b>郵便番号:</b> 〒5100000</p>
          <p><b>選挙区:</b> MIE-03</p>
        </div>
      ]]></description>
      <styleUrl>#redPinStyle</styleUrl>
      <Point>
        <coordinates>136.636841,34.976815,0</coordinates>
      </Point>
    </Placemark>
    <Placemark>
      <name>MIE03-000648 - 四日市市（一部） 富田2丁目 第20区画</name>
      <description><![CDATA[
        <div style="font-family:sans-serif;">
          <h3>area_id: MIE03-000648</h3>
          <p><b>自治体:</b> 四日市市（一部）</p>
          <p><b>住所:</b> 富田2丁目 第20区画</p>
          <p><b>郵便番号:</b> 〒5100000</p>
          <p><b>選挙区:</b> MIE-03</p>
        </div>
      ]]></description>
      <styleUrl>#redPinStyle</styleUrl>
      <Point>
        <coordinates>136.667781,35.028114,0</coordinates>
      </Point>
    </Placemark>
    <Placemark>
      <name>MIE03-000649 - 四日市市（一部） 富田3丁目 第20区画</name>
      <description><![CDATA[
        <div style="font-family:sans-serif;">
          <h3>area_id: MIE03-000649</h3>
          <p><b>自治体:</b> 四日市市（一部）</p>
          <p><b>住所:</b> 富田3丁目 第20区画</p>
          <p><b>郵便番号:</b> 〒5100000</p>
          <p><b>選挙区:</b> MIE-03</p>
        </div>
      ]]></description>
      <styleUrl>#redPinStyle</styleUrl>
      <Point>
        <coordinates>136.60088,35.0069,0</coordinates>
      </Point>
    </Placemark>
    <Placemark>
      <name>MIE03-000650 - 四日市市（一部） 富州原町 第20区画</name>
      <description><![CDATA[
        <div style="font-family:sans-serif;">
          <h3>area_id: MIE03-000650</h3>
          <p><b>自治体:</b> 四日市市（一部）</p>
          <p><b>住所:</b> 富州原町 第20区画</p>
          <p><b>郵便番号:</b> 〒5100000</p>
          <p><b>選挙区:</b> MIE-03</p>
        </div>
      ]]></description>
      <styleUrl>#redPinStyle</styleUrl>
      <Point>
        <coordinates>136.669904,34.984065,0</coordinates>
      </Point>
    </Placemark>
    <Placemark>
      <name>MIE03-000651 - 四日市市（一部） 羽津1丁目 第20区画</name>
      <description><![CDATA[
        <div style="font-family:sans-serif;">
          <h3>area_id: MIE03-000651</h3>
          <p><b>自治体:</b> 四日市市（一部）</p>
          <p><b>住所:</b> 羽津1丁目 第20区画</p>
          <p><b>郵便番号:</b> 〒5100000</p>
          <p><b>選挙区:</b> MIE-03</p>
        </div>
      ]]></description>
      <styleUrl>#redPinStyle</styleUrl>
      <Point>
        <coordinates>136.639477,35.011881,0</coordinates>
      </Point>
    </Placemark>
    <Placemark>
      <name>MIE03-000652 - 四日市市（一部） 羽津2丁目 第20区画</name>
      <description><![CDATA[
        <div style="font-family:sans-serif;">
          <h3>area_id: MIE03-000652</h3>
          <p><b>自治体:</b> 四日市市（一部）</p>
          <p><b>住所:</b> 羽津2丁目 第20区画</p>
          <p><b>郵便番号:</b> 〒5100000</p>
          <p><b>選挙区:</b> MIE-03</p>
        </div>
      ]]></description>
      <styleUrl>#redPinStyle</styleUrl>
      <Point>
        <coordinates>136.635471,35.001981,0</coordinates>
      </Point>
    </Placemark>
    <Placemark>
      <name>MIE03-000653 - 桑名市 江場1丁目 第20区画</name>
      <description><![CDATA[
        <div style="font-family:sans-serif;">
          <h3>area_id: MIE03-000653</h3>
          <p><b>自治体:</b> 桑名市</p>
          <p><b>住所:</b> 江場1丁目 第20区画</p>
          <p><b>郵便番号:</b> 〒5100000</p>
          <p><b>選挙区:</b> MIE-03</p>
        </div>
      ]]></description>
      <styleUrl>#redPinStyle</styleUrl>
      <Point>
        <coordinates>136.688745,35.065385,0</coordinates>
      </Point>
    </Placemark>
    <Placemark>
      <name>MIE03-000654 - 桑名市 江場2丁目 第20区画</name>
      <description><![CDATA[
        <div style="font-family:sans-serif;">
          <h3>area_id: MIE03-000654</h3>
          <p><b>自治体:</b> 桑名市</p>
          <p><b>住所:</b> 江場2丁目 第20区画</p>
          <p><b>郵便番号:</b> 〒5100000</p>
          <p><b>選挙区:</b> MIE-03</p>
        </div>
      ]]></description>
      <styleUrl>#redPinStyle</styleUrl>
      <Point>
        <coordinates>136.671296,35.068721,0</coordinates>
      </Point>
    </Placemark>
    <Placemark>
      <name>MIE03-000655 - 桑名市 江場3丁目 第20区画</name>
      <description><![CDATA[
        <div style="font-family:sans-serif;">
          <h3>area_id: MIE03-000655</h3>
          <p><b>自治体:</b> 桑名市</p>
          <p><b>住所:</b> 江場3丁目 第20区画</p>
          <p><b>郵便番号:</b> 〒5100000</p>
          <p><b>選挙区:</b> MIE-03</p>
        </div>
      ]]></description>
      <styleUrl>#redPinStyle</styleUrl>
      <Point>
        <coordinates>136.683044,35.054634,0</coordinates>
      </Point>
    </Placemark>
    <Placemark>
      <name>MIE03-000656 - 桑名市 吉之丸 第20区画</name>
      <description><![CDATA[
        <div style="font-family:sans-serif;">
          <h3>area_id: MIE03-000656</h3>
          <p><b>自治体:</b> 桑名市</p>
          <p><b>住所:</b> 吉之丸 第20区画</p>
          <p><b>郵便番号:</b> 〒5100000</p>
          <p><b>選挙区:</b> MIE-03</p>
        </div>
      ]]></description>
      <styleUrl>#redPinStyle</styleUrl>
      <Point>
        <coordinates>136.686095,35.073857,0</coordinates>
      </Point>
    </Placemark>
    <Placemark>
      <name>MIE03-000657 - 桑名市 大山田1丁目 第20区画</name>
      <description><![CDATA[
        <div style="font-family:sans-serif;">
          <h3>area_id: MIE03-000657</h3>
          <p><b>自治体:</b> 桑名市</p>
          <p><b>住所:</b> 大山田1丁目 第20区画</p>
          <p><b>郵便番号:</b> 〒5100000</p>
          <p><b>選挙区:</b> MIE-03</p>
        </div>
      ]]></description>
      <styleUrl>#redPinStyle</styleUrl>
      <Point>
        <coordinates>136.666243,35.059927,0</coordinates>
      </Point>
    </Placemark>
    <Placemark>
      <name>MIE03-000658 - 桑名市 大山田2丁目 第20区画</name>
      <description><![CDATA[
        <div style="font-family:sans-serif;">
          <h3>area_id: MIE03-000658</h3>
          <p><b>自治体:</b> 桑名市</p>
          <p><b>住所:</b> 大山田2丁目 第20区画</p>
          <p><b>郵便番号:</b> 〒5100000</p>
          <p><b>選挙区:</b> MIE-03</p>
        </div>
      ]]></description>
      <styleUrl>#redPinStyle</styleUrl>
      <Point>
        <coordinates>136.694856,35.058972,0</coordinates>
      </Point>
    </Placemark>
    <Placemark>
      <name>MIE03-000659 - 桑名市 大山田3丁目 第20区画</name>
      <description><![CDATA[
        <div style="font-family:sans-serif;">
          <h3>area_id: MIE03-000659</h3>
          <p><b>自治体:</b> 桑名市</p>
          <p><b>住所:</b> 大山田3丁目 第20区画</p>
          <p><b>郵便番号:</b> 〒5100000</p>
          <p><b>選挙区:</b> MIE-03</p>
        </div>
      ]]></description>
      <styleUrl>#redPinStyle</styleUrl>
      <Point>
        <coordinates>136.672596,35.077332,0</coordinates>
      </Point>
    </Placemark>
    <Placemark>
      <name>MIE03-000660 - 桑名市 大山田4丁目 第20区画</name>
      <description><![CDATA[
        <div style="font-family:sans-serif;">
          <h3>area_id: MIE03-000660</h3>
          <p><b>自治体:</b> 桑名市</p>
          <p><b>住所:</b> 大山田4丁目 第20区画</p>
          <p><b>郵便番号:</b> 〒5100000</p>
          <p><b>選挙区:</b> MIE-03</p>
        </div>
      ]]></description>
      <styleUrl>#redPinStyle</styleUrl>
      <Point>
        <coordinates>136.674299,35.049031,0</coordinates>
      </Point>
    </Placemark>
    <Placemark>
      <name>MIE03-000661 - 桑名市 大山田5丁目 第20区画</name>
      <description><![CDATA[
        <div style="font-family:sans-serif;">
          <h3>area_id: MIE03-000661</h3>
          <p><b>自治体:</b> 桑名市</p>
          <p><b>住所:</b> 大山田5丁目 第20区画</p>
          <p><b>郵便番号:</b> 〒5100000</p>
          <p><b>選挙区:</b> MIE-03</p>
        </div>
      ]]></description>
      <styleUrl>#redPinStyle</styleUrl>
      <Point>
        <coordinates>136.697667,35.0726,0</coordinates>
      </Point>
    </Placemark>
    <Placemark>
      <name>MIE03-000662 - 桑名市 大山田6丁目 第20区画</name>
      <description><![CDATA[
        <div style="font-family:sans-serif;">
          <h3>area_id: MIE03-000662</h3>
          <p><b>自治体:</b> 桑名市</p>
          <p><b>住所:</b> 大山田6丁目 第20区画</p>
          <p><b>郵便番号:</b> 〒5100000</p>
          <p><b>選挙区:</b> MIE-03</p>
        </div>
      ]]></description>
      <styleUrl>#redPinStyle</styleUrl>
      <Point>
        <coordinates>136.658678,35.068039,0</coordinates>
      </Point>
    </Placemark>
    <Placemark>
      <name>MIE03-000663 - 桑名市 大山田7丁目 第20区画</name>
      <description><![CDATA[
        <div style="font-family:sans-serif;">
          <h3>area_id: MIE03-000663</h3>
          <p><b>自治体:</b> 桑名市</p>
          <p><b>住所:</b> 大山田7丁目 第20区画</p>
          <p><b>郵便番号:</b> 〒5100000</p>
          <p><b>選挙区:</b> MIE-03</p>
        </div>
      ]]></description>
      <styleUrl>#redPinStyle</styleUrl>
      <Point>
        <coordinates>136.693353,35.048208,0</coordinates>
      </Point>
    </Placemark>
    <Placemark>
      <name>MIE03-000664 - 桑名市 大山田8丁目 第20区画</name>
      <description><![CDATA[
        <div style="font-family:sans-serif;">
          <h3>area_id: MIE03-000664</h3>
          <p><b>自治体:</b> 桑名市</p>
          <p><b>住所:</b> 大山田8丁目 第20区画</p>
          <p><b>郵便番号:</b> 〒5100000</p>
          <p><b>選挙区:</b> MIE-03</p>
        </div>
      ]]></description>
      <styleUrl>#redPinStyle</styleUrl>
      <Point>
        <coordinates>136.683227,35.084524,0</coordinates>
      </Point>
    </Placemark>
    <Placemark>
      <name>MIE03-000665 - 桑名市 播磨 第20区画</name>
      <description><![CDATA[
        <div style="font-family:sans-serif;">
          <h3>area_id: MIE03-000665</h3>
          <p><b>自治体:</b> 桑名市</p>
          <p><b>住所:</b> 播磨 第20区画</p>
          <p><b>郵便番号:</b> 〒5100000</p>
          <p><b>選挙区:</b> MIE-03</p>
        </div>
      ]]></description>
      <styleUrl>#redPinStyle</styleUrl>
      <Point>
        <coordinates>136.65996,35.050087,0</coordinates>
      </Point>
    </Placemark>
    <Placemark>
      <name>MIE03-000666 - 桑名市 多度町香取 第20区画</name>
      <description><![CDATA[
        <div style="font-family:sans-serif;">
          <h3>area_id: MIE03-000666</h3>
          <p><b>自治体:</b> 桑名市</p>
          <p><b>住所:</b> 多度町香取 第20区画</p>
          <p><b>郵便番号:</b> 〒5100000</p>
          <p><b>選挙区:</b> MIE-03</p>
        </div>
      ]]></description>
      <styleUrl>#redPinStyle</styleUrl>
      <Point>
        <coordinates>136.707574,35.063097,0</coordinates>
      </Point>
    </Placemark>
    <Placemark>
      <name>MIE03-000667 - 桑名市 長島町駒江 第20区画</name>
      <description><![CDATA[
        <div style="font-family:sans-serif;">
          <h3>area_id: MIE03-000667</h3>
          <p><b>自治体:</b> 桑名市</p>
          <p><b>住所:</b> 長島町駒江 第20区画</p>
          <p><b>郵便番号:</b> 〒5100000</p>
          <p><b>選挙区:</b> MIE-03</p>
        </div>
      ]]></description>
      <styleUrl>#redPinStyle</styleUrl>
      <Point>
        <coordinates>136.659466,35.081212,0</coordinates>
      </Point>
    </Placemark>
    <Placemark>
      <name>MIE03-000668 - いなべ市 員弁町大泉 第20区画</name>
      <description><![CDATA[
        <div style="font-family:sans-serif;">
          <h3>area_id: MIE03-000668</h3>
          <p><b>自治体:</b> いなべ市</p>
          <p><b>住所:</b> 員弁町大泉 第20区画</p>
          <p><b>郵便番号:</b> 〒5100000</p>
          <p><b>選挙区:</b> MIE-03</p>
        </div>
      ]]></description>
      <styleUrl>#redPinStyle</styleUrl>
      <Point>
        <coordinates>136.51733,35.133024,0</coordinates>
      </Point>
    </Placemark>
    <Placemark>
      <name>MIE03-000669 - いなべ市 北勢町阿下喜 第20区画</name>
      <description><![CDATA[
        <div style="font-family:sans-serif;">
          <h3>area_id: MIE03-000669</h3>
          <p><b>自治体:</b> いなべ市</p>
          <p><b>住所:</b> 北勢町阿下喜 第20区画</p>
          <p><b>郵便番号:</b> 〒5100000</p>
          <p><b>選挙区:</b> MIE-03</p>
        </div>
      ]]></description>
      <styleUrl>#redPinStyle</styleUrl>
      <Point>
        <coordinates>136.536518,35.178777,0</coordinates>
      </Point>
    </Placemark>
    <Placemark>
      <name>MIE03-000670 - いなべ市 大安町丹生川 第20区画</name>
      <description><![CDATA[
        <div style="font-family:sans-serif;">
          <h3>area_id: MIE03-000670</h3>
          <p><b>自治体:</b> いなべ市</p>
          <p><b>住所:</b> 大安町丹生川 第20区画</p>
          <p><b>郵便番号:</b> 〒5100000</p>
          <p><b>選挙区:</b> MIE-03</p>
        </div>
      ]]></description>
      <styleUrl>#redPinStyle</styleUrl>
      <Point>
        <coordinates>136.482925,35.154771,0</coordinates>
      </Point>
    </Placemark>
    <Placemark>
      <name>MIE03-000671 - いなべ市 藤原町市場 第20区画</name>
      <description><![CDATA[
        <div style="font-family:sans-serif;">
          <h3>area_id: MIE03-000671</h3>
          <p><b>自治体:</b> いなべ市</p>
          <p><b>住所:</b> 藤原町市場 第20区画</p>
          <p><b>郵便番号:</b> 〒5100000</p>
          <p><b>選挙区:</b> MIE-03</p>
        </div>
      ]]></description>
      <styleUrl>#redPinStyle</styleUrl>
      <Point>
        <coordinates>136.544506,35.141766,0</coordinates>
      </Point>
    </Placemark>
    <Placemark>
      <name>MIE03-000672 - 桑名郡 木曽岬町加畑 第20区画</name>
      <description><![CDATA[
        <div style="font-family:sans-serif;">
          <h3>area_id: MIE03-000672</h3>
          <p><b>自治体:</b> 桑名郡</p>
          <p><b>住所:</b> 木曽岬町加畑 第20区画</p>
          <p><b>郵便番号:</b> 〒5100000</p>
          <p><b>選挙区:</b> MIE-03</p>
        </div>
      ]]></description>
      <styleUrl>#redPinStyle</styleUrl>
      <Point>
        <coordinates>136.592156,35.079484,0</coordinates>
      </Point>
    </Placemark>
    <Placemark>
      <name>MIE03-000673 - 桑名郡 木曽岬町源緑輪中 第20区画</name>
      <description><![CDATA[
        <div style="font-family:sans-serif;">
          <h3>area_id: MIE03-000673</h3>
          <p><b>自治体:</b> 桑名郡</p>
          <p><b>住所:</b> 木曽岬町源緑輪中 第20区画</p>
          <p><b>郵便番号:</b> 〒5100000</p>
          <p><b>選挙区:</b> MIE-03</p>
        </div>
      ]]></description>
      <styleUrl>#redPinStyle</styleUrl>
      <Point>
        <coordinates>136.58116,35.022807,0</coordinates>
      </Point>
    </Placemark>
    <Placemark>
      <name>MIE03-000674 - 員弁郡 東員町穴太 第20区画</name>
      <description><![CDATA[
        <div style="font-family:sans-serif;">
          <h3>area_id: MIE03-000674</h3>
          <p><b>自治体:</b> 員弁郡</p>
          <p><b>住所:</b> 東員町穴太 第20区画</p>
          <p><b>郵便番号:</b> 〒5100000</p>
          <p><b>選挙区:</b> MIE-03</p>
        </div>
      ]]></description>
      <styleUrl>#redPinStyle</styleUrl>
      <Point>
        <coordinates>136.637309,35.059803,0</coordinates>
      </Point>
    </Placemark>
    <Placemark>
      <name>MIE03-000675 - 員弁郡 東員町笹尾東1丁目 第20区画</name>
      <description><![CDATA[
        <div style="font-family:sans-serif;">
          <h3>area_id: MIE03-000675</h3>
          <p><b>自治体:</b> 員弁郡</p>
          <p><b>住所:</b> 東員町笹尾東1丁目 第20区画</p>
          <p><b>郵便番号:</b> 〒5100000</p>
          <p><b>選挙区:</b> MIE-03</p>
        </div>
      ]]></description>
      <styleUrl>#redPinStyle</styleUrl>
      <Point>
        <coordinates>136.56324,35.064284,0</coordinates>
      </Point>
    </Placemark>
    <Placemark>
      <name>MIE03-000676 - 員弁郡 東員町笹尾東2丁目 第20区画</name>
      <description><![CDATA[
        <div style="font-family:sans-serif;">
          <h3>area_id: MIE03-000676</h3>
          <p><b>自治体:</b> 員弁郡</p>
          <p><b>住所:</b> 東員町笹尾東2丁目 第20区画</p>
          <p><b>郵便番号:</b> 〒5100000</p>
          <p><b>選挙区:</b> MIE-03</p>
        </div>
      ]]></description>
      <styleUrl>#redPinStyle</styleUrl>
      <Point>
        <coordinates>136.602296,35.045381,0</coordinates>
      </Point>
    </Placemark>
    <Placemark>
      <name>MIE03-000677 - 員弁郡 東員町笹尾東3丁目 第20区画</name>
      <description><![CDATA[
        <div style="font-family:sans-serif;">
          <h3>area_id: MIE03-000677</h3>
          <p><b>自治体:</b> 員弁郡</p>
          <p><b>住所:</b> 東員町笹尾東3丁目 第20区画</p>
          <p><b>郵便番号:</b> 〒5100000</p>
          <p><b>選挙区:</b> MIE-03</p>
        </div>
      ]]></description>
      <styleUrl>#redPinStyle</styleUrl>
      <Point>
        <coordinates>136.602545,35.055826,0</coordinates>
      </Point>
    </Placemark>
    <Placemark>
      <name>MIE03-000678 - 三重郡 菰野町大字菰野 第20区画</name>
      <description><![CDATA[
        <div style="font-family:sans-serif;">
          <h3>area_id: MIE03-000678</h3>
          <p><b>自治体:</b> 三重郡</p>
          <p><b>住所:</b> 菰野町大字菰野 第20区画</p>
          <p><b>郵便番号:</b> 〒5100000</p>
          <p><b>選挙区:</b> MIE-03</p>
        </div>
      ]]></description>
      <styleUrl>#redPinStyle</styleUrl>
      <Point>
        <coordinates>136.592123,35.046583,0</coordinates>
      </Point>
    </Placemark>
    <Placemark>
      <name>MIE03-000679 - 三重郡 朝日町大字柿 第20区画</name>
      <description><![CDATA[
        <div style="font-family:sans-serif;">
          <h3>area_id: MIE03-000679</h3>
          <p><b>自治体:</b> 三重郡</p>
          <p><b>住所:</b> 朝日町大字柿 第20区画</p>
          <p><b>郵便番号:</b> 〒5100000</p>
          <p><b>選挙区:</b> MIE-03</p>
        </div>
      ]]></description>
      <styleUrl>#redPinStyle</styleUrl>
      <Point>
        <coordinates>136.609968,35.047774,0</coordinates>
      </Point>
    </Placemark>
    <Placemark>
      <name>MIE03-000680 - 三重郡 川越町大字豊田 第20区画</name>
      <description><![CDATA[
        <div style="font-family:sans-serif;">
          <h3>area_id: MIE03-000680</h3>
          <p><b>自治体:</b> 三重郡</p>
          <p><b>住所:</b> 川越町大字豊田 第20区画</p>
          <p><b>郵便番号:</b> 〒5100000</p>
          <p><b>選挙区:</b> MIE-03</p>
        </div>
      ]]></description>
      <styleUrl>#redPinStyle</styleUrl>
      <Point>
        <coordinates>136.593681,35.058265,0</coordinates>
      </Point>
    </Placemark>
    <Placemark>
      <name>MIE03-000681 - 四日市市（一部） 富田1丁目 第21区画</name>
      <description><![CDATA[
        <div style="font-family:sans-serif;">
          <h3>area_id: MIE03-000681</h3>
          <p><b>自治体:</b> 四日市市（一部）</p>
          <p><b>住所:</b> 富田1丁目 第21区画</p>
          <p><b>郵便番号:</b> 〒5100000</p>
          <p><b>選挙区:</b> MIE-03</p>
        </div>
      ]]></description>
      <styleUrl>#redPinStyle</styleUrl>
      <Point>
        <coordinates>136.637708,34.996067,0</coordinates>
      </Point>
    </Placemark>
    <Placemark>
      <name>MIE03-000682 - 四日市市（一部） 富田2丁目 第21区画</name>
      <description><![CDATA[
        <div style="font-family:sans-serif;">
          <h3>area_id: MIE03-000682</h3>
          <p><b>自治体:</b> 四日市市（一部）</p>
          <p><b>住所:</b> 富田2丁目 第21区画</p>
          <p><b>郵便番号:</b> 〒5100000</p>
          <p><b>選挙区:</b> MIE-03</p>
        </div>
      ]]></description>
      <styleUrl>#redPinStyle</styleUrl>
      <Point>
        <coordinates>136.651615,35.014327,0</coordinates>
      </Point>
    </Placemark>
    <Placemark>
      <name>MIE03-000683 - 四日市市（一部） 富田3丁目 第21区画</name>
      <description><![CDATA[
        <div style="font-family:sans-serif;">
          <h3>area_id: MIE03-000683</h3>
          <p><b>自治体:</b> 四日市市（一部）</p>
          <p><b>住所:</b> 富田3丁目 第21区画</p>
          <p><b>郵便番号:</b> 〒5100000</p>
          <p><b>選挙区:</b> MIE-03</p>
        </div>
      ]]></description>
      <styleUrl>#redPinStyle</styleUrl>
      <Point>
        <coordinates>136.623981,35.008068,0</coordinates>
      </Point>
    </Placemark>
    <Placemark>
      <name>MIE03-000684 - 四日市市（一部） 富州原町 第21区画</name>
      <description><![CDATA[
        <div style="font-family:sans-serif;">
          <h3>area_id: MIE03-000684</h3>
          <p><b>自治体:</b> 四日市市（一部）</p>
          <p><b>住所:</b> 富州原町 第21区画</p>
          <p><b>郵便番号:</b> 〒5100000</p>
          <p><b>選挙区:</b> MIE-03</p>
        </div>
      ]]></description>
      <styleUrl>#redPinStyle</styleUrl>
      <Point>
        <coordinates>136.651836,34.996136,0</coordinates>
      </Point>
    </Placemark>
    </Folder>
  </Document>
</kml>