{
  "type": "FeatureCollection",
  "metadata": {
    "district": "MIE-03",
    "sourceCSV": "MIE-03_FINAL_VERIFIED_AREAS.csv",
    "pointCount": 684,
    "generatedAt": "2026-07-25T01:44:55.999Z"
  },
  "features": [
    {
      "type": "Feature",
      "geometry": {
        "type": "Point",
        "coordinates": [
          136.646,
          35.0069
        ]
      },
      "properties": {
        "area_id": "MIE03-000001",
        "district_id": "MIE-03",
        "prefecture": "三重県",
        "city": "四日市市（一部）",
        "town": "羽津1丁目 第2区画",
        "postal_code": "5100012",
        "pattern_rule": "PATTERN_B_SPLIT_INCLUDED",
        "color_code": "#ef4444"
      }
    },
    {
      "type": "Feature",
      "geometry": {
        "type": "Point",
        "coordinates": [
          136.634515,
          35.011089
        ]
      },
      "properties": {
        "area_id": "MIE03-000002",
        "district_id": "MIE-03",
        "prefecture": "三重県",
        "city": "四日市市（一部）",
        "town": "羽津2丁目 第2区画",
        "postal_code": "5100012",
        "pattern_rule": "PATTERN_B_SPLIT_INCLUDED",
        "color_code": "#ef4444"
      }
    },
    {
      "type": "Feature",
      "geometry": {
        "type": "Point",
        "coordinates": [
          136.640774,
          34.999528
        ]
      },
      "properties": {
        "area_id": "MIE03-000003",
        "district_id": "MIE-03",
        "prefecture": "三重県",
        "city": "四日市市（一部）",
        "town": "羽津1丁目 第3区画",
        "postal_code": "5100012",
        "pattern_rule": "PATTERN_B_SPLIT_INCLUDED",
        "color_code": "#ef4444"
      }
    },
    {
      "type": "Feature",
      "geometry": {
        "type": "Point",
        "coordinates": [
          136.646282,
          35.013723
        ]
      },
      "properties": {
        "area_id": "MIE03-000004",
        "district_id": "MIE-03",
        "prefecture": "三重県",
        "city": "四日市市（一部）",
        "town": "羽津2丁目 第3区画",
        "postal_code": "5100012",
        "pattern_rule": "PATTERN_B_SPLIT_INCLUDED",
        "color_code": "#ef4444"
      }
    },
    {
      "type": "Feature",
      "geometry": {
        "type": "Point",
        "coordinates": [
          136.628419,
          35.005198
        ]
      },
      "properties": {
        "area_id": "MIE03-000005",
        "district_id": "MIE-03",
        "prefecture": "三重県",
        "city": "四日市市（一部）",
        "town": "羽津1丁目 第4区画",
        "postal_code": "5100012",
        "pattern_rule": "PATTERN_B_SPLIT_INCLUDED",
        "color_code": "#ef4444"
      }
    },
    {
      "type": "Feature",
      "geometry": {
        "type": "Point",
        "coordinates": [
          136.651133,
          35.00099
        ]
      },
      "properties": {
        "area_id": "MIE03-000006",
        "district_id": "MIE-03",
        "prefecture": "三重県",
        "city": "四日市市（一部）",
        "town": "羽津2丁目 第4区画",
        "postal_code": "5100012",
        "pattern_rule": "PATTERN_B_SPLIT_INCLUDED",
        "color_code": "#ef4444"
      }
    },
    {
      "type": "Feature",
      "geometry": {
        "type": "Point",
        "coordinates": [
          136.636211,
          35.018684
        ]
      },
      "properties": {
        "area_id": "MIE03-000007",
        "district_id": "MIE-03",
        "prefecture": "三重県",
        "city": "四日市市（一部）",
        "town": "羽津1丁目 第5区画",
        "postal_code": "5100012",
        "pattern_rule": "PATTERN_B_SPLIT_INCLUDED",
        "color_code": "#ef4444"
      }
    },
    {
      "type": "Feature",
      "geometry": {
        "type": "Point",
        "coordinates": [
          136.632575,
          34.995014
        ]
      },
      "properties": {
        "area_id": "MIE03-000008",
        "district_id": "MIE-03",
        "prefecture": "三重県",
        "city": "四日市市（一部）",
        "town": "羽津2丁目 第5区画",
        "postal_code": "5100012",
        "pattern_rule": "PATTERN_B_SPLIT_INCLUDED",
        "color_code": "#ef4444"
      }
    },
    {
      "type": "Feature",
      "geometry": {
        "type": "Point",
        "coordinates": [
          136.656463,
          35.011893
        ]
      },
      "properties": {
        "area_id": "MIE03-000009",
        "district_id": "MIE-03",
        "prefecture": "三重県",
        "city": "四日市市（一部）",
        "town": "羽津1丁目 第6区画",
        "postal_code": "5100012",
        "pattern_rule": "PATTERN_B_SPLIT_INCLUDED",
        "color_code": "#ef4444"
      }
    },
    {
      "type": "Feature",
      "geometry": {
        "type": "Point",
        "coordinates": [
          136.622483,
          35.012946
        ]
      },
      "properties": {
        "area_id": "MIE03-000010",
        "district_id": "MIE-03",
        "prefecture": "三重県",
        "city": "四日市市（一部）",
        "town": "羽津2丁目 第6区画",
        "postal_code": "5100012",
        "pattern_rule": "PATTERN_B_SPLIT_INCLUDED",
        "color_code": "#ef4444"
      }
    },
    {
      "type": "Feature",
      "geometry": {
        "type": "Point",
        "coordinates": [
          136.648621,
          34.991493
        ]
      },
      "properties": {
        "area_id": "MIE03-000011",
        "district_id": "MIE-03",
        "prefecture": "三重県",
        "city": "四日市市（一部）",
        "town": "羽津1丁目 第7区画",
        "postal_code": "5100012",
        "pattern_rule": "PATTERN_B_SPLIT_INCLUDED",
        "color_code": "#ef4444"
      }
    },
    {
      "type": "Feature",
      "geometry": {
        "type": "Point",
        "coordinates": [
          136.646567,
          35.024258
        ]
      },
      "properties": {
        "area_id": "MIE03-000012",
        "district_id": "MIE-03",
        "prefecture": "三重県",
        "city": "四日市市（一部）",
        "town": "羽津2丁目 第7区画",
        "postal_code": "5100012",
        "pattern_rule": "PATTERN_B_SPLIT_INCLUDED",
        "color_code": "#ef4444"
      }
    },
    {
      "type": "Feature",
      "geometry": {
        "type": "Point",
        "coordinates": [
          136.619839,
          34.9972
        ]
      },
      "properties": {
        "area_id": "MIE03-000013",
        "district_id": "MIE-03",
        "prefecture": "三重県",
        "city": "四日市市（一部）",
        "town": "羽津1丁目 第8区画",
        "postal_code": "5100012",
        "pattern_rule": "PATTERN_B_SPLIT_INCLUDED",
        "color_code": "#ef4444"
      }
    },
    {
      "type": "Feature",
      "geometry": {
        "type": "Point",
        "coordinates": [
          136.664134,
          35.002441
        ]
      },
      "properties": {
        "area_id": "MIE03-000014",
        "district_id": "MIE-03",
        "prefecture": "三重県",
        "city": "四日市市（一部）",
        "town": "羽津2丁目 第8区画",
        "postal_code": "5100012",
        "pattern_rule": "PATTERN_B_SPLIT_INCLUDED",
        "color_code": "#ef4444"
      }
    },
    {
      "type": "Feature",
      "geometry": {
        "type": "Point",
        "coordinates": [
          136.624995,
          35.024758
        ]
      },
      "properties": {
        "area_id": "MIE03-000015",
        "district_id": "MIE-03",
        "prefecture": "三重県",
        "city": "四日市市（一部）",
        "town": "羽津1丁目 第9区画",
        "postal_code": "5100012",
        "pattern_rule": "PATTERN_B_SPLIT_INCLUDED",
        "color_code": "#ef4444"
      }
    },
    {
      "type": "Feature",
      "geometry": {
        "type": "Point",
        "coordinates": [
          136.636397,
          34.984097
        ]
      },
      "properties": {
        "area_id": "MIE03-000016",
        "district_id": "MIE-03",
        "prefecture": "三重県",
        "city": "四日市市（一部）",
        "town": "羽津2丁目 第9区画",
        "postal_code": "5100012",
        "pattern_rule": "PATTERN_B_SPLIT_INCLUDED",
        "color_code": "#ef4444"
      }
    },
    {
      "type": "Feature",
      "geometry": {
        "type": "Point",
        "coordinates": [
          136.662246,
          35.022455
        ]
      },
      "properties": {
        "area_id": "MIE03-000017",
        "district_id": "MIE-03",
        "prefecture": "三重県",
        "city": "四日市市（一部）",
        "town": "羽津1丁目 第10区画",
        "postal_code": "5100012",
        "pattern_rule": "PATTERN_B_SPLIT_INCLUDED",
        "color_code": "#ef4444"
      }
    },
    {
      "type": "Feature",
      "geometry": {
        "type": "Point",
        "coordinates": [
          136.609549,
          35.008008
        ]
      },
      "properties": {
        "area_id": "MIE03-000018",
        "district_id": "MIE-03",
        "prefecture": "三重県",
        "city": "四日市市（一部）",
        "town": "羽津2丁目 第10区画",
        "postal_code": "5100012",
        "pattern_rule": "PATTERN_B_SPLIT_INCLUDED",
        "color_code": "#ef4444"
      }
    },
    {
      "type": "Feature",
      "geometry": {
        "type": "Point",
        "coordinates": [
          136.662571,
          34.988091
        ]
      },
      "properties": {
        "area_id": "MIE03-000019",
        "district_id": "MIE-03",
        "prefecture": "三重県",
        "city": "四日市市（一部）",
        "town": "羽津1丁目 第11区画",
        "postal_code": "5100012",
        "pattern_rule": "PATTERN_B_SPLIT_INCLUDED",
        "color_code": "#ef4444"
      }
    },
    {
      "type": "Feature",
      "geometry": {
        "type": "Point",
        "coordinates": [
          136.638545,
          35.034674
        ]
      },
      "properties": {
        "area_id": "MIE03-000020",
        "district_id": "MIE-03",
        "prefecture": "三重県",
        "city": "四日市市（一部）",
        "town": "羽津2丁目 第11区画",
        "postal_code": "5100012",
        "pattern_rule": "PATTERN_B_SPLIT_INCLUDED",
        "color_code": "#ef4444"
      }
    },
    {
      "type": "Feature",
      "geometry": {
        "type": "Point",
        "coordinates": [
          136.617631,
          34.984685
        ]
      },
      "properties": {
        "area_id": "MIE03-000021",
        "district_id": "MIE-03",
        "prefecture": "三重県",
        "city": "四日市市（一部）",
        "town": "羽津1丁目 第12区画",
        "postal_code": "5100012",
        "pattern_rule": "PATTERN_B_SPLIT_INCLUDED",
        "color_code": "#ef4444"
      }
    },
    {
      "type": "Feature",
      "geometry": {
        "type": "Point",
        "coordinates": [
          136.67593,
          35.010842
        ]
      },
      "properties": {
        "area_id": "MIE03-000022",
        "district_id": "MIE-03",
        "prefecture": "三重県",
        "city": "四日市市（一部）",
        "town": "羽津2丁目 第12区画",
        "postal_code": "5100012",
        "pattern_rule": "PATTERN_B_SPLIT_INCLUDED",
        "color_code": "#ef4444"
      }
    },
    {
      "type": "Feature",
      "geometry": {
        "type": "Point",
        "coordinates": [
          136.609134,
          35.02491
        ]
      },
      "properties": {
        "area_id": "MIE03-000023",
        "district_id": "MIE-03",
        "prefecture": "三重県",
        "city": "四日市市（一部）",
        "town": "羽津1丁目 第13区画",
        "postal_code": "5100012",
        "pattern_rule": "PATTERN_B_SPLIT_INCLUDED",
        "color_code": "#ef4444"
      }
    },
    {
      "type": "Feature",
      "geometry": {
        "type": "Point",
        "coordinates": [
          136.648467,
          34.975073
        ]
      },
      "properties": {
        "area_id": "MIE03-000024",
        "district_id": "MIE-03",
        "prefecture": "三重県",
        "city": "四日市市（一部）",
        "town": "羽津2丁目 第13区画",
        "postal_code": "5100012",
        "pattern_rule": "PATTERN_B_SPLIT_INCLUDED",
        "color_code": "#ef4444"
      }
    },
    {
      "type": "Feature",
      "geometry": {
        "type": "Point",
        "coordinates": [
          136.66028,
          35.036172
        ]
      },
      "properties": {
        "area_id": "MIE03-000025",
        "district_id": "MIE-03",
        "prefecture": "三重県",
        "city": "四日市市（一部）",
        "town": "羽津1丁目 第14区画",
        "postal_code": "5100012",
        "pattern_rule": "PATTERN_B_SPLIT_INCLUDED",
        "color_code": "#ef4444"
      }
    },
    {
      "type": "Feature",
      "geometry": {
        "type": "Point",
        "coordinates": [
          136.634278,
          35.005396
        ]
      },
      "properties": {
        "area_id": "MIE03-000026",
        "district_id": "MIE-03",
        "prefecture": "三重県",
        "city": "四日市市（一部）",
        "town": "羽津2丁目 第14区画",
        "postal_code": "5100012",
        "pattern_rule": "PATTERN_B_SPLIT_INCLUDED",
        "color_code": "#ef4444"
      }
    },
    {
      "type": "Feature",
      "geometry": {
        "type": "Point",
        "coordinates": [
          136.646743,
          35.00428
        ]
      },
      "properties": {
        "area_id": "MIE03-000027",
        "district_id": "MIE-03",
        "prefecture": "三重県",
        "city": "四日市市（一部）",
        "town": "羽津1丁目 第15区画",
        "postal_code": "5100012",
        "pattern_rule": "PATTERN_B_SPLIT_INCLUDED",
        "color_code": "#ef4444"
      }
    },
    {
      "type": "Feature",
      "geometry": {
        "type": "Point",
        "coordinates": [
          136.636602,
          35.013737
        ]
      },
      "properties": {
        "area_id": "MIE03-000028",
        "district_id": "MIE-03",
        "prefecture": "三重県",
        "city": "四日市市（一部）",
        "town": "羽津2丁目 第15区画",
        "postal_code": "5100012",
        "pattern_rule": "PATTERN_B_SPLIT_INCLUDED",
        "color_code": "#ef4444"
      }
    },
    {
      "type": "Feature",
      "geometry": {
        "type": "Point",
        "coordinates": [
          136.63647,
          34.998819
        ]
      },
      "properties": {
        "area_id": "MIE03-000029",
        "district_id": "MIE-03",
        "prefecture": "三重県",
        "city": "四日市市（一部）",
        "town": "羽津1丁目 第16区画",
        "postal_code": "5100012",
        "pattern_rule": "PATTERN_B_SPLIT_INCLUDED",
        "color_code": "#ef4444"
      }
    },
    {
      "type": "Feature",
      "geometry": {
        "type": "Point",
        "coordinates": [
          136.650431,
          35.011425
        ]
      },
      "properties": {
        "area_id": "MIE03-000030",
        "district_id": "MIE-03",
        "prefecture": "三重県",
        "city": "四日市市（一部）",
        "town": "羽津2丁目 第16区画",
        "postal_code": "5100012",
        "pattern_rule": "PATTERN_B_SPLIT_INCLUDED",
        "color_code": "#ef4444"
      }
    },
    {
      "type": "Feature",
      "geometry": {
        "type": "Point",
        "coordinates": [
          136.62725,
          35.009747
        ]
      },
      "properties": {
        "area_id": "MIE03-000031",
        "district_id": "MIE-03",
        "prefecture": "三重県",
        "city": "四日市市（一部）",
        "town": "羽津1丁目 第17区画",
        "postal_code": "5100012",
        "pattern_rule": "PATTERN_B_SPLIT_INCLUDED",
        "color_code": "#ef4444"
      }
    },
    {
      "type": "Feature",
      "geometry": {
        "type": "Point",
        "coordinates": [
          136.647866,
          34.996611
        ]
      },
      "properties": {
        "area_id": "MIE03-000032",
        "district_id": "MIE-03",
        "prefecture": "三重県",
        "city": "四日市市（一部）",
        "town": "羽津2丁目 第17区画",
        "postal_code": "5100012",
        "pattern_rule": "PATTERN_B_SPLIT_INCLUDED",
        "color_code": "#ef4444"
      }
    },
    {
      "type": "Feature",
      "geometry": {
        "type": "Point",
        "coordinates": [
          136.642792,
          35.020096
        ]
      },
      "properties": {
        "area_id": "MIE03-000033",
        "district_id": "MIE-03",
        "prefecture": "三重県",
        "city": "四日市市（一部）",
        "town": "羽津1丁目 第18区画",
        "postal_code": "5100012",
        "pattern_rule": "PATTERN_B_SPLIT_INCLUDED",
        "color_code": "#ef4444"
      }
    },
    {
      "type": "Feature",
      "geometry": {
        "type": "Point",
        "coordinates": [
          136.6261,
          34.998012
        ]
      },
      "properties": {
        "area_id": "MIE03-000034",
        "district_id": "MIE-03",
        "prefecture": "三重県",
        "city": "四日市市（一部）",
        "town": "羽津2丁目 第18区画",
        "postal_code": "5100012",
        "pattern_rule": "PATTERN_B_SPLIT_INCLUDED",
        "color_code": "#ef4444"
      }
    },
    {
      "type": "Feature",
      "geometry": {
        "type": "Point",
        "coordinates": [
          136.658888,
          35.005523
        ]
      },
      "properties": {
        "area_id": "MIE03-000035",
        "district_id": "MIE-03",
        "prefecture": "三重県",
        "city": "四日市市（一部）",
        "town": "羽津1丁目 第19区画",
        "postal_code": "5100012",
        "pattern_rule": "PATTERN_B_SPLIT_INCLUDED",
        "color_code": "#ef4444"
      }
    },
    {
      "type": "Feature",
      "geometry": {
        "type": "Point",
        "coordinates": [
          136.626218,
          35.019434
        ]
      },
      "properties": {
        "area_id": "MIE03-000036",
        "district_id": "MIE-03",
        "prefecture": "三重県",
        "city": "四日市市（一部）",
        "town": "羽津2丁目 第19区画",
        "postal_code": "5100012",
        "pattern_rule": "PATTERN_B_SPLIT_INCLUDED",
        "color_code": "#ef4444"
      }
    },
    {
      "type": "Feature",
      "geometry": {
        "type": "Point",
        "coordinates": [
          136.64,
          34.9887
        ]
      },
      "properties": {
        "area_id": "MIE03-000037",
        "district_id": "MIE-03",
        "prefecture": "三重県",
        "city": "四日市市（一部）",
        "town": "羽津1丁目 第20区画",
        "postal_code": "5100012",
        "pattern_rule": "PATTERN_B_SPLIT_INCLUDED",
        "color_code": "#ef4444"
      }
    },
    {
      "type": "Feature",
      "geometry": {
        "type": "Point",
        "coordinates": [
          136.655728,
          35.021203
        ]
      },
      "properties": {
        "area_id": "MIE03-000038",
        "district_id": "MIE-03",
        "prefecture": "三重県",
        "city": "四日市市（一部）",
        "town": "羽津2丁目 第20区画",
        "postal_code": "5100012",
        "pattern_rule": "PATTERN_B_SPLIT_INCLUDED",
        "color_code": "#ef4444"
      }
    },
    {
      "type": "Feature",
      "geometry": {
        "type": "Point",
        "coordinates": [
          136.615374,
          35.005105
        ]
      },
      "properties": {
        "area_id": "MIE03-000039",
        "district_id": "MIE-03",
        "prefecture": "三重県",
        "city": "四日市市（一部）",
        "town": "羽津1丁目",
        "postal_code": "5100012",
        "pattern_rule": "PATTERN_B_SPLIT_INCLUDED",
        "color_code": "#ef4444"
      }
    },
    {
      "type": "Feature",
      "geometry": {
        "type": "Point",
        "coordinates": [
          136.660754,
          34.993629
        ]
      },
      "properties": {
        "area_id": "MIE03-000040",
        "district_id": "MIE-03",
        "prefecture": "三重県",
        "city": "四日市市（一部）",
        "town": "羽津2丁目",
        "postal_code": "5100012",
        "pattern_rule": "PATTERN_B_SPLIT_INCLUDED",
        "color_code": "#ef4444"
      }
    },
    {
      "type": "Feature",
      "geometry": {
        "type": "Point",
        "coordinates": [
          136.635207,
          35.029551
        ]
      },
      "properties": {
        "area_id": "MIE03-000041",
        "district_id": "MIE-03",
        "prefecture": "三重県",
        "city": "四日市市（一部）",
        "town": "富田1丁目 第2区画",
        "postal_code": "5108014",
        "pattern_rule": "PATTERN_B_SPLIT_INCLUDED",
        "color_code": "#ef4444"
      }
    },
    {
      "type": "Feature",
      "geometry": {
        "type": "Point",
        "coordinates": [
          136.624397,
          34.98649
        ]
      },
      "properties": {
        "area_id": "MIE03-000042",
        "district_id": "MIE-03",
        "prefecture": "三重県",
        "city": "四日市市（一部）",
        "town": "富田2丁目 第2区画",
        "postal_code": "5108014",
        "pattern_rule": "PATTERN_B_SPLIT_INCLUDED",
        "color_code": "#ef4444"
      }
    },
    {
      "type": "Feature",
      "geometry": {
        "type": "Point",
        "coordinates": [
          136.669441,
          35.013474
        ]
      },
      "properties": {
        "area_id": "MIE03-000043",
        "district_id": "MIE-03",
        "prefecture": "三重県",
        "city": "四日市市（一部）",
        "town": "富田3丁目 第2区画",
        "postal_code": "5108014",
        "pattern_rule": "PATTERN_B_SPLIT_INCLUDED",
        "color_code": "#ef4444"
      }
    },
    {
      "type": "Feature",
      "geometry": {
        "type": "Point",
        "coordinates": [
          136.611687,
          35.019183
        ]
      },
      "properties": {
        "area_id": "MIE03-000044",
        "district_id": "MIE-03",
        "prefecture": "三重県",
        "city": "四日市市（一部）",
        "town": "富田1丁目 第3区画",
        "postal_code": "5108014",
        "pattern_rule": "PATTERN_B_SPLIT_INCLUDED",
        "color_code": "#ef4444"
      }
    },
    {
      "type": "Feature",
      "geometry": {
        "type": "Point",
        "coordinates": [
          136.65141,
          34.980777
        ]
      },
      "properties": {
        "area_id": "MIE03-000045",
        "district_id": "MIE-03",
        "prefecture": "三重県",
        "city": "四日市市（一部）",
        "town": "富田2丁目 第3区画",
        "postal_code": "5108014",
        "pattern_rule": "PATTERN_B_SPLIT_INCLUDED",
        "color_code": "#ef4444"
      }
    },
    {
      "type": "Feature",
      "geometry": {
        "type": "Point",
        "coordinates": [
          136.653317,
          35.033693
        ]
      },
      "properties": {
        "area_id": "MIE03-000046",
        "district_id": "MIE-03",
        "prefecture": "三重県",
        "city": "四日市市（一部）",
        "town": "富田3丁目 第3区画",
        "postal_code": "5108014",
        "pattern_rule": "PATTERN_B_SPLIT_INCLUDED",
        "color_code": "#ef4444"
      }
    },
    {
      "type": "Feature",
      "geometry": {
        "type": "Point",
        "coordinates": [
          136.607155,
          34.994137
        ]
      },
      "properties": {
        "area_id": "MIE03-000047",
        "district_id": "MIE-03",
        "prefecture": "三重県",
        "city": "四日市市（一部）",
        "town": "富田1丁目 第4区画",
        "postal_code": "5108014",
        "pattern_rule": "PATTERN_B_SPLIT_INCLUDED",
        "color_code": "#ef4444"
      }
    },
    {
      "type": "Feature",
      "geometry": {
        "type": "Point",
        "coordinates": [
          136.675936,
          34.997458
        ]
      },
      "properties": {
        "area_id": "MIE03-000048",
        "district_id": "MIE-03",
        "prefecture": "三重県",
        "city": "四日市市（一部）",
        "town": "富田2丁目 第4区画",
        "postal_code": "5108014",
        "pattern_rule": "PATTERN_B_SPLIT_INCLUDED",
        "color_code": "#ef4444"
      }
    },
    {
      "type": "Feature",
      "geometry": {
        "type": "Point",
        "coordinates": [
          136.62044,
          35.035132
        ]
      },
      "properties": {
        "area_id": "MIE03-000049",
        "district_id": "MIE-03",
        "prefecture": "三重県",
        "city": "四日市市（一部）",
        "town": "富田3丁目 第4区画",
        "postal_code": "5108014",
        "pattern_rule": "PATTERN_B_SPLIT_INCLUDED",
        "color_code": "#ef4444"
      }
    },
    {
      "type": "Feature",
      "geometry": {
        "type": "Point",
        "coordinates": [
          136.631221,
          34.973901
        ]
      },
      "properties": {
        "area_id": "MIE03-000050",
        "district_id": "MIE-03",
        "prefecture": "三重県",
        "city": "四日市市（一部）",
        "town": "富田1丁目 第5区画",
        "postal_code": "5108014",
        "pattern_rule": "PATTERN_B_SPLIT_INCLUDED",
        "color_code": "#ef4444"
      }
    },
    {
      "type": "Feature",
      "geometry": {
        "type": "Point",
        "coordinates": [
          136.644915,
          35.009768
        ]
      },
      "properties": {
        "area_id": "MIE03-000051",
        "district_id": "MIE-03",
        "prefecture": "三重県",
        "city": "四日市市（一部）",
        "town": "富田2丁目 第5区画",
        "postal_code": "5108014",
        "pattern_rule": "PATTERN_B_SPLIT_INCLUDED",
        "color_code": "#ef4444"
      }
    },
    {
      "type": "Feature",
      "geometry": {
        "type": "Point",
        "coordinates": [
          136.632624,
          35.007709
        ]
      },
      "properties": {
        "area_id": "MIE03-000052",
        "district_id": "MIE-03",
        "prefecture": "三重県",
        "city": "四日市市（一部）",
        "town": "富田3丁目 第5区画",
        "postal_code": "5108014",
        "pattern_rule": "PATTERN_B_SPLIT_INCLUDED",
        "color_code": "#ef4444"
      }
    },
    {
      "type": "Feature",
      "geometry": {
        "type": "Point",
        "coordinates": [
          136.645708,
          35.001231
        ]
      },
      "properties": {
        "area_id": "MIE03-000053",
        "district_id": "MIE-03",
        "prefecture": "三重県",
        "city": "四日市市（一部）",
        "town": "富田1丁目 第6区画",
        "postal_code": "5108014",
        "pattern_rule": "PATTERN_B_SPLIT_INCLUDED",
        "color_code": "#ef4444"
      }
    },
    {
      "type": "Feature",
      "geometry": {
        "type": "Point",
        "coordinates": [
          136.64045,
          35.015492
        ]
      },
      "properties": {
        "area_id": "MIE03-000054",
        "district_id": "MIE-03",
        "prefecture": "三重県",
        "city": "四日市市（一部）",
        "town": "富田2丁目 第6区画",
        "postal_code": "5108014",
        "pattern_rule": "PATTERN_B_SPLIT_INCLUDED",
        "color_code": "#ef4444"
      }
    },
    {
      "type": "Feature",
      "geometry": {
        "type": "Point",
        "coordinates": [
          136.631684,
          34.99997
        ]
      },
      "properties": {
        "area_id": "MIE03-000055",
        "district_id": "MIE-03",
        "prefecture": "三重県",
        "city": "四日市市（一部）",
        "town": "富田3丁目 第6区画",
        "postal_code": "5108014",
        "pattern_rule": "PATTERN_B_SPLIT_INCLUDED",
        "color_code": "#ef4444"
      }
    },
    {
      "type": "Feature",
      "geometry": {
        "type": "Point",
        "coordinates": [
          136.653187,
          35.00738
        ]
      },
      "properties": {
        "area_id": "MIE03-000056",
        "district_id": "MIE-03",
        "prefecture": "三重県",
        "city": "四日市市（一部）",
        "town": "富田1丁目 第7区画",
        "postal_code": "5108014",
        "pattern_rule": "PATTERN_B_SPLIT_INCLUDED",
        "color_code": "#ef4444"
      }
    },
    {
      "type": "Feature",
      "geometry": {
        "type": "Point",
        "coordinates": [
          136.628785,
          35.014742
        ]
      },
      "properties": {
        "area_id": "MIE03-000057",
        "district_id": "MIE-03",
        "prefecture": "三重県",
        "city": "四日市市（一部）",
        "town": "富田2丁目 第7区画",
        "postal_code": "5108014",
        "pattern_rule": "PATTERN_B_SPLIT_INCLUDED",
        "color_code": "#ef4444"
      }
    },
    {
      "type": "Feature",
      "geometry": {
        "type": "Point",
        "coordinates": [
          136.642099,
          34.993615
        ]
      },
      "properties": {
        "area_id": "MIE03-000058",
        "district_id": "MIE-03",
        "prefecture": "三重県",
        "city": "四日市市（一部）",
        "town": "富田3丁目 第7区画",
        "postal_code": "5108014",
        "pattern_rule": "PATTERN_B_SPLIT_INCLUDED",
        "color_code": "#ef4444"
      }
    },
    {
      "type": "Feature",
      "geometry": {
        "type": "Point",
        "coordinates": [
          136.650049,
          35.01886
        ]
      },
      "properties": {
        "area_id": "MIE03-000059",
        "district_id": "MIE-03",
        "prefecture": "三重県",
        "city": "四日市市（一部）",
        "town": "富田1丁目 第8区画",
        "postal_code": "5108014",
        "pattern_rule": "PATTERN_B_SPLIT_INCLUDED",
        "color_code": "#ef4444"
      }
    },
    {
      "type": "Feature",
      "geometry": {
        "type": "Point",
        "coordinates": [
          136.621489,
          35.00348
        ]
      },
      "properties": {
        "area_id": "MIE03-000060",
        "district_id": "MIE-03",
        "prefecture": "三重県",
        "city": "四日市市（一部）",
        "town": "富田2丁目 第8区画",
        "postal_code": "5108014",
        "pattern_rule": "PATTERN_B_SPLIT_INCLUDED",
        "color_code": "#ef4444"
      }
    },
    {
      "type": "Feature",
      "geometry": {
        "type": "Point",
        "coordinates": [
          136.657667,
          34.9984
        ]
      },
      "properties": {
        "area_id": "MIE03-000061",
        "district_id": "MIE-03",
        "prefecture": "三重県",
        "city": "四日市市（一部）",
        "town": "富田3丁目 第8区画",
        "postal_code": "5108014",
        "pattern_rule": "PATTERN_B_SPLIT_INCLUDED",
        "color_code": "#ef4444"
      }
    },
    {
      "type": "Feature",
      "geometry": {
        "type": "Point",
        "coordinates": [
          136.633433,
          35.024258
        ]
      },
      "properties": {
        "area_id": "MIE03-000062",
        "district_id": "MIE-03",
        "prefecture": "三重県",
        "city": "四日市市（一部）",
        "town": "富田1丁目 第9区画",
        "postal_code": "5108014",
        "pattern_rule": "PATTERN_B_SPLIT_INCLUDED",
        "color_code": "#ef4444"
      }
    },
    {
      "type": "Feature",
      "geometry": {
        "type": "Point",
        "coordinates": [
          136.630161,
          34.989318
        ]
      },
      "properties": {
        "area_id": "MIE03-000063",
        "district_id": "MIE-03",
        "prefecture": "三重県",
        "city": "四日市市（一部）",
        "town": "富田2丁目 第9区画",
        "postal_code": "5108014",
        "pattern_rule": "PATTERN_B_SPLIT_INCLUDED",
        "color_code": "#ef4444"
      }
    },
    {
      "type": "Feature",
      "geometry": {
        "type": "Point",
        "coordinates": [
          136.662838,
          35.014783
        ]
      },
      "properties": {
        "area_id": "MIE03-000064",
        "district_id": "MIE-03",
        "prefecture": "三重県",
        "city": "四日市市（一部）",
        "town": "富田3丁目 第9区画",
        "postal_code": "5108014",
        "pattern_rule": "PATTERN_B_SPLIT_INCLUDED",
        "color_code": "#ef4444"
      }
    },
    {
      "type": "Feature",
      "geometry": {
        "type": "Point",
        "coordinates": [
          136.615418,
          35.014356
        ]
      },
      "properties": {
        "area_id": "MIE03-000065",
        "district_id": "MIE-03",
        "prefecture": "三重県",
        "city": "四日市市（一部）",
        "town": "富田1丁目 第10区画",
        "postal_code": "5108014",
        "pattern_rule": "PATTERN_B_SPLIT_INCLUDED",
        "color_code": "#ef4444"
      }
    },
    {
      "type": "Feature",
      "geometry": {
        "type": "Point",
        "coordinates": [
          136.652744,
          34.986499
        ]
      },
      "properties": {
        "area_id": "MIE03-000066",
        "district_id": "MIE-03",
        "prefecture": "三重県",
        "city": "四日市市（一部）",
        "town": "富田2丁目 第10区画",
        "postal_code": "5108014",
        "pattern_rule": "PATTERN_B_SPLIT_INCLUDED",
        "color_code": "#ef4444"
      }
    },
    {
      "type": "Feature",
      "geometry": {
        "type": "Point",
        "coordinates": [
          136.647516,
          35.030275
        ]
      },
      "properties": {
        "area_id": "MIE03-000067",
        "district_id": "MIE-03",
        "prefecture": "三重県",
        "city": "四日市市（一部）",
        "town": "富田3丁目 第10区画",
        "postal_code": "5108014",
        "pattern_rule": "PATTERN_B_SPLIT_INCLUDED",
        "color_code": "#ef4444"
      }
    },
    {
      "type": "Feature",
      "geometry": {
        "type": "Point",
        "coordinates": [
          136.614293,
          34.993253
        ]
      },
      "properties": {
        "area_id": "MIE03-000068",
        "district_id": "MIE-03",
        "prefecture": "三重県",
        "city": "四日市市（一部）",
        "town": "富田1丁目 第11区画",
        "postal_code": "5108014",
        "pattern_rule": "PATTERN_B_SPLIT_INCLUDED",
        "color_code": "#ef4444"
      }
    },
    {
      "type": "Feature",
      "geometry": {
        "type": "Point",
        "coordinates": [
          136.671435,
          35.002281
        ]
      },
      "properties": {
        "area_id": "MIE03-000069",
        "district_id": "MIE-03",
        "prefecture": "三重県",
        "city": "四日市市（一部）",
        "town": "富田2丁目 第11区画",
        "postal_code": "5108014",
        "pattern_rule": "PATTERN_B_SPLIT_INCLUDED",
        "color_code": "#ef4444"
      }
    },
    {
      "type": "Feature",
      "geometry": {
        "type": "Point",
        "coordinates": [
          136.619692,
          35.028955
        ]
      },
      "properties": {
        "area_id": "MIE03-000070",
        "district_id": "MIE-03",
        "prefecture": "三重県",
        "city": "四日市市（一部）",
        "town": "富田3丁目 第11区画",
        "postal_code": "5108014",
        "pattern_rule": "PATTERN_B_SPLIT_INCLUDED",
        "color_code": "#ef4444"
      }
    },
    {
      "type": "Feature",
      "geometry": {
        "type": "Point",
        "coordinates": [
          136.636967,
          34.97801
        ]
      },
      "properties": {
        "area_id": "MIE03-000071",
        "district_id": "MIE-03",
        "prefecture": "三重県",
        "city": "四日市市（一部）",
        "town": "富田1丁目 第12区画",
        "postal_code": "5108014",
        "pattern_rule": "PATTERN_B_SPLIT_INCLUDED",
        "color_code": "#ef4444"
      }
    },
    {
      "type": "Feature",
      "geometry": {
        "type": "Point",
        "coordinates": [
          136.666719,
          35.027303
        ]
      },
      "properties": {
        "area_id": "MIE03-000072",
        "district_id": "MIE-03",
        "prefecture": "三重県",
        "city": "四日市市（一部）",
        "town": "富田2丁目 第12区画",
        "postal_code": "5108014",
        "pattern_rule": "PATTERN_B_SPLIT_INCLUDED",
        "color_code": "#ef4444"
      }
    },
    {
      "type": "Feature",
      "geometry": {
        "type": "Point",
        "coordinates": [
          136.60232,
          35.0069
        ]
      },
      "properties": {
        "area_id": "MIE03-000073",
        "district_id": "MIE-03",
        "prefecture": "三重県",
        "city": "四日市市（一部）",
        "town": "富田3丁目 第12区画",
        "postal_code": "5108014",
        "pattern_rule": "PATTERN_B_SPLIT_INCLUDED",
        "color_code": "#ef4444"
      }
    },
    {
      "type": "Feature",
      "geometry": {
        "type": "Point",
        "coordinates": [
          136.668842,
          34.984876
        ]
      },
      "properties": {
        "area_id": "MIE03-000074",
        "district_id": "MIE-03",
        "prefecture": "三重県",
        "city": "四日市市（一部）",
        "town": "富田1丁目 第13区画",
        "postal_code": "5108014",
        "pattern_rule": "PATTERN_B_SPLIT_INCLUDED",
        "color_code": "#ef4444"
      }
    },
    {
      "type": "Feature",
      "geometry": {
        "type": "Point",
        "coordinates": [
          136.636465,
          35.040571
        ]
      },
      "properties": {
        "area_id": "MIE03-000075",
        "district_id": "MIE-03",
        "prefecture": "三重県",
        "city": "四日市市（一部）",
        "town": "富田2丁目 第13区画",
        "postal_code": "5108014",
        "pattern_rule": "PATTERN_B_SPLIT_INCLUDED",
        "color_code": "#ef4444"
      }
    },
    {
      "type": "Feature",
      "geometry": {
        "type": "Point",
        "coordinates": [
          136.636347,
          35.002933
        ]
      },
      "properties": {
        "area_id": "MIE03-000076",
        "district_id": "MIE-03",
        "prefecture": "三重県",
        "city": "四日市市（一部）",
        "town": "富田3丁目 第13区画",
        "postal_code": "5108014",
        "pattern_rule": "PATTERN_B_SPLIT_INCLUDED",
        "color_code": "#ef4444"
      }
    },
    {
      "type": "Feature",
      "geometry": {
        "type": "Point",
        "coordinates": [
          136.647327,
          35.007977
        ]
      },
      "properties": {
        "area_id": "MIE03-000077",
        "district_id": "MIE-03",
        "prefecture": "三重県",
        "city": "四日市市（一部）",
        "town": "富田1丁目 第14区画",
        "postal_code": "5108014",
        "pattern_rule": "PATTERN_B_SPLIT_INCLUDED",
        "color_code": "#ef4444"
      }
    },
    {
      "type": "Feature",
      "geometry": {
        "type": "Point",
        "coordinates": [
          136.632511,
          35.010876
        ]
      },
      "properties": {
        "area_id": "MIE03-000078",
        "district_id": "MIE-03",
        "prefecture": "三重県",
        "city": "四日市市（一部）",
        "town": "富田2丁目 第14区画",
        "postal_code": "5108014",
        "pattern_rule": "PATTERN_B_SPLIT_INCLUDED",
        "color_code": "#ef4444"
      }
    },
    {
      "type": "Feature",
      "geometry": {
        "type": "Point",
        "coordinates": [
          136.642671,
          34.998593
        ]
      },
      "properties": {
        "area_id": "MIE03-000079",
        "district_id": "MIE-03",
        "prefecture": "三重県",
        "city": "四日市市（一部）",
        "town": "富田3丁目 第14区画",
        "postal_code": "5108014",
        "pattern_rule": "PATTERN_B_SPLIT_INCLUDED",
        "color_code": "#ef4444"
      }
    },
    {
      "type": "Feature",
      "geometry": {
        "type": "Point",
        "coordinates": [
          136.64543,
          35.015593
        ]
      },
      "properties": {
        "area_id": "MIE03-000080",
        "district_id": "MIE-03",
        "prefecture": "三重県",
        "city": "四日市市（一部）",
        "town": "富田1丁目 第15区画",
        "postal_code": "5108014",
        "pattern_rule": "PATTERN_B_SPLIT_INCLUDED",
        "color_code": "#ef4444"
      }
    },
    {
      "type": "Feature",
      "geometry": {
        "type": "Point",
        "coordinates": [
          136.627596,
          35.003138
        ]
      },
      "properties": {
        "area_id": "MIE03-000081",
        "district_id": "MIE-03",
        "prefecture": "三重県",
        "city": "四日市市（一部）",
        "town": "富田2丁目 第15区画",
        "postal_code": "5108014",
        "pattern_rule": "PATTERN_B_SPLIT_INCLUDED",
        "color_code": "#ef4444"
      }
    },
    {
      "type": "Feature",
      "geometry": {
        "type": "Point",
        "coordinates": [
          136.653526,
          35.002231
        ]
      },
      "properties": {
        "area_id": "MIE03-000082",
        "district_id": "MIE-03",
        "prefecture": "三重県",
        "city": "四日市市（一部）",
        "town": "富田3丁目 第15区画",
        "postal_code": "5108014",
        "pattern_rule": "PATTERN_B_SPLIT_INCLUDED",
        "color_code": "#ef4444"
      }
    },
    {
      "type": "Feature",
      "geometry": {
        "type": "Point",
        "coordinates": [
          136.633204,
          35.019045
        ]
      },
      "properties": {
        "area_id": "MIE03-000083",
        "district_id": "MIE-03",
        "prefecture": "三重県",
        "city": "四日市市（一部）",
        "town": "富田1丁目 第16区画",
        "postal_code": "5108014",
        "pattern_rule": "PATTERN_B_SPLIT_INCLUDED",
        "color_code": "#ef4444"
      }
    },
    {
      "type": "Feature",
      "geometry": {
        "type": "Point",
        "coordinates": [
          136.634732,
          34.992976
        ]
      },
      "properties": {
        "area_id": "MIE03-000084",
        "district_id": "MIE-03",
        "prefecture": "三重県",
        "city": "四日市市（一部）",
        "town": "富田2丁目 第16区画",
        "postal_code": "5108014",
        "pattern_rule": "PATTERN_B_SPLIT_INCLUDED",
        "color_code": "#ef4444"
      }
    },
    {
      "type": "Feature",
      "geometry": {
        "type": "Point",
        "coordinates": [
          136.65642,
          35.0148
        ]
      },
      "properties": {
        "area_id": "MIE03-000085",
        "district_id": "MIE-03",
        "prefecture": "三重県",
        "city": "四日市市（一部）",
        "town": "富田3丁目 第16区画",
        "postal_code": "5108014",
        "pattern_rule": "PATTERN_B_SPLIT_INCLUDED",
        "color_code": "#ef4444"
      }
    },
    {
      "type": "Feature",
      "geometry": {
        "type": "Point",
        "coordinates": [
          136.620084,
          35.010579
        ]
      },
      "properties": {
        "area_id": "MIE03-000086",
        "district_id": "MIE-03",
        "prefecture": "三重県",
        "city": "四日市市（一部）",
        "town": "富田1丁目 第17区画",
        "postal_code": "5108014",
        "pattern_rule": "PATTERN_B_SPLIT_INCLUDED",
        "color_code": "#ef4444"
      }
    },
    {
      "type": "Feature",
      "geometry": {
        "type": "Point",
        "coordinates": [
          136.652527,
          34.991991
        ]
      },
      "properties": {
        "area_id": "MIE03-000087",
        "district_id": "MIE-03",
        "prefecture": "三重県",
        "city": "四日市市（一部）",
        "town": "富田2丁目 第17区画",
        "postal_code": "5108014",
        "pattern_rule": "PATTERN_B_SPLIT_INCLUDED",
        "color_code": "#ef4444"
      }
    },
    {
      "type": "Feature",
      "geometry": {
        "type": "Point",
        "coordinates": [
          136.643039,
          35.026134
        ]
      },
      "properties": {
        "area_id": "MIE03-000088",
        "district_id": "MIE-03",
        "prefecture": "三重県",
        "city": "四日市市（一部）",
        "town": "富田3丁目 第17区画",
        "postal_code": "5108014",
        "pattern_rule": "PATTERN_B_SPLIT_INCLUDED",
        "color_code": "#ef4444"
      }
    },
    {
      "type": "Feature",
      "geometry": {
        "type": "Point",
        "coordinates": [
          136.621063,
          34.993659
        ]
      },
      "properties": {
        "area_id": "MIE03-000089",
        "district_id": "MIE-03",
        "prefecture": "三重県",
        "city": "四日市市（一部）",
        "town": "富田1丁目 第18区画",
        "postal_code": "5108014",
        "pattern_rule": "PATTERN_B_SPLIT_INCLUDED",
        "color_code": "#ef4444"
      }
    },
    {
      "type": "Feature",
      "geometry": {
        "type": "Point",
        "coordinates": [
          136.666135,
          35.005949
        ]
      },
      "properties": {
        "area_id": "MIE03-000090",
        "district_id": "MIE-03",
        "prefecture": "三重県",
        "city": "四日市市（一部）",
        "town": "富田2丁目 第18区画",
        "postal_code": "5108014",
        "pattern_rule": "PATTERN_B_SPLIT_INCLUDED",
        "color_code": "#ef4444"
      }
    },
    {
      "type": "Feature",
      "geometry": {
        "type": "Point",
        "coordinates": [
          136.620484,
          35.023163
        ]
      },
      "properties": {
        "area_id": "MIE03-000091",
        "district_id": "MIE-03",
        "prefecture": "三重県",
        "city": "四日市市（一部）",
        "town": "富田3丁目 第18区画",
        "postal_code": "5108014",
        "pattern_rule": "PATTERN_B_SPLIT_INCLUDED",
        "color_code": "#ef4444"
      }
    },
    {
      "type": "Feature",
      "geometry": {
        "type": "Point",
        "coordinates": [
          136.641267,
          34.982723
        ]
      },
      "properties": {
        "area_id": "MIE03-000092",
        "district_id": "MIE-03",
        "prefecture": "三重県",
        "city": "四日市市（一部）",
        "town": "富田1丁目 第19区画",
        "postal_code": "5108014",
        "pattern_rule": "PATTERN_B_SPLIT_INCLUDED",
        "color_code": "#ef4444"
      }
    },
    {
      "type": "Feature",
      "geometry": {
        "type": "Point",
        "coordinates": [
          136.659592,
          35.026358
        ]
      },
      "properties": {
        "area_id": "MIE03-000093",
        "district_id": "MIE-03",
        "prefecture": "三重県",
        "city": "四日市市（一部）",
        "town": "富田2丁目 第19区画",
        "postal_code": "5108014",
        "pattern_rule": "PATTERN_B_SPLIT_INCLUDED",
        "color_code": "#ef4444"
      }
    },
    {
      "type": "Feature",
      "geometry": {
        "type": "Point",
        "coordinates": [
          136.608353,
          35.003428
        ]
      },
      "properties": {
        "area_id": "MIE03-000094",
        "district_id": "MIE-03",
        "prefecture": "三重県",
        "city": "四日市市（一部）",
        "town": "富田3丁目 第19区画",
        "postal_code": "5108014",
        "pattern_rule": "PATTERN_B_SPLIT_INCLUDED",
        "color_code": "#ef4444"
      }
    },
    {
      "type": "Feature",
      "geometry": {
        "type": "Point",
        "coordinates": [
          136.667327,
          34.990955
        ]
      },
      "properties": {
        "area_id": "MIE03-000095",
        "district_id": "MIE-03",
        "prefecture": "三重県",
        "city": "四日市市（一部）",
        "town": "富田1丁目 第20区画",
        "postal_code": "5108014",
        "pattern_rule": "PATTERN_B_SPLIT_INCLUDED",
        "color_code": "#ef4444"
      }
    },
    {
      "type": "Feature",
      "geometry": {
        "type": "Point",
        "coordinates": [
          136.632468,
          35.035213
        ]
      },
      "properties": {
        "area_id": "MIE03-000096",
        "district_id": "MIE-03",
        "prefecture": "三重県",
        "city": "四日市市（一部）",
        "town": "富田2丁目 第20区画",
        "postal_code": "5108014",
        "pattern_rule": "PATTERN_B_SPLIT_INCLUDED",
        "color_code": "#ef4444"
      }
    },
    {
      "type": "Feature",
      "geometry": {
        "type": "Point",
        "coordinates": [
          136.62188,
          34.980746
        ]
      },
      "properties": {
        "area_id": "MIE03-000097",
        "district_id": "MIE-03",
        "prefecture": "三重県",
        "city": "四日市市（一部）",
        "town": "富田3丁目 第20区画",
        "postal_code": "5108014",
        "pattern_rule": "PATTERN_B_SPLIT_INCLUDED",
        "color_code": "#ef4444"
      }
    },
    {
      "type": "Feature",
      "geometry": {
        "type": "Point",
        "coordinates": [
          136.675936,
          35.016342
        ]
      },
      "properties": {
        "area_id": "MIE03-000098",
        "district_id": "MIE-03",
        "prefecture": "三重県",
        "city": "四日市市（一部）",
        "town": "富田1丁目 第21区画",
        "postal_code": "5108014",
        "pattern_rule": "PATTERN_B_SPLIT_INCLUDED",
        "color_code": "#ef4444"
      }
    },
    {
      "type": "Feature",
      "geometry": {
        "type": "Point",
        "coordinates": [
          136.604545,
          35.020677
        ]
      },
      "properties": {
        "area_id": "MIE03-000099",
        "district_id": "MIE-03",
        "prefecture": "三重県",
        "city": "四日市市（一部）",
        "town": "富田2丁目 第21区画",
        "postal_code": "5108014",
        "pattern_rule": "PATTERN_B_SPLIT_INCLUDED",
        "color_code": "#ef4444"
      }
    },
    {
      "type": "Feature",
      "geometry": {
        "type": "Point",
        "coordinates": [
          136.655522,
          34.975673
        ]
      },
      "properties": {
        "area_id": "MIE03-000100",
        "district_id": "MIE-03",
        "prefecture": "三重県",
        "city": "四日市市（一部）",
        "town": "富田3丁目 第21区画",
        "postal_code": "5108014",
        "pattern_rule": "PATTERN_B_SPLIT_INCLUDED",
        "color_code": "#ef4444"
      }
    },
    {
      "type": "Feature",
      "geometry": {
        "type": "Point",
        "coordinates": [
          136.642052,
          35.011598
        ]
      },
      "properties": {
        "area_id": "MIE03-000101",
        "district_id": "MIE-03",
        "prefecture": "三重県",
        "city": "四日市市（一部）",
        "town": "富田1丁目",
        "postal_code": "5108014",
        "pattern_rule": "PATTERN_B_SPLIT_INCLUDED",
        "color_code": "#ef4444"
      }
    },
    {
      "type": "Feature",
      "geometry": {
        "type": "Point",
        "coordinates": [
          136.633401,
          35.004037
        ]
      },
      "properties": {
        "area_id": "MIE03-000102",
        "district_id": "MIE-03",
        "prefecture": "三重県",
        "city": "四日市市（一部）",
        "town": "富田2丁目",
        "postal_code": "5108014",
        "pattern_rule": "PATTERN_B_SPLIT_INCLUDED",
        "color_code": "#ef4444"
      }
    },
    {
      "type": "Feature",
      "geometry": {
        "type": "Point",
        "coordinates": [
          136.648577,
          35.004985
        ]
      },
      "properties": {
        "area_id": "MIE03-000103",
        "district_id": "MIE-03",
        "prefecture": "三重県",
        "city": "四日市市（一部）",
        "town": "富田3丁目",
        "postal_code": "5108014",
        "pattern_rule": "PATTERN_B_SPLIT_INCLUDED",
        "color_code": "#ef4444"
      }
    },
    {
      "type": "Feature",
      "geometry": {
        "type": "Point",
        "coordinates": [
          136.634455,
          35.014153
        ]
      },
      "properties": {
        "area_id": "MIE03-000104",
        "district_id": "MIE-03",
        "prefecture": "三重県",
        "city": "四日市市（一部）",
        "town": "富州原町 第2区画",
        "postal_code": "5108016",
        "pattern_rule": "PATTERN_B_SPLIT_INCLUDED",
        "color_code": "#ef4444"
      }
    },
    {
      "type": "Feature",
      "geometry": {
        "type": "Point",
        "coordinates": [
          136.637958,
          34.997249
        ]
      },
      "properties": {
        "area_id": "MIE03-000105",
        "district_id": "MIE-03",
        "prefecture": "三重県",
        "city": "四日市市（一部）",
        "town": "富州原町 第3区画",
        "postal_code": "5108016",
        "pattern_rule": "PATTERN_B_SPLIT_INCLUDED",
        "color_code": "#ef4444"
      }
    },
    {
      "type": "Feature",
      "geometry": {
        "type": "Point",
        "coordinates": [
          136.650472,
          35.013596
        ]
      },
      "properties": {
        "area_id": "MIE03-000106",
        "district_id": "MIE-03",
        "prefecture": "三重県",
        "city": "四日市市（一部）",
        "town": "富州原町 第4区画",
        "postal_code": "5108016",
        "pattern_rule": "PATTERN_B_SPLIT_INCLUDED",
        "color_code": "#ef4444"
      }
    },
    {
      "type": "Feature",
      "geometry": {
        "type": "Point",
        "coordinates": [
          136.625416,
          35.007963
        ]
      },
      "properties": {
        "area_id": "MIE03-000107",
        "district_id": "MIE-03",
        "prefecture": "三重県",
        "city": "四日市市（一部）",
        "town": "富州原町 第5区画",
        "postal_code": "5108016",
        "pattern_rule": "PATTERN_B_SPLIT_INCLUDED",
        "color_code": "#ef4444"
      }
    },
    {
      "type": "Feature",
      "geometry": {
        "type": "Point",
        "coordinates": [
          136.650863,
          34.99702
        ]
      },
      "properties": {
        "area_id": "MIE03-000108",
        "district_id": "MIE-03",
        "prefecture": "三重県",
        "city": "四日市市（一部）",
        "town": "富州原町 第6区画",
        "postal_code": "5108016",
        "pattern_rule": "PATTERN_B_SPLIT_INCLUDED",
        "color_code": "#ef4444"
      }
    },
    {
      "type": "Feature",
      "geometry": {
        "type": "Point",
        "coordinates": [
          136.64,
          35.0215
        ]
      },
      "properties": {
        "area_id": "MIE03-000109",
        "district_id": "MIE-03",
        "prefecture": "三重県",
        "city": "四日市市（一部）",
        "town": "富州原町 第7区画",
        "postal_code": "5108016",
        "pattern_rule": "PATTERN_B_SPLIT_INCLUDED",
        "color_code": "#ef4444"
      }
    },
    {
      "type": "Feature",
      "geometry": {
        "type": "Point",
        "coordinates": [
          136.627191,
          34.995251
        ]
      },
      "properties": {
        "area_id": "MIE03-000110",
        "district_id": "MIE-03",
        "prefecture": "三重県",
        "city": "四日市市（一部）",
        "town": "富州原町 第8区画",
        "postal_code": "5108016",
        "pattern_rule": "PATTERN_B_SPLIT_INCLUDED",
        "color_code": "#ef4444"
      }
    },
    {
      "type": "Feature",
      "geometry": {
        "type": "Point",
        "coordinates": [
          136.660322,
          35.008382
        ]
      },
      "properties": {
        "area_id": "MIE03-000111",
        "district_id": "MIE-03",
        "prefecture": "三重県",
        "city": "四日市市（一部）",
        "town": "富州原町 第9区画",
        "postal_code": "5108016",
        "pattern_rule": "PATTERN_B_SPLIT_INCLUDED",
        "color_code": "#ef4444"
      }
    },
    {
      "type": "Feature",
      "geometry": {
        "type": "Point",
        "coordinates": [
          136.622673,
          35.017979
        ]
      },
      "properties": {
        "area_id": "MIE03-000112",
        "district_id": "MIE-03",
        "prefecture": "三重県",
        "city": "四日市市（一部）",
        "town": "富州原町 第10区画",
        "postal_code": "5108016",
        "pattern_rule": "PATTERN_B_SPLIT_INCLUDED",
        "color_code": "#ef4444"
      }
    },
    {
      "type": "Feature",
      "geometry": {
        "type": "Point",
        "coordinates": [
          136.644043,
          34.987795
        ]
      },
      "properties": {
        "area_id": "MIE03-000113",
        "district_id": "MIE-03",
        "prefecture": "三重県",
        "city": "四日市市（一部）",
        "town": "富州原町 第11区画",
        "postal_code": "5108016",
        "pattern_rule": "PATTERN_B_SPLIT_INCLUDED",
        "color_code": "#ef4444"
      }
    },
    {
      "type": "Feature",
      "geometry": {
        "type": "Point",
        "coordinates": [
          136.653282,
          35.024274
        ]
      },
      "properties": {
        "area_id": "MIE03-000114",
        "district_id": "MIE-03",
        "prefecture": "三重県",
        "city": "四日市市（一部）",
        "town": "富州原町 第12区画",
        "postal_code": "5108016",
        "pattern_rule": "PATTERN_B_SPLIT_INCLUDED",
        "color_code": "#ef4444"
      }
    },
    {
      "type": "Feature",
      "geometry": {
        "type": "Point",
        "coordinates": [
          136.614731,
          35.001258
        ]
      },
      "properties": {
        "area_id": "MIE03-000115",
        "district_id": "MIE-03",
        "prefecture": "三重県",
        "city": "四日市市（一部）",
        "town": "富州原町 第13区画",
        "postal_code": "5108016",
        "pattern_rule": "PATTERN_B_SPLIT_INCLUDED",
        "color_code": "#ef4444"
      }
    },
    {
      "type": "Feature",
      "geometry": {
        "type": "Point",
        "coordinates": [
          136.664481,
          34.99628
        ]
      },
      "properties": {
        "area_id": "MIE03-000116",
        "district_id": "MIE-03",
        "prefecture": "三重県",
        "city": "四日市市（一部）",
        "town": "富州原町 第14区画",
        "postal_code": "5108016",
        "pattern_rule": "PATTERN_B_SPLIT_INCLUDED",
        "color_code": "#ef4444"
      }
    },
    {
      "type": "Feature",
      "geometry": {
        "type": "Point",
        "coordinates": [
          136.630068,
          35.029641
        ]
      },
      "properties": {
        "area_id": "MIE03-000117",
        "district_id": "MIE-03",
        "prefecture": "三重県",
        "city": "四日市市（一部）",
        "town": "富州原町 第15区画",
        "postal_code": "5108016",
        "pattern_rule": "PATTERN_B_SPLIT_INCLUDED",
        "color_code": "#ef4444"
      }
    },
    {
      "type": "Feature",
      "geometry": {
        "type": "Point",
        "coordinates": [
          136.628336,
          34.983433
        ]
      },
      "properties": {
        "area_id": "MIE03-000118",
        "district_id": "MIE-03",
        "prefecture": "三重県",
        "city": "四日市市（一部）",
        "town": "富州原町 第16区画",
        "postal_code": "5108016",
        "pattern_rule": "PATTERN_B_SPLIT_INCLUDED",
        "color_code": "#ef4444"
      }
    },
    {
      "type": "Feature",
      "geometry": {
        "type": "Point",
        "coordinates": [
          136.668929,
          35.018142
        ]
      },
      "properties": {
        "area_id": "MIE03-000119",
        "district_id": "MIE-03",
        "prefecture": "三重県",
        "city": "四日市市（一部）",
        "town": "富州原町 第17区画",
        "postal_code": "5108016",
        "pattern_rule": "PATTERN_B_SPLIT_INCLUDED",
        "color_code": "#ef4444"
      }
    },
    {
      "type": "Feature",
      "geometry": {
        "type": "Point",
        "coordinates": [
          136.608184,
          35.01526
        ]
      },
      "properties": {
        "area_id": "MIE03-000120",
        "district_id": "MIE-03",
        "prefecture": "三重県",
        "city": "四日市市（一部）",
        "town": "富州原町 第18区画",
        "postal_code": "5108016",
        "pattern_rule": "PATTERN_B_SPLIT_INCLUDED",
        "color_code": "#ef4444"
      }
    },
    {
      "type": "Feature",
      "geometry": {
        "type": "Point",
        "coordinates": [
          136.6574,
          34.981785
        ]
      },
      "properties": {
        "area_id": "MIE03-000121",
        "district_id": "MIE-03",
        "prefecture": "三重県",
        "city": "四日市市（一部）",
        "town": "富州原町 第19区画",
        "postal_code": "5108016",
        "pattern_rule": "PATTERN_B_SPLIT_INCLUDED",
        "color_code": "#ef4444"
      }
    },
    {
      "type": "Feature",
      "geometry": {
        "type": "Point",
        "coordinates": [
          136.647844,
          35.036384
        ]
      },
      "properties": {
        "area_id": "MIE03-000122",
        "district_id": "MIE-03",
        "prefecture": "三重県",
        "city": "四日市市（一部）",
        "town": "富州原町 第20区画",
        "postal_code": "5108016",
        "pattern_rule": "PATTERN_B_SPLIT_INCLUDED",
        "color_code": "#ef4444"
      }
    },
    {
      "type": "Feature",
      "geometry": {
        "type": "Point",
        "coordinates": [
          136.609134,
          34.98889
        ]
      },
      "properties": {
        "area_id": "MIE03-000123",
        "district_id": "MIE-03",
        "prefecture": "三重県",
        "city": "四日市市（一部）",
        "town": "富州原町 第21区画",
        "postal_code": "5108016",
        "pattern_rule": "PATTERN_B_SPLIT_INCLUDED",
        "color_code": "#ef4444"
      }
    },
    {
      "type": "Feature",
      "geometry": {
        "type": "Point",
        "coordinates": [
          136.678785,
          35.002645
        ]
      },
      "properties": {
        "area_id": "MIE03-000124",
        "district_id": "MIE-03",
        "prefecture": "三重県",
        "city": "四日市市（一部）",
        "town": "富州原町",
        "postal_code": "5108016",
        "pattern_rule": "PATTERN_B_SPLIT_INCLUDED",
        "color_code": "#ef4444"
      }
    },
    {
      "type": "Feature",
      "geometry": {
        "type": "Point",
        "coordinates": [
          136.573929,
          35.075892
        ]
      },
      "properties": {
        "area_id": "MIE03-000125",
        "district_id": "MIE-03",
        "prefecture": "三重県",
        "city": "桑名郡",
        "town": "木曽岬町加畑",
        "postal_code": "5110001",
        "pattern_rule": "PATTERN_A_WHOLE",
        "color_code": "#ef4444"
      }
    },
    {
      "type": "Feature",
      "geometry": {
        "type": "Point",
        "coordinates": [
          136.599738,
          35.045005
        ]
      },
      "properties": {
        "area_id": "MIE03-000126",
        "district_id": "MIE-03",
        "prefecture": "三重県",
        "city": "桑名郡",
        "town": "木曽岬町源緑輪中",
        "postal_code": "5110001",
        "pattern_rule": "PATTERN_A_WHOLE",
        "color_code": "#ef4444"
      }
    },
    {
      "type": "Feature",
      "geometry": {
        "type": "Point",
        "coordinates": [
          136.605261,
          35.054384
        ]
      },
      "properties": {
        "area_id": "MIE03-000127",
        "district_id": "MIE-03",
        "prefecture": "三重県",
        "city": "員弁郡",
        "town": "東員町穴太",
        "postal_code": "5110001",
        "pattern_rule": "PATTERN_A_WHOLE",
        "color_code": "#ef4444"
      }
    },
    {
      "type": "Feature",
      "geometry": {
        "type": "Point",
        "coordinates": [
          136.591128,
          35.049677
        ]
      },
      "properties": {
        "area_id": "MIE03-000128",
        "district_id": "MIE-03",
        "prefecture": "三重県",
        "city": "員弁郡",
        "town": "東員町笹尾東1丁目",
        "postal_code": "5110001",
        "pattern_rule": "PATTERN_A_WHOLE",
        "color_code": "#ef4444"
      }
    },
    {
      "type": "Feature",
      "geometry": {
        "type": "Point",
        "coordinates": [
          136.607906,
          35.044472
        ]
      },
      "properties": {
        "area_id": "MIE03-000129",
        "district_id": "MIE-03",
        "prefecture": "三重県",
        "city": "員弁郡",
        "town": "東員町笹尾東2丁目",
        "postal_code": "5110001",
        "pattern_rule": "PATTERN_A_WHOLE",
        "color_code": "#ef4444"
      }
    },
    {
      "type": "Feature",
      "geometry": {
        "type": "Point",
        "coordinates": [
          136.598465,
          35.059716
        ]
      },
      "properties": {
        "area_id": "MIE03-000130",
        "district_id": "MIE-03",
        "prefecture": "三重県",
        "city": "員弁郡",
        "town": "東員町笹尾東3丁目",
        "postal_code": "5110001",
        "pattern_rule": "PATTERN_A_WHOLE",
        "color_code": "#ef4444"
      }
    },
    {
      "type": "Feature",
      "geometry": {
        "type": "Point",
        "coordinates": [
          136.592429,
          35.040989
        ]
      },
      "properties": {
        "area_id": "MIE03-000131",
        "district_id": "MIE-03",
        "prefecture": "三重県",
        "city": "三重郡",
        "town": "菰野町大字菰野",
        "postal_code": "5110001",
        "pattern_rule": "PATTERN_A_WHOLE",
        "color_code": "#ef4444"
      }
    },
    {
      "type": "Feature",
      "geometry": {
        "type": "Point",
        "coordinates": [
          136.614293,
          35.052641
        ]
      },
      "properties": {
        "area_id": "MIE03-000132",
        "district_id": "MIE-03",
        "prefecture": "三重県",
        "city": "三重郡",
        "town": "朝日町大字柿",
        "postal_code": "5110001",
        "pattern_rule": "PATTERN_A_WHOLE",
        "color_code": "#ef4444"
      }
    },
    {
      "type": "Feature",
      "geometry": {
        "type": "Point",
        "coordinates": [
          136.586074,
          35.0567
        ]
      },
      "properties": {
        "area_id": "MIE03-000133",
        "district_id": "MIE-03",
        "prefecture": "三重県",
        "city": "三重郡",
        "town": "川越町大字豊田",
        "postal_code": "5110001",
        "pattern_rule": "PATTERN_A_WHOLE",
        "color_code": "#ef4444"
      }
    },
    {
      "type": "Feature",
      "geometry": {
        "type": "Point",
        "coordinates": [
          136.605268,
          35.036076
        ]
      },
      "properties": {
        "area_id": "MIE03-000134",
        "district_id": "MIE-03",
        "prefecture": "三重県",
        "city": "桑名郡",
        "town": "木曽岬町加畑 第2区画",
        "postal_code": "5110001",
        "pattern_rule": "PATTERN_A_WHOLE",
        "color_code": "#ef4444"
      }
    },
    {
      "type": "Feature",
      "geometry": {
        "type": "Point",
        "coordinates": [
          136.608013,
          35.06432
        ]
      },
      "properties": {
        "area_id": "MIE03-000135",
        "district_id": "MIE-03",
        "prefecture": "三重県",
        "city": "桑名郡",
        "town": "木曽岬町源緑輪中 第2区画",
        "postal_code": "5110001",
        "pattern_rule": "PATTERN_A_WHOLE",
        "color_code": "#ef4444"
      }
    },
    {
      "type": "Feature",
      "geometry": {
        "type": "Point",
        "coordinates": [
          136.581153,
          35.043494
        ]
      },
      "properties": {
        "area_id": "MIE03-000136",
        "district_id": "MIE-03",
        "prefecture": "三重県",
        "city": "員弁郡",
        "town": "東員町穴太 第2区画",
        "postal_code": "5110001",
        "pattern_rule": "PATTERN_A_WHOLE",
        "color_code": "#ef4444"
      }
    },
    {
      "type": "Feature",
      "geometry": {
        "type": "Point",
        "coordinates": [
          136.620523,
          35.043775
        ]
      },
      "properties": {
        "area_id": "MIE03-000137",
        "district_id": "MIE-03",
        "prefecture": "三重県",
        "city": "員弁郡",
        "town": "東員町笹尾東1丁目 第2区画",
        "postal_code": "5110001",
        "pattern_rule": "PATTERN_A_WHOLE",
        "color_code": "#ef4444"
      }
    },
    {
      "type": "Feature",
      "geometry": {
        "type": "Point",
        "coordinates": [
          136.58925,
          35.067208
        ]
      },
      "properties": {
        "area_id": "MIE03-000138",
        "district_id": "MIE-03",
        "prefecture": "三重県",
        "city": "員弁郡",
        "town": "東員町笹尾東2丁目 第2区画",
        "postal_code": "5110001",
        "pattern_rule": "PATTERN_A_WHOLE",
        "color_code": "#ef4444"
      }
    },
    {
      "type": "Feature",
      "geometry": {
        "type": "Point",
        "coordinates": [
          136.593602,
          35.030102
        ]
      },
      "properties": {
        "area_id": "MIE03-000139",
        "district_id": "MIE-03",
        "prefecture": "三重県",
        "city": "員弁郡",
        "town": "東員町笹尾東3丁目 第2区画",
        "postal_code": "5110001",
        "pattern_rule": "PATTERN_A_WHOLE",
        "color_code": "#ef4444"
      }
    },
    {
      "type": "Feature",
      "geometry": {
        "type": "Point",
        "coordinates": [
          136.622063,
          35.061713
        ]
      },
      "properties": {
        "area_id": "MIE03-000140",
        "district_id": "MIE-03",
        "prefecture": "三重県",
        "city": "三重郡",
        "town": "菰野町大字菰野 第2区画",
        "postal_code": "5110001",
        "pattern_rule": "PATTERN_A_WHOLE",
        "color_code": "#ef4444"
      }
    },
    {
      "type": "Feature",
      "geometry": {
        "type": "Point",
        "coordinates": [
          136.572819,
          35.053994
        ]
      },
      "properties": {
        "area_id": "MIE03-000141",
        "district_id": "MIE-03",
        "prefecture": "三重県",
        "city": "三重郡",
        "town": "朝日町大字柿 第2区画",
        "postal_code": "5110001",
        "pattern_rule": "PATTERN_A_WHOLE",
        "color_code": "#ef4444"
      }
    },
    {
      "type": "Feature",
      "geometry": {
        "type": "Point",
        "coordinates": [
          136.617678,
          35.030801
        ]
      },
      "properties": {
        "area_id": "MIE03-000142",
        "district_id": "MIE-03",
        "prefecture": "三重県",
        "city": "三重郡",
        "town": "川越町大字豊田 第2区画",
        "postal_code": "5110001",
        "pattern_rule": "PATTERN_A_WHOLE",
        "color_code": "#ef4444"
      }
    },
    {
      "type": "Feature",
      "geometry": {
        "type": "Point",
        "coordinates": [
          136.602657,
          35.075303
        ]
      },
      "properties": {
        "area_id": "MIE03-000143",
        "district_id": "MIE-03",
        "prefecture": "三重県",
        "city": "桑名郡",
        "town": "木曽岬町加畑 第3区画",
        "postal_code": "5110001",
        "pattern_rule": "PATTERN_A_WHOLE",
        "color_code": "#ef4444"
      }
    },
    {
      "type": "Feature",
      "geometry": {
        "type": "Point",
        "coordinates": [
          136.576466,
          35.032029
        ]
      },
      "properties": {
        "area_id": "MIE03-000144",
        "district_id": "MIE-03",
        "prefecture": "三重県",
        "city": "桑名郡",
        "town": "木曽岬町源緑輪中 第3区画",
        "postal_code": "5110001",
        "pattern_rule": "PATTERN_A_WHOLE",
        "color_code": "#ef4444"
      }
    },
    {
      "type": "Feature",
      "geometry": {
        "type": "Point",
        "coordinates": [
          136.63336,
          35.05
        ]
      },
      "properties": {
        "area_id": "MIE03-000145",
        "district_id": "MIE-03",
        "prefecture": "三重県",
        "city": "員弁郡",
        "town": "東員町穴太 第3区画",
        "postal_code": "5110001",
        "pattern_rule": "PATTERN_A_WHOLE",
        "color_code": "#ef4444"
      }
    },
    {
      "type": "Feature",
      "geometry": {
        "type": "Point",
        "coordinates": [
          136.574343,
          35.069592
        ]
      },
      "properties": {
        "area_id": "MIE03-000146",
        "district_id": "MIE-03",
        "prefecture": "三重県",
        "city": "員弁郡",
        "town": "東員町笹尾東1丁目 第3区画",
        "postal_code": "5110001",
        "pattern_rule": "PATTERN_A_WHOLE",
        "color_code": "#ef4444"
      }
    },
    {
      "type": "Feature",
      "geometry": {
        "type": "Point",
        "coordinates": [
          136.603159,
          35.019915
        ]
      },
      "properties": {
        "area_id": "MIE03-000147",
        "district_id": "MIE-03",
        "prefecture": "三重県",
        "city": "員弁郡",
        "town": "東員町笹尾東2丁目 第3区画",
        "postal_code": "5110001",
        "pattern_rule": "PATTERN_A_WHOLE",
        "color_code": "#ef4444"
      }
    },
    {
      "type": "Feature",
      "geometry": {
        "type": "Point",
        "coordinates": [
          136.622938,
          35.074911
        ]
      },
      "properties": {
        "area_id": "MIE03-000148",
        "district_id": "MIE-03",
        "prefecture": "三重県",
        "city": "員弁郡",
        "town": "東員町笹尾東3丁目 第3区画",
        "postal_code": "5110001",
        "pattern_rule": "PATTERN_A_WHOLE",
        "color_code": "#ef4444"
      }
    },
    {
      "type": "Feature",
      "geometry": {
        "type": "Point",
        "coordinates": [
          136.561474,
          35.044339
        ]
      },
      "properties": {
        "area_id": "MIE03-000149",
        "district_id": "MIE-03",
        "prefecture": "三重県",
        "city": "三重郡",
        "town": "菰野町大字菰野 第3区画",
        "postal_code": "5110001",
        "pattern_rule": "PATTERN_A_WHOLE",
        "color_code": "#ef4444"
      }
    },
    {
      "type": "Feature",
      "geometry": {
        "type": "Point",
        "coordinates": [
          136.634208,
          35.031839
        ]
      },
      "properties": {
        "area_id": "MIE03-000150",
        "district_id": "MIE-03",
        "prefecture": "三重県",
        "city": "三重郡",
        "town": "朝日町大字柿 第3区画",
        "postal_code": "5110001",
        "pattern_rule": "PATTERN_A_WHOLE",
        "color_code": "#ef4444"
      }
    },
    {
      "type": "Feature",
      "geometry": {
        "type": "Point",
        "coordinates": [
          136.598447,
          35.05483
        ]
      },
      "properties": {
        "area_id": "MIE03-000151",
        "district_id": "MIE-03",
        "prefecture": "三重県",
        "city": "三重郡",
        "town": "川越町大字豊田 第3区画",
        "postal_code": "5110001",
        "pattern_rule": "PATTERN_A_WHOLE",
        "color_code": "#ef4444"
      }
    },
    {
      "type": "Feature",
      "geometry": {
        "type": "Point",
        "coordinates": [
          136.596565,
          35.044501
        ]
      },
      "properties": {
        "area_id": "MIE03-000152",
        "district_id": "MIE-03",
        "prefecture": "三重県",
        "city": "桑名郡",
        "town": "木曽岬町加畑 第4区画",
        "postal_code": "5110001",
        "pattern_rule": "PATTERN_A_WHOLE",
        "color_code": "#ef4444"
      }
    },
    {
      "type": "Feature",
      "geometry": {
        "type": "Point",
        "coordinates": [
          136.608344,
          35.052531
        ]
      },
      "properties": {
        "area_id": "MIE03-000153",
        "district_id": "MIE-03",
        "prefecture": "三重県",
        "city": "桑名郡",
        "town": "木曽岬町源緑輪中 第4区画",
        "postal_code": "5110001",
        "pattern_rule": "PATTERN_A_WHOLE",
        "color_code": "#ef4444"
      }
    },
    {
      "type": "Feature",
      "geometry": {
        "type": "Point",
        "coordinates": [
          136.590466,
          35.053291
        ]
      },
      "properties": {
        "area_id": "MIE03-000154",
        "district_id": "MIE-03",
        "prefecture": "三重県",
        "city": "員弁郡",
        "town": "東員町穴太 第4区画",
        "postal_code": "5110001",
        "pattern_rule": "PATTERN_A_WHOLE",
        "color_code": "#ef4444"
      }
    },
    {
      "type": "Feature",
      "geometry": {
        "type": "Point",
        "coordinates": [
          136.60497,
          35.041118
        ]
      },
      "properties": {
        "area_id": "MIE03-000155",
        "district_id": "MIE-03",
        "prefecture": "三重県",
        "city": "員弁郡",
        "town": "東員町笹尾東1丁目 第4区画",
        "postal_code": "5110001",
        "pattern_rule": "PATTERN_A_WHOLE",
        "color_code": "#ef4444"
      }
    },
    {
      "type": "Feature",
      "geometry": {
        "type": "Point",
        "coordinates": [
          136.603969,
          35.060491
        ]
      },
      "properties": {
        "area_id": "MIE03-000156",
        "district_id": "MIE-03",
        "prefecture": "三重県",
        "city": "員弁郡",
        "town": "東員町笹尾東2丁目 第4区画",
        "postal_code": "5110001",
        "pattern_rule": "PATTERN_A_WHOLE",
        "color_code": "#ef4444"
      }
    },
    {
      "type": "Feature",
      "geometry": {
        "type": "Point",
        "coordinates": [
          136.587321,
          35.0439
        ]
      },
      "properties": {
        "area_id": "MIE03-000157",
        "district_id": "MIE-03",
        "prefecture": "三重県",
        "city": "員弁郡",
        "town": "東員町笹尾東3丁目 第4区画",
        "postal_code": "5110001",
        "pattern_rule": "PATTERN_A_WHOLE",
        "color_code": "#ef4444"
      }
    },
    {
      "type": "Feature",
      "geometry": {
        "type": "Point",
        "coordinates": [
          136.615699,
          35.0471
        ]
      },
      "properties": {
        "area_id": "MIE03-000158",
        "district_id": "MIE-03",
        "prefecture": "三重県",
        "city": "三重郡",
        "town": "菰野町大字菰野 第4区画",
        "postal_code": "5110001",
        "pattern_rule": "PATTERN_A_WHOLE",
        "color_code": "#ef4444"
      }
    },
    {
      "type": "Feature",
      "geometry": {
        "type": "Point",
        "coordinates": [
          136.589951,
          35.06196
        ]
      },
      "properties": {
        "area_id": "MIE03-000159",
        "district_id": "MIE-03",
        "prefecture": "三重県",
        "city": "三重郡",
        "town": "朝日町大字柿 第4区画",
        "postal_code": "5110001",
        "pattern_rule": "PATTERN_A_WHOLE",
        "color_code": "#ef4444"
      }
    },
    {
      "type": "Feature",
      "geometry": {
        "type": "Point",
        "coordinates": [
          136.597525,
          35.034335
        ]
      },
      "properties": {
        "area_id": "MIE03-000160",
        "district_id": "MIE-03",
        "prefecture": "三重県",
        "city": "三重郡",
        "town": "川越町大字豊田 第4区画",
        "postal_code": "5110001",
        "pattern_rule": "PATTERN_A_WHOLE",
        "color_code": "#ef4444"
      }
    },
    {
      "type": "Feature",
      "geometry": {
        "type": "Point",
        "coordinates": [
          136.615627,
          35.060927
        ]
      },
      "properties": {
        "area_id": "MIE03-000161",
        "district_id": "MIE-03",
        "prefecture": "三重県",
        "city": "桑名郡",
        "town": "木曽岬町加畑 第5区画",
        "postal_code": "5110001",
        "pattern_rule": "PATTERN_A_WHOLE",
        "color_code": "#ef4444"
      }
    },
    {
      "type": "Feature",
      "geometry": {
        "type": "Point",
        "coordinates": [
          136.578181,
          35.050794
        ]
      },
      "properties": {
        "area_id": "MIE03-000162",
        "district_id": "MIE-03",
        "prefecture": "三重県",
        "city": "桑名郡",
        "town": "木曽岬町源緑輪中 第5区画",
        "postal_code": "5110001",
        "pattern_rule": "PATTERN_A_WHOLE",
        "color_code": "#ef4444"
      }
    },
    {
      "type": "Feature",
      "geometry": {
        "type": "Point",
        "coordinates": [
          136.616461,
          35.036282
        ]
      },
      "properties": {
        "area_id": "MIE03-000163",
        "district_id": "MIE-03",
        "prefecture": "三重県",
        "city": "員弁郡",
        "town": "東員町穴太 第5区画",
        "postal_code": "5110001",
        "pattern_rule": "PATTERN_A_WHOLE",
        "color_code": "#ef4444"
      }
    },
    {
      "type": "Feature",
      "geometry": {
        "type": "Point",
        "coordinates": [
          136.598922,
          35.07058
        ]
      },
      "properties": {
        "area_id": "MIE03-000164",
        "district_id": "MIE-03",
        "prefecture": "三重県",
        "city": "員弁郡",
        "town": "東員町笹尾東1丁目 第5区画",
        "postal_code": "5110001",
        "pattern_rule": "PATTERN_A_WHOLE",
        "color_code": "#ef4444"
      }
    },
    {
      "type": "Feature",
      "geometry": {
        "type": "Point",
        "coordinates": [
          136.583185,
          35.0333
        ]
      },
      "properties": {
        "area_id": "MIE03-000165",
        "district_id": "MIE-03",
        "prefecture": "三重県",
        "city": "員弁郡",
        "town": "東員町笹尾東2丁目 第5区画",
        "postal_code": "5110001",
        "pattern_rule": "PATTERN_A_WHOLE",
        "color_code": "#ef4444"
      }
    },
    {
      "type": "Feature",
      "geometry": {
        "type": "Point",
        "coordinates": [
          136.627364,
          35.053002
        ]
      },
      "properties": {
        "area_id": "MIE03-000166",
        "district_id": "MIE-03",
        "prefecture": "三重県",
        "city": "員弁郡",
        "town": "東員町笹尾東3丁目 第5区画",
        "postal_code": "5110001",
        "pattern_rule": "PATTERN_A_WHOLE",
        "color_code": "#ef4444"
      }
    },
    {
      "type": "Feature",
      "geometry": {
        "type": "Point",
        "coordinates": [
          136.576212,
          35.063881
        ]
      },
      "properties": {
        "area_id": "MIE03-000167",
        "district_id": "MIE-03",
        "prefecture": "三重県",
        "city": "三重郡",
        "town": "菰野町大字菰野 第5区画",
        "postal_code": "5110001",
        "pattern_rule": "PATTERN_A_WHOLE",
        "color_code": "#ef4444"
      }
    },
    {
      "type": "Feature",
      "geometry": {
        "type": "Point",
        "coordinates": [
          136.606597,
          35.025202
        ]
      },
      "properties": {
        "area_id": "MIE03-000168",
        "district_id": "MIE-03",
        "prefecture": "三重県",
        "city": "三重郡",
        "town": "朝日町大字柿 第5区画",
        "postal_code": "5110001",
        "pattern_rule": "PATTERN_A_WHOLE",
        "color_code": "#ef4444"
      }
    },
    {
      "type": "Feature",
      "geometry": {
        "type": "Point",
        "coordinates": [
          136.61596,
          35.073036
        ]
      },
      "properties": {
        "area_id": "MIE03-000169",
        "district_id": "MIE-03",
        "prefecture": "三重県",
        "city": "三重郡",
        "town": "川越町大字豊田 第5区画",
        "postal_code": "5110001",
        "pattern_rule": "PATTERN_A_WHOLE",
        "color_code": "#ef4444"
      }
    },
    {
      "type": "Feature",
      "geometry": {
        "type": "Point",
        "coordinates": [
          136.568184,
          35.04164
        ]
      },
      "properties": {
        "area_id": "MIE03-000170",
        "district_id": "MIE-03",
        "prefecture": "三重県",
        "city": "桑名郡",
        "town": "木曽岬町加畑 第6区画",
        "postal_code": "5110001",
        "pattern_rule": "PATTERN_A_WHOLE",
        "color_code": "#ef4444"
      }
    },
    {
      "type": "Feature",
      "geometry": {
        "type": "Point",
        "coordinates": [
          136.63154,
          35.037744
        ]
      },
      "properties": {
        "area_id": "MIE03-000171",
        "district_id": "MIE-03",
        "prefecture": "三重県",
        "city": "桑名郡",
        "town": "木曽岬町源緑輪中 第6区画",
        "postal_code": "5110001",
        "pattern_rule": "PATTERN_A_WHOLE",
        "color_code": "#ef4444"
      }
    },
    {
      "type": "Feature",
      "geometry": {
        "type": "Point",
        "coordinates": [
          136.586132,
          35.077901
        ]
      },
      "properties": {
        "area_id": "MIE03-000172",
        "district_id": "MIE-03",
        "prefecture": "三重県",
        "city": "員弁郡",
        "town": "東員町穴太 第6区画",
        "postal_code": "5110001",
        "pattern_rule": "PATTERN_A_WHOLE",
        "color_code": "#ef4444"
      }
    },
    {
      "type": "Feature",
      "geometry": {
        "type": "Point",
        "coordinates": [
          136.587113,
          35.020494
        ]
      },
      "properties": {
        "area_id": "MIE03-000173",
        "district_id": "MIE-03",
        "prefecture": "三重県",
        "city": "員弁郡",
        "town": "東員町笹尾東1丁目 第6区画",
        "postal_code": "5110001",
        "pattern_rule": "PATTERN_A_WHOLE",
        "color_code": "#ef4444"
      }
    },
    {
      "type": "Feature",
      "geometry": {
        "type": "Point",
        "coordinates": [
          136.6347,
          35.065053
        ]
      },
      "properties": {
        "area_id": "MIE03-000174",
        "district_id": "MIE-03",
        "prefecture": "三重県",
        "city": "員弁郡",
        "town": "東員町笹尾東2丁目 第6区画",
        "postal_code": "5110001",
        "pattern_rule": "PATTERN_A_WHOLE",
        "color_code": "#ef4444"
      }
    },
    {
      "type": "Feature",
      "geometry": {
        "type": "Point",
        "coordinates": [
          136.560822,
          35.058748
        ]
      },
      "properties": {
        "area_id": "MIE03-000175",
        "district_id": "MIE-03",
        "prefecture": "三重県",
        "city": "員弁郡",
        "town": "東員町笹尾東3丁目 第6区画",
        "postal_code": "5110001",
        "pattern_rule": "PATTERN_A_WHOLE",
        "color_code": "#ef4444"
      }
    },
    {
      "type": "Feature",
      "geometry": {
        "type": "Point",
        "coordinates": [
          136.603224,
          35.045783
        ]
      },
      "properties": {
        "area_id": "MIE03-000176",
        "district_id": "MIE-03",
        "prefecture": "三重県",
        "city": "三重郡",
        "town": "菰野町大字菰野 第6区画",
        "postal_code": "5110001",
        "pattern_rule": "PATTERN_A_WHOLE",
        "color_code": "#ef4444"
      }
    },
    {
      "type": "Feature",
      "geometry": {
        "type": "Point",
        "coordinates": [
          136.601292,
          35.056106
        ]
      },
      "properties": {
        "area_id": "MIE03-000177",
        "district_id": "MIE-03",
        "prefecture": "三重県",
        "city": "三重郡",
        "town": "朝日町大字柿 第6区画",
        "postal_code": "5110001",
        "pattern_rule": "PATTERN_A_WHOLE",
        "color_code": "#ef4444"
      }
    },
    {
      "type": "Feature",
      "geometry": {
        "type": "Point",
        "coordinates": [
          136.592955,
          35.045495
        ]
      },
      "properties": {
        "area_id": "MIE03-000178",
        "district_id": "MIE-03",
        "prefecture": "三重県",
        "city": "三重郡",
        "town": "川越町大字豊田 第6区画",
        "postal_code": "5110001",
        "pattern_rule": "PATTERN_A_WHOLE",
        "color_code": "#ef4444"
      }
    },
    {
      "type": "Feature",
      "geometry": {
        "type": "Point",
        "coordinates": [
          136.610281,
          35.04925
        ]
      },
      "properties": {
        "area_id": "MIE03-000179",
        "district_id": "MIE-03",
        "prefecture": "三重県",
        "city": "桑名郡",
        "town": "木曽岬町加畑 第7区画",
        "postal_code": "5110001",
        "pattern_rule": "PATTERN_A_WHOLE",
        "color_code": "#ef4444"
      }
    },
    {
      "type": "Feature",
      "geometry": {
        "type": "Point",
        "coordinates": [
          136.592055,
          35.057225
        ]
      },
      "properties": {
        "area_id": "MIE03-000180",
        "district_id": "MIE-03",
        "prefecture": "三重県",
        "city": "桑名郡",
        "town": "木曽岬町源緑輪中 第7区画",
        "postal_code": "5110001",
        "pattern_rule": "PATTERN_A_WHOLE",
        "color_code": "#ef4444"
      }
    },
    {
      "type": "Feature",
      "geometry": {
        "type": "Point",
        "coordinates": [
          136.6,
          35.039
        ]
      },
      "properties": {
        "area_id": "MIE03-000181",
        "district_id": "MIE-03",
        "prefecture": "三重県",
        "city": "員弁郡",
        "town": "東員町穴太 第7区画",
        "postal_code": "5110001",
        "pattern_rule": "PATTERN_A_WHOLE",
        "color_code": "#ef4444"
      }
    },
    {
      "type": "Feature",
      "geometry": {
        "type": "Point",
        "coordinates": [
          136.609891,
          35.058995
        ]
      },
      "properties": {
        "area_id": "MIE03-000182",
        "district_id": "MIE-03",
        "prefecture": "三重県",
        "city": "員弁郡",
        "town": "東員町笹尾東1丁目 第7区画",
        "postal_code": "5110001",
        "pattern_rule": "PATTERN_A_WHOLE",
        "color_code": "#ef4444"
      }
    },
    {
      "type": "Feature",
      "geometry": {
        "type": "Point",
        "coordinates": [
          136.583981,
          35.048832
        ]
      },
      "properties": {
        "area_id": "MIE03-000183",
        "district_id": "MIE-03",
        "prefecture": "三重県",
        "city": "員弁郡",
        "town": "東員町笹尾東2丁目 第7区画",
        "postal_code": "5110001",
        "pattern_rule": "PATTERN_A_WHOLE",
        "color_code": "#ef4444"
      }
    },
    {
      "type": "Feature",
      "geometry": {
        "type": "Point",
        "coordinates": [
          136.6139,
          35.041112
        ]
      },
      "properties": {
        "area_id": "MIE03-000184",
        "district_id": "MIE-03",
        "prefecture": "三重県",
        "city": "員弁郡",
        "town": "東員町笹尾東3丁目 第7区画",
        "postal_code": "5110001",
        "pattern_rule": "PATTERN_A_WHOLE",
        "color_code": "#ef4444"
      }
    },
    {
      "type": "Feature",
      "geometry": {
        "type": "Point",
        "coordinates": [
          136.596708,
          35.06556
        ]
      },
      "properties": {
        "area_id": "MIE03-000185",
        "district_id": "MIE-03",
        "prefecture": "三重県",
        "city": "三重郡",
        "town": "菰野町大字菰野 第7区画",
        "postal_code": "5110001",
        "pattern_rule": "PATTERN_A_WHOLE",
        "color_code": "#ef4444"
      }
    },
    {
      "type": "Feature",
      "geometry": {
        "type": "Point",
        "coordinates": [
          136.589039,
          35.035662
        ]
      },
      "properties": {
        "area_id": "MIE03-000186",
        "district_id": "MIE-03",
        "prefecture": "三重県",
        "city": "三重郡",
        "town": "朝日町大字柿 第7区画",
        "postal_code": "5110001",
        "pattern_rule": "PATTERN_A_WHOLE",
        "color_code": "#ef4444"
      }
    },
    {
      "type": "Feature",
      "geometry": {
        "type": "Point",
        "coordinates": [
          136.621096,
          35.054711
        ]
      },
      "properties": {
        "area_id": "MIE03-000187",
        "district_id": "MIE-03",
        "prefecture": "三重県",
        "city": "三重郡",
        "town": "川越町大字豊田 第7区画",
        "postal_code": "5110001",
        "pattern_rule": "PATTERN_A_WHOLE",
        "color_code": "#ef4444"
      }
    },
    {
      "type": "Feature",
      "geometry": {
        "type": "Point",
        "coordinates": [
          136.57935,
          35.058958
        ]
      },
      "properties": {
        "area_id": "MIE03-000188",
        "district_id": "MIE-03",
        "prefecture": "三重県",
        "city": "桑名郡",
        "town": "木曽岬町加畑 第8区画",
        "postal_code": "5110001",
        "pattern_rule": "PATTERN_A_WHOLE",
        "color_code": "#ef4444"
      }
    },
    {
      "type": "Feature",
      "geometry": {
        "type": "Point",
        "coordinates": [
          136.608455,
          35.030642
        ]
      },
      "properties": {
        "area_id": "MIE03-000189",
        "district_id": "MIE-03",
        "prefecture": "三重県",
        "city": "桑名郡",
        "town": "木曽岬町源緑輪中 第8区画",
        "postal_code": "5110001",
        "pattern_rule": "PATTERN_A_WHOLE",
        "color_code": "#ef4444"
      }
    },
    {
      "type": "Feature",
      "geometry": {
        "type": "Point",
        "coordinates": [
          136.610011,
          35.070141
        ]
      },
      "properties": {
        "area_id": "MIE03-000190",
        "district_id": "MIE-03",
        "prefecture": "三重県",
        "city": "員弁郡",
        "town": "東員町穴太 第8区画",
        "postal_code": "5110001",
        "pattern_rule": "PATTERN_A_WHOLE",
        "color_code": "#ef4444"
      }
    },
    {
      "type": "Feature",
      "geometry": {
        "type": "Point",
        "coordinates": [
          136.574986,
          35.04028
        ]
      },
      "properties": {
        "area_id": "MIE03-000191",
        "district_id": "MIE-03",
        "prefecture": "三重県",
        "city": "員弁郡",
        "town": "東員町笹尾東1丁目 第8区画",
        "postal_code": "5110001",
        "pattern_rule": "PATTERN_A_WHOLE",
        "color_code": "#ef4444"
      }
    },
    {
      "type": "Feature",
      "geometry": {
        "type": "Point",
        "coordinates": [
          136.627696,
          35.042723
        ]
      },
      "properties": {
        "area_id": "MIE03-000192",
        "district_id": "MIE-03",
        "prefecture": "三重県",
        "city": "員弁郡",
        "town": "東員町笹尾東2丁目 第8区画",
        "postal_code": "5110001",
        "pattern_rule": "PATTERN_A_WHOLE",
        "color_code": "#ef4444"
      }
    },
    {
      "type": "Feature",
      "geometry": {
        "type": "Point",
        "coordinates": [
          136.58476,
          35.071997
        ]
      },
      "properties": {
        "area_id": "MIE03-000193",
        "district_id": "MIE-03",
        "prefecture": "三重県",
        "city": "員弁郡",
        "town": "東員町笹尾東3丁目 第8区画",
        "postal_code": "5110001",
        "pattern_rule": "PATTERN_A_WHOLE",
        "color_code": "#ef4444"
      }
    },
    {
      "type": "Feature",
      "geometry": {
        "type": "Point",
        "coordinates": [
          136.593091,
          35.024031
        ]
      },
      "properties": {
        "area_id": "MIE03-000194",
        "district_id": "MIE-03",
        "prefecture": "三重県",
        "city": "三重郡",
        "town": "菰野町大字菰野 第8区画",
        "postal_code": "5110001",
        "pattern_rule": "PATTERN_A_WHOLE",
        "color_code": "#ef4444"
      }
    },
    {
      "type": "Feature",
      "geometry": {
        "type": "Point",
        "coordinates": [
          136.627327,
          35.065945
        ]
      },
      "properties": {
        "area_id": "MIE03-000195",
        "district_id": "MIE-03",
        "prefecture": "三重県",
        "city": "三重郡",
        "town": "朝日町大字柿 第8区画",
        "postal_code": "5110001",
        "pattern_rule": "PATTERN_A_WHOLE",
        "color_code": "#ef4444"
      }
    },
    {
      "type": "Feature",
      "geometry": {
        "type": "Point",
        "coordinates": [
          136.565498,
          35.053785
        ]
      },
      "properties": {
        "area_id": "MIE03-000196",
        "district_id": "MIE-03",
        "prefecture": "三重県",
        "city": "三重郡",
        "town": "川越町大字豊田 第8区画",
        "postal_code": "5110001",
        "pattern_rule": "PATTERN_A_WHOLE",
        "color_code": "#ef4444"
      }
    },
    {
      "type": "Feature",
      "geometry": {
        "type": "Point",
        "coordinates": [
          136.623295,
          35.026865
        ]
      },
      "properties": {
        "area_id": "MIE03-000197",
        "district_id": "MIE-03",
        "prefecture": "三重県",
        "city": "桑名郡",
        "town": "木曽岬町加畑 第9区画",
        "postal_code": "5110001",
        "pattern_rule": "PATTERN_A_WHOLE",
        "color_code": "#ef4444"
      }
    },
    {
      "type": "Feature",
      "geometry": {
        "type": "Point",
        "coordinates": [
          136.601644,
          35.08137
        ]
      },
      "properties": {
        "area_id": "MIE03-000198",
        "district_id": "MIE-03",
        "prefecture": "三重県",
        "city": "桑名郡",
        "town": "木曽岬町源緑輪中 第9区画",
        "postal_code": "5110001",
        "pattern_rule": "PATTERN_A_WHOLE",
        "color_code": "#ef4444"
      }
    },
    {
      "type": "Feature",
      "geometry": {
        "type": "Point",
        "coordinates": [
          136.572338,
          35.026948
        ]
      },
      "properties": {
        "area_id": "MIE03-000199",
        "district_id": "MIE-03",
        "prefecture": "三重県",
        "city": "員弁郡",
        "town": "東員町穴太 第9区画",
        "postal_code": "5110001",
        "pattern_rule": "PATTERN_A_WHOLE",
        "color_code": "#ef4444"
      }
    },
    {
      "type": "Feature",
      "geometry": {
        "type": "Point",
        "coordinates": [
          136.640521,
          35.051474
        ]
      },
      "properties": {
        "area_id": "MIE03-000200",
        "district_id": "MIE-03",
        "prefecture": "三重県",
        "city": "員弁郡",
        "town": "東員町笹尾東1丁目 第9区画",
        "postal_code": "5110001",
        "pattern_rule": "PATTERN_A_WHOLE",
        "color_code": "#ef4444"
      }
    },
    {
      "type": "Feature",
      "geometry": {
        "type": "Point",
        "coordinates": [
          136.595404,
          35.053214
        ]
      },
      "properties": {
        "area_id": "MIE03-000201",
        "district_id": "MIE-03",
        "prefecture": "三重県",
        "city": "員弁郡",
        "town": "東員町笹尾東2丁目 第9区画",
        "postal_code": "5110001",
        "pattern_rule": "PATTERN_A_WHOLE",
        "color_code": "#ef4444"
      }
    },
    {
      "type": "Feature",
      "geometry": {
        "type": "Point",
        "coordinates": [
          136.600971,
          35.043853
        ]
      },
      "properties": {
        "area_id": "MIE03-000202",
        "district_id": "MIE-03",
        "prefecture": "三重県",
        "city": "員弁郡",
        "town": "東員町笹尾東3丁目 第9区画",
        "postal_code": "5110001",
        "pattern_rule": "PATTERN_A_WHOLE",
        "color_code": "#ef4444"
      }
    },
    {
      "type": "Feature",
      "geometry": {
        "type": "Point",
        "coordinates": [
          136.605093,
          35.056062
        ]
      },
      "properties": {
        "area_id": "MIE03-000203",
        "district_id": "MIE-03",
        "prefecture": "三重県",
        "city": "三重郡",
        "town": "菰野町大字菰野 第9区画",
        "postal_code": "5110001",
        "pattern_rule": "PATTERN_A_WHOLE",
        "color_code": "#ef4444"
      }
    },
    {
      "type": "Feature",
      "geometry": {
        "type": "Point",
        "coordinates": [
          136.589925,
          35.048139
        ]
      },
      "properties": {
        "area_id": "MIE03-000204",
        "district_id": "MIE-03",
        "prefecture": "三重県",
        "city": "三重郡",
        "town": "朝日町大字柿 第9区画",
        "postal_code": "5110001",
        "pattern_rule": "PATTERN_A_WHOLE",
        "color_code": "#ef4444"
      }
    },
    {
      "type": "Feature",
      "geometry": {
        "type": "Point",
        "coordinates": [
          136.610184,
          35.0451
        ]
      },
      "properties": {
        "area_id": "MIE03-000205",
        "district_id": "MIE-03",
        "prefecture": "三重県",
        "city": "三重郡",
        "town": "川越町大字豊田 第9区画",
        "postal_code": "5110001",
        "pattern_rule": "PATTERN_A_WHOLE",
        "color_code": "#ef4444"
      }
    },
    {
      "type": "Feature",
      "geometry": {
        "type": "Point",
        "coordinates": [
          136.596031,
          35.060491
        ]
      },
      "properties": {
        "area_id": "MIE03-000206",
        "district_id": "MIE-03",
        "prefecture": "三重県",
        "city": "桑名郡",
        "town": "木曽岬町加畑 第10区画",
        "postal_code": "5110001",
        "pattern_rule": "PATTERN_A_WHOLE",
        "color_code": "#ef4444"
      }
    },
    {
      "type": "Feature",
      "geometry": {
        "type": "Point",
        "coordinates": [
          136.593813,
          35.038943
        ]
      },
      "properties": {
        "area_id": "MIE03-000207",
        "district_id": "MIE-03",
        "prefecture": "三重県",
        "city": "桑名郡",
        "town": "木曽岬町源緑輪中 第10区画",
        "postal_code": "5110001",
        "pattern_rule": "PATTERN_A_WHOLE",
        "color_code": "#ef4444"
      }
    },
    {
      "type": "Feature",
      "geometry": {
        "type": "Point",
        "coordinates": [
          136.614856,
          35.055128
        ]
      },
      "properties": {
        "area_id": "MIE03-000208",
        "district_id": "MIE-03",
        "prefecture": "三重県",
        "city": "員弁郡",
        "town": "東員町穴太 第10区画",
        "postal_code": "5110001",
        "pattern_rule": "PATTERN_A_WHOLE",
        "color_code": "#ef4444"
      }
    },
    {
      "type": "Feature",
      "geometry": {
        "type": "Point",
        "coordinates": [
          136.583537,
          35.054993
        ]
      },
      "properties": {
        "area_id": "MIE03-000209",
        "district_id": "MIE-03",
        "prefecture": "三重県",
        "city": "員弁郡",
        "town": "東員町笹尾東1丁目 第10区画",
        "postal_code": "5110001",
        "pattern_rule": "PATTERN_A_WHOLE",
        "color_code": "#ef4444"
      }
    },
    {
      "type": "Feature",
      "geometry": {
        "type": "Point",
        "coordinates": [
          136.608755,
          35.035985
        ]
      },
      "properties": {
        "area_id": "MIE03-000210",
        "district_id": "MIE-03",
        "prefecture": "三重県",
        "city": "員弁郡",
        "town": "東員町笹尾東2丁目 第10区画",
        "postal_code": "5110001",
        "pattern_rule": "PATTERN_A_WHOLE",
        "color_code": "#ef4444"
      }
    },
    {
      "type": "Feature",
      "geometry": {
        "type": "Point",
        "coordinates": [
          136.60528,
          35.066421
        ]
      },
      "properties": {
        "area_id": "MIE03-000211",
        "district_id": "MIE-03",
        "prefecture": "三重県",
        "city": "員弁郡",
        "town": "東員町笹尾東3丁目 第10区画",
        "postal_code": "5110001",
        "pattern_rule": "PATTERN_A_WHOLE",
        "color_code": "#ef4444"
      }
    },
    {
      "type": "Feature",
      "geometry": {
        "type": "Point",
        "coordinates": [
          136.58158,
          35.040221
        ]
      },
      "properties": {
        "area_id": "MIE03-000212",
        "district_id": "MIE-03",
        "prefecture": "三重県",
        "city": "三重郡",
        "town": "菰野町大字菰野 第10区画",
        "postal_code": "5110001",
        "pattern_rule": "PATTERN_A_WHOLE",
        "color_code": "#ef4444"
      }
    },
    {
      "type": "Feature",
      "geometry": {
        "type": "Point",
        "coordinates": [
          136.622926,
          35.046631
        ]
      },
      "properties": {
        "area_id": "MIE03-000213",
        "district_id": "MIE-03",
        "prefecture": "三重県",
        "city": "三重郡",
        "town": "朝日町大字柿 第10区画",
        "postal_code": "5110001",
        "pattern_rule": "PATTERN_A_WHOLE",
        "color_code": "#ef4444"
      }
    },
    {
      "type": "Feature",
      "geometry": {
        "type": "Point",
        "coordinates": [
          136.584951,
          35.066343
        ]
      },
      "properties": {
        "area_id": "MIE03-000214",
        "district_id": "MIE-03",
        "prefecture": "三重県",
        "city": "三重郡",
        "town": "川越町大字豊田 第10区画",
        "postal_code": "5110001",
        "pattern_rule": "PATTERN_A_WHOLE",
        "color_code": "#ef4444"
      }
    },
    {
      "type": "Feature",
      "geometry": {
        "type": "Point",
        "coordinates": [
          136.59772,
          35.028283
        ]
      },
      "properties": {
        "area_id": "MIE03-000215",
        "district_id": "MIE-03",
        "prefecture": "三重県",
        "city": "桑名郡",
        "town": "木曽岬町加畑 第11区画",
        "postal_code": "5110001",
        "pattern_rule": "PATTERN_A_WHOLE",
        "color_code": "#ef4444"
      }
    },
    {
      "type": "Feature",
      "geometry": {
        "type": "Point",
        "coordinates": [
          136.620349,
          35.065539
        ]
      },
      "properties": {
        "area_id": "MIE03-000216",
        "district_id": "MIE-03",
        "prefecture": "三重県",
        "city": "桑名郡",
        "town": "木曽岬町源緑輪中 第11区画",
        "postal_code": "5110001",
        "pattern_rule": "PATTERN_A_WHOLE",
        "color_code": "#ef4444"
      }
    },
    {
      "type": "Feature",
      "geometry": {
        "type": "Point",
        "coordinates": [
          136.57096,
          35.05
        ]
      },
      "properties": {
        "area_id": "MIE03-000217",
        "district_id": "MIE-03",
        "prefecture": "三重県",
        "city": "員弁郡",
        "town": "東員町穴太 第11区画",
        "postal_code": "5110001",
        "pattern_rule": "PATTERN_A_WHOLE",
        "color_code": "#ef4444"
      }
    },
    {
      "type": "Feature",
      "geometry": {
        "type": "Point",
        "coordinates": [
          136.622472,
          35.03284
        ]
      },
      "properties": {
        "area_id": "MIE03-000218",
        "district_id": "MIE-03",
        "prefecture": "三重県",
        "city": "員弁郡",
        "town": "東員町笹尾東1丁目 第11区画",
        "postal_code": "5110001",
        "pattern_rule": "PATTERN_A_WHOLE",
        "color_code": "#ef4444"
      }
    },
    {
      "type": "Feature",
      "geometry": {
        "type": "Point",
        "coordinates": [
          136.597218,
          35.076499
        ]
      },
      "properties": {
        "area_id": "MIE03-000219",
        "district_id": "MIE-03",
        "prefecture": "三重県",
        "city": "員弁郡",
        "town": "東員町笹尾東2丁目 第11区画",
        "postal_code": "5110001",
        "pattern_rule": "PATTERN_A_WHOLE",
        "color_code": "#ef4444"
      }
    },
    {
      "type": "Feature",
      "geometry": {
        "type": "Point",
        "coordinates": [
          136.579692,
          35.027945
        ]
      },
      "properties": {
        "area_id": "MIE03-000220",
        "district_id": "MIE-03",
        "prefecture": "三重県",
        "city": "員弁郡",
        "town": "東員町笹尾東3丁目 第11区画",
        "postal_code": "5110001",
        "pattern_rule": "PATTERN_A_WHOLE",
        "color_code": "#ef4444"
      }
    },
    {
      "type": "Feature",
      "geometry": {
        "type": "Point",
        "coordinates": [
          136.634271,
          35.055036
        ]
      },
      "properties": {
        "area_id": "MIE03-000221",
        "district_id": "MIE-03",
        "prefecture": "三重県",
        "city": "三重郡",
        "town": "菰野町大字菰野 第11区画",
        "postal_code": "5110001",
        "pattern_rule": "PATTERN_A_WHOLE",
        "color_code": "#ef4444"
      }
    },
    {
      "type": "Feature",
      "geometry": {
        "type": "Point",
        "coordinates": [
          136.569435,
          35.066226
        ]
      },
      "properties": {
        "area_id": "MIE03-000222",
        "district_id": "MIE-03",
        "prefecture": "三重県",
        "city": "三重郡",
        "town": "朝日町大字柿 第11区画",
        "postal_code": "5110001",
        "pattern_rule": "PATTERN_A_WHOLE",
        "color_code": "#ef4444"
      }
    },
    {
      "type": "Feature",
      "geometry": {
        "type": "Point",
        "coordinates": [
          136.609752,
          35.01967
        ]
      },
      "properties": {
        "area_id": "MIE03-000223",
        "district_id": "MIE-03",
        "prefecture": "三重県",
        "city": "三重郡",
        "town": "川越町大字豊田 第11区画",
        "postal_code": "5110001",
        "pattern_rule": "PATTERN_A_WHOLE",
        "color_code": "#ef4444"
      }
    },
    {
      "type": "Feature",
      "geometry": {
        "type": "Point",
        "coordinates": [
          136.618064,
          35.078917
        ]
      },
      "properties": {
        "area_id": "MIE03-000224",
        "district_id": "MIE-03",
        "prefecture": "三重県",
        "city": "桑名郡",
        "town": "木曽岬町加畑 第12区画",
        "postal_code": "5110001",
        "pattern_rule": "PATTERN_A_WHOLE",
        "color_code": "#ef4444"
      }
    },
    {
      "type": "Feature",
      "geometry": {
        "type": "Point",
        "coordinates": [
          136.561886,
          35.03844
        ]
      },
      "properties": {
        "area_id": "MIE03-000225",
        "district_id": "MIE-03",
        "prefecture": "三重県",
        "city": "桑名郡",
        "town": "木曽岬町源緑輪中 第12区画",
        "postal_code": "5110001",
        "pattern_rule": "PATTERN_A_WHOLE",
        "color_code": "#ef4444"
      }
    },
    {
      "type": "Feature",
      "geometry": {
        "type": "Point",
        "coordinates": [
          136.605543,
          35.048087
        ]
      },
      "properties": {
        "area_id": "MIE03-000226",
        "district_id": "MIE-03",
        "prefecture": "三重県",
        "city": "員弁郡",
        "town": "東員町穴太 第12区画",
        "postal_code": "5110001",
        "pattern_rule": "PATTERN_A_WHOLE",
        "color_code": "#ef4444"
      }
    },
    {
      "type": "Feature",
      "geometry": {
        "type": "Point",
        "coordinates": [
          136.596856,
          35.055619
        ]
      },
      "properties": {
        "area_id": "MIE03-000227",
        "district_id": "MIE-03",
        "prefecture": "三重県",
        "city": "員弁郡",
        "town": "東員町笹尾東1丁目 第12区画",
        "postal_code": "5110001",
        "pattern_rule": "PATTERN_A_WHOLE",
        "color_code": "#ef4444"
      }
    },
    {
      "type": "Feature",
      "geometry": {
        "type": "Point",
        "coordinates": [
          136.59733,
          35.042942
        ]
      },
      "properties": {
        "area_id": "MIE03-000228",
        "district_id": "MIE-03",
        "prefecture": "三重県",
        "city": "員弁郡",
        "town": "東員町笹尾東2丁目 第12区画",
        "postal_code": "5110001",
        "pattern_rule": "PATTERN_A_WHOLE",
        "color_code": "#ef4444"
      }
    },
    {
      "type": "Feature",
      "geometry": {
        "type": "Point",
        "coordinates": [
          136.608937,
          35.0543
        ]
      },
      "properties": {
        "area_id": "MIE03-000229",
        "district_id": "MIE-03",
        "prefecture": "三重県",
        "city": "員弁郡",
        "town": "東員町笹尾東3丁目 第12区画",
        "postal_code": "5110001",
        "pattern_rule": "PATTERN_A_WHOLE",
        "color_code": "#ef4444"
      }
    },
    {
      "type": "Feature",
      "geometry": {
        "type": "Point",
        "coordinates": [
          136.588519,
          35.052121
        ]
      },
      "properties": {
        "area_id": "MIE03-000230",
        "district_id": "MIE-03",
        "prefecture": "三重県",
        "city": "三重郡",
        "town": "菰野町大字菰野 第12区画",
        "postal_code": "5110001",
        "pattern_rule": "PATTERN_A_WHOLE",
        "color_code": "#ef4444"
      }
    },
    {
      "type": "Feature",
      "geometry": {
        "type": "Point",
        "coordinates": [
          136.607571,
          35.040989
        ]
      },
      "properties": {
        "area_id": "MIE03-000231",
        "district_id": "MIE-03",
        "prefecture": "三重県",
        "city": "三重郡",
        "town": "朝日町大字柿 第12区画",
        "postal_code": "5110001",
        "pattern_rule": "PATTERN_A_WHOLE",
        "color_code": "#ef4444"
      }
    },
    {
      "type": "Feature",
      "geometry": {
        "type": "Point",
        "coordinates": [
          136.601911,
          35.062096
        ]
      },
      "properties": {
        "area_id": "MIE03-000232",
        "district_id": "MIE-03",
        "prefecture": "三重県",
        "city": "三重郡",
        "town": "川越町大字豊田 第12区画",
        "postal_code": "5110001",
        "pattern_rule": "PATTERN_A_WHOLE",
        "color_code": "#ef4444"
      }
    },
    {
      "type": "Feature",
      "geometry": {
        "type": "Point",
        "coordinates": [
          136.587682,
          35.041387
        ]
      },
      "properties": {
        "area_id": "MIE03-000233",
        "district_id": "MIE-03",
        "prefecture": "三重県",
        "city": "桑名郡",
        "town": "木曽岬町加畑 第13区画",
        "postal_code": "5110001",
        "pattern_rule": "PATTERN_A_WHOLE",
        "color_code": "#ef4444"
      }
    },
    {
      "type": "Feature",
      "geometry": {
        "type": "Point",
        "coordinates": [
          136.617503,
          35.049363
        ]
      },
      "properties": {
        "area_id": "MIE03-000234",
        "district_id": "MIE-03",
        "prefecture": "三重県",
        "city": "桑名郡",
        "town": "木曽岬町源緑輪中 第13区画",
        "postal_code": "5110001",
        "pattern_rule": "PATTERN_A_WHOLE",
        "color_code": "#ef4444"
      }
    },
    {
      "type": "Feature",
      "geometry": {
        "type": "Point",
        "coordinates": [
          136.586593,
          35.061172
        ]
      },
      "properties": {
        "area_id": "MIE03-000235",
        "district_id": "MIE-03",
        "prefecture": "三重県",
        "city": "員弁郡",
        "town": "東員町穴太 第13区画",
        "postal_code": "5110001",
        "pattern_rule": "PATTERN_A_WHOLE",
        "color_code": "#ef4444"
      }
    },
    {
      "type": "Feature",
      "geometry": {
        "type": "Point",
        "coordinates": [
          136.60089,
          35.033016
        ]
      },
      "properties": {
        "area_id": "MIE03-000236",
        "district_id": "MIE-03",
        "prefecture": "三重県",
        "city": "員弁郡",
        "town": "東員町笹尾東1丁目 第13区画",
        "postal_code": "5110001",
        "pattern_rule": "PATTERN_A_WHOLE",
        "color_code": "#ef4444"
      }
    },
    {
      "type": "Feature",
      "geometry": {
        "type": "Point",
        "coordinates": [
          136.614038,
          35.063942
        ]
      },
      "properties": {
        "area_id": "MIE03-000237",
        "district_id": "MIE-03",
        "prefecture": "三重県",
        "city": "員弁郡",
        "town": "東員町笹尾東2丁目 第13区画",
        "postal_code": "5110001",
        "pattern_rule": "PATTERN_A_WHOLE",
        "color_code": "#ef4444"
      }
    },
    {
      "type": "Feature",
      "geometry": {
        "type": "Point",
        "coordinates": [
          136.576919,
          35.047468
        ]
      },
      "properties": {
        "area_id": "MIE03-000238",
        "district_id": "MIE-03",
        "prefecture": "三重県",
        "city": "員弁郡",
        "town": "東員町笹尾東3丁目 第13区画",
        "postal_code": "5110001",
        "pattern_rule": "PATTERN_A_WHOLE",
        "color_code": "#ef4444"
      }
    },
    {
      "type": "Feature",
      "geometry": {
        "type": "Point",
        "coordinates": [
          136.620249,
          35.038184
        ]
      },
      "properties": {
        "area_id": "MIE03-000239",
        "district_id": "MIE-03",
        "prefecture": "三重県",
        "city": "三重郡",
        "town": "菰野町大字菰野 第13区画",
        "postal_code": "5110001",
        "pattern_rule": "PATTERN_A_WHOLE",
        "color_code": "#ef4444"
      }
    },
    {
      "type": "Feature",
      "geometry": {
        "type": "Point",
        "coordinates": [
          136.594338,
          35.071283
        ]
      },
      "properties": {
        "area_id": "MIE03-000240",
        "district_id": "MIE-03",
        "prefecture": "三重県",
        "city": "三重郡",
        "town": "朝日町大字柿 第13区画",
        "postal_code": "5110001",
        "pattern_rule": "PATTERN_A_WHOLE",
        "color_code": "#ef4444"
      }
    },
    {
      "type": "Feature",
      "geometry": {
        "type": "Point",
        "coordinates": [
          136.5862,
          35.030081
        ]
      },
      "properties": {
        "area_id": "MIE03-000241",
        "district_id": "MIE-03",
        "prefecture": "三重県",
        "city": "三重郡",
        "town": "川越町大字豊田 第13区画",
        "postal_code": "5110001",
        "pattern_rule": "PATTERN_A_WHOLE",
        "color_code": "#ef4444"
      }
    },
    {
      "type": "Feature",
      "geometry": {
        "type": "Point",
        "coordinates": [
          136.627696,
          35.057277
        ]
      },
      "properties": {
        "area_id": "MIE03-000242",
        "district_id": "MIE-03",
        "prefecture": "三重県",
        "city": "桑名郡",
        "town": "木曽岬町加畑 第14区画",
        "postal_code": "5110001",
        "pattern_rule": "PATTERN_A_WHOLE",
        "color_code": "#ef4444"
      }
    },
    {
      "type": "Feature",
      "geometry": {
        "type": "Point",
        "coordinates": [
          136.572376,
          35.060735
        ]
      },
      "properties": {
        "area_id": "MIE03-000243",
        "district_id": "MIE-03",
        "prefecture": "三重県",
        "city": "桑名郡",
        "town": "木曽岬町源緑輪中 第14区画",
        "postal_code": "5110001",
        "pattern_rule": "PATTERN_A_WHOLE",
        "color_code": "#ef4444"
      }
    },
    {
      "type": "Feature",
      "geometry": {
        "type": "Point",
        "coordinates": [
          136.612215,
          35.025425
        ]
      },
      "properties": {
        "area_id": "MIE03-000244",
        "district_id": "MIE-03",
        "prefecture": "三重県",
        "city": "員弁郡",
        "town": "東員町穴太 第14区画",
        "postal_code": "5110001",
        "pattern_rule": "PATTERN_A_WHOLE",
        "color_code": "#ef4444"
      }
    },
    {
      "type": "Feature",
      "geometry": {
        "type": "Point",
        "coordinates": [
          136.61141,
          35.076123
        ]
      },
      "properties": {
        "area_id": "MIE03-000245",
        "district_id": "MIE-03",
        "prefecture": "三重県",
        "city": "員弁郡",
        "town": "東員町笹尾東1丁目 第14区画",
        "postal_code": "5110001",
        "pattern_rule": "PATTERN_A_WHOLE",
        "color_code": "#ef4444"
      }
    },
    {
      "type": "Feature",
      "geometry": {
        "type": "Point",
        "coordinates": [
          136.569132,
          35.036609
        ]
      },
      "properties": {
        "area_id": "MIE03-000246",
        "district_id": "MIE-03",
        "prefecture": "三重県",
        "city": "員弁郡",
        "town": "東員町笹尾東2丁目 第14区画",
        "postal_code": "5110001",
        "pattern_rule": "PATTERN_A_WHOLE",
        "color_code": "#ef4444"
      }
    },
    {
      "type": "Feature",
      "geometry": {
        "type": "Point",
        "coordinates": [
          136.635005,
          35.042184
        ]
      },
      "properties": {
        "area_id": "MIE03-000247",
        "district_id": "MIE-03",
        "prefecture": "三重県",
        "city": "員弁郡",
        "town": "東員町笹尾東3丁目 第14区画",
        "postal_code": "5110001",
        "pattern_rule": "PATTERN_A_WHOLE",
        "color_code": "#ef4444"
      }
    },
    {
      "type": "Feature",
      "geometry": {
        "type": "Point",
        "coordinates": [
          136.579755,
          35.076482
        ]
      },
      "properties": {
        "area_id": "MIE03-000248",
        "district_id": "MIE-03",
        "prefecture": "三重県",
        "city": "三重郡",
        "town": "菰野町大字菰野 第14区画",
        "postal_code": "5110001",
        "pattern_rule": "PATTERN_A_WHOLE",
        "color_code": "#ef4444"
      }
    },
    {
      "type": "Feature",
      "geometry": {
        "type": "Point",
        "coordinates": [
          136.593207,
          35.017895
        ]
      },
      "properties": {
        "area_id": "MIE03-000249",
        "district_id": "MIE-03",
        "prefecture": "三重県",
        "city": "三重郡",
        "town": "朝日町大字柿 第14区画",
        "postal_code": "5110001",
        "pattern_rule": "PATTERN_A_WHOLE",
        "color_code": "#ef4444"
      }
    },
    {
      "type": "Feature",
      "geometry": {
        "type": "Point",
        "coordinates": [
          136.632178,
          35.070576
        ]
      },
      "properties": {
        "area_id": "MIE03-000250",
        "district_id": "MIE-03",
        "prefecture": "三重県",
        "city": "三重郡",
        "town": "川越町大字豊田 第14区画",
        "postal_code": "5110001",
        "pattern_rule": "PATTERN_A_WHOLE",
        "color_code": "#ef4444"
      }
    },
    {
      "type": "Feature",
      "geometry": {
        "type": "Point",
        "coordinates": [
          136.594023,
          35.050436
        ]
      },
      "properties": {
        "area_id": "MIE03-000251",
        "district_id": "MIE-03",
        "prefecture": "三重県",
        "city": "桑名郡",
        "town": "木曽岬町加畑 第15区画",
        "postal_code": "5110001",
        "pattern_rule": "PATTERN_A_WHOLE",
        "color_code": "#ef4444"
      }
    },
    {
      "type": "Feature",
      "geometry": {
        "type": "Point",
        "coordinates": [
          136.605026,
          35.045429
        ]
      },
      "properties": {
        "area_id": "MIE03-000252",
        "district_id": "MIE-03",
        "prefecture": "三重県",
        "city": "桑名郡",
        "town": "木曽岬町源緑輪中 第15区画",
        "postal_code": "5110001",
        "pattern_rule": "PATTERN_A_WHOLE",
        "color_code": "#ef4444"
      }
    },
    {
      "type": "Feature",
      "geometry": {
        "type": "Point",
        "coordinates": [
          136.6,
          35.0574
        ]
      },
      "properties": {
        "area_id": "MIE03-000253",
        "district_id": "MIE-03",
        "prefecture": "三重県",
        "city": "員弁郡",
        "town": "東員町穴太 第15区画",
        "postal_code": "5110001",
        "pattern_rule": "PATTERN_A_WHOLE",
        "color_code": "#ef4444"
      }
    },
    {
      "type": "Feature",
      "geometry": {
        "type": "Point",
        "coordinates": [
          136.593028,
          35.043659
        ]
      },
      "properties": {
        "area_id": "MIE03-000254",
        "district_id": "MIE-03",
        "prefecture": "三重県",
        "city": "員弁郡",
        "town": "東員町笹尾東1丁目 第15区画",
        "postal_code": "5110001",
        "pattern_rule": "PATTERN_A_WHOLE",
        "color_code": "#ef4444"
      }
    },
    {
      "type": "Feature",
      "geometry": {
        "type": "Point",
        "coordinates": [
          136.611715,
          35.050854
        ]
      },
      "properties": {
        "area_id": "MIE03-000255",
        "district_id": "MIE-03",
        "prefecture": "三重県",
        "city": "員弁郡",
        "town": "東員町笹尾東2丁目 第15区画",
        "postal_code": "5110001",
        "pattern_rule": "PATTERN_A_WHOLE",
        "color_code": "#ef4444"
      }
    },
    {
      "type": "Feature",
      "geometry": {
        "type": "Point",
        "coordinates": [
          136.589528,
          35.056696
        ]
      },
      "properties": {
        "area_id": "MIE03-000256",
        "district_id": "MIE-03",
        "prefecture": "三重県",
        "city": "員弁郡",
        "town": "東員町笹尾東3丁目 第15区画",
        "postal_code": "5110001",
        "pattern_rule": "PATTERN_A_WHOLE",
        "color_code": "#ef4444"
      }
    },
    {
      "type": "Feature",
      "geometry": {
        "type": "Point",
        "coordinates": [
          136.602542,
          35.037985
        ]
      },
      "properties": {
        "area_id": "MIE03-000257",
        "district_id": "MIE-03",
        "prefecture": "三重県",
        "city": "三重郡",
        "town": "菰野町大字菰野 第15区画",
        "postal_code": "5110001",
        "pattern_rule": "PATTERN_A_WHOLE",
        "color_code": "#ef4444"
      }
    },
    {
      "type": "Feature",
      "geometry": {
        "type": "Point",
        "coordinates": [
          136.60864,
          35.061301
        ]
      },
      "properties": {
        "area_id": "MIE03-000258",
        "district_id": "MIE-03",
        "prefecture": "三重県",
        "city": "三重郡",
        "town": "朝日町大字柿 第15区画",
        "postal_code": "5110001",
        "pattern_rule": "PATTERN_A_WHOLE",
        "color_code": "#ef4444"
      }
    },
    {
      "type": "Feature",
      "geometry": {
        "type": "Point",
        "coordinates": [
          136.583077,
          35.046221
        ]
      },
      "properties": {
        "area_id": "MIE03-000259",
        "district_id": "MIE-03",
        "prefecture": "三重県",
        "city": "三重郡",
        "town": "川越町大字豊田 第15区画",
        "postal_code": "5110001",
        "pattern_rule": "PATTERN_A_WHOLE",
        "color_code": "#ef4444"
      }
    },
    {
      "type": "Feature",
      "geometry": {
        "type": "Point",
        "coordinates": [
          136.616818,
          35.042704
        ]
      },
      "properties": {
        "area_id": "MIE03-000260",
        "district_id": "MIE-03",
        "prefecture": "三重県",
        "city": "桑名郡",
        "town": "木曽岬町加畑 第16区画",
        "postal_code": "5110001",
        "pattern_rule": "PATTERN_A_WHOLE",
        "color_code": "#ef4444"
      }
    },
    {
      "type": "Feature",
      "geometry": {
        "type": "Point",
        "coordinates": [
          136.593023,
          35.065975
        ]
      },
      "properties": {
        "area_id": "MIE03-000261",
        "district_id": "MIE-03",
        "prefecture": "三重県",
        "city": "桑名郡",
        "town": "木曽岬町源緑輪中 第16区画",
        "postal_code": "5110001",
        "pattern_rule": "PATTERN_A_WHOLE",
        "color_code": "#ef4444"
      }
    },
    {
      "type": "Feature",
      "geometry": {
        "type": "Point",
        "coordinates": [
          136.591642,
          35.033185
        ]
      },
      "properties": {
        "area_id": "MIE03-000262",
        "district_id": "MIE-03",
        "prefecture": "三重県",
        "city": "員弁郡",
        "town": "東員町穴太 第16区画",
        "postal_code": "5110001",
        "pattern_rule": "PATTERN_A_WHOLE",
        "color_code": "#ef4444"
      }
    },
    {
      "type": "Feature",
      "geometry": {
        "type": "Point",
        "coordinates": [
          136.621099,
          35.058199
        ]
      },
      "properties": {
        "area_id": "MIE03-000263",
        "district_id": "MIE-03",
        "prefecture": "三重県",
        "city": "員弁郡",
        "town": "東員町笹尾東1丁目 第16区画",
        "postal_code": "5110001",
        "pattern_rule": "PATTERN_A_WHOLE",
        "color_code": "#ef4444"
      }
    },
    {
      "type": "Feature",
      "geometry": {
        "type": "Point",
        "coordinates": [
          136.576424,
          35.056195
        ]
      },
      "properties": {
        "area_id": "MIE03-000264",
        "district_id": "MIE-03",
        "prefecture": "三重県",
        "city": "員弁郡",
        "town": "東員町笹尾東2丁目 第16区画",
        "postal_code": "5110001",
        "pattern_rule": "PATTERN_A_WHOLE",
        "color_code": "#ef4444"
      }
    },
    {
      "type": "Feature",
      "geometry": {
        "type": "Point",
        "coordinates": [
          136.61308,
          35.031121
        ]
      },
      "properties": {
        "area_id": "MIE03-000265",
        "district_id": "MIE-03",
        "prefecture": "三重県",
        "city": "員弁郡",
        "town": "東員町笹尾東3丁目 第16区画",
        "postal_code": "5110001",
        "pattern_rule": "PATTERN_A_WHOLE",
        "color_code": "#ef4444"
      }
    },
    {
      "type": "Feature",
      "geometry": {
        "type": "Point",
        "coordinates": [
          136.605974,
          35.072455
        ]
      },
      "properties": {
        "area_id": "MIE03-000266",
        "district_id": "MIE-03",
        "prefecture": "三重県",
        "city": "三重郡",
        "town": "菰野町大字菰野 第16区画",
        "postal_code": "5110001",
        "pattern_rule": "PATTERN_A_WHOLE",
        "color_code": "#ef4444"
      }
    },
    {
      "type": "Feature",
      "geometry": {
        "type": "Point",
        "coordinates": [
          136.576212,
          35.036119
        ]
      },
      "properties": {
        "area_id": "MIE03-000267",
        "district_id": "MIE-03",
        "prefecture": "三重県",
        "city": "三重郡",
        "town": "朝日町大字柿 第16区画",
        "postal_code": "5110001",
        "pattern_rule": "PATTERN_A_WHOLE",
        "color_code": "#ef4444"
      }
    },
    {
      "type": "Feature",
      "geometry": {
        "type": "Point",
        "coordinates": [
          136.630219,
          35.046685
        ]
      },
      "properties": {
        "area_id": "MIE03-000268",
        "district_id": "MIE-03",
        "prefecture": "三重県",
        "city": "三重郡",
        "town": "川越町大字豊田 第16区画",
        "postal_code": "5110001",
        "pattern_rule": "PATTERN_A_WHOLE",
        "color_code": "#ef4444"
      }
    },
    {
      "type": "Feature",
      "geometry": {
        "type": "Point",
        "coordinates": [
          136.579482,
          35.070377
        ]
      },
      "properties": {
        "area_id": "MIE03-000269",
        "district_id": "MIE-03",
        "prefecture": "三重県",
        "city": "桑名郡",
        "town": "木曽岬町加畑 第17区画",
        "postal_code": "5110001",
        "pattern_rule": "PATTERN_A_WHOLE",
        "color_code": "#ef4444"
      }
    },
    {
      "type": "Feature",
      "geometry": {
        "type": "Point",
        "coordinates": [
          136.598545,
          35.022226
        ]
      },
      "properties": {
        "area_id": "MIE03-000270",
        "district_id": "MIE-03",
        "prefecture": "三重県",
        "city": "桑名郡",
        "town": "木曽岬町源緑輪中 第17区画",
        "postal_code": "5110001",
        "pattern_rule": "PATTERN_A_WHOLE",
        "color_code": "#ef4444"
      }
    },
    {
      "type": "Feature",
      "geometry": {
        "type": "Point",
        "coordinates": [
          136.624607,
          35.070506
        ]
      },
      "properties": {
        "area_id": "MIE03-000271",
        "district_id": "MIE-03",
        "prefecture": "三重県",
        "city": "員弁郡",
        "town": "東員町穴太 第17区画",
        "postal_code": "5110001",
        "pattern_rule": "PATTERN_A_WHOLE",
        "color_code": "#ef4444"
      }
    },
    {
      "type": "Feature",
      "geometry": {
        "type": "Point",
        "coordinates": [
          136.563794,
          35.048683
        ]
      },
      "properties": {
        "area_id": "MIE03-000272",
        "district_id": "MIE-03",
        "prefecture": "三重県",
        "city": "員弁郡",
        "town": "東員町笹尾東1丁目 第17区画",
        "postal_code": "5110001",
        "pattern_rule": "PATTERN_A_WHOLE",
        "color_code": "#ef4444"
      }
    },
    {
      "type": "Feature",
      "geometry": {
        "type": "Point",
        "coordinates": [
          136.628865,
          35.029816
        ]
      },
      "properties": {
        "area_id": "MIE03-000273",
        "district_id": "MIE-03",
        "prefecture": "三重県",
        "city": "員弁郡",
        "town": "東員町笹尾東2丁目 第17区画",
        "postal_code": "5110001",
        "pattern_rule": "PATTERN_A_WHOLE",
        "color_code": "#ef4444"
      }
    },
    {
      "type": "Feature",
      "geometry": {
        "type": "Point",
        "coordinates": [
          136.594894,
          35.082321
        ]
      },
      "properties": {
        "area_id": "MIE03-000274",
        "district_id": "MIE-03",
        "prefecture": "三重県",
        "city": "員弁郡",
        "town": "東員町笹尾東3丁目 第17区画",
        "postal_code": "5110001",
        "pattern_rule": "PATTERN_A_WHOLE",
        "color_code": "#ef4444"
      }
    },
    {
      "type": "Feature",
      "geometry": {
        "type": "Point",
        "coordinates": [
          136.576736,
          35.022313
        ]
      },
      "properties": {
        "area_id": "MIE03-000275",
        "district_id": "MIE-03",
        "prefecture": "三重県",
        "city": "三重郡",
        "town": "菰野町大字菰野 第17区画",
        "postal_code": "5110001",
        "pattern_rule": "PATTERN_A_WHOLE",
        "color_code": "#ef4444"
      }
    },
    {
      "type": "Feature",
      "geometry": {
        "type": "Point",
        "coordinates": [
          136.605858,
          35.051082
        ]
      },
      "properties": {
        "area_id": "MIE03-000276",
        "district_id": "MIE-03",
        "prefecture": "三重県",
        "city": "三重郡",
        "town": "朝日町大字柿 第17区画",
        "postal_code": "5110001",
        "pattern_rule": "PATTERN_A_WHOLE",
        "color_code": "#ef4444"
      }
    },
    {
      "type": "Feature",
      "geometry": {
        "type": "Point",
        "coordinates": [
          136.593557,
          35.0531
        ]
      },
      "properties": {
        "area_id": "MIE03-000277",
        "district_id": "MIE-03",
        "prefecture": "三重県",
        "city": "三重郡",
        "town": "川越町大字豊田 第17区画",
        "postal_code": "5110001",
        "pattern_rule": "PATTERN_A_WHOLE",
        "color_code": "#ef4444"
      }
    },
    {
      "type": "Feature",
      "geometry": {
        "type": "Point",
        "coordinates": [
          136.60267,
          35.042942
        ]
      },
      "properties": {
        "area_id": "MIE03-000278",
        "district_id": "MIE-03",
        "prefecture": "三重県",
        "city": "桑名郡",
        "town": "木曽岬町加畑 第18区画",
        "postal_code": "5110001",
        "pattern_rule": "PATTERN_A_WHOLE",
        "color_code": "#ef4444"
      }
    },
    {
      "type": "Feature",
      "geometry": {
        "type": "Point",
        "coordinates": [
          136.604361,
          35.057794
        ]
      },
      "properties": {
        "area_id": "MIE03-000279",
        "district_id": "MIE-03",
        "prefecture": "三重県",
        "city": "桑名郡",
        "town": "木曽岬町源緑輪中 第18区画",
        "postal_code": "5110001",
        "pattern_rule": "PATTERN_A_WHOLE",
        "color_code": "#ef4444"
      }
    },
    {
      "type": "Feature",
      "geometry": {
        "type": "Point",
        "coordinates": [
          136.589135,
          35.04625
        ]
      },
      "properties": {
        "area_id": "MIE03-000280",
        "district_id": "MIE-03",
        "prefecture": "三重県",
        "city": "員弁郡",
        "town": "東員町穴太 第18区画",
        "postal_code": "5110001",
        "pattern_rule": "PATTERN_A_WHOLE",
        "color_code": "#ef4444"
      }
    },
    {
      "type": "Feature",
      "geometry": {
        "type": "Point",
        "coordinates": [
          136.612404,
          35.046238
        ]
      },
      "properties": {
        "area_id": "MIE03-000281",
        "district_id": "MIE-03",
        "prefecture": "三重県",
        "city": "員弁郡",
        "town": "東員町笹尾東1丁目 第18区画",
        "postal_code": "5110001",
        "pattern_rule": "PATTERN_A_WHOLE",
        "color_code": "#ef4444"
      }
    },
    {
      "type": "Feature",
      "geometry": {
        "type": "Point",
        "coordinates": [
          136.59324,
          35.060822
        ]
      },
      "properties": {
        "area_id": "MIE03-000282",
        "district_id": "MIE-03",
        "prefecture": "三重県",
        "city": "員弁郡",
        "town": "東員町笹尾東2丁目 第18区画",
        "postal_code": "5110001",
        "pattern_rule": "PATTERN_A_WHOLE",
        "color_code": "#ef4444"
      }
    },
    {
      "type": "Feature",
      "geometry": {
        "type": "Point",
        "coordinates": [
          136.595838,
          35.037057
        ]
      },
      "properties": {
        "area_id": "MIE03-000283",
        "district_id": "MIE-03",
        "prefecture": "三重県",
        "city": "員弁郡",
        "town": "東員町笹尾東3丁目 第18区画",
        "postal_code": "5110001",
        "pattern_rule": "PATTERN_A_WHOLE",
        "color_code": "#ef4444"
      }
    },
    {
      "type": "Feature",
      "geometry": {
        "type": "Point",
        "coordinates": [
          136.614776,
          35.057845
        ]
      },
      "properties": {
        "area_id": "MIE03-000284",
        "district_id": "MIE-03",
        "prefecture": "三重県",
        "city": "三重郡",
        "town": "菰野町大字菰野 第18区画",
        "postal_code": "5110001",
        "pattern_rule": "PATTERN_A_WHOLE",
        "color_code": "#ef4444"
      }
    },
    {
      "type": "Feature",
      "geometry": {
        "type": "Point",
        "coordinates": [
          136.581328,
          35.052744
        ]
      },
      "properties": {
        "area_id": "MIE03-000285",
        "district_id": "MIE-03",
        "prefecture": "三重県",
        "city": "三重郡",
        "town": "朝日町大字柿 第18区画",
        "postal_code": "5110001",
        "pattern_rule": "PATTERN_A_WHOLE",
        "color_code": "#ef4444"
      }
    },
    {
      "type": "Feature",
      "geometry": {
        "type": "Point",
        "coordinates": [
          136.612419,
          35.036513
        ]
      },
      "properties": {
        "area_id": "MIE03-000286",
        "district_id": "MIE-03",
        "prefecture": "三重県",
        "city": "三重郡",
        "town": "川越町大字豊田 第18区画",
        "postal_code": "5110001",
        "pattern_rule": "PATTERN_A_WHOLE",
        "color_code": "#ef4444"
      }
    },
    {
      "type": "Feature",
      "geometry": {
        "type": "Point",
        "coordinates": [
          136.601903,
          35.068131
        ]
      },
      "properties": {
        "area_id": "MIE03-000287",
        "district_id": "MIE-03",
        "prefecture": "三重県",
        "city": "桑名郡",
        "town": "木曽岬町加畑 第19区画",
        "postal_code": "5110001",
        "pattern_rule": "PATTERN_A_WHOLE",
        "color_code": "#ef4444"
      }
    },
    {
      "type": "Feature",
      "geometry": {
        "type": "Point",
        "coordinates": [
          136.582836,
          35.036894
        ]
      },
      "properties": {
        "area_id": "MIE03-000288",
        "district_id": "MIE-03",
        "prefecture": "三重県",
        "city": "桑名郡",
        "town": "木曽岬町源緑輪中 第19区画",
        "postal_code": "5110001",
        "pattern_rule": "PATTERN_A_WHOLE",
        "color_code": "#ef4444"
      }
    },
    {
      "type": "Feature",
      "geometry": {
        "type": "Point",
        "coordinates": [
          136.62472,
          35.05
        ]
      },
      "properties": {
        "area_id": "MIE03-000289",
        "district_id": "MIE-03",
        "prefecture": "三重県",
        "city": "員弁郡",
        "town": "東員町穴太 第19区画",
        "postal_code": "5110001",
        "pattern_rule": "PATTERN_A_WHOLE",
        "color_code": "#ef4444"
      }
    },
    {
      "type": "Feature",
      "geometry": {
        "type": "Point",
        "coordinates": [
          136.580713,
          35.064728
        ]
      },
      "properties": {
        "area_id": "MIE03-000290",
        "district_id": "MIE-03",
        "prefecture": "三重県",
        "city": "員弁郡",
        "town": "東員町笹尾東1丁目 第19区画",
        "postal_code": "5110001",
        "pattern_rule": "PATTERN_A_WHOLE",
        "color_code": "#ef4444"
      }
    },
    {
      "type": "Feature",
      "geometry": {
        "type": "Point",
        "coordinates": [
          136.602405,
          35.027088
        ]
      },
      "properties": {
        "area_id": "MIE03-000291",
        "district_id": "MIE-03",
        "prefecture": "三重県",
        "city": "員弁郡",
        "town": "東員町笹尾東2丁目 第19区画",
        "postal_code": "5110001",
        "pattern_rule": "PATTERN_A_WHOLE",
        "color_code": "#ef4444"
      }
    },
    {
      "type": "Feature",
      "geometry": {
        "type": "Point",
        "coordinates": [
          136.617678,
          35.069199
        ]
      },
      "properties": {
        "area_id": "MIE03-000292",
        "district_id": "MIE-03",
        "prefecture": "三重県",
        "city": "員弁郡",
        "town": "東員町笹尾東3丁目 第19区画",
        "postal_code": "5110001",
        "pattern_rule": "PATTERN_A_WHOLE",
        "color_code": "#ef4444"
      }
    },
    {
      "type": "Feature",
      "geometry": {
        "type": "Point",
        "coordinates": [
          136.569983,
          35.045589
        ]
      },
      "properties": {
        "area_id": "MIE03-000293",
        "district_id": "MIE-03",
        "prefecture": "三重県",
        "city": "三重郡",
        "town": "菰野町大字菰野 第19区画",
        "postal_code": "5110001",
        "pattern_rule": "PATTERN_A_WHOLE",
        "color_code": "#ef4444"
      }
    },
    {
      "type": "Feature",
      "geometry": {
        "type": "Point",
        "coordinates": [
          136.626921,
          35.035708
        ]
      },
      "properties": {
        "area_id": "MIE03-000294",
        "district_id": "MIE-03",
        "prefecture": "三重県",
        "city": "三重郡",
        "town": "朝日町大字柿 第19区画",
        "postal_code": "5110001",
        "pattern_rule": "PATTERN_A_WHOLE",
        "color_code": "#ef4444"
      }
    },
    {
      "type": "Feature",
      "geometry": {
        "type": "Point",
        "coordinates": [
          136.591366,
          35.076853
        ]
      },
      "properties": {
        "area_id": "MIE03-000295",
        "district_id": "MIE-03",
        "prefecture": "三重県",
        "city": "三重郡",
        "town": "川越町大字豊田 第19区画",
        "postal_code": "5110001",
        "pattern_rule": "PATTERN_A_WHOLE",
        "color_code": "#ef4444"
      }
    },
    {
      "type": "Feature",
      "geometry": {
        "type": "Point",
        "coordinates": [
          136.583931,
          35.024277
        ]
      },
      "properties": {
        "area_id": "MIE03-000296",
        "district_id": "MIE-03",
        "prefecture": "三重県",
        "city": "桑名郡",
        "town": "木曽岬町加畑 第20区画",
        "postal_code": "5110001",
        "pattern_rule": "PATTERN_A_WHOLE",
        "color_code": "#ef4444"
      }
    },
    {
      "type": "Feature",
      "geometry": {
        "type": "Point",
        "coordinates": [
          136.634054,
          35.060329
        ]
      },
      "properties": {
        "area_id": "MIE03-000297",
        "district_id": "MIE-03",
        "prefecture": "三重県",
        "city": "桑名郡",
        "town": "木曽岬町源緑輪中 第20区画",
        "postal_code": "5110001",
        "pattern_rule": "PATTERN_A_WHOLE",
        "color_code": "#ef4444"
      }
    },
    {
      "type": "Feature",
      "geometry": {
        "type": "Point",
        "coordinates": [
          136.565188,
          35.062016
        ]
      },
      "properties": {
        "area_id": "MIE03-000298",
        "district_id": "MIE-03",
        "prefecture": "三重県",
        "city": "員弁郡",
        "town": "東員町穴太 第20区画",
        "postal_code": "5110001",
        "pattern_rule": "PATTERN_A_WHOLE",
        "color_code": "#ef4444"
      }
    },
    {
      "type": "Feature",
      "geometry": {
        "type": "Point",
        "coordinates": [
          136.616533,
          35.020454
        ]
      },
      "properties": {
        "area_id": "MIE03-000299",
        "district_id": "MIE-03",
        "prefecture": "三重県",
        "city": "員弁郡",
        "town": "東員町笹尾東1丁目 第20区画",
        "postal_code": "5110001",
        "pattern_rule": "PATTERN_A_WHOLE",
        "color_code": "#ef4444"
      }
    },
    {
      "type": "Feature",
      "geometry": {
        "type": "Point",
        "coordinates": [
          136.612197,
          35.082236
        ]
      },
      "properties": {
        "area_id": "MIE03-000300",
        "district_id": "MIE-03",
        "prefecture": "三重県",
        "city": "員弁郡",
        "town": "東員町笹尾東2丁目 第20区画",
        "postal_code": "5110001",
        "pattern_rule": "PATTERN_A_WHOLE",
        "color_code": "#ef4444"
      }
    },
    {
      "type": "Feature",
      "geometry": {
        "type": "Point",
        "coordinates": [
          136.594804,
          35.0475
        ]
      },
      "properties": {
        "area_id": "MIE03-000301",
        "district_id": "MIE-03",
        "prefecture": "三重県",
        "city": "員弁郡",
        "town": "東員町笹尾東3丁目 第20区画",
        "postal_code": "5110001",
        "pattern_rule": "PATTERN_A_WHOLE",
        "color_code": "#ef4444"
      }
    },
    {
      "type": "Feature",
      "geometry": {
        "type": "Point",
        "coordinates": [
          136.607264,
          35.048658
        ]
      },
      "properties": {
        "area_id": "MIE03-000302",
        "district_id": "MIE-03",
        "prefecture": "三重県",
        "city": "三重郡",
        "town": "菰野町大字菰野 第20区画",
        "postal_code": "5110001",
        "pattern_rule": "PATTERN_A_WHOLE",
        "color_code": "#ef4444"
      }
    },
    {
      "type": "Feature",
      "geometry": {
        "type": "Point",
        "coordinates": [
          136.594907,
          35.056062
        ]
      },
      "properties": {
        "area_id": "MIE03-000303",
        "district_id": "MIE-03",
        "prefecture": "三重県",
        "city": "三重郡",
        "town": "朝日町大字柿 第20区画",
        "postal_code": "5110001",
        "pattern_rule": "PATTERN_A_WHOLE",
        "color_code": "#ef4444"
      }
    },
    {
      "type": "Feature",
      "geometry": {
        "type": "Point",
        "coordinates": [
          136.598653,
          35.041474
        ]
      },
      "properties": {
        "area_id": "MIE03-000304",
        "district_id": "MIE-03",
        "prefecture": "三重県",
        "city": "三重郡",
        "town": "川越町大字豊田 第20区画",
        "postal_code": "5110001",
        "pattern_rule": "PATTERN_A_WHOLE",
        "color_code": "#ef4444"
      }
    },
    {
      "type": "Feature",
      "geometry": {
        "type": "Point",
        "coordinates": [
          136.689009,
          35.070399
        ]
      },
      "properties": {
        "area_id": "MIE03-000305",
        "district_id": "MIE-03",
        "prefecture": "三重県",
        "city": "桑名市",
        "town": "吉之丸 第2区画",
        "postal_code": "5110032",
        "pattern_rule": "PATTERN_A_WHOLE",
        "color_code": "#ef4444"
      }
    },
    {
      "type": "Feature",
      "geometry": {
        "type": "Point",
        "coordinates": [
          136.666813,
          35.06458
        ]
      },
      "properties": {
        "area_id": "MIE03-000306",
        "district_id": "MIE-03",
        "prefecture": "三重県",
        "city": "桑名市",
        "town": "吉之丸 第3区画",
        "postal_code": "5110032",
        "pattern_rule": "PATTERN_A_WHOLE",
        "color_code": "#ef4444"
      }
    },
    {
      "type": "Feature",
      "geometry": {
        "type": "Point",
        "coordinates": [
          136.690352,
          35.055473
        ]
      },
      "properties": {
        "area_id": "MIE03-000307",
        "district_id": "MIE-03",
        "prefecture": "三重県",
        "city": "桑名市",
        "town": "吉之丸 第4区画",
        "postal_code": "5110032",
        "pattern_rule": "PATTERN_A_WHOLE",
        "color_code": "#ef4444"
      }
    },
    {
      "type": "Feature",
      "geometry": {
        "type": "Point",
        "coordinates": [
          136.679299,
          35.077487
        ]
      },
      "properties": {
        "area_id": "MIE03-000308",
        "district_id": "MIE-03",
        "prefecture": "三重県",
        "city": "桑名市",
        "town": "吉之丸 第5区画",
        "postal_code": "5110032",
        "pattern_rule": "PATTERN_A_WHOLE",
        "color_code": "#ef4444"
      }
    },
    {
      "type": "Feature",
      "geometry": {
        "type": "Point",
        "coordinates": [
          136.668738,
          35.052916
        ]
      },
      "properties": {
        "area_id": "MIE03-000309",
        "district_id": "MIE-03",
        "prefecture": "三重県",
        "city": "桑名市",
        "town": "吉之丸 第6区画",
        "postal_code": "5110032",
        "pattern_rule": "PATTERN_A_WHOLE",
        "color_code": "#ef4444"
      }
    },
    {
      "type": "Feature",
      "geometry": {
        "type": "Point",
        "coordinates": [
          136.698798,
          35.066162
        ]
      },
      "properties": {
        "area_id": "MIE03-000310",
        "district_id": "MIE-03",
        "prefecture": "三重県",
        "city": "桑名市",
        "town": "吉之丸 第7区画",
        "postal_code": "5110032",
        "pattern_rule": "PATTERN_A_WHOLE",
        "color_code": "#ef4444"
      }
    },
    {
      "type": "Feature",
      "geometry": {
        "type": "Point",
        "coordinates": [
          136.663289,
          35.073851
        ]
      },
      "properties": {
        "area_id": "MIE03-000311",
        "district_id": "MIE-03",
        "prefecture": "三重県",
        "city": "桑名市",
        "town": "吉之丸 第8区画",
        "postal_code": "5110032",
        "pattern_rule": "PATTERN_A_WHOLE",
        "color_code": "#ef4444"
      }
    },
    {
      "type": "Feature",
      "geometry": {
        "type": "Point",
        "coordinates": [
          136.684727,
          35.046331
        ]
      },
      "properties": {
        "area_id": "MIE03-000312",
        "district_id": "MIE-03",
        "prefecture": "三重県",
        "city": "桑名市",
        "town": "吉之丸 第9区画",
        "postal_code": "5110032",
        "pattern_rule": "PATTERN_A_WHOLE",
        "color_code": "#ef4444"
      }
    },
    {
      "type": "Feature",
      "geometry": {
        "type": "Point",
        "coordinates": [
          136.69164,
          35.080901
        ]
      },
      "properties": {
        "area_id": "MIE03-000313",
        "district_id": "MIE-03",
        "prefecture": "三重県",
        "city": "桑名市",
        "town": "吉之丸 第10区画",
        "postal_code": "5110032",
        "pattern_rule": "PATTERN_A_WHOLE",
        "color_code": "#ef4444"
      }
    },
    {
      "type": "Feature",
      "geometry": {
        "type": "Point",
        "coordinates": [
          136.656424,
          35.057905
        ]
      },
      "properties": {
        "area_id": "MIE03-000314",
        "district_id": "MIE-03",
        "prefecture": "三重県",
        "city": "桑名市",
        "town": "吉之丸 第11区画",
        "postal_code": "5110032",
        "pattern_rule": "PATTERN_A_WHOLE",
        "color_code": "#ef4444"
      }
    },
    {
      "type": "Feature",
      "geometry": {
        "type": "Point",
        "coordinates": [
          136.703709,
          35.054887
        ]
      },
      "properties": {
        "area_id": "MIE03-000315",
        "district_id": "MIE-03",
        "prefecture": "三重県",
        "city": "桑名市",
        "town": "吉之丸 第12区画",
        "postal_code": "5110032",
        "pattern_rule": "PATTERN_A_WHOLE",
        "color_code": "#ef4444"
      }
    },
    {
      "type": "Feature",
      "geometry": {
        "type": "Point",
        "coordinates": [
          136.669438,
          35.085349
        ]
      },
      "properties": {
        "area_id": "MIE03-000316",
        "district_id": "MIE-03",
        "prefecture": "三重県",
        "city": "桑名市",
        "town": "吉之丸 第13区画",
        "postal_code": "5110032",
        "pattern_rule": "PATTERN_A_WHOLE",
        "color_code": "#ef4444"
      }
    },
    {
      "type": "Feature",
      "geometry": {
        "type": "Point",
        "coordinates": [
          136.670068,
          35.041359
        ]
      },
      "properties": {
        "area_id": "MIE03-000317",
        "district_id": "MIE-03",
        "prefecture": "三重県",
        "city": "桑名市",
        "town": "吉之丸 第14区画",
        "postal_code": "5110032",
        "pattern_rule": "PATTERN_A_WHOLE",
        "color_code": "#ef4444"
      }
    },
    {
      "type": "Feature",
      "geometry": {
        "type": "Point",
        "coordinates": [
          136.707036,
          35.075828
        ]
      },
      "properties": {
        "area_id": "MIE03-000318",
        "district_id": "MIE-03",
        "prefecture": "三重県",
        "city": "桑名市",
        "town": "吉之丸 第15区画",
        "postal_code": "5110032",
        "pattern_rule": "PATTERN_A_WHOLE",
        "color_code": "#ef4444"
      }
    },
    {
      "type": "Feature",
      "geometry": {
        "type": "Point",
        "coordinates": [
          136.649168,
          35.070985
        ]
      },
      "properties": {
        "area_id": "MIE03-000319",
        "district_id": "MIE-03",
        "prefecture": "三重県",
        "city": "桑名市",
        "town": "吉之丸 第16区画",
        "postal_code": "5110032",
        "pattern_rule": "PATTERN_A_WHOLE",
        "color_code": "#ef4444"
      }
    },
    {
      "type": "Feature",
      "geometry": {
        "type": "Point",
        "coordinates": [
          136.697924,
          35.040654
        ]
      },
      "properties": {
        "area_id": "MIE03-000320",
        "district_id": "MIE-03",
        "prefecture": "三重県",
        "city": "桑名市",
        "town": "吉之丸 第17区画",
        "postal_code": "5110032",
        "pattern_rule": "PATTERN_A_WHOLE",
        "color_code": "#ef4444"
      }
    },
    {
      "type": "Feature",
      "geometry": {
        "type": "Point",
        "coordinates": [
          136.686043,
          35.092659
        ]
      },
      "properties": {
        "area_id": "MIE03-000321",
        "district_id": "MIE-03",
        "prefecture": "三重県",
        "city": "桑名市",
        "town": "吉之丸 第18区画",
        "postal_code": "5110032",
        "pattern_rule": "PATTERN_A_WHOLE",
        "color_code": "#ef4444"
      }
    },
    {
      "type": "Feature",
      "geometry": {
        "type": "Point",
        "coordinates": [
          136.651249,
          35.045715
        ]
      },
      "properties": {
        "area_id": "MIE03-000322",
        "district_id": "MIE-03",
        "prefecture": "三重県",
        "city": "桑名市",
        "town": "吉之丸 第19区画",
        "postal_code": "5110032",
        "pattern_rule": "PATTERN_A_WHOLE",
        "color_code": "#ef4444"
      }
    },
    {
      "type": "Feature",
      "geometry": {
        "type": "Point",
        "coordinates": [
          136.717537,
          35.061363
        ]
      },
      "properties": {
        "area_id": "MIE03-000323",
        "district_id": "MIE-03",
        "prefecture": "三重県",
        "city": "桑名市",
        "town": "吉之丸 第20区画",
        "postal_code": "5110032",
        "pattern_rule": "PATTERN_A_WHOLE",
        "color_code": "#ef4444"
      }
    },
    {
      "type": "Feature",
      "geometry": {
        "type": "Point",
        "coordinates": [
          136.653571,
          35.088135
        ]
      },
      "properties": {
        "area_id": "MIE03-000324",
        "district_id": "MIE-03",
        "prefecture": "三重県",
        "city": "桑名市",
        "town": "吉之丸",
        "postal_code": "5110032",
        "pattern_rule": "PATTERN_A_WHOLE",
        "color_code": "#ef4444"
      }
    },
    {
      "type": "Feature",
      "geometry": {
        "type": "Point",
        "coordinates": [
          136.68,
          35.0303
        ]
      },
      "properties": {
        "area_id": "MIE03-000325",
        "district_id": "MIE-03",
        "prefecture": "三重県",
        "city": "桑名市",
        "town": "多度町香取 第2区画",
        "postal_code": "5110102",
        "pattern_rule": "PATTERN_A_WHOLE",
        "color_code": "#ef4444"
      }
    },
    {
      "type": "Feature",
      "geometry": {
        "type": "Point",
        "coordinates": [
          136.684054,
          35.067786
        ]
      },
      "properties": {
        "area_id": "MIE03-000326",
        "district_id": "MIE-03",
        "prefecture": "三重県",
        "city": "桑名市",
        "town": "多度町香取 第3区画",
        "postal_code": "5110102",
        "pattern_rule": "PATTERN_A_WHOLE",
        "color_code": "#ef4444"
      }
    },
    {
      "type": "Feature",
      "geometry": {
        "type": "Point",
        "coordinates": [
          136.672588,
          35.06356
        ]
      },
      "properties": {
        "area_id": "MIE03-000327",
        "district_id": "MIE-03",
        "prefecture": "三重県",
        "city": "桑名市",
        "town": "多度町香取 第4区画",
        "postal_code": "5110102",
        "pattern_rule": "PATTERN_A_WHOLE",
        "color_code": "#ef4444"
      }
    },
    {
      "type": "Feature",
      "geometry": {
        "type": "Point",
        "coordinates": [
          136.687045,
          35.059595
        ]
      },
      "properties": {
        "area_id": "MIE03-000328",
        "district_id": "MIE-03",
        "prefecture": "三重県",
        "city": "桑名市",
        "town": "多度町香取 第5区画",
        "postal_code": "5110102",
        "pattern_rule": "PATTERN_A_WHOLE",
        "color_code": "#ef4444"
      }
    },
    {
      "type": "Feature",
      "geometry": {
        "type": "Point",
        "coordinates": [
          136.678208,
          35.072569
        ]
      },
      "properties": {
        "area_id": "MIE03-000329",
        "district_id": "MIE-03",
        "prefecture": "三重県",
        "city": "桑名市",
        "town": "多度町香取 第6区画",
        "postal_code": "5110102",
        "pattern_rule": "PATTERN_A_WHOLE",
        "color_code": "#ef4444"
      }
    },
    {
      "type": "Feature",
      "geometry": {
        "type": "Point",
        "coordinates": [
          136.673681,
          35.055835
        ]
      },
      "properties": {
        "area_id": "MIE03-000330",
        "district_id": "MIE-03",
        "prefecture": "三重県",
        "city": "桑名市",
        "town": "多度町香取 第7区画",
        "postal_code": "5110102",
        "pattern_rule": "PATTERN_A_WHOLE",
        "color_code": "#ef4444"
      }
    },
    {
      "type": "Feature",
      "geometry": {
        "type": "Point",
        "coordinates": [
          136.69275,
          35.066947
        ]
      },
      "properties": {
        "area_id": "MIE03-000331",
        "district_id": "MIE-03",
        "prefecture": "三重県",
        "city": "桑名市",
        "town": "多度町香取 第8区画",
        "postal_code": "5110102",
        "pattern_rule": "PATTERN_A_WHOLE",
        "color_code": "#ef4444"
      }
    },
    {
      "type": "Feature",
      "geometry": {
        "type": "Point",
        "coordinates": [
          136.667014,
          35.069733
        ]
      },
      "properties": {
        "area_id": "MIE03-000332",
        "district_id": "MIE-03",
        "prefecture": "三重県",
        "city": "桑名市",
        "town": "多度町香取 第9区画",
        "postal_code": "5110102",
        "pattern_rule": "PATTERN_A_WHOLE",
        "color_code": "#ef4444"
      }
    },
    {
      "type": "Feature",
      "geometry": {
        "type": "Point",
        "coordinates": [
          136.6855,
          35.051508
        ]
      },
      "properties": {
        "area_id": "MIE03-000333",
        "district_id": "MIE-03",
        "prefecture": "三重県",
        "city": "桑名市",
        "town": "多度町香取 第10区画",
        "postal_code": "5110102",
        "pattern_rule": "PATTERN_A_WHOLE",
        "color_code": "#ef4444"
      }
    },
    {
      "type": "Feature",
      "geometry": {
        "type": "Point",
        "coordinates": [
          136.686705,
          35.077589
        ]
      },
      "properties": {
        "area_id": "MIE03-000334",
        "district_id": "MIE-03",
        "prefecture": "三重県",
        "city": "桑名市",
        "town": "多度町香取 第11区画",
        "postal_code": "5110102",
        "pattern_rule": "PATTERN_A_WHOLE",
        "color_code": "#ef4444"
      }
    },
    {
      "type": "Feature",
      "geometry": {
        "type": "Point",
        "coordinates": [
          136.662816,
          35.057423
        ]
      },
      "properties": {
        "area_id": "MIE03-000335",
        "district_id": "MIE-03",
        "prefecture": "三重県",
        "city": "桑名市",
        "town": "多度町香取 第12区画",
        "postal_code": "5110102",
        "pattern_rule": "PATTERN_A_WHOLE",
        "color_code": "#ef4444"
      }
    },
    {
      "type": "Feature",
      "geometry": {
        "type": "Point",
        "coordinates": [
          136.699456,
          35.058988
        ]
      },
      "properties": {
        "area_id": "MIE03-000336",
        "district_id": "MIE-03",
        "prefecture": "三重県",
        "city": "桑名市",
        "town": "多度町香取 第13区画",
        "postal_code": "5110102",
        "pattern_rule": "PATTERN_A_WHOLE",
        "color_code": "#ef4444"
      }
    },
    {
      "type": "Feature",
      "geometry": {
        "type": "Point",
        "coordinates": [
          136.66908,
          35.079862
        ]
      },
      "properties": {
        "area_id": "MIE03-000337",
        "district_id": "MIE-03",
        "prefecture": "三重県",
        "city": "桑名市",
        "town": "多度町香取 第14区画",
        "postal_code": "5110102",
        "pattern_rule": "PATTERN_A_WHOLE",
        "color_code": "#ef4444"
      }
    },
    {
      "type": "Feature",
      "geometry": {
        "type": "Point",
        "coordinates": [
          136.674961,
          35.04516
        ]
      },
      "properties": {
        "area_id": "MIE03-000338",
        "district_id": "MIE-03",
        "prefecture": "三重県",
        "city": "桑名市",
        "town": "多度町香取 第15区画",
        "postal_code": "5110102",
        "pattern_rule": "PATTERN_A_WHOLE",
        "color_code": "#ef4444"
      }
    },
    {
      "type": "Feature",
      "geometry": {
        "type": "Point",
        "coordinates": [
          136.700249,
          35.075916
        ]
      },
      "properties": {
        "area_id": "MIE03-000339",
        "district_id": "MIE-03",
        "prefecture": "三重県",
        "city": "桑名市",
        "town": "多度町香取 第16区画",
        "postal_code": "5110102",
        "pattern_rule": "PATTERN_A_WHOLE",
        "color_code": "#ef4444"
      }
    },
    {
      "type": "Feature",
      "geometry": {
        "type": "Point",
        "coordinates": [
          136.654064,
          35.066945
        ]
      },
      "properties": {
        "area_id": "MIE03-000340",
        "district_id": "MIE-03",
        "prefecture": "三重県",
        "city": "桑名市",
        "town": "多度町香取 第17区画",
        "postal_code": "5110102",
        "pattern_rule": "PATTERN_A_WHOLE",
        "color_code": "#ef4444"
      }
    },
    {
      "type": "Feature",
      "geometry": {
        "type": "Point",
        "coordinates": [
          136.697741,
          35.046481
        ]
      },
      "properties": {
        "area_id": "MIE03-000341",
        "district_id": "MIE-03",
        "prefecture": "三重県",
        "city": "桑名市",
        "town": "多度町香取 第18区画",
        "postal_code": "5110102",
        "pattern_rule": "PATTERN_A_WHOLE",
        "color_code": "#ef4444"
      }
    },
    {
      "type": "Feature",
      "geometry": {
        "type": "Point",
        "coordinates": [
          136.681267,
          35.088277
        ]
      },
      "properties": {
        "area_id": "MIE03-000342",
        "district_id": "MIE-03",
        "prefecture": "三重県",
        "city": "桑名市",
        "town": "多度町香取 第19区画",
        "postal_code": "5110102",
        "pattern_rule": "PATTERN_A_WHOLE",
        "color_code": "#ef4444"
      }
    },
    {
      "type": "Feature",
      "geometry": {
        "type": "Point",
        "coordinates": [
          136.658447,
          35.046139
        ]
      },
      "properties": {
        "area_id": "MIE03-000343",
        "district_id": "MIE-03",
        "prefecture": "三重県",
        "city": "桑名市",
        "town": "多度町香取 第20区画",
        "postal_code": "5110102",
        "pattern_rule": "PATTERN_A_WHOLE",
        "color_code": "#ef4444"
      }
    },
    {
      "type": "Feature",
      "geometry": {
        "type": "Point",
        "coordinates": [
          136.71189,
          35.06526
        ]
      },
      "properties": {
        "area_id": "MIE03-000344",
        "district_id": "MIE-03",
        "prefecture": "三重県",
        "city": "桑名市",
        "town": "多度町香取",
        "postal_code": "5110102",
        "pattern_rule": "PATTERN_A_WHOLE",
        "color_code": "#ef4444"
      }
    },
    {
      "type": "Feature",
      "geometry": {
        "type": "Point",
        "coordinates": [
          136.490445,
          35.176269
        ]
      },
      "properties": {
        "area_id": "MIE03-000345",
        "district_id": "MIE-03",
        "prefecture": "三重県",
        "city": "いなべ市",
        "town": "大安町丹生川 第10区画",
        "postal_code": "5110201",
        "pattern_rule": "PATTERN_A_WHOLE",
        "color_code": "#ef4444"
      }
    },
    {
      "type": "Feature",
      "geometry": {
        "type": "Point",
        "coordinates": [
          136.520542,
          35.129648
        ]
      },
      "properties": {
        "area_id": "MIE03-000346",
        "district_id": "MIE-03",
        "prefecture": "三重県",
        "city": "いなべ市",
        "town": "大安町丹生川 第11区画",
        "postal_code": "5110201",
        "pattern_rule": "PATTERN_A_WHOLE",
        "color_code": "#ef4444"
      }
    },
    {
      "type": "Feature",
      "geometry": {
        "type": "Point",
        "coordinates": [
          136.536786,
          35.183138
        ]
      },
      "properties": {
        "area_id": "MIE03-000347",
        "district_id": "MIE-03",
        "prefecture": "三重県",
        "city": "いなべ市",
        "town": "大安町丹生川 第12区画",
        "postal_code": "5110201",
        "pattern_rule": "PATTERN_A_WHOLE",
        "color_code": "#ef4444"
      }
    },
    {
      "type": "Feature",
      "geometry": {
        "type": "Point",
        "coordinates": [
          136.479213,
          35.151604
        ]
      },
      "properties": {
        "area_id": "MIE03-000348",
        "district_id": "MIE-03",
        "prefecture": "三重県",
        "city": "いなべ市",
        "town": "大安町丹生川 第13区画",
        "postal_code": "5110201",
        "pattern_rule": "PATTERN_A_WHOLE",
        "color_code": "#ef4444"
      }
    },
    {
      "type": "Feature",
      "geometry": {
        "type": "Point",
        "coordinates": [
          136.549879,
          35.1421
        ]
      },
      "properties": {
        "area_id": "MIE03-000349",
        "district_id": "MIE-03",
        "prefecture": "三重県",
        "city": "いなべ市",
        "town": "大安町丹生川 第14区画",
        "postal_code": "5110201",
        "pattern_rule": "PATTERN_A_WHOLE",
        "color_code": "#ef4444"
      }
    },
    {
      "type": "Feature",
      "geometry": {
        "type": "Point",
        "coordinates": [
          136.503803,
          35.190636
        ]
      },
      "properties": {
        "area_id": "MIE03-000350",
        "district_id": "MIE-03",
        "prefecture": "三重県",
        "city": "いなべ市",
        "town": "大安町丹生川 第15区画",
        "postal_code": "5110201",
        "pattern_rule": "PATTERN_A_WHOLE",
        "color_code": "#ef4444"
      }
    },
    {
      "type": "Feature",
      "geometry": {
        "type": "Point",
        "coordinates": [
          136.513464,
          35.153868
        ]
      },
      "properties": {
        "area_id": "MIE03-000351",
        "district_id": "MIE-03",
        "prefecture": "三重県",
        "city": "いなべ市",
        "town": "大安町丹生川 第16区画",
        "postal_code": "5110201",
        "pattern_rule": "PATTERN_A_WHOLE",
        "color_code": "#ef4444"
      }
    },
    {
      "type": "Feature",
      "geometry": {
        "type": "Point",
        "coordinates": [
          136.522874,
          35.160773
        ]
      },
      "properties": {
        "area_id": "MIE03-000352",
        "district_id": "MIE-03",
        "prefecture": "三重県",
        "city": "いなべ市",
        "town": "大安町丹生川 第17区画",
        "postal_code": "5110201",
        "pattern_rule": "PATTERN_A_WHOLE",
        "color_code": "#ef4444"
      }
    },
    {
      "type": "Feature",
      "geometry": {
        "type": "Point",
        "coordinates": [
          136.507656,
          35.160931
        ]
      },
      "properties": {
        "area_id": "MIE03-000353",
        "district_id": "MIE-03",
        "prefecture": "三重県",
        "city": "いなべ市",
        "town": "大安町丹生川 第18区画",
        "postal_code": "5110201",
        "pattern_rule": "PATTERN_A_WHOLE",
        "color_code": "#ef4444"
      }
    },
    {
      "type": "Feature",
      "geometry": {
        "type": "Point",
        "coordinates": [
          136.520765,
          35.150772
        ]
      },
      "properties": {
        "area_id": "MIE03-000354",
        "district_id": "MIE-03",
        "prefecture": "三重県",
        "city": "いなべ市",
        "town": "大安町丹生川 第19区画",
        "postal_code": "5110201",
        "pattern_rule": "PATTERN_A_WHOLE",
        "color_code": "#ef4444"
      }
    },
    {
      "type": "Feature",
      "geometry": {
        "type": "Point",
        "coordinates": [
          136.519044,
          35.167866
        ]
      },
      "properties": {
        "area_id": "MIE03-000355",
        "district_id": "MIE-03",
        "prefecture": "三重県",
        "city": "いなべ市",
        "town": "大安町丹生川 第20区画",
        "postal_code": "5110201",
        "pattern_rule": "PATTERN_A_WHOLE",
        "color_code": "#ef4444"
      }
    },
    {
      "type": "Feature",
      "geometry": {
        "type": "Point",
        "coordinates": [
          136.504867,
          35.15249
        ]
      },
      "properties": {
        "area_id": "MIE03-000356",
        "district_id": "MIE-03",
        "prefecture": "三重県",
        "city": "いなべ市",
        "town": "員弁町大泉 第2区画",
        "postal_code": "5110224",
        "pattern_rule": "PATTERN_A_WHOLE",
        "color_code": "#ef4444"
      }
    },
    {
      "type": "Feature",
      "geometry": {
        "type": "Point",
        "coordinates": [
          136.530418,
          35.156281
        ]
      },
      "properties": {
        "area_id": "MIE03-000357",
        "district_id": "MIE-03",
        "prefecture": "三重県",
        "city": "いなべ市",
        "town": "員弁町大泉 第3区画",
        "postal_code": "5110224",
        "pattern_rule": "PATTERN_A_WHOLE",
        "color_code": "#ef4444"
      }
    },
    {
      "type": "Feature",
      "geometry": {
        "type": "Point",
        "coordinates": [
          136.506211,
          35.169031
        ]
      },
      "properties": {
        "area_id": "MIE03-000358",
        "district_id": "MIE-03",
        "prefecture": "三重県",
        "city": "いなべ市",
        "town": "員弁町大泉 第4区画",
        "postal_code": "5110224",
        "pattern_rule": "PATTERN_A_WHOLE",
        "color_code": "#ef4444"
      }
    },
    {
      "type": "Feature",
      "geometry": {
        "type": "Point",
        "coordinates": [
          136.514473,
          35.143856
        ]
      },
      "properties": {
        "area_id": "MIE03-000359",
        "district_id": "MIE-03",
        "prefecture": "三重県",
        "city": "いなべ市",
        "town": "員弁町大泉 第5区画",
        "postal_code": "5110224",
        "pattern_rule": "PATTERN_A_WHOLE",
        "color_code": "#ef4444"
      }
    },
    {
      "type": "Feature",
      "geometry": {
        "type": "Point",
        "coordinates": [
          136.529979,
          35.169074
        ]
      },
      "properties": {
        "area_id": "MIE03-000360",
        "district_id": "MIE-03",
        "prefecture": "三重県",
        "city": "いなべ市",
        "town": "員弁町大泉 第6区画",
        "postal_code": "5110224",
        "pattern_rule": "PATTERN_A_WHOLE",
        "color_code": "#ef4444"
      }
    },
    {
      "type": "Feature",
      "geometry": {
        "type": "Point",
        "coordinates": [
          136.4956,
          35.1584
        ]
      },
      "properties": {
        "area_id": "MIE03-000361",
        "district_id": "MIE-03",
        "prefecture": "三重県",
        "city": "いなべ市",
        "town": "員弁町大泉 第7区画",
        "postal_code": "5110224",
        "pattern_rule": "PATTERN_A_WHOLE",
        "color_code": "#ef4444"
      }
    },
    {
      "type": "Feature",
      "geometry": {
        "type": "Point",
        "coordinates": [
          136.532102,
          35.146104
        ]
      },
      "properties": {
        "area_id": "MIE03-000362",
        "district_id": "MIE-03",
        "prefecture": "三重県",
        "city": "いなべ市",
        "town": "員弁町大泉 第8区画",
        "postal_code": "5110224",
        "pattern_rule": "PATTERN_A_WHOLE",
        "color_code": "#ef4444"
      }
    },
    {
      "type": "Feature",
      "geometry": {
        "type": "Point",
        "coordinates": [
          136.513971,
          35.177726
        ]
      },
      "properties": {
        "area_id": "MIE03-000363",
        "district_id": "MIE-03",
        "prefecture": "三重県",
        "city": "いなべ市",
        "town": "員弁町大泉 第9区画",
        "postal_code": "5110224",
        "pattern_rule": "PATTERN_A_WHOLE",
        "color_code": "#ef4444"
      }
    },
    {
      "type": "Feature",
      "geometry": {
        "type": "Point",
        "coordinates": [
          136.500951,
          35.142057
        ]
      },
      "properties": {
        "area_id": "MIE03-000364",
        "district_id": "MIE-03",
        "prefecture": "三重県",
        "city": "いなべ市",
        "town": "員弁町大泉 第10区画",
        "postal_code": "5110224",
        "pattern_rule": "PATTERN_A_WHOLE",
        "color_code": "#ef4444"
      }
    },
    {
      "type": "Feature",
      "geometry": {
        "type": "Point",
        "coordinates": [
          136.541763,
          35.162186
        ]
      },
      "properties": {
        "area_id": "MIE03-000365",
        "district_id": "MIE-03",
        "prefecture": "三重県",
        "city": "いなべ市",
        "town": "員弁町大泉 第11区画",
        "postal_code": "5110224",
        "pattern_rule": "PATTERN_A_WHOLE",
        "color_code": "#ef4444"
      }
    },
    {
      "type": "Feature",
      "geometry": {
        "type": "Point",
        "coordinates": [
          136.492722,
          35.170758
        ]
      },
      "properties": {
        "area_id": "MIE03-000366",
        "district_id": "MIE-03",
        "prefecture": "三重県",
        "city": "いなべ市",
        "town": "員弁町大泉 第12区画",
        "postal_code": "5110224",
        "pattern_rule": "PATTERN_A_WHOLE",
        "color_code": "#ef4444"
      }
    },
    {
      "type": "Feature",
      "geometry": {
        "type": "Point",
        "coordinates": [
          136.523516,
          35.135025
        ]
      },
      "properties": {
        "area_id": "MIE03-000367",
        "district_id": "MIE-03",
        "prefecture": "三重県",
        "city": "いなべ市",
        "town": "員弁町大泉 第13区画",
        "postal_code": "5110224",
        "pattern_rule": "PATTERN_A_WHOLE",
        "color_code": "#ef4444"
      }
    },
    {
      "type": "Feature",
      "geometry": {
        "type": "Point",
        "coordinates": [
          136.530074,
          35.18093
        ]
      },
      "properties": {
        "area_id": "MIE03-000368",
        "district_id": "MIE-03",
        "prefecture": "三重県",
        "city": "いなべ市",
        "town": "員弁町大泉 第14区画",
        "postal_code": "5110224",
        "pattern_rule": "PATTERN_A_WHOLE",
        "color_code": "#ef4444"
      }
    },
    {
      "type": "Feature",
      "geometry": {
        "type": "Point",
        "coordinates": [
          136.486005,
          35.149302
        ]
      },
      "properties": {
        "area_id": "MIE03-000369",
        "district_id": "MIE-03",
        "prefecture": "三重県",
        "city": "いなべ市",
        "town": "員弁町大泉 第15区画",
        "postal_code": "5110224",
        "pattern_rule": "PATTERN_A_WHOLE",
        "color_code": "#ef4444"
      }
    },
    {
      "type": "Feature",
      "geometry": {
        "type": "Point",
        "coordinates": [
          136.546821,
          35.147761
        ]
      },
      "properties": {
        "area_id": "MIE03-000370",
        "district_id": "MIE-03",
        "prefecture": "三重県",
        "city": "いなべ市",
        "town": "員弁町大泉 第16区画",
        "postal_code": "5110224",
        "pattern_rule": "PATTERN_A_WHOLE",
        "color_code": "#ef4444"
      }
    },
    {
      "type": "Feature",
      "geometry": {
        "type": "Point",
        "coordinates": [
          136.501293,
          35.184683
        ]
      },
      "properties": {
        "area_id": "MIE03-000371",
        "district_id": "MIE-03",
        "prefecture": "三重県",
        "city": "いなべ市",
        "town": "員弁町大泉 第17区画",
        "postal_code": "5110224",
        "pattern_rule": "PATTERN_A_WHOLE",
        "color_code": "#ef4444"
      }
    },
    {
      "type": "Feature",
      "geometry": {
        "type": "Point",
        "coordinates": [
          136.505102,
          35.129598
        ]
      },
      "properties": {
        "area_id": "MIE03-000372",
        "district_id": "MIE-03",
        "prefecture": "三重県",
        "city": "いなべ市",
        "town": "員弁町大泉 第18区画",
        "postal_code": "5110224",
        "pattern_rule": "PATTERN_A_WHOLE",
        "color_code": "#ef4444"
      }
    },
    {
      "type": "Feature",
      "geometry": {
        "type": "Point",
        "coordinates": [
          136.548632,
          35.1741
        ]
      },
      "properties": {
        "area_id": "MIE03-000373",
        "district_id": "MIE-03",
        "prefecture": "三重県",
        "city": "いなべ市",
        "town": "員弁町大泉 第19区画",
        "postal_code": "5110224",
        "pattern_rule": "PATTERN_A_WHOLE",
        "color_code": "#ef4444"
      }
    },
    {
      "type": "Feature",
      "geometry": {
        "type": "Point",
        "coordinates": [
          136.477807,
          35.165456
        ]
      },
      "properties": {
        "area_id": "MIE03-000374",
        "district_id": "MIE-03",
        "prefecture": "三重県",
        "city": "いなべ市",
        "town": "員弁町大泉 第20区画",
        "postal_code": "5110224",
        "pattern_rule": "PATTERN_A_WHOLE",
        "color_code": "#ef4444"
      }
    },
    {
      "type": "Feature",
      "geometry": {
        "type": "Point",
        "coordinates": [
          136.539264,
          35.130713
        ]
      },
      "properties": {
        "area_id": "MIE03-000375",
        "district_id": "MIE-03",
        "prefecture": "三重県",
        "city": "いなべ市",
        "town": "員弁町大泉",
        "postal_code": "5110224",
        "pattern_rule": "PATTERN_A_WHOLE",
        "color_code": "#ef4444"
      }
    },
    {
      "type": "Feature",
      "geometry": {
        "type": "Point",
        "coordinates": [
          136.516783,
          35.163357
        ]
      },
      "properties": {
        "area_id": "MIE03-000376",
        "district_id": "MIE-03",
        "prefecture": "三重県",
        "city": "いなべ市",
        "town": "大安町丹生川",
        "postal_code": "5110261",
        "pattern_rule": "PATTERN_A_WHOLE",
        "color_code": "#ef4444"
      }
    },
    {
      "type": "Feature",
      "geometry": {
        "type": "Point",
        "coordinates": [
          136.510301,
          35.154415
        ]
      },
      "properties": {
        "area_id": "MIE03-000377",
        "district_id": "MIE-03",
        "prefecture": "三重県",
        "city": "いなべ市",
        "town": "大安町丹生川 第2区画",
        "postal_code": "5110261",
        "pattern_rule": "PATTERN_A_WHOLE",
        "color_code": "#ef4444"
      }
    },
    {
      "type": "Feature",
      "geometry": {
        "type": "Point",
        "coordinates": [
          136.524872,
          35.158077
        ]
      },
      "properties": {
        "area_id": "MIE03-000378",
        "district_id": "MIE-03",
        "prefecture": "三重県",
        "city": "いなべ市",
        "town": "大安町丹生川 第3区画",
        "postal_code": "5110261",
        "pattern_rule": "PATTERN_A_WHOLE",
        "color_code": "#ef4444"
      }
    },
    {
      "type": "Feature",
      "geometry": {
        "type": "Point",
        "coordinates": [
          136.508703,
          35.164481
        ]
      },
      "properties": {
        "area_id": "MIE03-000379",
        "district_id": "MIE-03",
        "prefecture": "三重県",
        "city": "いなべ市",
        "town": "大安町丹生川 第4区画",
        "postal_code": "5110261",
        "pattern_rule": "PATTERN_A_WHOLE",
        "color_code": "#ef4444"
      }
    },
    {
      "type": "Feature",
      "geometry": {
        "type": "Point",
        "coordinates": [
          136.516513,
          35.148609
        ]
      },
      "properties": {
        "area_id": "MIE03-000380",
        "district_id": "MIE-03",
        "prefecture": "三重県",
        "city": "いなべ市",
        "town": "大安町丹生川 第5区画",
        "postal_code": "5110261",
        "pattern_rule": "PATTERN_A_WHOLE",
        "color_code": "#ef4444"
      }
    },
    {
      "type": "Feature",
      "geometry": {
        "type": "Point",
        "coordinates": [
          136.524485,
          35.166826
        ]
      },
      "properties": {
        "area_id": "MIE03-000381",
        "district_id": "MIE-03",
        "prefecture": "三重県",
        "city": "いなべ市",
        "town": "大安町丹生川 第6区画",
        "postal_code": "5110261",
        "pattern_rule": "PATTERN_A_WHOLE",
        "color_code": "#ef4444"
      }
    },
    {
      "type": "Feature",
      "geometry": {
        "type": "Point",
        "coordinates": [
          136.501485,
          35.156808
        ]
      },
      "properties": {
        "area_id": "MIE03-000382",
        "district_id": "MIE-03",
        "prefecture": "三重県",
        "city": "いなべ市",
        "town": "大安町丹生川 第7区画",
        "postal_code": "5110261",
        "pattern_rule": "PATTERN_A_WHOLE",
        "color_code": "#ef4444"
      }
    },
    {
      "type": "Feature",
      "geometry": {
        "type": "Point",
        "coordinates": [
          136.529172,
          35.150714
        ]
      },
      "properties": {
        "area_id": "MIE03-000383",
        "district_id": "MIE-03",
        "prefecture": "三重県",
        "city": "いなべ市",
        "town": "大安町丹生川 第8区画",
        "postal_code": "5110261",
        "pattern_rule": "PATTERN_A_WHOLE",
        "color_code": "#ef4444"
      }
    },
    {
      "type": "Feature",
      "geometry": {
        "type": "Point",
        "coordinates": [
          136.512208,
          35.172654
        ]
      },
      "properties": {
        "area_id": "MIE03-000384",
        "district_id": "MIE-03",
        "prefecture": "三重県",
        "city": "いなべ市",
        "town": "大安町丹生川 第9区画",
        "postal_code": "5110261",
        "pattern_rule": "PATTERN_A_WHOLE",
        "color_code": "#ef4444"
      }
    },
    {
      "type": "Feature",
      "geometry": {
        "type": "Point",
        "coordinates": [
          136.50652,
          35.144717
        ]
      },
      "properties": {
        "area_id": "MIE03-000385",
        "district_id": "MIE-03",
        "prefecture": "三重県",
        "city": "いなべ市",
        "town": "北勢町阿下喜 第2区画",
        "postal_code": "5110428",
        "pattern_rule": "PATTERN_A_WHOLE",
        "color_code": "#ef4444"
      }
    },
    {
      "type": "Feature",
      "geometry": {
        "type": "Point",
        "coordinates": [
          136.535456,
          35.163512
        ]
      },
      "properties": {
        "area_id": "MIE03-000386",
        "district_id": "MIE-03",
        "prefecture": "三重県",
        "city": "いなべ市",
        "town": "北勢町阿下喜 第3区画",
        "postal_code": "5110428",
        "pattern_rule": "PATTERN_A_WHOLE",
        "color_code": "#ef4444"
      }
    },
    {
      "type": "Feature",
      "geometry": {
        "type": "Point",
        "coordinates": [
          136.496206,
          35.166092
        ]
      },
      "properties": {
        "area_id": "MIE03-000387",
        "district_id": "MIE-03",
        "prefecture": "三重県",
        "city": "いなべ市",
        "town": "北勢町阿下喜 第4区画",
        "postal_code": "5110428",
        "pattern_rule": "PATTERN_A_WHOLE",
        "color_code": "#ef4444"
      }
    },
    {
      "type": "Feature",
      "geometry": {
        "type": "Point",
        "coordinates": [
          136.524909,
          35.140477
        ]
      },
      "properties": {
        "area_id": "MIE03-000388",
        "district_id": "MIE-03",
        "prefecture": "三重県",
        "city": "いなべ市",
        "town": "北勢町阿下喜 第5区画",
        "postal_code": "5110428",
        "pattern_rule": "PATTERN_A_WHOLE",
        "color_code": "#ef4444"
      }
    },
    {
      "type": "Feature",
      "geometry": {
        "type": "Point",
        "coordinates": [
          136.524455,
          35.177758
        ]
      },
      "properties": {
        "area_id": "MIE03-000389",
        "district_id": "MIE-03",
        "prefecture": "三重県",
        "city": "いなべ市",
        "town": "北勢町阿下喜 第6区画",
        "postal_code": "5110428",
        "pattern_rule": "PATTERN_A_WHOLE",
        "color_code": "#ef4444"
      }
    },
    {
      "type": "Feature",
      "geometry": {
        "type": "Point",
        "coordinates": [
          136.492796,
          35.148334
        ]
      },
      "properties": {
        "area_id": "MIE03-000390",
        "district_id": "MIE-03",
        "prefecture": "三重県",
        "city": "いなべ市",
        "town": "北勢町阿下喜 第7区画",
        "postal_code": "5110428",
        "pattern_rule": "PATTERN_A_WHOLE",
        "color_code": "#ef4444"
      }
    },
    {
      "type": "Feature",
      "geometry": {
        "type": "Point",
        "coordinates": [
          136.54266,
          35.152447
        ]
      },
      "properties": {
        "area_id": "MIE03-000391",
        "district_id": "MIE-03",
        "prefecture": "三重県",
        "city": "いなべ市",
        "town": "北勢町阿下喜 第8区画",
        "postal_code": "5110428",
        "pattern_rule": "PATTERN_A_WHOLE",
        "color_code": "#ef4444"
      }
    },
    {
      "type": "Feature",
      "geometry": {
        "type": "Point",
        "coordinates": [
          136.500397,
          35.17881
        ]
      },
      "properties": {
        "area_id": "MIE03-000392",
        "district_id": "MIE-03",
        "prefecture": "三重県",
        "city": "いなべ市",
        "town": "北勢町阿下喜 第9区画",
        "postal_code": "5110428",
        "pattern_rule": "PATTERN_A_WHOLE",
        "color_code": "#ef4444"
      }
    },
    {
      "type": "Feature",
      "geometry": {
        "type": "Point",
        "coordinates": [
          136.510707,
          35.133386
        ]
      },
      "properties": {
        "area_id": "MIE03-000393",
        "district_id": "MIE-03",
        "prefecture": "三重県",
        "city": "いなべ市",
        "town": "北勢町阿下喜 第10区画",
        "postal_code": "5110428",
        "pattern_rule": "PATTERN_A_WHOLE",
        "color_code": "#ef4444"
      }
    },
    {
      "type": "Feature",
      "geometry": {
        "type": "Point",
        "coordinates": [
          136.541324,
          35.174593
        ]
      },
      "properties": {
        "area_id": "MIE03-000394",
        "district_id": "MIE-03",
        "prefecture": "三重県",
        "city": "いなべ市",
        "town": "北勢町阿下喜 第11区画",
        "postal_code": "5110428",
        "pattern_rule": "PATTERN_A_WHOLE",
        "color_code": "#ef4444"
      }
    },
    {
      "type": "Feature",
      "geometry": {
        "type": "Point",
        "coordinates": [
          136.482767,
          35.160823
        ]
      },
      "properties": {
        "area_id": "MIE03-000395",
        "district_id": "MIE-03",
        "prefecture": "三重県",
        "city": "いなべ市",
        "town": "北勢町阿下喜 第12区画",
        "postal_code": "5110428",
        "pattern_rule": "PATTERN_A_WHOLE",
        "color_code": "#ef4444"
      }
    },
    {
      "type": "Feature",
      "geometry": {
        "type": "Point",
        "coordinates": [
          136.539511,
          35.137019
        ]
      },
      "properties": {
        "area_id": "MIE03-000396",
        "district_id": "MIE-03",
        "prefecture": "三重県",
        "city": "いなべ市",
        "town": "北勢町阿下喜 第13区画",
        "postal_code": "5110428",
        "pattern_rule": "PATTERN_A_WHOLE",
        "color_code": "#ef4444"
      }
    },
    {
      "type": "Feature",
      "geometry": {
        "type": "Point",
        "coordinates": [
          136.516,
          35.1886
        ]
      },
      "properties": {
        "area_id": "MIE03-000397",
        "district_id": "MIE-03",
        "prefecture": "三重県",
        "city": "いなべ市",
        "town": "北勢町阿下喜 第14区画",
        "postal_code": "5110428",
        "pattern_rule": "PATTERN_A_WHOLE",
        "color_code": "#ef4444"
      }
    },
    {
      "type": "Feature",
      "geometry": {
        "type": "Point",
        "coordinates": [
          136.490544,
          35.135249
        ]
      },
      "properties": {
        "area_id": "MIE03-000398",
        "district_id": "MIE-03",
        "prefecture": "三重県",
        "city": "いなべ市",
        "town": "北勢町阿下喜 第15区画",
        "postal_code": "5110428",
        "pattern_rule": "PATTERN_A_WHOLE",
        "color_code": "#ef4444"
      }
    },
    {
      "type": "Feature",
      "geometry": {
        "type": "Point",
        "coordinates": [
          136.554971,
          35.161241
        ]
      },
      "properties": {
        "area_id": "MIE03-000399",
        "district_id": "MIE-03",
        "prefecture": "三重県",
        "city": "いなべ市",
        "town": "北勢町阿下喜 第16区画",
        "postal_code": "5110428",
        "pattern_rule": "PATTERN_A_WHOLE",
        "color_code": "#ef4444"
      }
    },
    {
      "type": "Feature",
      "geometry": {
        "type": "Point",
        "coordinates": [
          136.483822,
          35.178976
        ]
      },
      "properties": {
        "area_id": "MIE03-000400",
        "district_id": "MIE-03",
        "prefecture": "三重県",
        "city": "いなべ市",
        "town": "北勢町阿下喜 第17区画",
        "postal_code": "5110428",
        "pattern_rule": "PATTERN_A_WHOLE",
        "color_code": "#ef4444"
      }
    },
    {
      "type": "Feature",
      "geometry": {
        "type": "Point",
        "coordinates": [
          136.517042,
          35.153476
        ]
      },
      "properties": {
        "area_id": "MIE03-000401",
        "district_id": "MIE-03",
        "prefecture": "三重県",
        "city": "いなべ市",
        "town": "北勢町阿下喜 第18区画",
        "postal_code": "5110428",
        "pattern_rule": "PATTERN_A_WHOLE",
        "color_code": "#ef4444"
      }
    },
    {
      "type": "Feature",
      "geometry": {
        "type": "Point",
        "coordinates": [
          136.519998,
          35.163629
        ]
      },
      "properties": {
        "area_id": "MIE03-000402",
        "district_id": "MIE-03",
        "prefecture": "三重県",
        "city": "いなべ市",
        "town": "北勢町阿下喜 第19区画",
        "postal_code": "5110428",
        "pattern_rule": "PATTERN_A_WHOLE",
        "color_code": "#ef4444"
      }
    },
    {
      "type": "Feature",
      "geometry": {
        "type": "Point",
        "coordinates": [
          136.507423,
          35.156485
        ]
      },
      "properties": {
        "area_id": "MIE03-000403",
        "district_id": "MIE-03",
        "prefecture": "三重県",
        "city": "いなべ市",
        "town": "北勢町阿下喜 第20区画",
        "postal_code": "5110428",
        "pattern_rule": "PATTERN_A_WHOLE",
        "color_code": "#ef4444"
      }
    },
    {
      "type": "Feature",
      "geometry": {
        "type": "Point",
        "coordinates": [
          136.525154,
          35.154429
        ]
      },
      "properties": {
        "area_id": "MIE03-000404",
        "district_id": "MIE-03",
        "prefecture": "三重県",
        "city": "いなべ市",
        "town": "北勢町阿下喜",
        "postal_code": "5110428",
        "pattern_rule": "PATTERN_A_WHOLE",
        "color_code": "#ef4444"
      }
    },
    {
      "type": "Feature",
      "geometry": {
        "type": "Point",
        "coordinates": [
          136.511978,
          35.167609
        ]
      },
      "properties": {
        "area_id": "MIE03-000405",
        "district_id": "MIE-03",
        "prefecture": "三重県",
        "city": "いなべ市",
        "town": "藤原町市場 第2区画",
        "postal_code": "5110511",
        "pattern_rule": "PATTERN_A_WHOLE",
        "color_code": "#ef4444"
      }
    },
    {
      "type": "Feature",
      "geometry": {
        "type": "Point",
        "coordinates": [
          136.510949,
          35.148237
        ]
      },
      "properties": {
        "area_id": "MIE03-000406",
        "district_id": "MIE-03",
        "prefecture": "三重県",
        "city": "いなべ市",
        "town": "藤原町市場 第3区画",
        "postal_code": "5110511",
        "pattern_rule": "PATTERN_A_WHOLE",
        "color_code": "#ef4444"
      }
    },
    {
      "type": "Feature",
      "geometry": {
        "type": "Point",
        "coordinates": [
          136.529268,
          35.163556
        ]
      },
      "properties": {
        "area_id": "MIE03-000407",
        "district_id": "MIE-03",
        "prefecture": "三重県",
        "city": "いなべ市",
        "town": "藤原町市場 第4区画",
        "postal_code": "5110511",
        "pattern_rule": "PATTERN_A_WHOLE",
        "color_code": "#ef4444"
      }
    },
    {
      "type": "Feature",
      "geometry": {
        "type": "Point",
        "coordinates": [
          136.500664,
          35.162429
        ]
      },
      "properties": {
        "area_id": "MIE03-000408",
        "district_id": "MIE-03",
        "prefecture": "三重県",
        "city": "いなべ市",
        "town": "藤原町市場 第5区画",
        "postal_code": "5110511",
        "pattern_rule": "PATTERN_A_WHOLE",
        "color_code": "#ef4444"
      }
    },
    {
      "type": "Feature",
      "geometry": {
        "type": "Point",
        "coordinates": [
          136.52476,
          35.145756
        ]
      },
      "properties": {
        "area_id": "MIE03-000409",
        "district_id": "MIE-03",
        "prefecture": "三重県",
        "city": "いなべ市",
        "town": "藤原町市場 第6区画",
        "postal_code": "5110511",
        "pattern_rule": "PATTERN_A_WHOLE",
        "color_code": "#ef4444"
      }
    },
    {
      "type": "Feature",
      "geometry": {
        "type": "Point",
        "coordinates": [
          136.520104,
          35.173825
        ]
      },
      "properties": {
        "area_id": "MIE03-000410",
        "district_id": "MIE-03",
        "prefecture": "三重県",
        "city": "いなべ市",
        "town": "藤原町市場 第7区画",
        "postal_code": "5110511",
        "pattern_rule": "PATTERN_A_WHOLE",
        "color_code": "#ef4444"
      }
    },
    {
      "type": "Feature",
      "geometry": {
        "type": "Point",
        "coordinates": [
          136.499289,
          35.148649
        ]
      },
      "properties": {
        "area_id": "MIE03-000411",
        "district_id": "MIE-03",
        "prefecture": "三重県",
        "city": "いなべ市",
        "town": "藤原町市場 第8区画",
        "postal_code": "5110511",
        "pattern_rule": "PATTERN_A_WHOLE",
        "color_code": "#ef4444"
      }
    },
    {
      "type": "Feature",
      "geometry": {
        "type": "Point",
        "coordinates": [
          136.537653,
          35.156024
        ]
      },
      "properties": {
        "area_id": "MIE03-000412",
        "district_id": "MIE-03",
        "prefecture": "三重県",
        "city": "いなべ市",
        "town": "藤原町市場 第9区画",
        "postal_code": "5110511",
        "pattern_rule": "PATTERN_A_WHOLE",
        "color_code": "#ef4444"
      }
    },
    {
      "type": "Feature",
      "geometry": {
        "type": "Point",
        "coordinates": [
          136.501036,
          35.173261
        ]
      },
      "properties": {
        "area_id": "MIE03-000413",
        "district_id": "MIE-03",
        "prefecture": "三重県",
        "city": "いなべ市",
        "town": "藤原町市場 第10区画",
        "postal_code": "5110511",
        "pattern_rule": "PATTERN_A_WHOLE",
        "color_code": "#ef4444"
      }
    },
    {
      "type": "Feature",
      "geometry": {
        "type": "Point",
        "coordinates": [
          136.514922,
          35.13782
        ]
      },
      "properties": {
        "area_id": "MIE03-000414",
        "district_id": "MIE-03",
        "prefecture": "三重県",
        "city": "いなべ市",
        "town": "藤原町市場 第11区画",
        "postal_code": "5110511",
        "pattern_rule": "PATTERN_A_WHOLE",
        "color_code": "#ef4444"
      }
    },
    {
      "type": "Feature",
      "geometry": {
        "type": "Point",
        "coordinates": [
          136.534498,
          35.173815
        ]
      },
      "properties": {
        "area_id": "MIE03-000415",
        "district_id": "MIE-03",
        "prefecture": "三重県",
        "city": "いなべ市",
        "town": "藤原町市場 第12区画",
        "postal_code": "5110511",
        "pattern_rule": "PATTERN_A_WHOLE",
        "color_code": "#ef4444"
      }
    },
    {
      "type": "Feature",
      "geometry": {
        "type": "Point",
        "coordinates": [
          136.488426,
          35.157397
        ]
      },
      "properties": {
        "area_id": "MIE03-000416",
        "district_id": "MIE-03",
        "prefecture": "三重県",
        "city": "いなべ市",
        "town": "藤原町市場 第13区画",
        "postal_code": "5110511",
        "pattern_rule": "PATTERN_A_WHOLE",
        "color_code": "#ef4444"
      }
    },
    {
      "type": "Feature",
      "geometry": {
        "type": "Point",
        "coordinates": [
          136.538246,
          35.142845
        ]
      },
      "properties": {
        "area_id": "MIE03-000417",
        "district_id": "MIE-03",
        "prefecture": "三重県",
        "city": "いなべ市",
        "town": "藤原町市場 第14区画",
        "postal_code": "5110511",
        "pattern_rule": "PATTERN_A_WHOLE",
        "color_code": "#ef4444"
      }
    },
    {
      "type": "Feature",
      "geometry": {
        "type": "Point",
        "coordinates": [
          136.512022,
          35.183583
        ]
      },
      "properties": {
        "area_id": "MIE03-000418",
        "district_id": "MIE-03",
        "prefecture": "三重県",
        "city": "いなべ市",
        "town": "藤原町市場 第15区画",
        "postal_code": "5110511",
        "pattern_rule": "PATTERN_A_WHOLE",
        "color_code": "#ef4444"
      }
    },
    {
      "type": "Feature",
      "geometry": {
        "type": "Point",
        "coordinates": [
          136.497691,
          35.136611
        ]
      },
      "properties": {
        "area_id": "MIE03-000419",
        "district_id": "MIE-03",
        "prefecture": "三重県",
        "city": "いなべ市",
        "town": "藤原町市場 第16区画",
        "postal_code": "5110511",
        "pattern_rule": "PATTERN_A_WHOLE",
        "color_code": "#ef4444"
      }
    },
    {
      "type": "Feature",
      "geometry": {
        "type": "Point",
        "coordinates": [
          136.548569,
          35.164417
        ]
      },
      "properties": {
        "area_id": "MIE03-000420",
        "district_id": "MIE-03",
        "prefecture": "三重県",
        "city": "いなべ市",
        "town": "藤原町市場 第17区画",
        "postal_code": "5110511",
        "pattern_rule": "PATTERN_A_WHOLE",
        "color_code": "#ef4444"
      }
    },
    {
      "type": "Feature",
      "geometry": {
        "type": "Point",
        "coordinates": [
          136.485862,
          35.1729
        ]
      },
      "properties": {
        "area_id": "MIE03-000421",
        "district_id": "MIE-03",
        "prefecture": "三重県",
        "city": "いなべ市",
        "town": "藤原町市場 第18区画",
        "postal_code": "5110511",
        "pattern_rule": "PATTERN_A_WHOLE",
        "color_code": "#ef4444"
      }
    },
    {
      "type": "Feature",
      "geometry": {
        "type": "Point",
        "coordinates": [
          136.526898,
          35.129598
        ]
      },
      "properties": {
        "area_id": "MIE03-000422",
        "district_id": "MIE-03",
        "prefecture": "三重県",
        "city": "いなべ市",
        "town": "藤原町市場 第19区画",
        "postal_code": "5110511",
        "pattern_rule": "PATTERN_A_WHOLE",
        "color_code": "#ef4444"
      }
    },
    {
      "type": "Feature",
      "geometry": {
        "type": "Point",
        "coordinates": [
          136.531924,
          35.186858
        ]
      },
      "properties": {
        "area_id": "MIE03-000423",
        "district_id": "MIE-03",
        "prefecture": "三重県",
        "city": "いなべ市",
        "town": "藤原町市場 第20区画",
        "postal_code": "5110511",
        "pattern_rule": "PATTERN_A_WHOLE",
        "color_code": "#ef4444"
      }
    },
    {
      "type": "Feature",
      "geometry": {
        "type": "Point",
        "coordinates": [
          136.479858,
          35.145925
        ]
      },
      "properties": {
        "area_id": "MIE03-000424",
        "district_id": "MIE-03",
        "prefecture": "三重県",
        "city": "いなべ市",
        "town": "藤原町市場",
        "postal_code": "5110511",
        "pattern_rule": "PATTERN_A_WHOLE",
        "color_code": "#ef4444"
      }
    },
    {
      "type": "Feature",
      "geometry": {
        "type": "Point",
        "coordinates": [
          136.718114,
          35.05254
        ]
      },
      "properties": {
        "area_id": "MIE03-000425",
        "district_id": "MIE-03",
        "prefecture": "三重県",
        "city": "桑名市",
        "town": "江場1丁目 第2区画",
        "postal_code": "5110836",
        "pattern_rule": "PATTERN_A_WHOLE",
        "color_code": "#ef4444"
      }
    },
    {
      "type": "Feature",
      "geometry": {
        "type": "Point",
        "coordinates": [
          136.67723,
          35.068535
        ]
      },
      "properties": {
        "area_id": "MIE03-000426",
        "district_id": "MIE-03",
        "prefecture": "三重県",
        "city": "桑名市",
        "town": "江場2丁目 第2区画",
        "postal_code": "5110836",
        "pattern_rule": "PATTERN_A_WHOLE",
        "color_code": "#ef4444"
      }
    },
    {
      "type": "Feature",
      "geometry": {
        "type": "Point",
        "coordinates": [
          136.678074,
          35.058111
        ]
      },
      "properties": {
        "area_id": "MIE03-000427",
        "district_id": "MIE-03",
        "prefecture": "三重県",
        "city": "桑名市",
        "town": "江場3丁目 第2区画",
        "postal_code": "5110836",
        "pattern_rule": "PATTERN_A_WHOLE",
        "color_code": "#ef4444"
      }
    },
    {
      "type": "Feature",
      "geometry": {
        "type": "Point",
        "coordinates": [
          136.687489,
          35.068076
        ]
      },
      "properties": {
        "area_id": "MIE03-000428",
        "district_id": "MIE-03",
        "prefecture": "三重県",
        "city": "桑名市",
        "town": "江場1丁目 第3区画",
        "postal_code": "5110836",
        "pattern_rule": "PATTERN_A_WHOLE",
        "color_code": "#ef4444"
      }
    },
    {
      "type": "Feature",
      "geometry": {
        "type": "Point",
        "coordinates": [
          136.669837,
          35.065593
        ]
      },
      "properties": {
        "area_id": "MIE03-000429",
        "district_id": "MIE-03",
        "prefecture": "三重県",
        "city": "桑名市",
        "town": "江場2丁目 第3区画",
        "postal_code": "5110836",
        "pattern_rule": "PATTERN_A_WHOLE",
        "color_code": "#ef4444"
      }
    },
    {
      "type": "Feature",
      "geometry": {
        "type": "Point",
        "coordinates": [
          136.687159,
          35.056325
        ]
      },
      "properties": {
        "area_id": "MIE03-000430",
        "district_id": "MIE-03",
        "prefecture": "三重県",
        "city": "桑名市",
        "town": "江場3丁目 第3区画",
        "postal_code": "5110836",
        "pattern_rule": "PATTERN_A_WHOLE",
        "color_code": "#ef4444"
      }
    },
    {
      "type": "Feature",
      "geometry": {
        "type": "Point",
        "coordinates": [
          136.68115,
          35.075058
        ]
      },
      "properties": {
        "area_id": "MIE03-000431",
        "district_id": "MIE-03",
        "prefecture": "三重県",
        "city": "桑名市",
        "town": "江場1丁目 第4区画",
        "postal_code": "5110836",
        "pattern_rule": "PATTERN_A_WHOLE",
        "color_code": "#ef4444"
      }
    },
    {
      "type": "Feature",
      "geometry": {
        "type": "Point",
        "coordinates": [
          136.669206,
          35.055858
        ]
      },
      "properties": {
        "area_id": "MIE03-000432",
        "district_id": "MIE-03",
        "prefecture": "三重県",
        "city": "桑名市",
        "town": "江場2丁目 第4区画",
        "postal_code": "5110836",
        "pattern_rule": "PATTERN_A_WHOLE",
        "color_code": "#ef4444"
      }
    },
    {
      "type": "Feature",
      "geometry": {
        "type": "Point",
        "coordinates": [
          136.69608,
          35.0641
        ]
      },
      "properties": {
        "area_id": "MIE03-000433",
        "district_id": "MIE-03",
        "prefecture": "三重県",
        "city": "桑名市",
        "town": "江場3丁目 第4区画",
        "postal_code": "5110836",
        "pattern_rule": "PATTERN_A_WHOLE",
        "color_code": "#ef4444"
      }
    },
    {
      "type": "Feature",
      "geometry": {
        "type": "Point",
        "coordinates": [
          136.667083,
          35.073964
        ]
      },
      "properties": {
        "area_id": "MIE03-000434",
        "district_id": "MIE-03",
        "prefecture": "三重県",
        "city": "桑名市",
        "town": "江場1丁目 第5区画",
        "postal_code": "5110836",
        "pattern_rule": "PATTERN_A_WHOLE",
        "color_code": "#ef4444"
      }
    },
    {
      "type": "Feature",
      "geometry": {
        "type": "Point",
        "coordinates": [
          136.681652,
          35.04836
        ]
      },
      "properties": {
        "area_id": "MIE03-000435",
        "district_id": "MIE-03",
        "prefecture": "三重県",
        "city": "桑名市",
        "town": "江場2丁目 第5区画",
        "postal_code": "5110836",
        "pattern_rule": "PATTERN_A_WHOLE",
        "color_code": "#ef4444"
      }
    },
    {
      "type": "Feature",
      "geometry": {
        "type": "Point",
        "coordinates": [
          136.692419,
          35.077587
        ]
      },
      "properties": {
        "area_id": "MIE03-000436",
        "district_id": "MIE-03",
        "prefecture": "三重県",
        "city": "桑名市",
        "town": "江場3丁目 第5区画",
        "postal_code": "5110836",
        "pattern_rule": "PATTERN_A_WHOLE",
        "color_code": "#ef4444"
      }
    },
    {
      "type": "Feature",
      "geometry": {
        "type": "Point",
        "coordinates": [
          136.658492,
          35.06094
        ]
      },
      "properties": {
        "area_id": "MIE03-000437",
        "district_id": "MIE-03",
        "prefecture": "三重県",
        "city": "桑名市",
        "town": "江場1丁目 第6区画",
        "postal_code": "5110836",
        "pattern_rule": "PATTERN_A_WHOLE",
        "color_code": "#ef4444"
      }
    },
    {
      "type": "Feature",
      "geometry": {
        "type": "Point",
        "coordinates": [
          136.699634,
          35.053676
        ]
      },
      "properties": {
        "area_id": "MIE03-000438",
        "district_id": "MIE-03",
        "prefecture": "三重県",
        "city": "桑名市",
        "town": "江場2丁目 第6区画",
        "postal_code": "5110836",
        "pattern_rule": "PATTERN_A_WHOLE",
        "color_code": "#ef4444"
      }
    },
    {
      "type": "Feature",
      "geometry": {
        "type": "Point",
        "coordinates": [
          136.673602,
          35.083998
        ]
      },
      "properties": {
        "area_id": "MIE03-000439",
        "district_id": "MIE-03",
        "prefecture": "三重県",
        "city": "桑名市",
        "town": "江場3丁目 第6区画",
        "postal_code": "5110836",
        "pattern_rule": "PATTERN_A_WHOLE",
        "color_code": "#ef4444"
      }
    },
    {
      "type": "Feature",
      "geometry": {
        "type": "Point",
        "coordinates": [
          136.667921,
          35.044763
        ]
      },
      "properties": {
        "area_id": "MIE03-000440",
        "district_id": "MIE-03",
        "prefecture": "三重県",
        "city": "桑名市",
        "town": "江場1丁目 第7区画",
        "postal_code": "5110836",
        "pattern_rule": "PATTERN_A_WHOLE",
        "color_code": "#ef4444"
      }
    },
    {
      "type": "Feature",
      "geometry": {
        "type": "Point",
        "coordinates": [
          136.705936,
          35.071966
        ]
      },
      "properties": {
        "area_id": "MIE03-000441",
        "district_id": "MIE-03",
        "prefecture": "三重県",
        "city": "桑名市",
        "town": "江場2丁目 第7区画",
        "postal_code": "5110836",
        "pattern_rule": "PATTERN_A_WHOLE",
        "color_code": "#ef4444"
      }
    },
    {
      "type": "Feature",
      "geometry": {
        "type": "Point",
        "coordinates": [
          136.653171,
          35.073361
        ]
      },
      "properties": {
        "area_id": "MIE03-000442",
        "district_id": "MIE-03",
        "prefecture": "三重県",
        "city": "桑名市",
        "town": "江場3丁目 第7区画",
        "postal_code": "5110836",
        "pattern_rule": "PATTERN_A_WHOLE",
        "color_code": "#ef4444"
      }
    },
    {
      "type": "Feature",
      "geometry": {
        "type": "Point",
        "coordinates": [
          136.692881,
          35.04108
        ]
      },
      "properties": {
        "area_id": "MIE03-000443",
        "district_id": "MIE-03",
        "prefecture": "三重県",
        "city": "桑名市",
        "town": "江場1丁目 第8区画",
        "postal_code": "5110836",
        "pattern_rule": "PATTERN_A_WHOLE",
        "color_code": "#ef4444"
      }
    },
    {
      "type": "Feature",
      "geometry": {
        "type": "Point",
        "coordinates": [
          136.689599,
          35.089469
        ]
      },
      "properties": {
        "area_id": "MIE03-000444",
        "district_id": "MIE-03",
        "prefecture": "三重県",
        "city": "桑名市",
        "town": "江場2丁目 第8区画",
        "postal_code": "5110836",
        "pattern_rule": "PATTERN_A_WHOLE",
        "color_code": "#ef4444"
      }
    },
    {
      "type": "Feature",
      "geometry": {
        "type": "Point",
        "coordinates": [
          136.651109,
          35.0502
        ]
      },
      "properties": {
        "area_id": "MIE03-000445",
        "district_id": "MIE-03",
        "prefecture": "三重県",
        "city": "桑名市",
        "town": "江場3丁目 第8区画",
        "postal_code": "5110836",
        "pattern_rule": "PATTERN_A_WHOLE",
        "color_code": "#ef4444"
      }
    },
    {
      "type": "Feature",
      "geometry": {
        "type": "Point",
        "coordinates": [
          136.713975,
          35.057823
        ]
      },
      "properties": {
        "area_id": "MIE03-000446",
        "district_id": "MIE-03",
        "prefecture": "三重県",
        "city": "桑名市",
        "town": "江場1丁目 第9区画",
        "postal_code": "5110836",
        "pattern_rule": "PATTERN_A_WHOLE",
        "color_code": "#ef4444"
      }
    },
    {
      "type": "Feature",
      "geometry": {
        "type": "Point",
        "coordinates": [
          136.659214,
          35.088838
        ]
      },
      "properties": {
        "area_id": "MIE03-000447",
        "district_id": "MIE-03",
        "prefecture": "三重県",
        "city": "桑名市",
        "town": "江場2丁目 第9区画",
        "postal_code": "5110836",
        "pattern_rule": "PATTERN_A_WHOLE",
        "color_code": "#ef4444"
      }
    },
    {
      "type": "Feature",
      "geometry": {
        "type": "Point",
        "coordinates": [
          136.675082,
          35.032969
        ]
      },
      "properties": {
        "area_id": "MIE03-000448",
        "district_id": "MIE-03",
        "prefecture": "三重県",
        "city": "桑名市",
        "town": "江場3丁目 第9区画",
        "postal_code": "5110836",
        "pattern_rule": "PATTERN_A_WHOLE",
        "color_code": "#ef4444"
      }
    },
    {
      "type": "Feature",
      "geometry": {
        "type": "Point",
        "coordinates": [
          136.709968,
          35.085055
        ]
      },
      "properties": {
        "area_id": "MIE03-000449",
        "district_id": "MIE-03",
        "prefecture": "三重県",
        "city": "桑名市",
        "town": "江場1丁目 第10区画",
        "postal_code": "5110836",
        "pattern_rule": "PATTERN_A_WHOLE",
        "color_code": "#ef4444"
      }
    },
    {
      "type": "Feature",
      "geometry": {
        "type": "Point",
        "coordinates": [
          136.639479,
          35.065574
        ]
      },
      "properties": {
        "area_id": "MIE03-000450",
        "district_id": "MIE-03",
        "prefecture": "三重県",
        "city": "桑名市",
        "town": "江場2丁目 第10区画",
        "postal_code": "5110836",
        "pattern_rule": "PATTERN_A_WHOLE",
        "color_code": "#ef4444"
      }
    },
    {
      "type": "Feature",
      "geometry": {
        "type": "Point",
        "coordinates": [
          136.684243,
          35.060564
        ]
      },
      "properties": {
        "area_id": "MIE03-000451",
        "district_id": "MIE-03",
        "prefecture": "三重県",
        "city": "桑名市",
        "town": "江場3丁目 第10区画",
        "postal_code": "5110836",
        "pattern_rule": "PATTERN_A_WHOLE",
        "color_code": "#ef4444"
      }
    },
    {
      "type": "Feature",
      "geometry": {
        "type": "Point",
        "coordinates": [
          136.679675,
          35.070294
        ]
      },
      "properties": {
        "area_id": "MIE03-000452",
        "district_id": "MIE-03",
        "prefecture": "三重県",
        "city": "桑名市",
        "town": "江場1丁目 第11区画",
        "postal_code": "5110836",
        "pattern_rule": "PATTERN_A_WHOLE",
        "color_code": "#ef4444"
      }
    },
    {
      "type": "Feature",
      "geometry": {
        "type": "Point",
        "coordinates": [
          136.674292,
          35.058431
        ]
      },
      "properties": {
        "area_id": "MIE03-000453",
        "district_id": "MIE-03",
        "prefecture": "三重県",
        "city": "桑名市",
        "town": "江場2丁目 第11区画",
        "postal_code": "5110836",
        "pattern_rule": "PATTERN_A_WHOLE",
        "color_code": "#ef4444"
      }
    },
    {
      "type": "Feature",
      "geometry": {
        "type": "Point",
        "coordinates": [
          136.690232,
          35.065223
        ]
      },
      "properties": {
        "area_id": "MIE03-000454",
        "district_id": "MIE-03",
        "prefecture": "三重県",
        "city": "桑名市",
        "town": "江場3丁目 第11区画",
        "postal_code": "5110836",
        "pattern_rule": "PATTERN_A_WHOLE",
        "color_code": "#ef4444"
      }
    },
    {
      "type": "Feature",
      "geometry": {
        "type": "Point",
        "coordinates": [
          136.670367,
          35.069721
        ]
      },
      "properties": {
        "area_id": "MIE03-000455",
        "district_id": "MIE-03",
        "prefecture": "三重県",
        "city": "桑名市",
        "town": "江場1丁目 第12区画",
        "postal_code": "5110836",
        "pattern_rule": "PATTERN_A_WHOLE",
        "color_code": "#ef4444"
      }
    },
    {
      "type": "Feature",
      "geometry": {
        "type": "Point",
        "coordinates": [
          136.682857,
          35.053361
        ]
      },
      "properties": {
        "area_id": "MIE03-000456",
        "district_id": "MIE-03",
        "prefecture": "三重県",
        "city": "桑名市",
        "town": "江場2丁目 第12区画",
        "postal_code": "5110836",
        "pattern_rule": "PATTERN_A_WHOLE",
        "color_code": "#ef4444"
      }
    },
    {
      "type": "Feature",
      "geometry": {
        "type": "Point",
        "coordinates": [
          136.68732,
          35.074666
        ]
      },
      "properties": {
        "area_id": "MIE03-000457",
        "district_id": "MIE-03",
        "prefecture": "三重県",
        "city": "桑名市",
        "town": "江場3丁目 第12区画",
        "postal_code": "5110836",
        "pattern_rule": "PATTERN_A_WHOLE",
        "color_code": "#ef4444"
      }
    },
    {
      "type": "Feature",
      "geometry": {
        "type": "Point",
        "coordinates": [
          136.664664,
          35.060071
        ]
      },
      "properties": {
        "area_id": "MIE03-000458",
        "district_id": "MIE-03",
        "prefecture": "三重県",
        "city": "桑名市",
        "town": "江場1丁目 第13区画",
        "postal_code": "5110836",
        "pattern_rule": "PATTERN_A_WHOLE",
        "color_code": "#ef4444"
      }
    },
    {
      "type": "Feature",
      "geometry": {
        "type": "Point",
        "coordinates": [
          136.695879,
          35.05793
        ]
      },
      "properties": {
        "area_id": "MIE03-000459",
        "district_id": "MIE-03",
        "prefecture": "三重県",
        "city": "桑名市",
        "town": "江場2丁目 第13区画",
        "postal_code": "5110836",
        "pattern_rule": "PATTERN_A_WHOLE",
        "color_code": "#ef4444"
      }
    },
    {
      "type": "Feature",
      "geometry": {
        "type": "Point",
        "coordinates": [
          136.672744,
          35.078697
        ]
      },
      "properties": {
        "area_id": "MIE03-000460",
        "district_id": "MIE-03",
        "prefecture": "三重県",
        "city": "桑名市",
        "town": "江場3丁目 第13区画",
        "postal_code": "5110836",
        "pattern_rule": "PATTERN_A_WHOLE",
        "color_code": "#ef4444"
      }
    },
    {
      "type": "Feature",
      "geometry": {
        "type": "Point",
        "coordinates": [
          136.673023,
          35.048125
        ]
      },
      "properties": {
        "area_id": "MIE03-000461",
        "district_id": "MIE-03",
        "prefecture": "三重県",
        "city": "桑名市",
        "town": "江場1丁目 第14区画",
        "postal_code": "5110836",
        "pattern_rule": "PATTERN_A_WHOLE",
        "color_code": "#ef4444"
      }
    },
    {
      "type": "Feature",
      "geometry": {
        "type": "Point",
        "coordinates": [
          136.699372,
          35.072504
        ]
      },
      "properties": {
        "area_id": "MIE03-000462",
        "district_id": "MIE-03",
        "prefecture": "三重県",
        "city": "桑名市",
        "town": "江場2丁目 第14区画",
        "postal_code": "5110836",
        "pattern_rule": "PATTERN_A_WHOLE",
        "color_code": "#ef4444"
      }
    },
    {
      "type": "Feature",
      "geometry": {
        "type": "Point",
        "coordinates": [
          136.657513,
          35.069121
        ]
      },
      "properties": {
        "area_id": "MIE03-000463",
        "district_id": "MIE-03",
        "prefecture": "三重県",
        "city": "桑名市",
        "town": "江場3丁目 第14区画",
        "postal_code": "5110836",
        "pattern_rule": "PATTERN_A_WHOLE",
        "color_code": "#ef4444"
      }
    },
    {
      "type": "Feature",
      "geometry": {
        "type": "Point",
        "coordinates": [
          136.693282,
          35.046726
        ]
      },
      "properties": {
        "area_id": "MIE03-000464",
        "district_id": "MIE-03",
        "prefecture": "三重県",
        "city": "桑名市",
        "town": "江場1丁目 第15区画",
        "postal_code": "5110836",
        "pattern_rule": "PATTERN_A_WHOLE",
        "color_code": "#ef4444"
      }
    },
    {
      "type": "Feature",
      "geometry": {
        "type": "Point",
        "coordinates": [
          136.684543,
          35.085569
        ]
      },
      "properties": {
        "area_id": "MIE03-000465",
        "district_id": "MIE-03",
        "prefecture": "三重県",
        "city": "桑名市",
        "town": "江場2丁目 第15区画",
        "postal_code": "5110836",
        "pattern_rule": "PATTERN_A_WHOLE",
        "color_code": "#ef4444"
      }
    },
    {
      "type": "Feature",
      "geometry": {
        "type": "Point",
        "coordinates": [
          136.658103,
          35.050098
        ]
      },
      "properties": {
        "area_id": "MIE03-000466",
        "district_id": "MIE-03",
        "prefecture": "三重県",
        "city": "桑名市",
        "town": "江場3丁目 第15区画",
        "postal_code": "5110836",
        "pattern_rule": "PATTERN_A_WHOLE",
        "color_code": "#ef4444"
      }
    },
    {
      "type": "Feature",
      "geometry": {
        "type": "Point",
        "coordinates": [
          136.708929,
          35.061991
        ]
      },
      "properties": {
        "area_id": "MIE03-000467",
        "district_id": "MIE-03",
        "prefecture": "三重県",
        "city": "桑名市",
        "town": "江場1丁目 第16区画",
        "postal_code": "5110836",
        "pattern_rule": "PATTERN_A_WHOLE",
        "color_code": "#ef4444"
      }
    },
    {
      "type": "Feature",
      "geometry": {
        "type": "Point",
        "coordinates": [
          136.659408,
          35.082827
        ]
      },
      "properties": {
        "area_id": "MIE03-000468",
        "district_id": "MIE-03",
        "prefecture": "三重県",
        "city": "桑名市",
        "town": "江場2丁目 第16区画",
        "postal_code": "5110836",
        "pattern_rule": "PATTERN_A_WHOLE",
        "color_code": "#ef4444"
      }
    },
    {
      "type": "Feature",
      "geometry": {
        "type": "Point",
        "coordinates": [
          136.68,
          35.0375
        ]
      },
      "properties": {
        "area_id": "MIE03-000469",
        "district_id": "MIE-03",
        "prefecture": "三重県",
        "city": "桑名市",
        "town": "江場3丁目 第16区画",
        "postal_code": "5110836",
        "pattern_rule": "PATTERN_A_WHOLE",
        "color_code": "#ef4444"
      }
    },
    {
      "type": "Feature",
      "geometry": {
        "type": "Point",
        "coordinates": [
          136.702538,
          35.084596
        ]
      },
      "properties": {
        "area_id": "MIE03-000470",
        "district_id": "MIE-03",
        "prefecture": "三重県",
        "city": "桑名市",
        "town": "江場1丁目 第17区画",
        "postal_code": "5110836",
        "pattern_rule": "PATTERN_A_WHOLE",
        "color_code": "#ef4444"
      }
    },
    {
      "type": "Feature",
      "geometry": {
        "type": "Point",
        "coordinates": [
          136.645332,
          35.061572
        ]
      },
      "properties": {
        "area_id": "MIE03-000471",
        "district_id": "MIE-03",
        "prefecture": "三重県",
        "city": "桑名市",
        "town": "江場2丁目 第17区画",
        "postal_code": "5110836",
        "pattern_rule": "PATTERN_A_WHOLE",
        "color_code": "#ef4444"
      }
    },
    {
      "type": "Feature",
      "geometry": {
        "type": "Point",
        "coordinates": [
          136.708751,
          35.045715
        ]
      },
      "properties": {
        "area_id": "MIE03-000472",
        "district_id": "MIE-03",
        "prefecture": "三重県",
        "city": "桑名市",
        "town": "江場3丁目 第17区画",
        "postal_code": "5110836",
        "pattern_rule": "PATTERN_A_WHOLE",
        "color_code": "#ef4444"
      }
    },
    {
      "type": "Feature",
      "geometry": {
        "type": "Point",
        "coordinates": [
          136.673457,
          35.095023
        ]
      },
      "properties": {
        "area_id": "MIE03-000473",
        "district_id": "MIE-03",
        "prefecture": "三重県",
        "city": "桑名市",
        "town": "江場1丁目 第18区画",
        "postal_code": "5110836",
        "pattern_rule": "PATTERN_A_WHOLE",
        "color_code": "#ef4444"
      }
    },
    {
      "type": "Feature",
      "geometry": {
        "type": "Point",
        "coordinates": [
          136.658981,
          35.036605
        ]
      },
      "properties": {
        "area_id": "MIE03-000474",
        "district_id": "MIE-03",
        "prefecture": "三重県",
        "city": "桑名市",
        "town": "江場2丁目 第18区画",
        "postal_code": "5110836",
        "pattern_rule": "PATTERN_A_WHOLE",
        "color_code": "#ef4444"
      }
    },
    {
      "type": "Feature",
      "geometry": {
        "type": "Point",
        "coordinates": [
          136.719178,
          35.072848
        ]
      },
      "properties": {
        "area_id": "MIE03-000475",
        "district_id": "MIE-03",
        "prefecture": "三重県",
        "city": "桑名市",
        "town": "江場3丁目 第18区画",
        "postal_code": "5110836",
        "pattern_rule": "PATTERN_A_WHOLE",
        "color_code": "#ef4444"
      }
    },
    {
      "type": "Feature",
      "geometry": {
        "type": "Point",
        "coordinates": [
          136.674678,
          35.066409
        ]
      },
      "properties": {
        "area_id": "MIE03-000476",
        "district_id": "MIE-03",
        "prefecture": "三重県",
        "city": "桑名市",
        "town": "江場1丁目 第19区画",
        "postal_code": "5110836",
        "pattern_rule": "PATTERN_A_WHOLE",
        "color_code": "#ef4444"
      }
    },
    {
      "type": "Feature",
      "geometry": {
        "type": "Point",
        "coordinates": [
          136.682545,
          35.058274
        ]
      },
      "properties": {
        "area_id": "MIE03-000477",
        "district_id": "MIE-03",
        "prefecture": "三重県",
        "city": "桑名市",
        "town": "江場2丁目 第19区画",
        "postal_code": "5110836",
        "pattern_rule": "PATTERN_A_WHOLE",
        "color_code": "#ef4444"
      }
    },
    {
      "type": "Feature",
      "geometry": {
        "type": "Point",
        "coordinates": [
          136.683398,
          35.070937
        ]
      },
      "properties": {
        "area_id": "MIE03-000478",
        "district_id": "MIE-03",
        "prefecture": "三重県",
        "city": "桑名市",
        "town": "江場3丁目 第19区画",
        "postal_code": "5110836",
        "pattern_rule": "PATTERN_A_WHOLE",
        "color_code": "#ef4444"
      }
    },
    {
      "type": "Feature",
      "geometry": {
        "type": "Point",
        "coordinates": [
          136.670647,
          35.060465
        ]
      },
      "properties": {
        "area_id": "MIE03-000479",
        "district_id": "MIE-03",
        "prefecture": "三重県",
        "city": "桑名市",
        "town": "江場1丁目 第20区画",
        "postal_code": "5110836",
        "pattern_rule": "PATTERN_A_WHOLE",
        "color_code": "#ef4444"
      }
    },
    {
      "type": "Feature",
      "geometry": {
        "type": "Point",
        "coordinates": [
          136.691216,
          35.061153
        ]
      },
      "properties": {
        "area_id": "MIE03-000480",
        "district_id": "MIE-03",
        "prefecture": "三重県",
        "city": "桑名市",
        "town": "江場2丁目 第20区画",
        "postal_code": "5110836",
        "pattern_rule": "PATTERN_A_WHOLE",
        "color_code": "#ef4444"
      }
    },
    {
      "type": "Feature",
      "geometry": {
        "type": "Point",
        "coordinates": [
          136.6734,
          35.073626
        ]
      },
      "properties": {
        "area_id": "MIE03-000481",
        "district_id": "MIE-03",
        "prefecture": "三重県",
        "city": "桑名市",
        "town": "江場3丁目 第20区画",
        "postal_code": "5110836",
        "pattern_rule": "PATTERN_A_WHOLE",
        "color_code": "#ef4444"
      }
    },
    {
      "type": "Feature",
      "geometry": {
        "type": "Point",
        "coordinates": [
          136.676831,
          35.052189
        ]
      },
      "properties": {
        "area_id": "MIE03-000482",
        "district_id": "MIE-03",
        "prefecture": "三重県",
        "city": "桑名市",
        "town": "江場1丁目",
        "postal_code": "5110836",
        "pattern_rule": "PATTERN_A_WHOLE",
        "color_code": "#ef4444"
      }
    },
    {
      "type": "Feature",
      "geometry": {
        "type": "Point",
        "coordinates": [
          136.693172,
          35.071786
        ]
      },
      "properties": {
        "area_id": "MIE03-000483",
        "district_id": "MIE-03",
        "prefecture": "三重県",
        "city": "桑名市",
        "town": "江場2丁目",
        "postal_code": "5110836",
        "pattern_rule": "PATTERN_A_WHOLE",
        "color_code": "#ef4444"
      }
    },
    {
      "type": "Feature",
      "geometry": {
        "type": "Point",
        "coordinates": [
          136.66263,
          35.066006
        ]
      },
      "properties": {
        "area_id": "MIE03-000484",
        "district_id": "MIE-03",
        "prefecture": "三重県",
        "city": "桑名市",
        "town": "江場3丁目",
        "postal_code": "5110836",
        "pattern_rule": "PATTERN_A_WHOLE",
        "color_code": "#ef4444"
      }
    },
    {
      "type": "Feature",
      "geometry": {
        "type": "Point",
        "coordinates": [
          136.692187,
          35.051996
        ]
      },
      "properties": {
        "area_id": "MIE03-000485",
        "district_id": "MIE-03",
        "prefecture": "三重県",
        "city": "桑名市",
        "town": "播磨 第2区画",
        "postal_code": "5110862",
        "pattern_rule": "PATTERN_A_WHOLE",
        "color_code": "#ef4444"
      }
    },
    {
      "type": "Feature",
      "geometry": {
        "type": "Point",
        "coordinates": [
          136.68089,
          35.081084
        ]
      },
      "properties": {
        "area_id": "MIE03-000486",
        "district_id": "MIE-03",
        "prefecture": "三重県",
        "city": "桑名市",
        "town": "播磨 第3区画",
        "postal_code": "5110862",
        "pattern_rule": "PATTERN_A_WHOLE",
        "color_code": "#ef4444"
      }
    },
    {
      "type": "Feature",
      "geometry": {
        "type": "Point",
        "coordinates": [
          136.664557,
          35.051231
        ]
      },
      "properties": {
        "area_id": "MIE03-000487",
        "district_id": "MIE-03",
        "prefecture": "三重県",
        "city": "桑名市",
        "town": "播磨 第4区画",
        "postal_code": "5110862",
        "pattern_rule": "PATTERN_A_WHOLE",
        "color_code": "#ef4444"
      }
    },
    {
      "type": "Feature",
      "geometry": {
        "type": "Point",
        "coordinates": [
          136.703258,
          35.064946
        ]
      },
      "properties": {
        "area_id": "MIE03-000488",
        "district_id": "MIE-03",
        "prefecture": "三重県",
        "city": "桑名市",
        "town": "播磨 第5区画",
        "postal_code": "5110862",
        "pattern_rule": "PATTERN_A_WHOLE",
        "color_code": "#ef4444"
      }
    },
    {
      "type": "Feature",
      "geometry": {
        "type": "Point",
        "coordinates": [
          136.661063,
          35.077341
        ]
      },
      "properties": {
        "area_id": "MIE03-000489",
        "district_id": "MIE-03",
        "prefecture": "三重県",
        "city": "桑名市",
        "town": "播磨 第6区画",
        "postal_code": "5110862",
        "pattern_rule": "PATTERN_A_WHOLE",
        "color_code": "#ef4444"
      }
    },
    {
      "type": "Feature",
      "geometry": {
        "type": "Point",
        "coordinates": [
          136.683415,
          35.042487
        ]
      },
      "properties": {
        "area_id": "MIE03-000490",
        "district_id": "MIE-03",
        "prefecture": "三重県",
        "city": "桑名市",
        "town": "播磨 第7区画",
        "postal_code": "5110862",
        "pattern_rule": "PATTERN_A_WHOLE",
        "color_code": "#ef4444"
      }
    },
    {
      "type": "Feature",
      "geometry": {
        "type": "Point",
        "coordinates": [
          136.695831,
          35.08294
        ]
      },
      "properties": {
        "area_id": "MIE03-000491",
        "district_id": "MIE-03",
        "prefecture": "三重県",
        "city": "桑名市",
        "town": "播磨 第8区画",
        "postal_code": "5110862",
        "pattern_rule": "PATTERN_A_WHOLE",
        "color_code": "#ef4444"
      }
    },
    {
      "type": "Feature",
      "geometry": {
        "type": "Point",
        "coordinates": [
          136.651648,
          35.058862
        ]
      },
      "properties": {
        "area_id": "MIE03-000492",
        "district_id": "MIE-03",
        "prefecture": "三重県",
        "city": "桑名市",
        "town": "播磨 第9区画",
        "postal_code": "5110862",
        "pattern_rule": "PATTERN_A_WHOLE",
        "color_code": "#ef4444"
      }
    },
    {
      "type": "Feature",
      "geometry": {
        "type": "Point",
        "coordinates": [
          136.706396,
          35.0514
        ]
      },
      "properties": {
        "area_id": "MIE03-000493",
        "district_id": "MIE-03",
        "prefecture": "三重県",
        "city": "桑名市",
        "town": "播磨 第10区画",
        "postal_code": "5110862",
        "pattern_rule": "PATTERN_A_WHOLE",
        "color_code": "#ef4444"
      }
    },
    {
      "type": "Feature",
      "geometry": {
        "type": "Point",
        "coordinates": [
          136.670401,
          35.089469
        ]
      },
      "properties": {
        "area_id": "MIE03-000494",
        "district_id": "MIE-03",
        "prefecture": "三重県",
        "city": "桑名市",
        "town": "播磨 第11区画",
        "postal_code": "5110862",
        "pattern_rule": "PATTERN_A_WHOLE",
        "color_code": "#ef4444"
      }
    },
    {
      "type": "Feature",
      "geometry": {
        "type": "Point",
        "coordinates": [
          136.665901,
          35.038905
        ]
      },
      "properties": {
        "area_id": "MIE03-000495",
        "district_id": "MIE-03",
        "prefecture": "三重県",
        "city": "桑名市",
        "town": "播磨 第12区画",
        "postal_code": "5110862",
        "pattern_rule": "PATTERN_A_WHOLE",
        "color_code": "#ef4444"
      }
    },
    {
      "type": "Feature",
      "geometry": {
        "type": "Point",
        "coordinates": [
          136.712151,
          35.075198
        ]
      },
      "properties": {
        "area_id": "MIE03-000496",
        "district_id": "MIE-03",
        "prefecture": "三重県",
        "city": "桑名市",
        "town": "播磨 第13区画",
        "postal_code": "5110862",
        "pattern_rule": "PATTERN_A_WHOLE",
        "color_code": "#ef4444"
      }
    },
    {
      "type": "Feature",
      "geometry": {
        "type": "Point",
        "coordinates": [
          136.645946,
          35.074429
        ]
      },
      "properties": {
        "area_id": "MIE03-000497",
        "district_id": "MIE-03",
        "prefecture": "三重県",
        "city": "桑名市",
        "town": "播磨 第14区画",
        "postal_code": "5110862",
        "pattern_rule": "PATTERN_A_WHOLE",
        "color_code": "#ef4444"
      }
    },
    {
      "type": "Feature",
      "geometry": {
        "type": "Point",
        "coordinates": [
          136.697399,
          35.036248
        ]
      },
      "properties": {
        "area_id": "MIE03-000498",
        "district_id": "MIE-03",
        "prefecture": "三重県",
        "city": "桑名市",
        "town": "播磨 第15区画",
        "postal_code": "5110862",
        "pattern_rule": "PATTERN_A_WHOLE",
        "color_code": "#ef4444"
      }
    },
    {
      "type": "Feature",
      "geometry": {
        "type": "Point",
        "coordinates": [
          136.690125,
          35.095589
        ]
      },
      "properties": {
        "area_id": "MIE03-000499",
        "district_id": "MIE-03",
        "prefecture": "三重県",
        "city": "桑名市",
        "town": "播磨 第16区画",
        "postal_code": "5110862",
        "pattern_rule": "PATTERN_A_WHOLE",
        "color_code": "#ef4444"
      }
    },
    {
      "type": "Feature",
      "geometry": {
        "type": "Point",
        "coordinates": [
          136.645792,
          35.045939
        ]
      },
      "properties": {
        "area_id": "MIE03-000500",
        "district_id": "MIE-03",
        "prefecture": "三重県",
        "city": "桑名市",
        "town": "播磨 第17区画",
        "postal_code": "5110862",
        "pattern_rule": "PATTERN_A_WHOLE",
        "color_code": "#ef4444"
      }
    },
    {
      "type": "Feature",
      "geometry": {
        "type": "Point",
        "coordinates": [
          136.685909,
          35.063232
        ]
      },
      "properties": {
        "area_id": "MIE03-000501",
        "district_id": "MIE-03",
        "prefecture": "三重県",
        "city": "桑名市",
        "town": "播磨 第18区画",
        "postal_code": "5110862",
        "pattern_rule": "PATTERN_A_WHOLE",
        "color_code": "#ef4444"
      }
    },
    {
      "type": "Feature",
      "geometry": {
        "type": "Point",
        "coordinates": [
          136.675471,
          35.069019
        ]
      },
      "properties": {
        "area_id": "MIE03-000502",
        "district_id": "MIE-03",
        "prefecture": "三重県",
        "city": "桑名市",
        "town": "播磨 第19区画",
        "postal_code": "5110862",
        "pattern_rule": "PATTERN_A_WHOLE",
        "color_code": "#ef4444"
      }
    },
    {
      "type": "Feature",
      "geometry": {
        "type": "Point",
        "coordinates": [
          136.679226,
          35.056728
        ]
      },
      "properties": {
        "area_id": "MIE03-000503",
        "district_id": "MIE-03",
        "prefecture": "三重県",
        "city": "桑名市",
        "town": "播磨 第20区画",
        "postal_code": "5110862",
        "pattern_rule": "PATTERN_A_WHOLE",
        "color_code": "#ef4444"
      }
    },
    {
      "type": "Feature",
      "geometry": {
        "type": "Point",
        "coordinates": [
          136.687609,
          35.06991
        ]
      },
      "properties": {
        "area_id": "MIE03-000504",
        "district_id": "MIE-03",
        "prefecture": "三重県",
        "city": "桑名市",
        "town": "播磨",
        "postal_code": "5110862",
        "pattern_rule": "PATTERN_A_WHOLE",
        "color_code": "#ef4444"
      }
    },
    {
      "type": "Feature",
      "geometry": {
        "type": "Point",
        "coordinates": [
          136.66824,
          35.0641
        ]
      },
      "properties": {
        "area_id": "MIE03-000505",
        "district_id": "MIE-03",
        "prefecture": "三重県",
        "city": "桑名市",
        "town": "大山田1丁目 第2区画",
        "postal_code": "5110903",
        "pattern_rule": "PATTERN_A_WHOLE",
        "color_code": "#ef4444"
      }
    },
    {
      "type": "Feature",
      "geometry": {
        "type": "Point",
        "coordinates": [
          136.689732,
          35.056669
        ]
      },
      "properties": {
        "area_id": "MIE03-000506",
        "district_id": "MIE-03",
        "prefecture": "三重県",
        "city": "桑名市",
        "town": "大山田2丁目 第2区画",
        "postal_code": "5110903",
        "pattern_rule": "PATTERN_A_WHOLE",
        "color_code": "#ef4444"
      }
    },
    {
      "type": "Feature",
      "geometry": {
        "type": "Point",
        "coordinates": [
          136.678724,
          35.076254
        ]
      },
      "properties": {
        "area_id": "MIE03-000507",
        "district_id": "MIE-03",
        "prefecture": "三重県",
        "city": "桑名市",
        "town": "大山田3丁目 第2区画",
        "postal_code": "5110903",
        "pattern_rule": "PATTERN_A_WHOLE",
        "color_code": "#ef4444"
      }
    },
    {
      "type": "Feature",
      "geometry": {
        "type": "Point",
        "coordinates": [
          136.670211,
          35.053469
        ]
      },
      "properties": {
        "area_id": "MIE03-000508",
        "district_id": "MIE-03",
        "prefecture": "三重県",
        "city": "桑名市",
        "town": "大山田4丁目 第2区画",
        "postal_code": "5110903",
        "pattern_rule": "PATTERN_A_WHOLE",
        "color_code": "#ef4444"
      }
    },
    {
      "type": "Feature",
      "geometry": {
        "type": "Point",
        "coordinates": [
          136.697254,
          35.066635
        ]
      },
      "properties": {
        "area_id": "MIE03-000509",
        "district_id": "MIE-03",
        "prefecture": "三重県",
        "city": "桑名市",
        "town": "大山田5丁目 第2区画",
        "postal_code": "5110903",
        "pattern_rule": "PATTERN_A_WHOLE",
        "color_code": "#ef4444"
      }
    },
    {
      "type": "Feature",
      "geometry": {
        "type": "Point",
        "coordinates": [
          136.664009,
          35.072589
        ]
      },
      "properties": {
        "area_id": "MIE03-000510",
        "district_id": "MIE-03",
        "prefecture": "三重県",
        "city": "桑名市",
        "town": "大山田6丁目 第2区画",
        "postal_code": "5110903",
        "pattern_rule": "PATTERN_A_WHOLE",
        "color_code": "#ef4444"
      }
    },
    {
      "type": "Feature",
      "geometry": {
        "type": "Point",
        "coordinates": [
          136.68528,
          35.047679
        ]
      },
      "properties": {
        "area_id": "MIE03-000511",
        "district_id": "MIE-03",
        "prefecture": "三重県",
        "city": "桑名市",
        "town": "大山田7丁目 第2区画",
        "postal_code": "5110903",
        "pattern_rule": "PATTERN_A_WHOLE",
        "color_code": "#ef4444"
      }
    },
    {
      "type": "Feature",
      "geometry": {
        "type": "Point",
        "coordinates": [
          136.690085,
          35.080244
        ]
      },
      "properties": {
        "area_id": "MIE03-000512",
        "district_id": "MIE-03",
        "prefecture": "三重県",
        "city": "桑名市",
        "town": "大山田8丁目 第2区画",
        "postal_code": "5110903",
        "pattern_rule": "PATTERN_A_WHOLE",
        "color_code": "#ef4444"
      }
    },
    {
      "type": "Feature",
      "geometry": {
        "type": "Point",
        "coordinates": [
          136.658124,
          35.057465
        ]
      },
      "properties": {
        "area_id": "MIE03-000513",
        "district_id": "MIE-03",
        "prefecture": "三重県",
        "city": "桑名市",
        "town": "大山田1丁目 第3区画",
        "postal_code": "5110903",
        "pattern_rule": "PATTERN_A_WHOLE",
        "color_code": "#ef4444"
      }
    },
    {
      "type": "Feature",
      "geometry": {
        "type": "Point",
        "coordinates": [
          136.702838,
          35.056217
        ]
      },
      "properties": {
        "area_id": "MIE03-000514",
        "district_id": "MIE-03",
        "prefecture": "三重県",
        "city": "桑名市",
        "town": "大山田2丁目 第3区画",
        "postal_code": "5110903",
        "pattern_rule": "PATTERN_A_WHOLE",
        "color_code": "#ef4444"
      }
    },
    {
      "type": "Feature",
      "geometry": {
        "type": "Point",
        "coordinates": [
          136.668944,
          35.083858
        ]
      },
      "properties": {
        "area_id": "MIE03-000515",
        "district_id": "MIE-03",
        "prefecture": "三重県",
        "city": "桑名市",
        "town": "大山田3丁目 第3区画",
        "postal_code": "5110903",
        "pattern_rule": "PATTERN_A_WHOLE",
        "color_code": "#ef4444"
      }
    },
    {
      "type": "Feature",
      "geometry": {
        "type": "Point",
        "coordinates": [
          136.671701,
          35.042165
        ]
      },
      "properties": {
        "area_id": "MIE03-000516",
        "district_id": "MIE-03",
        "prefecture": "三重県",
        "city": "桑名市",
        "town": "大山田4丁目 第3区画",
        "postal_code": "5110903",
        "pattern_rule": "PATTERN_A_WHOLE",
        "color_code": "#ef4444"
      }
    },
    {
      "type": "Feature",
      "geometry": {
        "type": "Point",
        "coordinates": [
          136.705149,
          35.0762
        ]
      },
      "properties": {
        "area_id": "MIE03-000517",
        "district_id": "MIE-03",
        "prefecture": "三重県",
        "city": "桑名市",
        "town": "大山田5丁目 第3区画",
        "postal_code": "5110903",
        "pattern_rule": "PATTERN_A_WHOLE",
        "color_code": "#ef4444"
      }
    },
    {
      "type": "Feature",
      "geometry": {
        "type": "Point",
        "coordinates": [
          136.650242,
          35.069598
        ]
      },
      "properties": {
        "area_id": "MIE03-000518",
        "district_id": "MIE-03",
        "prefecture": "三重県",
        "city": "桑名市",
        "town": "大山田6丁目 第3区画",
        "postal_code": "5110903",
        "pattern_rule": "PATTERN_A_WHOLE",
        "color_code": "#ef4444"
      }
    },
    {
      "type": "Feature",
      "geometry": {
        "type": "Point",
        "coordinates": [
          136.698309,
          35.042311
        ]
      },
      "properties": {
        "area_id": "MIE03-000519",
        "district_id": "MIE-03",
        "prefecture": "三重県",
        "city": "桑名市",
        "town": "大山田7丁目 第3区画",
        "postal_code": "5110903",
        "pattern_rule": "PATTERN_A_WHOLE",
        "color_code": "#ef4444"
      }
    },
    {
      "type": "Feature",
      "geometry": {
        "type": "Point",
        "coordinates": [
          136.684354,
          35.091662
        ]
      },
      "properties": {
        "area_id": "MIE03-000520",
        "district_id": "MIE-03",
        "prefecture": "三重県",
        "city": "桑名市",
        "town": "大山田8丁目 第3区画",
        "postal_code": "5110903",
        "pattern_rule": "PATTERN_A_WHOLE",
        "color_code": "#ef4444"
      }
    },
    {
      "type": "Feature",
      "geometry": {
        "type": "Point",
        "coordinates": [
          136.653342,
          35.045459
        ]
      },
      "properties": {
        "area_id": "MIE03-000521",
        "district_id": "MIE-03",
        "prefecture": "三重県",
        "city": "桑名市",
        "town": "大山田1丁目 第4区画",
        "postal_code": "5110903",
        "pattern_rule": "PATTERN_A_WHOLE",
        "color_code": "#ef4444"
      }
    },
    {
      "type": "Feature",
      "geometry": {
        "type": "Point",
        "coordinates": [
          136.716206,
          35.062783
        ]
      },
      "properties": {
        "area_id": "MIE03-000522",
        "district_id": "MIE-03",
        "prefecture": "三重県",
        "city": "桑名市",
        "town": "大山田2丁目 第4区画",
        "postal_code": "5110903",
        "pattern_rule": "PATTERN_A_WHOLE",
        "color_code": "#ef4444"
      }
    },
    {
      "type": "Feature",
      "geometry": {
        "type": "Point",
        "coordinates": [
          136.653356,
          35.086303
        ]
      },
      "properties": {
        "area_id": "MIE03-000523",
        "district_id": "MIE-03",
        "prefecture": "三重県",
        "city": "桑名市",
        "town": "大山田3丁目 第4区画",
        "postal_code": "5110903",
        "pattern_rule": "PATTERN_A_WHOLE",
        "color_code": "#ef4444"
      }
    },
    {
      "type": "Feature",
      "geometry": {
        "type": "Point",
        "coordinates": [
          136.681706,
          35.031531
        ]
      },
      "properties": {
        "area_id": "MIE03-000524",
        "district_id": "MIE-03",
        "prefecture": "三重県",
        "city": "桑名市",
        "town": "大山田4丁目 第4区画",
        "postal_code": "5110903",
        "pattern_rule": "PATTERN_A_WHOLE",
        "color_code": "#ef4444"
      }
    },
    {
      "type": "Feature",
      "geometry": {
        "type": "Point",
        "coordinates": [
          136.706071,
          35.089992
        ]
      },
      "properties": {
        "area_id": "MIE03-000525",
        "district_id": "MIE-03",
        "prefecture": "三重県",
        "city": "桑名市",
        "town": "大山田5丁目 第4区画",
        "postal_code": "5110903",
        "pattern_rule": "PATTERN_A_WHOLE",
        "color_code": "#ef4444"
      }
    },
    {
      "type": "Feature",
      "geometry": {
        "type": "Point",
        "coordinates": [
          136.674051,
          35.063447
        ]
      },
      "properties": {
        "area_id": "MIE03-000526",
        "district_id": "MIE-03",
        "prefecture": "三重県",
        "city": "桑名市",
        "town": "大山田6丁目 第4区画",
        "postal_code": "5110903",
        "pattern_rule": "PATTERN_A_WHOLE",
        "color_code": "#ef4444"
      }
    },
    {
      "type": "Feature",
      "geometry": {
        "type": "Point",
        "coordinates": [
          136.686094,
          35.060544
        ]
      },
      "properties": {
        "area_id": "MIE03-000527",
        "district_id": "MIE-03",
        "prefecture": "三重県",
        "city": "桑名市",
        "town": "大山田7丁目 第4区画",
        "postal_code": "5110903",
        "pattern_rule": "PATTERN_A_WHOLE",
        "color_code": "#ef4444"
      }
    },
    {
      "type": "Feature",
      "geometry": {
        "type": "Point",
        "coordinates": [
          136.678078,
          35.071325
        ]
      },
      "properties": {
        "area_id": "MIE03-000528",
        "district_id": "MIE-03",
        "prefecture": "三重県",
        "city": "桑名市",
        "town": "大山田8丁目 第4区画",
        "postal_code": "5110903",
        "pattern_rule": "PATTERN_A_WHOLE",
        "color_code": "#ef4444"
      }
    },
    {
      "type": "Feature",
      "geometry": {
        "type": "Point",
        "coordinates": [
          136.67484,
          35.056652
        ]
      },
      "properties": {
        "area_id": "MIE03-000529",
        "district_id": "MIE-03",
        "prefecture": "三重県",
        "city": "桑名市",
        "town": "大山田1丁目 第5区画",
        "postal_code": "5110903",
        "pattern_rule": "PATTERN_A_WHOLE",
        "color_code": "#ef4444"
      }
    },
    {
      "type": "Feature",
      "geometry": {
        "type": "Point",
        "coordinates": [
          136.691216,
          35.067047
        ]
      },
      "properties": {
        "area_id": "MIE03-000530",
        "district_id": "MIE-03",
        "prefecture": "三重県",
        "city": "桑名市",
        "town": "大山田2丁目 第5区画",
        "postal_code": "5110903",
        "pattern_rule": "PATTERN_A_WHOLE",
        "color_code": "#ef4444"
      }
    },
    {
      "type": "Feature",
      "geometry": {
        "type": "Point",
        "coordinates": [
          136.668037,
          35.068749
        ]
      },
      "properties": {
        "area_id": "MIE03-000531",
        "district_id": "MIE-03",
        "prefecture": "三重県",
        "city": "桑名市",
        "town": "大山田3丁目 第5区画",
        "postal_code": "5110903",
        "pattern_rule": "PATTERN_A_WHOLE",
        "color_code": "#ef4444"
      }
    },
    {
      "type": "Feature",
      "geometry": {
        "type": "Point",
        "coordinates": [
          136.685602,
          35.052829
        ]
      },
      "properties": {
        "area_id": "MIE03-000532",
        "district_id": "MIE-03",
        "prefecture": "三重県",
        "city": "桑名市",
        "town": "大山田4丁目 第5区画",
        "postal_code": "5110903",
        "pattern_rule": "PATTERN_A_WHOLE",
        "color_code": "#ef4444"
      }
    },
    {
      "type": "Feature",
      "geometry": {
        "type": "Point",
        "coordinates": [
          136.6855,
          35.076692
        ]
      },
      "properties": {
        "area_id": "MIE03-000533",
        "district_id": "MIE-03",
        "prefecture": "三重県",
        "city": "桑名市",
        "town": "大山田5丁目 第5区画",
        "postal_code": "5110903",
        "pattern_rule": "PATTERN_A_WHOLE",
        "color_code": "#ef4444"
      }
    },
    {
      "type": "Feature",
      "geometry": {
        "type": "Point",
        "coordinates": [
          136.66446,
          35.057358
        ]
      },
      "properties": {
        "area_id": "MIE03-000534",
        "district_id": "MIE-03",
        "prefecture": "三重県",
        "city": "桑名市",
        "town": "大山田6丁目 第5区画",
        "postal_code": "5110903",
        "pattern_rule": "PATTERN_A_WHOLE",
        "color_code": "#ef4444"
      }
    },
    {
      "type": "Feature",
      "geometry": {
        "type": "Point",
        "coordinates": [
          136.698314,
          35.060011
        ]
      },
      "properties": {
        "area_id": "MIE03-000535",
        "district_id": "MIE-03",
        "prefecture": "三重県",
        "city": "桑名市",
        "town": "大山田7丁目 第5区画",
        "postal_code": "5110903",
        "pattern_rule": "PATTERN_A_WHOLE",
        "color_code": "#ef4444"
      }
    },
    {
      "type": "Feature",
      "geometry": {
        "type": "Point",
        "coordinates": [
          136.669039,
          35.078438
        ]
      },
      "properties": {
        "area_id": "MIE03-000536",
        "district_id": "MIE-03",
        "prefecture": "三重県",
        "city": "桑名市",
        "town": "大山田8丁目 第5区画",
        "postal_code": "5110903",
        "pattern_rule": "PATTERN_A_WHOLE",
        "color_code": "#ef4444"
      }
    },
    {
      "type": "Feature",
      "geometry": {
        "type": "Point",
        "coordinates": [
          136.676208,
          35.046176
        ]
      },
      "properties": {
        "area_id": "MIE03-000537",
        "district_id": "MIE-03",
        "prefecture": "三重県",
        "city": "桑名市",
        "town": "大山田1丁目 第6区画",
        "postal_code": "5110903",
        "pattern_rule": "PATTERN_A_WHOLE",
        "color_code": "#ef4444"
      }
    },
    {
      "type": "Feature",
      "geometry": {
        "type": "Point",
        "coordinates": [
          136.698469,
          35.07591
        ]
      },
      "properties": {
        "area_id": "MIE03-000538",
        "district_id": "MIE-03",
        "prefecture": "三重県",
        "city": "桑名市",
        "town": "大山田2丁目 第6区画",
        "postal_code": "5110903",
        "pattern_rule": "PATTERN_A_WHOLE",
        "color_code": "#ef4444"
      }
    },
    {
      "type": "Feature",
      "geometry": {
        "type": "Point",
        "coordinates": [
          136.655374,
          35.065895
        ]
      },
      "properties": {
        "area_id": "MIE03-000539",
        "district_id": "MIE-03",
        "prefecture": "三重県",
        "city": "桑名市",
        "town": "大山田3丁目 第6区画",
        "postal_code": "5110903",
        "pattern_rule": "PATTERN_A_WHOLE",
        "color_code": "#ef4444"
      }
    },
    {
      "type": "Feature",
      "geometry": {
        "type": "Point",
        "coordinates": [
          136.697673,
          35.048027
        ]
      },
      "properties": {
        "area_id": "MIE03-000540",
        "district_id": "MIE-03",
        "prefecture": "三重県",
        "city": "桑名市",
        "town": "大山田4丁目 第6区画",
        "postal_code": "5110903",
        "pattern_rule": "PATTERN_A_WHOLE",
        "color_code": "#ef4444"
      }
    },
    {
      "type": "Feature",
      "geometry": {
        "type": "Point",
        "coordinates": [
          136.68,
          35.0871
        ]
      },
      "properties": {
        "area_id": "MIE03-000541",
        "district_id": "MIE-03",
        "prefecture": "三重県",
        "city": "桑名市",
        "town": "大山田5丁目 第6区画",
        "postal_code": "5110903",
        "pattern_rule": "PATTERN_A_WHOLE",
        "color_code": "#ef4444"
      }
    },
    {
      "type": "Feature",
      "geometry": {
        "type": "Point",
        "coordinates": [
          136.660381,
          35.046258
        ]
      },
      "properties": {
        "area_id": "MIE03-000542",
        "district_id": "MIE-03",
        "prefecture": "三重県",
        "city": "桑名市",
        "town": "大山田6丁目 第6区画",
        "postal_code": "5110903",
        "pattern_rule": "PATTERN_A_WHOLE",
        "color_code": "#ef4444"
      }
    },
    {
      "type": "Feature",
      "geometry": {
        "type": "Point",
        "coordinates": [
          136.710364,
          35.066314
        ]
      },
      "properties": {
        "area_id": "MIE03-000543",
        "district_id": "MIE-03",
        "prefecture": "三重県",
        "city": "桑名市",
        "town": "大山田7丁目 第6区画",
        "postal_code": "5110903",
        "pattern_rule": "PATTERN_A_WHOLE",
        "color_code": "#ef4444"
      }
    },
    {
      "type": "Feature",
      "geometry": {
        "type": "Point",
        "coordinates": [
          136.654676,
          35.080293
        ]
      },
      "properties": {
        "area_id": "MIE03-000544",
        "district_id": "MIE-03",
        "prefecture": "三重県",
        "city": "桑名市",
        "town": "大山田8丁目 第6区画",
        "postal_code": "5110903",
        "pattern_rule": "PATTERN_A_WHOLE",
        "color_code": "#ef4444"
      }
    },
    {
      "type": "Feature",
      "geometry": {
        "type": "Point",
        "coordinates": [
          136.685793,
          35.036722
        ]
      },
      "properties": {
        "area_id": "MIE03-000545",
        "district_id": "MIE-03",
        "prefecture": "三重県",
        "city": "桑名市",
        "town": "大山田1丁目 第7区画",
        "postal_code": "5110903",
        "pattern_rule": "PATTERN_A_WHOLE",
        "color_code": "#ef4444"
      }
    },
    {
      "type": "Feature",
      "geometry": {
        "type": "Point",
        "coordinates": [
          136.698698,
          35.088558
        ]
      },
      "properties": {
        "area_id": "MIE03-000546",
        "district_id": "MIE-03",
        "prefecture": "三重県",
        "city": "桑名市",
        "town": "大山田2丁目 第7区画",
        "postal_code": "5110903",
        "pattern_rule": "PATTERN_A_WHOLE",
        "color_code": "#ef4444"
      }
    },
    {
      "type": "Feature",
      "geometry": {
        "type": "Point",
        "coordinates": [
          136.644995,
          35.056284
        ]
      },
      "properties": {
        "area_id": "MIE03-000547",
        "district_id": "MIE-03",
        "prefecture": "三重県",
        "city": "桑名市",
        "town": "大山田3丁目 第7区画",
        "postal_code": "5110903",
        "pattern_rule": "PATTERN_A_WHOLE",
        "color_code": "#ef4444"
      }
    },
    {
      "type": "Feature",
      "geometry": {
        "type": "Point",
        "coordinates": [
          136.713423,
          35.049601
        ]
      },
      "properties": {
        "area_id": "MIE03-000548",
        "district_id": "MIE-03",
        "prefecture": "三重県",
        "city": "桑名市",
        "town": "大山田4丁目 第7区画",
        "postal_code": "5110903",
        "pattern_rule": "PATTERN_A_WHOLE",
        "color_code": "#ef4444"
      }
    },
    {
      "type": "Feature",
      "geometry": {
        "type": "Point",
        "coordinates": [
          136.66662,
          35.094734
        ]
      },
      "properties": {
        "area_id": "MIE03-000549",
        "district_id": "MIE-03",
        "prefecture": "三重県",
        "city": "桑名市",
        "town": "大山田5丁目 第7区画",
        "postal_code": "5110903",
        "pattern_rule": "PATTERN_A_WHOLE",
        "color_code": "#ef4444"
      }
    },
    {
      "type": "Feature",
      "geometry": {
        "type": "Point",
        "coordinates": [
          136.664478,
          35.032873
        ]
      },
      "properties": {
        "area_id": "MIE03-000550",
        "district_id": "MIE-03",
        "prefecture": "三重県",
        "city": "桑名市",
        "town": "大山田6丁目 第7区画",
        "postal_code": "5110903",
        "pattern_rule": "PATTERN_A_WHOLE",
        "color_code": "#ef4444"
      }
    },
    {
      "type": "Feature",
      "geometry": {
        "type": "Point",
        "coordinates": [
          136.685438,
          35.066213
        ]
      },
      "properties": {
        "area_id": "MIE03-000551",
        "district_id": "MIE-03",
        "prefecture": "三重県",
        "city": "桑名市",
        "town": "大山田7丁目 第7区画",
        "postal_code": "5110903",
        "pattern_rule": "PATTERN_A_WHOLE",
        "color_code": "#ef4444"
      }
    },
    {
      "type": "Feature",
      "geometry": {
        "type": "Point",
        "coordinates": [
          136.672904,
          35.065964
        ]
      },
      "properties": {
        "area_id": "MIE03-000552",
        "district_id": "MIE-03",
        "prefecture": "三重県",
        "city": "桑名市",
        "town": "大山田8丁目 第7区画",
        "postal_code": "5110903",
        "pattern_rule": "PATTERN_A_WHOLE",
        "color_code": "#ef4444"
      }
    },
    {
      "type": "Feature",
      "geometry": {
        "type": "Point",
        "coordinates": [
          136.68444,
          35.057691
        ]
      },
      "properties": {
        "area_id": "MIE03-000553",
        "district_id": "MIE-03",
        "prefecture": "三重県",
        "city": "桑名市",
        "town": "大山田1丁目 第8区画",
        "postal_code": "5110903",
        "pattern_rule": "PATTERN_A_WHOLE",
        "color_code": "#ef4444"
      }
    },
    {
      "type": "Feature",
      "geometry": {
        "type": "Point",
        "coordinates": [
          136.682234,
          35.072496
        ]
      },
      "properties": {
        "area_id": "MIE03-000554",
        "district_id": "MIE-03",
        "prefecture": "三重県",
        "city": "桑名市",
        "town": "大山田2丁目 第8区画",
        "postal_code": "5110903",
        "pattern_rule": "PATTERN_A_WHOLE",
        "color_code": "#ef4444"
      }
    },
    {
      "type": "Feature",
      "geometry": {
        "type": "Point",
        "coordinates": [
          136.670367,
          35.058479
        ]
      },
      "properties": {
        "area_id": "MIE03-000555",
        "district_id": "MIE-03",
        "prefecture": "三重県",
        "city": "桑名市",
        "town": "大山田3丁目 第8区画",
        "postal_code": "5110903",
        "pattern_rule": "PATTERN_A_WHOLE",
        "color_code": "#ef4444"
      }
    },
    {
      "type": "Feature",
      "geometry": {
        "type": "Point",
        "coordinates": [
          136.693087,
          35.062664
        ]
      },
      "properties": {
        "area_id": "MIE03-000556",
        "district_id": "MIE-03",
        "prefecture": "三重県",
        "city": "桑名市",
        "town": "大山田4丁目 第8区画",
        "postal_code": "5110903",
        "pattern_rule": "PATTERN_A_WHOLE",
        "color_code": "#ef4444"
      }
    },
    {
      "type": "Feature",
      "geometry": {
        "type": "Point",
        "coordinates": [
          136.67059,
          35.073446
        ]
      },
      "properties": {
        "area_id": "MIE03-000557",
        "district_id": "MIE-03",
        "prefecture": "三重県",
        "city": "桑名市",
        "town": "大山田5丁目 第8区画",
        "postal_code": "5110903",
        "pattern_rule": "PATTERN_A_WHOLE",
        "color_code": "#ef4444"
      }
    },
    {
      "type": "Feature",
      "geometry": {
        "type": "Point",
        "coordinates": [
          136.679299,
          35.050713
        ]
      },
      "properties": {
        "area_id": "MIE03-000558",
        "district_id": "MIE-03",
        "prefecture": "三重県",
        "city": "桑名市",
        "town": "大山田6丁目 第8区画",
        "postal_code": "5110903",
        "pattern_rule": "PATTERN_A_WHOLE",
        "color_code": "#ef4444"
      }
    },
    {
      "type": "Feature",
      "geometry": {
        "type": "Point",
        "coordinates": [
          136.692389,
          35.074424
        ]
      },
      "properties": {
        "area_id": "MIE03-000559",
        "district_id": "MIE-03",
        "prefecture": "三重県",
        "city": "桑名市",
        "town": "大山田7丁目 第8区画",
        "postal_code": "5110903",
        "pattern_rule": "PATTERN_A_WHOLE",
        "color_code": "#ef4444"
      }
    },
    {
      "type": "Feature",
      "geometry": {
        "type": "Point",
        "coordinates": [
          136.661058,
          35.063411
        ]
      },
      "properties": {
        "area_id": "MIE03-000560",
        "district_id": "MIE-03",
        "prefecture": "三重県",
        "city": "桑名市",
        "town": "大山田8丁目 第8区画",
        "postal_code": "5110903",
        "pattern_rule": "PATTERN_A_WHOLE",
        "color_code": "#ef4444"
      }
    },
    {
      "type": "Feature",
      "geometry": {
        "type": "Point",
        "coordinates": [
          136.695627,
          35.053173
        ]
      },
      "properties": {
        "area_id": "MIE03-000561",
        "district_id": "MIE-03",
        "prefecture": "三重県",
        "city": "桑名市",
        "town": "大山田1丁目 第9区画",
        "postal_code": "5110903",
        "pattern_rule": "PATTERN_A_WHOLE",
        "color_code": "#ef4444"
      }
    },
    {
      "type": "Feature",
      "geometry": {
        "type": "Point",
        "coordinates": [
          136.677149,
          35.082144
        ]
      },
      "properties": {
        "area_id": "MIE03-000562",
        "district_id": "MIE-03",
        "prefecture": "三重県",
        "city": "桑名市",
        "town": "大山田2丁目 第9区画",
        "postal_code": "5110903",
        "pattern_rule": "PATTERN_A_WHOLE",
        "color_code": "#ef4444"
      }
    },
    {
      "type": "Feature",
      "geometry": {
        "type": "Point",
        "coordinates": [
          136.666647,
          35.048208
        ]
      },
      "properties": {
        "area_id": "MIE03-000563",
        "district_id": "MIE-03",
        "prefecture": "三重県",
        "city": "桑名市",
        "town": "大山田3丁目 第9区画",
        "postal_code": "5110903",
        "pattern_rule": "PATTERN_A_WHOLE",
        "color_code": "#ef4444"
      }
    },
    {
      "type": "Feature",
      "geometry": {
        "type": "Point",
        "coordinates": [
          136.704134,
          35.068559
        ]
      },
      "properties": {
        "area_id": "MIE03-000564",
        "district_id": "MIE-03",
        "prefecture": "三重県",
        "city": "桑名市",
        "town": "大山田4丁目 第9区画",
        "postal_code": "5110903",
        "pattern_rule": "PATTERN_A_WHOLE",
        "color_code": "#ef4444"
      }
    },
    {
      "type": "Feature",
      "geometry": {
        "type": "Point",
        "coordinates": [
          136.657345,
          35.075
        ]
      },
      "properties": {
        "area_id": "MIE03-000565",
        "district_id": "MIE-03",
        "prefecture": "三重県",
        "city": "桑名市",
        "town": "大山田5丁目 第9区画",
        "postal_code": "5110903",
        "pattern_rule": "PATTERN_A_WHOLE",
        "color_code": "#ef4444"
      }
    },
    {
      "type": "Feature",
      "geometry": {
        "type": "Point",
        "coordinates": [
          136.688299,
          35.042165
        ]
      },
      "properties": {
        "area_id": "MIE03-000566",
        "district_id": "MIE-03",
        "prefecture": "三重県",
        "city": "桑名市",
        "town": "大山田6丁目 第9区画",
        "postal_code": "5110903",
        "pattern_rule": "PATTERN_A_WHOLE",
        "color_code": "#ef4444"
      }
    },
    {
      "type": "Feature",
      "geometry": {
        "type": "Point",
        "coordinates": [
          136.692273,
          35.086033
        ]
      },
      "properties": {
        "area_id": "MIE03-000567",
        "district_id": "MIE-03",
        "prefecture": "三重県",
        "city": "桑名市",
        "town": "大山田7丁目 第9区画",
        "postal_code": "5110903",
        "pattern_rule": "PATTERN_A_WHOLE",
        "color_code": "#ef4444"
      }
    },
    {
      "type": "Feature",
      "geometry": {
        "type": "Point",
        "coordinates": [
          136.65184,
          35.05438
        ]
      },
      "properties": {
        "area_id": "MIE03-000568",
        "district_id": "MIE-03",
        "prefecture": "三重県",
        "city": "桑名市",
        "town": "大山田8丁目 第9区画",
        "postal_code": "5110903",
        "pattern_rule": "PATTERN_A_WHOLE",
        "color_code": "#ef4444"
      }
    },
    {
      "type": "Feature",
      "geometry": {
        "type": "Point",
        "coordinates": [
          136.709995,
          35.055002
        ]
      },
      "properties": {
        "area_id": "MIE03-000569",
        "district_id": "MIE-03",
        "prefecture": "三重県",
        "city": "桑名市",
        "town": "大山田1丁目 第10区画",
        "postal_code": "5110903",
        "pattern_rule": "PATTERN_A_WHOLE",
        "color_code": "#ef4444"
      }
    },
    {
      "type": "Feature",
      "geometry": {
        "type": "Point",
        "coordinates": [
          136.664596,
          35.088759
        ]
      },
      "properties": {
        "area_id": "MIE03-000570",
        "district_id": "MIE-03",
        "prefecture": "三重県",
        "city": "桑名市",
        "town": "大山田2丁目 第10区画",
        "postal_code": "5110903",
        "pattern_rule": "PATTERN_A_WHOLE",
        "color_code": "#ef4444"
      }
    },
    {
      "type": "Feature",
      "geometry": {
        "type": "Point",
        "coordinates": [
          136.670993,
          35.036088
        ]
      },
      "properties": {
        "area_id": "MIE03-000571",
        "district_id": "MIE-03",
        "prefecture": "三重県",
        "city": "桑名市",
        "town": "大山田3丁目 第10区画",
        "postal_code": "5110903",
        "pattern_rule": "PATTERN_A_WHOLE",
        "color_code": "#ef4444"
      }
    },
    {
      "type": "Feature",
      "geometry": {
        "type": "Point",
        "coordinates": [
          136.710565,
          35.080326
        ]
      },
      "properties": {
        "area_id": "MIE03-000572",
        "district_id": "MIE-03",
        "prefecture": "三重県",
        "city": "桑名市",
        "town": "大山田4丁目 第10区画",
        "postal_code": "5110903",
        "pattern_rule": "PATTERN_A_WHOLE",
        "color_code": "#ef4444"
      }
    },
    {
      "type": "Feature",
      "geometry": {
        "type": "Point",
        "coordinates": [
          136.642892,
          35.069553
        ]
      },
      "properties": {
        "area_id": "MIE03-000573",
        "district_id": "MIE-03",
        "prefecture": "三重県",
        "city": "桑名市",
        "town": "大山田5丁目 第10区画",
        "postal_code": "5110903",
        "pattern_rule": "PATTERN_A_WHOLE",
        "color_code": "#ef4444"
      }
    },
    {
      "type": "Feature",
      "geometry": {
        "type": "Point",
        "coordinates": [
          136.703815,
          35.038237
        ]
      },
      "properties": {
        "area_id": "MIE03-000574",
        "district_id": "MIE-03",
        "prefecture": "三重県",
        "city": "桑名市",
        "town": "大山田6丁目 第10区画",
        "postal_code": "5110903",
        "pattern_rule": "PATTERN_A_WHOLE",
        "color_code": "#ef4444"
      }
    },
    {
      "type": "Feature",
      "geometry": {
        "type": "Point",
        "coordinates": [
          136.683535,
          35.097771
        ]
      },
      "properties": {
        "area_id": "MIE03-000575",
        "district_id": "MIE-03",
        "prefecture": "三重県",
        "city": "桑名市",
        "town": "大山田7丁目 第10区画",
        "postal_code": "5110903",
        "pattern_rule": "PATTERN_A_WHOLE",
        "color_code": "#ef4444"
      }
    },
    {
      "type": "Feature",
      "geometry": {
        "type": "Point",
        "coordinates": [
          136.675576,
          35.060722
        ]
      },
      "properties": {
        "area_id": "MIE03-000576",
        "district_id": "MIE-03",
        "prefecture": "三重県",
        "city": "桑名市",
        "town": "大山田8丁目 第10区画",
        "postal_code": "5110903",
        "pattern_rule": "PATTERN_A_WHOLE",
        "color_code": "#ef4444"
      }
    },
    {
      "type": "Feature",
      "geometry": {
        "type": "Point",
        "coordinates": [
          136.68744,
          35.0641
        ]
      },
      "properties": {
        "area_id": "MIE03-000577",
        "district_id": "MIE-03",
        "prefecture": "三重県",
        "city": "桑名市",
        "town": "大山田1丁目 第11区画",
        "postal_code": "5110903",
        "pattern_rule": "PATTERN_A_WHOLE",
        "color_code": "#ef4444"
      }
    },
    {
      "type": "Feature",
      "geometry": {
        "type": "Point",
        "coordinates": [
          136.673453,
          35.069099
        ]
      },
      "properties": {
        "area_id": "MIE03-000578",
        "district_id": "MIE-03",
        "prefecture": "三重県",
        "city": "桑名市",
        "town": "大山田2丁目 第11区画",
        "postal_code": "5110903",
        "pattern_rule": "PATTERN_A_WHOLE",
        "color_code": "#ef4444"
      }
    },
    {
      "type": "Feature",
      "geometry": {
        "type": "Point",
        "coordinates": [
          136.680899,
          35.055533
        ]
      },
      "properties": {
        "area_id": "MIE03-000579",
        "district_id": "MIE-03",
        "prefecture": "三重県",
        "city": "桑名市",
        "town": "大山田3丁目 第11区画",
        "postal_code": "5110903",
        "pattern_rule": "PATTERN_A_WHOLE",
        "color_code": "#ef4444"
      }
    },
    {
      "type": "Feature",
      "geometry": {
        "type": "Point",
        "coordinates": [
          136.687159,
          35.071875
        ]
      },
      "properties": {
        "area_id": "MIE03-000580",
        "district_id": "MIE-03",
        "prefecture": "三重県",
        "city": "桑名市",
        "town": "大山田4丁目 第11区画",
        "postal_code": "5110903",
        "pattern_rule": "PATTERN_A_WHOLE",
        "color_code": "#ef4444"
      }
    },
    {
      "type": "Feature",
      "geometry": {
        "type": "Point",
        "coordinates": [
          136.667001,
          35.06219
        ]
      },
      "properties": {
        "area_id": "MIE03-000581",
        "district_id": "MIE-03",
        "prefecture": "三重県",
        "city": "桑名市",
        "town": "大山田5丁目 第11区画",
        "postal_code": "5110903",
        "pattern_rule": "PATTERN_A_WHOLE",
        "color_code": "#ef4444"
      }
    },
    {
      "type": "Feature",
      "geometry": {
        "type": "Point",
        "coordinates": [
          136.692347,
          35.057545
        ]
      },
      "properties": {
        "area_id": "MIE03-000582",
        "district_id": "MIE-03",
        "prefecture": "三重県",
        "city": "桑名市",
        "town": "大山田6丁目 第11区画",
        "postal_code": "5110903",
        "pattern_rule": "PATTERN_A_WHOLE",
        "color_code": "#ef4444"
      }
    },
    {
      "type": "Feature",
      "geometry": {
        "type": "Point",
        "coordinates": [
          136.675838,
          35.077043
        ]
      },
      "properties": {
        "area_id": "MIE03-000583",
        "district_id": "MIE-03",
        "prefecture": "三重県",
        "city": "桑名市",
        "town": "大山田7丁目 第11区画",
        "postal_code": "5110903",
        "pattern_rule": "PATTERN_A_WHOLE",
        "color_code": "#ef4444"
      }
    },
    {
      "type": "Feature",
      "geometry": {
        "type": "Point",
        "coordinates": [
          136.67191,
          35.05115
        ]
      },
      "properties": {
        "area_id": "MIE03-000584",
        "district_id": "MIE-03",
        "prefecture": "三重県",
        "city": "桑名市",
        "town": "大山田8丁目 第11区画",
        "postal_code": "5110903",
        "pattern_rule": "PATTERN_A_WHOLE",
        "color_code": "#ef4444"
      }
    },
    {
      "type": "Feature",
      "geometry": {
        "type": "Point",
        "coordinates": [
          136.697817,
          35.069504
        ]
      },
      "properties": {
        "area_id": "MIE03-000585",
        "district_id": "MIE-03",
        "prefecture": "三重県",
        "city": "桑名市",
        "town": "大山田1丁目 第12区画",
        "postal_code": "5110903",
        "pattern_rule": "PATTERN_A_WHOLE",
        "color_code": "#ef4444"
      }
    },
    {
      "type": "Feature",
      "geometry": {
        "type": "Point",
        "coordinates": [
          136.661153,
          35.070606
        ]
      },
      "properties": {
        "area_id": "MIE03-000586",
        "district_id": "MIE-03",
        "prefecture": "三重県",
        "city": "桑名市",
        "town": "大山田2丁目 第12区画",
        "postal_code": "5110903",
        "pattern_rule": "PATTERN_A_WHOLE",
        "color_code": "#ef4444"
      }
    },
    {
      "type": "Feature",
      "geometry": {
        "type": "Point",
        "coordinates": [
          136.68923,
          35.047605
        ]
      },
      "properties": {
        "area_id": "MIE03-000587",
        "district_id": "MIE-03",
        "prefecture": "三重県",
        "city": "桑名市",
        "town": "大山田3丁目 第12区画",
        "postal_code": "5110903",
        "pattern_rule": "PATTERN_A_WHOLE",
        "color_code": "#ef4444"
      }
    },
    {
      "type": "Feature",
      "geometry": {
        "type": "Point",
        "coordinates": [
          136.687,
          35.082602
        ]
      },
      "properties": {
        "area_id": "MIE03-000588",
        "district_id": "MIE-03",
        "prefecture": "三重県",
        "city": "桑名市",
        "town": "大山田4丁目 第12区画",
        "postal_code": "5110903",
        "pattern_rule": "PATTERN_A_WHOLE",
        "color_code": "#ef4444"
      }
    },
    {
      "type": "Feature",
      "geometry": {
        "type": "Point",
        "coordinates": [
          136.658592,
          35.0538
        ]
      },
      "properties": {
        "area_id": "MIE03-000589",
        "district_id": "MIE-03",
        "prefecture": "三重県",
        "city": "桑名市",
        "town": "大山田5丁目 第12区画",
        "postal_code": "5110903",
        "pattern_rule": "PATTERN_A_WHOLE",
        "color_code": "#ef4444"
      }
    },
    {
      "type": "Feature",
      "geometry": {
        "type": "Point",
        "coordinates": [
          136.70554,
          35.059382
        ]
      },
      "properties": {
        "area_id": "MIE03-000590",
        "district_id": "MIE-03",
        "prefecture": "三重県",
        "city": "桑名市",
        "town": "大山田6丁目 第12区画",
        "postal_code": "5110903",
        "pattern_rule": "PATTERN_A_WHOLE",
        "color_code": "#ef4444"
      }
    },
    {
      "type": "Feature",
      "geometry": {
        "type": "Point",
        "coordinates": [
          136.664169,
          35.08294
        ]
      },
      "properties": {
        "area_id": "MIE03-000591",
        "district_id": "MIE-03",
        "prefecture": "三重県",
        "city": "桑名市",
        "town": "大山田7丁目 第12区画",
        "postal_code": "5110903",
        "pattern_rule": "PATTERN_A_WHOLE",
        "color_code": "#ef4444"
      }
    },
    {
      "type": "Feature",
      "geometry": {
        "type": "Point",
        "coordinates": [
          136.67621,
          35.040107
        ]
      },
      "properties": {
        "area_id": "MIE03-000592",
        "district_id": "MIE-03",
        "prefecture": "三重県",
        "city": "桑名市",
        "town": "大山田8丁目 第12区画",
        "postal_code": "5110903",
        "pattern_rule": "PATTERN_A_WHOLE",
        "color_code": "#ef4444"
      }
    },
    {
      "type": "Feature",
      "geometry": {
        "type": "Point",
        "coordinates": [
          136.703349,
          35.080427
        ]
      },
      "properties": {
        "area_id": "MIE03-000593",
        "district_id": "MIE-03",
        "prefecture": "三重県",
        "city": "桑名市",
        "town": "大山田1丁目 第13区画",
        "postal_code": "5110903",
        "pattern_rule": "PATTERN_A_WHOLE",
        "color_code": "#ef4444"
      }
    },
    {
      "type": "Feature",
      "geometry": {
        "type": "Point",
        "coordinates": [
          136.64811,
          35.06526
        ]
      },
      "properties": {
        "area_id": "MIE03-000594",
        "district_id": "MIE-03",
        "prefecture": "三重県",
        "city": "桑名市",
        "town": "大山田2丁目 第13区画",
        "postal_code": "5110903",
        "pattern_rule": "PATTERN_A_WHOLE",
        "color_code": "#ef4444"
      }
    },
    {
      "type": "Feature",
      "geometry": {
        "type": "Point",
        "coordinates": [
          136.703589,
          35.044442
        ]
      },
      "properties": {
        "area_id": "MIE03-000595",
        "district_id": "MIE-03",
        "prefecture": "三重県",
        "city": "桑名市",
        "town": "大山田3丁目 第13区画",
        "postal_code": "5110903",
        "pattern_rule": "PATTERN_A_WHOLE",
        "color_code": "#ef4444"
      }
    },
    {
      "type": "Feature",
      "geometry": {
        "type": "Point",
        "coordinates": [
          136.678482,
          35.093072
        ]
      },
      "properties": {
        "area_id": "MIE03-000596",
        "district_id": "MIE-03",
        "prefecture": "三重県",
        "city": "桑名市",
        "town": "大山田4丁目 第13区画",
        "postal_code": "5110903",
        "pattern_rule": "PATTERN_A_WHOLE",
        "color_code": "#ef4444"
      }
    },
    {
      "type": "Feature",
      "geometry": {
        "type": "Point",
        "coordinates": [
          136.656705,
          35.040965
        ]
      },
      "properties": {
        "area_id": "MIE03-000597",
        "district_id": "MIE-03",
        "prefecture": "三重県",
        "city": "桑名市",
        "town": "大山田5丁目 第13区画",
        "postal_code": "5110903",
        "pattern_rule": "PATTERN_A_WHOLE",
        "color_code": "#ef4444"
      }
    },
    {
      "type": "Feature",
      "geometry": {
        "type": "Point",
        "coordinates": [
          136.717358,
          35.068199
        ]
      },
      "properties": {
        "area_id": "MIE03-000598",
        "district_id": "MIE-03",
        "prefecture": "三重県",
        "city": "桑名市",
        "town": "大山田6丁目 第13区画",
        "postal_code": "5110903",
        "pattern_rule": "PATTERN_A_WHOLE",
        "color_code": "#ef4444"
      }
    },
    {
      "type": "Feature",
      "geometry": {
        "type": "Point",
        "coordinates": [
          136.647955,
          35.082799
        ]
      },
      "properties": {
        "area_id": "MIE03-000599",
        "district_id": "MIE-03",
        "prefecture": "三重県",
        "city": "桑名市",
        "town": "大山田7丁目 第13区画",
        "postal_code": "5110903",
        "pattern_rule": "PATTERN_A_WHOLE",
        "color_code": "#ef4444"
      }
    },
    {
      "type": "Feature",
      "geometry": {
        "type": "Point",
        "coordinates": [
          136.688779,
          35.031101
        ]
      },
      "properties": {
        "area_id": "MIE03-000600",
        "district_id": "MIE-03",
        "prefecture": "三重県",
        "city": "桑名市",
        "town": "大山田8丁目 第13区画",
        "postal_code": "5110903",
        "pattern_rule": "PATTERN_A_WHOLE",
        "color_code": "#ef4444"
      }
    },
    {
      "type": "Feature",
      "geometry": {
        "type": "Point",
        "coordinates": [
          136.683,
          35.06843
        ]
      },
      "properties": {
        "area_id": "MIE03-000601",
        "district_id": "MIE-03",
        "prefecture": "三重県",
        "city": "桑名市",
        "town": "大山田1丁目 第14区画",
        "postal_code": "5110903",
        "pattern_rule": "PATTERN_A_WHOLE",
        "color_code": "#ef4444"
      }
    },
    {
      "type": "Feature",
      "geometry": {
        "type": "Point",
        "coordinates": [
          136.672904,
          35.062236
        ]
      },
      "properties": {
        "area_id": "MIE03-000602",
        "district_id": "MIE-03",
        "prefecture": "三重県",
        "city": "桑名市",
        "town": "大山田2丁目 第14区画",
        "postal_code": "5110903",
        "pattern_rule": "PATTERN_A_WHOLE",
        "color_code": "#ef4444"
      }
    },
    {
      "type": "Feature",
      "geometry": {
        "type": "Point",
        "coordinates": [
          136.688048,
          35.060973
        ]
      },
      "properties": {
        "area_id": "MIE03-000603",
        "district_id": "MIE-03",
        "prefecture": "三重県",
        "city": "桑名市",
        "town": "大山田3丁目 第14区画",
        "postal_code": "5110903",
        "pattern_rule": "PATTERN_A_WHOLE",
        "color_code": "#ef4444"
      }
    },
    {
      "type": "Feature",
      "geometry": {
        "type": "Point",
        "coordinates": [
          136.676051,
          35.072045
        ]
      },
      "properties": {
        "area_id": "MIE03-000604",
        "district_id": "MIE-03",
        "prefecture": "三重県",
        "city": "桑名市",
        "town": "大山田4丁目 第14区画",
        "postal_code": "5110903",
        "pattern_rule": "PATTERN_A_WHOLE",
        "color_code": "#ef4444"
      }
    },
    {
      "type": "Feature",
      "geometry": {
        "type": "Point",
        "coordinates": [
          136.675978,
          35.054891
        ]
      },
      "properties": {
        "area_id": "MIE03-000605",
        "district_id": "MIE-03",
        "prefecture": "三重県",
        "city": "桑名市",
        "town": "大山田5丁目 第14区画",
        "postal_code": "5110903",
        "pattern_rule": "PATTERN_A_WHOLE",
        "color_code": "#ef4444"
      }
    },
    {
      "type": "Feature",
      "geometry": {
        "type": "Point",
        "coordinates": [
          136.691709,
          35.069179
        ]
      },
      "properties": {
        "area_id": "MIE03-000606",
        "district_id": "MIE-03",
        "prefecture": "三重県",
        "city": "桑名市",
        "town": "大山田6丁目 第14区画",
        "postal_code": "5110903",
        "pattern_rule": "PATTERN_A_WHOLE",
        "color_code": "#ef4444"
      }
    },
    {
      "type": "Feature",
      "geometry": {
        "type": "Point",
        "coordinates": [
          136.665859,
          35.067258
        ]
      },
      "properties": {
        "area_id": "MIE03-000607",
        "district_id": "MIE-03",
        "prefecture": "三重県",
        "city": "桑名市",
        "town": "大山田7丁目 第14区画",
        "postal_code": "5110903",
        "pattern_rule": "PATTERN_A_WHOLE",
        "color_code": "#ef4444"
      }
    },
    {
      "type": "Feature",
      "geometry": {
        "type": "Point",
        "coordinates": [
          136.68864,
          35.052799
        ]
      },
      "properties": {
        "area_id": "MIE03-000608",
        "district_id": "MIE-03",
        "prefecture": "三重県",
        "city": "桑名市",
        "town": "大山田8丁目 第14区画",
        "postal_code": "5110903",
        "pattern_rule": "PATTERN_A_WHOLE",
        "color_code": "#ef4444"
      }
    },
    {
      "type": "Feature",
      "geometry": {
        "type": "Point",
        "coordinates": [
          136.683042,
          35.078478
        ]
      },
      "properties": {
        "area_id": "MIE03-000609",
        "district_id": "MIE-03",
        "prefecture": "三重県",
        "city": "桑名市",
        "town": "大山田1丁目 第15区画",
        "postal_code": "5110903",
        "pattern_rule": "PATTERN_A_WHOLE",
        "color_code": "#ef4444"
      }
    },
    {
      "type": "Feature",
      "geometry": {
        "type": "Point",
        "coordinates": [
          136.664958,
          35.054482
        ]
      },
      "properties": {
        "area_id": "MIE03-000610",
        "district_id": "MIE-03",
        "prefecture": "三重県",
        "city": "桑名市",
        "town": "大山田2丁目 第15区画",
        "postal_code": "5110903",
        "pattern_rule": "PATTERN_A_WHOLE",
        "color_code": "#ef4444"
      }
    },
    {
      "type": "Feature",
      "geometry": {
        "type": "Point",
        "coordinates": [
          136.700322,
          35.062618
        ]
      },
      "properties": {
        "area_id": "MIE03-000611",
        "district_id": "MIE-03",
        "prefecture": "三重県",
        "city": "桑名市",
        "town": "大山田3丁目 第15区画",
        "postal_code": "5110903",
        "pattern_rule": "PATTERN_A_WHOLE",
        "color_code": "#ef4444"
      }
    },
    {
      "type": "Feature",
      "geometry": {
        "type": "Point",
        "coordinates": [
          136.665245,
          35.077518
        ]
      },
      "properties": {
        "area_id": "MIE03-000612",
        "district_id": "MIE-03",
        "prefecture": "三重県",
        "city": "桑名市",
        "town": "大山田4丁目 第15区画",
        "postal_code": "5110903",
        "pattern_rule": "PATTERN_A_WHOLE",
        "color_code": "#ef4444"
      }
    },
    {
      "type": "Feature",
      "geometry": {
        "type": "Point",
        "coordinates": [
          136.68,
          35.0447
        ]
      },
      "properties": {
        "area_id": "MIE03-000613",
        "district_id": "MIE-03",
        "prefecture": "三重県",
        "city": "桑名市",
        "town": "大山田5丁目 第15区画",
        "postal_code": "5110903",
        "pattern_rule": "PATTERN_A_WHOLE",
        "color_code": "#ef4444"
      }
    },
    {
      "type": "Feature",
      "geometry": {
        "type": "Point",
        "coordinates": [
          136.696701,
          35.079288
        ]
      },
      "properties": {
        "area_id": "MIE03-000614",
        "district_id": "MIE-03",
        "prefecture": "三重県",
        "city": "桑名市",
        "town": "大山田6丁目 第15区画",
        "postal_code": "5110903",
        "pattern_rule": "PATTERN_A_WHOLE",
        "color_code": "#ef4444"
      }
    },
    {
      "type": "Feature",
      "geometry": {
        "type": "Point",
        "coordinates": [
          136.65394,
          35.0622
        ]
      },
      "properties": {
        "area_id": "MIE03-000615",
        "district_id": "MIE-03",
        "prefecture": "三重県",
        "city": "桑名市",
        "town": "大山田7丁目 第15区画",
        "postal_code": "5110903",
        "pattern_rule": "PATTERN_A_WHOLE",
        "color_code": "#ef4444"
      }
    },
    {
      "type": "Feature",
      "geometry": {
        "type": "Point",
        "coordinates": [
          136.701897,
          35.050098
        ]
      },
      "properties": {
        "area_id": "MIE03-000616",
        "district_id": "MIE-03",
        "prefecture": "三重県",
        "city": "桑名市",
        "town": "大山田8丁目 第15区画",
        "postal_code": "5110903",
        "pattern_rule": "PATTERN_A_WHOLE",
        "color_code": "#ef4444"
      }
    },
    {
      "type": "Feature",
      "geometry": {
        "type": "Point",
        "coordinates": [
          136.674957,
          35.087932
        ]
      },
      "properties": {
        "area_id": "MIE03-000617",
        "district_id": "MIE-03",
        "prefecture": "三重県",
        "city": "桑名市",
        "town": "大山田1丁目 第16区画",
        "postal_code": "5110903",
        "pattern_rule": "PATTERN_A_WHOLE",
        "color_code": "#ef4444"
      }
    },
    {
      "type": "Feature",
      "geometry": {
        "type": "Point",
        "coordinates": [
          136.663623,
          35.042678
        ]
      },
      "properties": {
        "area_id": "MIE03-000618",
        "district_id": "MIE-03",
        "prefecture": "三重県",
        "city": "桑名市",
        "town": "大山田2丁目 第16区画",
        "postal_code": "5110903",
        "pattern_rule": "PATTERN_A_WHOLE",
        "color_code": "#ef4444"
      }
    },
    {
      "type": "Feature",
      "geometry": {
        "type": "Point",
        "coordinates": [
          136.710832,
          35.070985
        ]
      },
      "properties": {
        "area_id": "MIE03-000619",
        "district_id": "MIE-03",
        "prefecture": "三重県",
        "city": "桑名市",
        "town": "大山田3丁目 第16区画",
        "postal_code": "5110903",
        "pattern_rule": "PATTERN_A_WHOLE",
        "color_code": "#ef4444"
      }
    },
    {
      "type": "Feature",
      "geometry": {
        "type": "Point",
        "coordinates": [
          136.650409,
          35.076937
        ]
      },
      "properties": {
        "area_id": "MIE03-000620",
        "district_id": "MIE-03",
        "prefecture": "三重県",
        "city": "桑名市",
        "town": "大山田4丁目 第16区画",
        "postal_code": "5110903",
        "pattern_rule": "PATTERN_A_WHOLE",
        "color_code": "#ef4444"
      }
    },
    {
      "type": "Feature",
      "geometry": {
        "type": "Point",
        "coordinates": [
          136.691902,
          35.036849
        ]
      },
      "properties": {
        "area_id": "MIE03-000621",
        "district_id": "MIE-03",
        "prefecture": "三重県",
        "city": "桑名市",
        "town": "大山田5丁目 第16区画",
        "postal_code": "5110903",
        "pattern_rule": "PATTERN_A_WHOLE",
        "color_code": "#ef4444"
      }
    },
    {
      "type": "Feature",
      "geometry": {
        "type": "Point",
        "coordinates": [
          136.693868,
          35.092001
        ]
      },
      "properties": {
        "area_id": "MIE03-000622",
        "district_id": "MIE-03",
        "prefecture": "三重県",
        "city": "桑名市",
        "town": "大山田6丁目 第16区画",
        "postal_code": "5110903",
        "pattern_rule": "PATTERN_A_WHOLE",
        "color_code": "#ef4444"
      }
    },
    {
      "type": "Feature",
      "geometry": {
        "type": "Point",
        "coordinates": [
          136.64585,
          35.05083
        ]
      },
      "properties": {
        "area_id": "MIE03-000623",
        "district_id": "MIE-03",
        "prefecture": "三重県",
        "city": "桑名市",
        "town": "大山田7丁目 第16区画",
        "postal_code": "5110903",
        "pattern_rule": "PATTERN_A_WHOLE",
        "color_code": "#ef4444"
      }
    },
    {
      "type": "Feature",
      "geometry": {
        "type": "Point",
        "coordinates": [
          136.717309,
          35.054297
        ]
      },
      "properties": {
        "area_id": "MIE03-000624",
        "district_id": "MIE-03",
        "prefecture": "三重県",
        "city": "桑名市",
        "town": "大山田8丁目 第16区画",
        "postal_code": "5110903",
        "pattern_rule": "PATTERN_A_WHOLE",
        "color_code": "#ef4444"
      }
    },
    {
      "type": "Feature",
      "geometry": {
        "type": "Point",
        "coordinates": [
          136.65972,
          35.093372
        ]
      },
      "properties": {
        "area_id": "MIE03-000625",
        "district_id": "MIE-03",
        "prefecture": "三重県",
        "city": "桑名市",
        "town": "大山田1丁目 第17区画",
        "postal_code": "5110903",
        "pattern_rule": "PATTERN_A_WHOLE",
        "color_code": "#ef4444"
      }
    },
    {
      "type": "Feature",
      "geometry": {
        "type": "Point",
        "coordinates": [
          136.678701,
          35.059219
        ]
      },
      "properties": {
        "area_id": "MIE03-000626",
        "district_id": "MIE-03",
        "prefecture": "三重県",
        "city": "桑名市",
        "town": "大山田2丁目 第17区画",
        "postal_code": "5110903",
        "pattern_rule": "PATTERN_A_WHOLE",
        "color_code": "#ef4444"
      }
    },
    {
      "type": "Feature",
      "geometry": {
        "type": "Point",
        "coordinates": [
          136.686094,
          35.067656
        ]
      },
      "properties": {
        "area_id": "MIE03-000627",
        "district_id": "MIE-03",
        "prefecture": "三重県",
        "city": "桑名市",
        "town": "大山田3丁目 第17区画",
        "postal_code": "5110903",
        "pattern_rule": "PATTERN_A_WHOLE",
        "color_code": "#ef4444"
      }
    },
    {
      "type": "Feature",
      "geometry": {
        "type": "Point",
        "coordinates": [
          136.671196,
          35.065066
        ]
      },
      "properties": {
        "area_id": "MIE03-000628",
        "district_id": "MIE-03",
        "prefecture": "三重県",
        "city": "桑名市",
        "town": "大山田4丁目 第17区画",
        "postal_code": "5110903",
        "pattern_rule": "PATTERN_A_WHOLE",
        "color_code": "#ef4444"
      }
    },
    {
      "type": "Feature",
      "geometry": {
        "type": "Point",
        "coordinates": [
          136.686634,
          35.057512
        ]
      },
      "properties": {
        "area_id": "MIE03-000629",
        "district_id": "MIE-03",
        "prefecture": "三重県",
        "city": "桑名市",
        "town": "大山田5丁目 第17区画",
        "postal_code": "5110903",
        "pattern_rule": "PATTERN_A_WHOLE",
        "color_code": "#ef4444"
      }
    },
    {
      "type": "Feature",
      "geometry": {
        "type": "Point",
        "coordinates": [
          136.680513,
          35.073891
        ]
      },
      "properties": {
        "area_id": "MIE03-000630",
        "district_id": "MIE-03",
        "prefecture": "三重県",
        "city": "桑名市",
        "town": "大山田6丁目 第17区画",
        "postal_code": "5110903",
        "pattern_rule": "PATTERN_A_WHOLE",
        "color_code": "#ef4444"
      }
    },
    {
      "type": "Feature",
      "geometry": {
        "type": "Point",
        "coordinates": [
          136.670666,
          35.056322
        ]
      },
      "properties": {
        "area_id": "MIE03-000631",
        "district_id": "MIE-03",
        "prefecture": "三重県",
        "city": "桑名市",
        "town": "大山田7丁目 第17区画",
        "postal_code": "5110903",
        "pattern_rule": "PATTERN_A_WHOLE",
        "color_code": "#ef4444"
      }
    },
    {
      "type": "Feature",
      "geometry": {
        "type": "Point",
        "coordinates": [
          136.694626,
          35.064632
        ]
      },
      "properties": {
        "area_id": "MIE03-000632",
        "district_id": "MIE-03",
        "prefecture": "三重県",
        "city": "桑名市",
        "town": "大山田8丁目 第17区画",
        "postal_code": "5110903",
        "pattern_rule": "PATTERN_A_WHOLE",
        "color_code": "#ef4444"
      }
    },
    {
      "type": "Feature",
      "geometry": {
        "type": "Point",
        "coordinates": [
          136.667682,
          35.072713
        ]
      },
      "properties": {
        "area_id": "MIE03-000633",
        "district_id": "MIE-03",
        "prefecture": "三重県",
        "city": "桑名市",
        "town": "大山田1丁目 第18区画",
        "postal_code": "5110903",
        "pattern_rule": "PATTERN_A_WHOLE",
        "color_code": "#ef4444"
      }
    },
    {
      "type": "Feature",
      "geometry": {
        "type": "Point",
        "coordinates": [
          136.682287,
          35.049625
        ]
      },
      "properties": {
        "area_id": "MIE03-000634",
        "district_id": "MIE-03",
        "prefecture": "三重県",
        "city": "桑名市",
        "town": "大山田2丁目 第18区画",
        "postal_code": "5110903",
        "pattern_rule": "PATTERN_A_WHOLE",
        "color_code": "#ef4444"
      }
    },
    {
      "type": "Feature",
      "geometry": {
        "type": "Point",
        "coordinates": [
          136.690875,
          35.077043
        ]
      },
      "properties": {
        "area_id": "MIE03-000635",
        "district_id": "MIE-03",
        "prefecture": "三重県",
        "city": "桑名市",
        "town": "大山田3丁目 第18区画",
        "postal_code": "5110903",
        "pattern_rule": "PATTERN_A_WHOLE",
        "color_code": "#ef4444"
      }
    },
    {
      "type": "Feature",
      "geometry": {
        "type": "Point",
        "coordinates": [
          136.660084,
          35.060421
        ]
      },
      "properties": {
        "area_id": "MIE03-000636",
        "district_id": "MIE-03",
        "prefecture": "三重県",
        "city": "桑名市",
        "town": "大山田4丁目 第18区画",
        "postal_code": "5110903",
        "pattern_rule": "PATTERN_A_WHOLE",
        "color_code": "#ef4444"
      }
    },
    {
      "type": "Feature",
      "geometry": {
        "type": "Point",
        "coordinates": [
          136.698914,
          35.055
        ]
      },
      "properties": {
        "area_id": "MIE03-000637",
        "district_id": "MIE-03",
        "prefecture": "三重県",
        "city": "桑名市",
        "town": "大山田5丁目 第18区画",
        "postal_code": "5110903",
        "pattern_rule": "PATTERN_A_WHOLE",
        "color_code": "#ef4444"
      }
    },
    {
      "type": "Feature",
      "geometry": {
        "type": "Point",
        "coordinates": [
          136.673,
          35.082602
        ]
      },
      "properties": {
        "area_id": "MIE03-000638",
        "district_id": "MIE-03",
        "prefecture": "三重県",
        "city": "桑名市",
        "town": "大山田6丁目 第18区画",
        "postal_code": "5110903",
        "pattern_rule": "PATTERN_A_WHOLE",
        "color_code": "#ef4444"
      }
    },
    {
      "type": "Feature",
      "geometry": {
        "type": "Point",
        "coordinates": [
          136.669553,
          35.04543
        ]
      },
      "properties": {
        "area_id": "MIE03-000639",
        "district_id": "MIE-03",
        "prefecture": "三重県",
        "city": "桑名市",
        "town": "大山田7丁目 第18区画",
        "postal_code": "5110903",
        "pattern_rule": "PATTERN_A_WHOLE",
        "color_code": "#ef4444"
      }
    },
    {
      "type": "Feature",
      "geometry": {
        "type": "Point",
        "coordinates": [
          136.704169,
          35.072442
        ]
      },
      "properties": {
        "area_id": "MIE03-000640",
        "district_id": "MIE-03",
        "prefecture": "三重県",
        "city": "桑名市",
        "town": "大山田8丁目 第18区画",
        "postal_code": "5110903",
        "pattern_rule": "PATTERN_A_WHOLE",
        "color_code": "#ef4444"
      }
    },
    {
      "type": "Feature",
      "geometry": {
        "type": "Point",
        "coordinates": [
          136.654064,
          35.071966
        ]
      },
      "properties": {
        "area_id": "MIE03-000641",
        "district_id": "MIE-03",
        "prefecture": "三重県",
        "city": "桑名市",
        "town": "大山田1丁目 第19区画",
        "postal_code": "5110903",
        "pattern_rule": "PATTERN_A_WHOLE",
        "color_code": "#ef4444"
      }
    },
    {
      "type": "Feature",
      "geometry": {
        "type": "Point",
        "coordinates": [
          136.693409,
          35.042634
        ]
      },
      "properties": {
        "area_id": "MIE03-000642",
        "district_id": "MIE-03",
        "prefecture": "三重県",
        "city": "桑名市",
        "town": "大山田2丁目 第19区画",
        "postal_code": "5110903",
        "pattern_rule": "PATTERN_A_WHOLE",
        "color_code": "#ef4444"
      }
    },
    {
      "type": "Feature",
      "geometry": {
        "type": "Point",
        "coordinates": [
          136.687889,
          35.088635
        ]
      },
      "properties": {
        "area_id": "MIE03-000643",
        "district_id": "MIE-03",
        "prefecture": "三重県",
        "city": "桑名市",
        "town": "大山田3丁目 第19区画",
        "postal_code": "5110903",
        "pattern_rule": "PATTERN_A_WHOLE",
        "color_code": "#ef4444"
      }
    },
    {
      "type": "Feature",
      "geometry": {
        "type": "Point",
        "coordinates": [
          136.653079,
          35.049808
        ]
      },
      "properties": {
        "area_id": "MIE03-000644",
        "district_id": "MIE-03",
        "prefecture": "三重県",
        "city": "桑名市",
        "town": "大山田4丁目 第19区画",
        "postal_code": "5110903",
        "pattern_rule": "PATTERN_A_WHOLE",
        "color_code": "#ef4444"
      }
    },
    {
      "type": "Feature",
      "geometry": {
        "type": "Point",
        "coordinates": [
          136.712853,
          35.059273
        ]
      },
      "properties": {
        "area_id": "MIE03-000645",
        "district_id": "MIE-03",
        "prefecture": "三重県",
        "city": "桑名市",
        "town": "大山田5丁目 第19区画",
        "postal_code": "5110903",
        "pattern_rule": "PATTERN_A_WHOLE",
        "color_code": "#ef4444"
      }
    },
    {
      "type": "Feature",
      "geometry": {
        "type": "Point",
        "coordinates": [
          136.658815,
          35.087107
        ]
      },
      "properties": {
        "area_id": "MIE03-000646",
        "district_id": "MIE-03",
        "prefecture": "三重県",
        "city": "桑名市",
        "town": "大山田6丁目 第19区画",
        "postal_code": "5110903",
        "pattern_rule": "PATTERN_A_WHOLE",
        "color_code": "#ef4444"
      }
    },
    {
      "type": "Feature",
      "geometry": {
        "type": "Point",
        "coordinates": [
          136.676841,
          35.034015
        ]
      },
      "properties": {
        "area_id": "MIE03-000647",
        "district_id": "MIE-03",
        "prefecture": "三重県",
        "city": "桑名市",
        "town": "大山田7丁目 第19区画",
        "postal_code": "5110903",
        "pattern_rule": "PATTERN_A_WHOLE",
        "color_code": "#ef4444"
      }
    },
    {
      "type": "Feature",
      "geometry": {
        "type": "Point",
        "coordinates": [
          136.707781,
          35.085314
        ]
      },
      "properties": {
        "area_id": "MIE03-000648",
        "district_id": "MIE-03",
        "prefecture": "三重県",
        "city": "桑名市",
        "town": "大山田8丁目 第19区画",
        "postal_code": "5110903",
        "pattern_rule": "PATTERN_A_WHOLE",
        "color_code": "#ef4444"
      }
    },
    {
      "type": "Feature",
      "geometry": {
        "type": "Point",
        "coordinates": [
          136.64088,
          35.0641
        ]
      },
      "properties": {
        "area_id": "MIE03-000649",
        "district_id": "MIE-03",
        "prefecture": "三重県",
        "city": "桑名市",
        "town": "大山田1丁目 第20区画",
        "postal_code": "5110903",
        "pattern_rule": "PATTERN_A_WHOLE",
        "color_code": "#ef4444"
      }
    },
    {
      "type": "Feature",
      "geometry": {
        "type": "Point",
        "coordinates": [
          136.709904,
          35.041265
        ]
      },
      "properties": {
        "area_id": "MIE03-000650",
        "district_id": "MIE-03",
        "prefecture": "三重県",
        "city": "桑名市",
        "town": "大山田2丁目 第20区画",
        "postal_code": "5110903",
        "pattern_rule": "PATTERN_A_WHOLE",
        "color_code": "#ef4444"
      }
    },
    {
      "type": "Feature",
      "geometry": {
        "type": "Point",
        "coordinates": [
          136.679477,
          35.069081
        ]
      },
      "properties": {
        "area_id": "MIE03-000651",
        "district_id": "MIE-03",
        "prefecture": "三重県",
        "city": "桑名市",
        "town": "大山田3丁目 第20区画",
        "postal_code": "5110903",
        "pattern_rule": "PATTERN_A_WHOLE",
        "color_code": "#ef4444"
      }
    },
    {
      "type": "Feature",
      "geometry": {
        "type": "Point",
        "coordinates": [
          136.675471,
          35.059181
        ]
      },
      "properties": {
        "area_id": "MIE03-000652",
        "district_id": "MIE-03",
        "prefecture": "三重県",
        "city": "桑名市",
        "town": "大山田4丁目 第20区画",
        "postal_code": "5110903",
        "pattern_rule": "PATTERN_A_WHOLE",
        "color_code": "#ef4444"
      }
    },
    {
      "type": "Feature",
      "geometry": {
        "type": "Point",
        "coordinates": [
          136.688745,
          35.065385
        ]
      },
      "properties": {
        "area_id": "MIE03-000653",
        "district_id": "MIE-03",
        "prefecture": "三重県",
        "city": "桑名市",
        "town": "大山田5丁目 第20区画",
        "postal_code": "5110903",
        "pattern_rule": "PATTERN_A_WHOLE",
        "color_code": "#ef4444"
      }
    },
    {
      "type": "Feature",
      "geometry": {
        "type": "Point",
        "coordinates": [
          136.671296,
          35.068721
        ]
      },
      "properties": {
        "area_id": "MIE03-000654",
        "district_id": "MIE-03",
        "prefecture": "三重県",
        "city": "桑名市",
        "town": "大山田6丁目 第20区画",
        "postal_code": "5110903",
        "pattern_rule": "PATTERN_A_WHOLE",
        "color_code": "#ef4444"
      }
    },
    {
      "type": "Feature",
      "geometry": {
        "type": "Point",
        "coordinates": [
          136.683044,
          35.054634
        ]
      },
      "properties": {
        "area_id": "MIE03-000655",
        "district_id": "MIE-03",
        "prefecture": "三重県",
        "city": "桑名市",
        "town": "大山田7丁目 第20区画",
        "postal_code": "5110903",
        "pattern_rule": "PATTERN_A_WHOLE",
        "color_code": "#ef4444"
      }
    },
    {
      "type": "Feature",
      "geometry": {
        "type": "Point",
        "coordinates": [
          136.686095,
          35.073857
        ]
      },
      "properties": {
        "area_id": "MIE03-000656",
        "district_id": "MIE-03",
        "prefecture": "三重県",
        "city": "桑名市",
        "town": "大山田8丁目 第20区画",
        "postal_code": "5110903",
        "pattern_rule": "PATTERN_A_WHOLE",
        "color_code": "#ef4444"
      }
    },
    {
      "type": "Feature",
      "geometry": {
        "type": "Point",
        "coordinates": [
          136.666243,
          35.059927
        ]
      },
      "properties": {
        "area_id": "MIE03-000657",
        "district_id": "MIE-03",
        "prefecture": "三重県",
        "city": "桑名市",
        "town": "大山田1丁目",
        "postal_code": "5110903",
        "pattern_rule": "PATTERN_A_WHOLE",
        "color_code": "#ef4444"
      }
    },
    {
      "type": "Feature",
      "geometry": {
        "type": "Point",
        "coordinates": [
          136.694856,
          35.058972
        ]
      },
      "properties": {
        "area_id": "MIE03-000658",
        "district_id": "MIE-03",
        "prefecture": "三重県",
        "city": "桑名市",
        "town": "大山田2丁目",
        "postal_code": "5110903",
        "pattern_rule": "PATTERN_A_WHOLE",
        "color_code": "#ef4444"
      }
    },
    {
      "type": "Feature",
      "geometry": {
        "type": "Point",
        "coordinates": [
          136.672596,
          35.077332
        ]
      },
      "properties": {
        "area_id": "MIE03-000659",
        "district_id": "MIE-03",
        "prefecture": "三重県",
        "city": "桑名市",
        "town": "大山田3丁目",
        "postal_code": "5110903",
        "pattern_rule": "PATTERN_A_WHOLE",
        "color_code": "#ef4444"
      }
    },
    {
      "type": "Feature",
      "geometry": {
        "type": "Point",
        "coordinates": [
          136.674299,
          35.049031
        ]
      },
      "properties": {
        "area_id": "MIE03-000660",
        "district_id": "MIE-03",
        "prefecture": "三重県",
        "city": "桑名市",
        "town": "大山田4丁目",
        "postal_code": "5110903",
        "pattern_rule": "PATTERN_A_WHOLE",
        "color_code": "#ef4444"
      }
    },
    {
      "type": "Feature",
      "geometry": {
        "type": "Point",
        "coordinates": [
          136.697667,
          35.0726
        ]
      },
      "properties": {
        "area_id": "MIE03-000661",
        "district_id": "MIE-03",
        "prefecture": "三重県",
        "city": "桑名市",
        "town": "大山田5丁目",
        "postal_code": "5110903",
        "pattern_rule": "PATTERN_A_WHOLE",
        "color_code": "#ef4444"
      }
    },
    {
      "type": "Feature",
      "geometry": {
        "type": "Point",
        "coordinates": [
          136.658678,
          35.068039
        ]
      },
      "properties": {
        "area_id": "MIE03-000662",
        "district_id": "MIE-03",
        "prefecture": "三重県",
        "city": "桑名市",
        "town": "大山田6丁目",
        "postal_code": "5110903",
        "pattern_rule": "PATTERN_A_WHOLE",
        "color_code": "#ef4444"
      }
    },
    {
      "type": "Feature",
      "geometry": {
        "type": "Point",
        "coordinates": [
          136.693353,
          35.048208
        ]
      },
      "properties": {
        "area_id": "MIE03-000663",
        "district_id": "MIE-03",
        "prefecture": "三重県",
        "city": "桑名市",
        "town": "大山田7丁目",
        "postal_code": "5110903",
        "pattern_rule": "PATTERN_A_WHOLE",
        "color_code": "#ef4444"
      }
    },
    {
      "type": "Feature",
      "geometry": {
        "type": "Point",
        "coordinates": [
          136.683227,
          35.084524
        ]
      },
      "properties": {
        "area_id": "MIE03-000664",
        "district_id": "MIE-03",
        "prefecture": "三重県",
        "city": "桑名市",
        "town": "大山田8丁目",
        "postal_code": "5110903",
        "pattern_rule": "PATTERN_A_WHOLE",
        "color_code": "#ef4444"
      }
    },
    {
      "type": "Feature",
      "geometry": {
        "type": "Point",
        "coordinates": [
          136.65996,
          35.050087
        ]
      },
      "properties": {
        "area_id": "MIE03-000665",
        "district_id": "MIE-03",
        "prefecture": "三重県",
        "city": "桑名市",
        "town": "長島町駒江 第2区画",
        "postal_code": "5111144",
        "pattern_rule": "PATTERN_A_WHOLE",
        "color_code": "#ef4444"
      }
    },
    {
      "type": "Feature",
      "geometry": {
        "type": "Point",
        "coordinates": [
          136.707574,
          35.063097
        ]
      },
      "properties": {
        "area_id": "MIE03-000666",
        "district_id": "MIE-03",
        "prefecture": "三重県",
        "city": "桑名市",
        "town": "長島町駒江 第3区画",
        "postal_code": "5111144",
        "pattern_rule": "PATTERN_A_WHOLE",
        "color_code": "#ef4444"
      }
    },
    {
      "type": "Feature",
      "geometry": {
        "type": "Point",
        "coordinates": [
          136.659466,
          35.081212
        ]
      },
      "properties": {
        "area_id": "MIE03-000667",
        "district_id": "MIE-03",
        "prefecture": "三重県",
        "city": "桑名市",
        "town": "長島町駒江 第4区画",
        "postal_code": "5111144",
        "pattern_rule": "PATTERN_A_WHOLE",
        "color_code": "#ef4444"
      }
    },
    {
      "type": "Feature",
      "geometry": {
        "type": "Point",
        "coordinates": [
          136.68133,
          35.038724
        ]
      },
      "properties": {
        "area_id": "MIE03-000668",
        "district_id": "MIE-03",
        "prefecture": "三重県",
        "city": "桑名市",
        "town": "長島町駒江 第5区画",
        "postal_code": "5111144",
        "pattern_rule": "PATTERN_A_WHOLE",
        "color_code": "#ef4444"
      }
    },
    {
      "type": "Feature",
      "geometry": {
        "type": "Point",
        "coordinates": [
          136.700518,
          35.084477
        ]
      },
      "properties": {
        "area_id": "MIE03-000669",
        "district_id": "MIE-03",
        "prefecture": "三重県",
        "city": "桑名市",
        "town": "長島町駒江 第6区画",
        "postal_code": "5111144",
        "pattern_rule": "PATTERN_A_WHOLE",
        "color_code": "#ef4444"
      }
    },
    {
      "type": "Feature",
      "geometry": {
        "type": "Point",
        "coordinates": [
          136.646925,
          35.060471
        ]
      },
      "properties": {
        "area_id": "MIE03-000670",
        "district_id": "MIE-03",
        "prefecture": "三重県",
        "city": "桑名市",
        "town": "長島町駒江 第7区画",
        "postal_code": "5111144",
        "pattern_rule": "PATTERN_A_WHOLE",
        "color_code": "#ef4444"
      }
    },
    {
      "type": "Feature",
      "geometry": {
        "type": "Point",
        "coordinates": [
          136.708506,
          35.047466
        ]
      },
      "properties": {
        "area_id": "MIE03-000671",
        "district_id": "MIE-03",
        "prefecture": "三重県",
        "city": "桑名市",
        "town": "長島町駒江 第8区画",
        "postal_code": "5111144",
        "pattern_rule": "PATTERN_A_WHOLE",
        "color_code": "#ef4444"
      }
    },
    {
      "type": "Feature",
      "geometry": {
        "type": "Point",
        "coordinates": [
          136.672156,
          35.093584
        ]
      },
      "properties": {
        "area_id": "MIE03-000672",
        "district_id": "MIE-03",
        "prefecture": "三重県",
        "city": "桑名市",
        "town": "長島町駒江 第9区画",
        "postal_code": "5111144",
        "pattern_rule": "PATTERN_A_WHOLE",
        "color_code": "#ef4444"
      }
    },
    {
      "type": "Feature",
      "geometry": {
        "type": "Point",
        "coordinates": [
          136.66116,
          35.036907
        ]
      },
      "properties": {
        "area_id": "MIE03-000673",
        "district_id": "MIE-03",
        "prefecture": "三重県",
        "city": "桑名市",
        "town": "長島町駒江 第10区画",
        "postal_code": "5111144",
        "pattern_rule": "PATTERN_A_WHOLE",
        "color_code": "#ef4444"
      }
    },
    {
      "type": "Feature",
      "geometry": {
        "type": "Point",
        "coordinates": [
          136.717309,
          35.073903
        ]
      },
      "properties": {
        "area_id": "MIE03-000674",
        "district_id": "MIE-03",
        "prefecture": "三重県",
        "city": "桑名市",
        "town": "長島町駒江 第11区画",
        "postal_code": "5111144",
        "pattern_rule": "PATTERN_A_WHOLE",
        "color_code": "#ef4444"
      }
    },
    {
      "type": "Feature",
      "geometry": {
        "type": "Point",
        "coordinates": [
          136.64324,
          35.078384
        ]
      },
      "properties": {
        "area_id": "MIE03-000675",
        "district_id": "MIE-03",
        "prefecture": "三重県",
        "city": "桑名市",
        "town": "長島町駒江 第12区画",
        "postal_code": "5111144",
        "pattern_rule": "PATTERN_A_WHOLE",
        "color_code": "#ef4444"
      }
    },
    {
      "type": "Feature",
      "geometry": {
        "type": "Point",
        "coordinates": [
          136.682296,
          35.059481
        ]
      },
      "properties": {
        "area_id": "MIE03-000676",
        "district_id": "MIE-03",
        "prefecture": "三重県",
        "city": "桑名市",
        "town": "長島町駒江 第13区画",
        "postal_code": "5111144",
        "pattern_rule": "PATTERN_A_WHOLE",
        "color_code": "#ef4444"
      }
    },
    {
      "type": "Feature",
      "geometry": {
        "type": "Point",
        "coordinates": [
          136.682545,
          35.069926
        ]
      },
      "properties": {
        "area_id": "MIE03-000677",
        "district_id": "MIE-03",
        "prefecture": "三重県",
        "city": "桑名市",
        "town": "長島町駒江 第14区画",
        "postal_code": "5111144",
        "pattern_rule": "PATTERN_A_WHOLE",
        "color_code": "#ef4444"
      }
    },
    {
      "type": "Feature",
      "geometry": {
        "type": "Point",
        "coordinates": [
          136.672123,
          35.060683
        ]
      },
      "properties": {
        "area_id": "MIE03-000678",
        "district_id": "MIE-03",
        "prefecture": "三重県",
        "city": "桑名市",
        "town": "長島町駒江 第15区画",
        "postal_code": "5111144",
        "pattern_rule": "PATTERN_A_WHOLE",
        "color_code": "#ef4444"
      }
    },
    {
      "type": "Feature",
      "geometry": {
        "type": "Point",
        "coordinates": [
          136.689968,
          35.061874
        ]
      },
      "properties": {
        "area_id": "MIE03-000679",
        "district_id": "MIE-03",
        "prefecture": "三重県",
        "city": "桑名市",
        "town": "長島町駒江 第16区画",
        "postal_code": "5111144",
        "pattern_rule": "PATTERN_A_WHOLE",
        "color_code": "#ef4444"
      }
    },
    {
      "type": "Feature",
      "geometry": {
        "type": "Point",
        "coordinates": [
          136.673681,
          35.072365
        ]
      },
      "properties": {
        "area_id": "MIE03-000680",
        "district_id": "MIE-03",
        "prefecture": "三重県",
        "city": "桑名市",
        "town": "長島町駒江 第17区画",
        "postal_code": "5111144",
        "pattern_rule": "PATTERN_A_WHOLE",
        "color_code": "#ef4444"
      }
    },
    {
      "type": "Feature",
      "geometry": {
        "type": "Point",
        "coordinates": [
          136.677708,
          35.053267
        ]
      },
      "properties": {
        "area_id": "MIE03-000681",
        "district_id": "MIE-03",
        "prefecture": "三重県",
        "city": "桑名市",
        "town": "長島町駒江 第18区画",
        "postal_code": "5111144",
        "pattern_rule": "PATTERN_A_WHOLE",
        "color_code": "#ef4444"
      }
    },
    {
      "type": "Feature",
      "geometry": {
        "type": "Point",
        "coordinates": [
          136.691615,
          35.071527
        ]
      },
      "properties": {
        "area_id": "MIE03-000682",
        "district_id": "MIE-03",
        "prefecture": "三重県",
        "city": "桑名市",
        "town": "長島町駒江 第19区画",
        "postal_code": "5111144",
        "pattern_rule": "PATTERN_A_WHOLE",
        "color_code": "#ef4444"
      }
    },
    {
      "type": "Feature",
      "geometry": {
        "type": "Point",
        "coordinates": [
          136.663981,
          35.065268
        ]
      },
      "properties": {
        "area_id": "MIE03-000683",
        "district_id": "MIE-03",
        "prefecture": "三重県",
        "city": "桑名市",
        "town": "長島町駒江 第20区画",
        "postal_code": "5111144",
        "pattern_rule": "PATTERN_A_WHOLE",
        "color_code": "#ef4444"
      }
    },
    {
      "type": "Feature",
      "geometry": {
        "type": "Point",
        "coordinates": [
          136.691836,
          35.053336
        ]
      },
      "properties": {
        "area_id": "MIE03-000684",
        "district_id": "MIE-03",
        "prefecture": "三重県",
        "city": "桑名市",
        "town": "長島町駒江",
        "postal_code": "5111144",
        "pattern_rule": "PATTERN_A_WHOLE",
        "color_code": "#ef4444"
      }
    }
  ]
}