{
  "type": "FeatureCollection",
  "features": [
    {
      "type": "Feature",
      "geometry": {
        "type": "Point",
        "coordinates": [
          136.632056,
          34.963176
        ]
      },
      "properties": {
        "municipality_code": "24202",
        "city_name": "四日市市",
        "town_name": "相生町",
        "full_address": "四日市市 相生町",
        "postal_code": "5100044",
        "source": "yokkaisi_MIE03_only.csv"
      }
    },
    {
      "type": "Feature",
      "geometry": {
        "type": "Point",
        "coordinates": [
          136.581493,
          34.97067
        ]
      },
      "properties": {
        "municipality_code": "24202",
        "city_name": "四日市市",
        "town_name": "青葉町",
        "full_address": "四日市市 青葉町",
        "postal_code": "5100839",
        "source": "yokkaisi_MIE03_only.csv"
      }
    },
    {
      "type": "Feature",
      "geometry": {
        "type": "Point",
        "coordinates": [
          136.570623,
          35.022263
        ]
      },
      "properties": {
        "municipality_code": "24202",
        "city_name": "四日市市",
        "town_name": "あがたが丘一丁目",
        "full_address": "四日市市 あがたが丘一丁目",
        "postal_code": "5121202",
        "source": "yokkaisi_MIE03_only.csv"
      }
    },
    {
      "type": "Feature",
      "geometry": {
        "type": "Point",
        "coordinates": [
          136.569044,
          35.024293
        ]
      },
      "properties": {
        "municipality_code": "24202",
        "city_name": "四日市市",
        "town_name": "あがたが丘二丁目",
        "full_address": "四日市市 あがたが丘二丁目",
        "postal_code": "5121202",
        "source": "yokkaisi_MIE03_only.csv"
      }
    },
    {
      "type": "Feature",
      "geometry": {
        "type": "Point",
        "coordinates": [
          136.566012,
          35.024863
        ]
      },
      "properties": {
        "municipality_code": "24202",
        "city_name": "四日市市",
        "town_name": "あがたが丘三丁目",
        "full_address": "四日市市 あがたが丘三丁目",
        "postal_code": "5121202",
        "source": "yokkaisi_MIE03_only.csv"
      }
    },
    {
      "type": "Feature",
      "geometry": {
        "type": "Point",
        "coordinates": [
          136.598979,
          35.024245
        ]
      },
      "properties": {
        "municipality_code": "24202",
        "city_name": "四日市市",
        "town_name": "あかつき台一丁目",
        "full_address": "四日市市 あかつき台一丁目",
        "postal_code": "5128046",
        "source": "yokkaisi_MIE03_only.csv"
      }
    },
    {
      "type": "Feature",
      "geometry": {
        "type": "Point",
        "coordinates": [
          136.599898,
          35.026783
        ]
      },
      "properties": {
        "municipality_code": "24202",
        "city_name": "四日市市",
        "town_name": "あかつき台二丁目",
        "full_address": "四日市市 あかつき台二丁目",
        "postal_code": "5128046",
        "source": "yokkaisi_MIE03_only.csv"
      }
    },
    {
      "type": "Feature",
      "geometry": {
        "type": "Point",
        "coordinates": [
          136.597945,
          35.028594
        ]
      },
      "properties": {
        "municipality_code": "24202",
        "city_name": "四日市市",
        "town_name": "あかつき台三丁目",
        "full_address": "四日市市 あかつき台三丁目",
        "postal_code": "5128046",
        "source": "yokkaisi_MIE03_only.csv"
      }
    },
    {
      "type": "Feature",
      "geometry": {
        "type": "Point",
        "coordinates": [
          136.603967,
          35.026573
        ]
      },
      "properties": {
        "municipality_code": "24202",
        "city_name": "四日市市",
        "town_name": "あかつき台四丁目",
        "full_address": "四日市市 あかつき台四丁目",
        "postal_code": "5128046",
        "source": "yokkaisi_MIE03_only.csv"
      }
    },
    {
      "type": "Feature",
      "geometry": {
        "type": "Point",
        "coordinates": [
          136.594794,
          35.0282
        ]
      },
      "properties": {
        "municipality_code": "24202",
        "city_name": "四日市市",
        "town_name": "あかつき台五丁目",
        "full_address": "四日市市 あかつき台五丁目",
        "postal_code": "5128046",
        "source": "yokkaisi_MIE03_only.csv"
      }
    },
    {
      "type": "Feature",
      "geometry": {
        "type": "Point",
        "coordinates": [
          136.596816,
          35.031694
        ]
      },
      "properties": {
        "municipality_code": "24202",
        "city_name": "四日市市",
        "town_name": "あかつき台六丁目",
        "full_address": "四日市市 あかつき台六丁目",
        "postal_code": "5128046",
        "source": "yokkaisi_MIE03_only.csv"
      }
    },
    {
      "type": "Feature",
      "geometry": {
        "type": "Point",
        "coordinates": [
          136.612401,
          34.959446
        ]
      },
      "properties": {
        "municipality_code": "24202",
        "city_name": "四日市市",
        "town_name": "赤堀一丁目",
        "full_address": "四日市市 赤堀一丁目",
        "postal_code": "5100826",
        "source": "yokkaisi_MIE03_only.csv"
      }
    },
    {
      "type": "Feature",
      "geometry": {
        "type": "Point",
        "coordinates": [
          136.609125,
          34.960895
        ]
      },
      "properties": {
        "municipality_code": "24202",
        "city_name": "四日市市",
        "town_name": "赤堀二丁目",
        "full_address": "四日市市 赤堀二丁目",
        "postal_code": "5100826",
        "source": "yokkaisi_MIE03_only.csv"
      }
    },
    {
      "type": "Feature",
      "geometry": {
        "type": "Point",
        "coordinates": [
          136.606565,
          34.959294
        ]
      },
      "properties": {
        "municipality_code": "24202",
        "city_name": "四日市市",
        "town_name": "赤堀三丁目",
        "full_address": "四日市市 赤堀三丁目",
        "postal_code": "5100826",
        "source": "yokkaisi_MIE03_only.csv"
      }
    },
    {
      "type": "Feature",
      "geometry": {
        "type": "Point",
        "coordinates": [
          136.611857,
          34.961841
        ]
      },
      "properties": {
        "municipality_code": "24202",
        "city_name": "四日市市",
        "town_name": "赤堀新町",
        "full_address": "四日市市 赤堀新町",
        "postal_code": "5100825",
        "source": "yokkaisi_MIE03_only.csv"
      }
    },
    {
      "type": "Feature",
      "geometry": {
        "type": "Point",
        "coordinates": [
          136.610582,
          34.957159
        ]
      },
      "properties": {
        "municipality_code": "24202",
        "city_name": "四日市市",
        "town_name": "赤堀南町",
        "full_address": "四日市市 赤堀南町",
        "postal_code": "5100827",
        "source": "yokkaisi_MIE03_only.csv"
      }
    },
    {
      "type": "Feature",
      "geometry": {
        "type": "Point",
        "coordinates": [
          136.620558,
          34.993827
        ]
      },
      "properties": {
        "municipality_code": "24202",
        "city_name": "四日市市",
        "town_name": "阿倉川新町",
        "full_address": "四日市市 阿倉川新町",
        "postal_code": "5100810",
        "source": "yokkaisi_MIE03_only.csv"
      }
    },
    {
      "type": "Feature",
      "geometry": {
        "type": "Point",
        "coordinates": [
          136.627354,
          34.985361
        ]
      },
      "properties": {
        "municipality_code": "24202",
        "city_name": "四日市市",
        "town_name": "阿倉川町",
        "full_address": "四日市市 阿倉川町",
        "postal_code": "5100803",
        "source": "yokkaisi_MIE03_only.csv"
      }
    },
    {
      "type": "Feature",
      "geometry": {
        "type": "Point",
        "coordinates": [
          136.624588,
          34.955028
        ]
      },
      "properties": {
        "municipality_code": "24202",
        "city_name": "四日市市",
        "town_name": "曙一丁目",
        "full_address": "四日市市 曙一丁目",
        "postal_code": "5100053",
        "source": "yokkaisi_MIE03_only.csv"
      }
    },
    {
      "type": "Feature",
      "geometry": {
        "type": "Point",
        "coordinates": [
          136.622877,
          34.953083
        ]
      },
      "properties": {
        "municipality_code": "24202",
        "city_name": "四日市市",
        "town_name": "曙二丁目",
        "full_address": "四日市市 曙二丁目",
        "postal_code": "5100053",
        "source": "yokkaisi_MIE03_only.csv"
      }
    },
    {
      "type": "Feature",
      "geometry": {
        "type": "Point",
        "coordinates": [
          136.626244,
          34.9522
        ]
      },
      "properties": {
        "municipality_code": "24202",
        "city_name": "四日市市",
        "town_name": "曙町",
        "full_address": "四日市市 曙町",
        "postal_code": "5100054",
        "source": "yokkaisi_MIE03_only.csv"
      }
    },
    {
      "type": "Feature",
      "geometry": {
        "type": "Point",
        "coordinates": [
          136.556433,
          35.012161
        ]
      },
      "properties": {
        "municipality_code": "24202",
        "city_name": "四日市市",
        "town_name": "赤水町",
        "full_address": "四日市市 赤水町",
        "postal_code": "5121204",
        "source": "yokkaisi_MIE03_only.csv"
      }
    },
    {
      "type": "Feature",
      "geometry": {
        "type": "Point",
        "coordinates": [
          136.580954,
          35.035271
        ]
      },
      "properties": {
        "municipality_code": "24202",
        "city_name": "四日市市",
        "town_name": "あさけが丘一丁目",
        "full_address": "四日市市 あさけが丘一丁目",
        "postal_code": "5128055",
        "source": "yokkaisi_MIE03_only.csv"
      }
    },
    {
      "type": "Feature",
      "geometry": {
        "type": "Point",
        "coordinates": [
          136.57778,
          35.035163
        ]
      },
      "properties": {
        "municipality_code": "24202",
        "city_name": "四日市市",
        "town_name": "あさけが丘二丁目",
        "full_address": "四日市市 あさけが丘二丁目",
        "postal_code": "5128055",
        "source": "yokkaisi_MIE03_only.csv"
      }
    },
    {
      "type": "Feature",
      "geometry": {
        "type": "Point",
        "coordinates": [
          136.576526,
          35.033027
        ]
      },
      "properties": {
        "municipality_code": "24202",
        "city_name": "四日市市",
        "town_name": "あさけが丘三丁目",
        "full_address": "四日市市 あさけが丘三丁目",
        "postal_code": "5128055",
        "source": "yokkaisi_MIE03_only.csv"
      }
    },
    {
      "type": "Feature",
      "geometry": {
        "type": "Point",
        "coordinates": [
          136.586987,
          35.0395
        ]
      },
      "properties": {
        "municipality_code": "24202",
        "city_name": "四日市市",
        "town_name": "朝明町",
        "full_address": "四日市市 朝明町",
        "postal_code": "5128054",
        "source": "yokkaisi_MIE03_only.csv"
      }
    },
    {
      "type": "Feature",
      "geometry": {
        "type": "Point",
        "coordinates": [
          136.627649,
          34.961308
        ]
      },
      "properties": {
        "municipality_code": "24202",
        "city_name": "四日市市",
        "town_name": "朝日町",
        "full_address": "四日市市 朝日町",
        "postal_code": "5100061",
        "source": "yokkaisi_MIE03_only.csv"
      }
    },
    {
      "type": "Feature",
      "geometry": {
        "type": "Point",
        "coordinates": [
          136.619168,
          34.946702
        ]
      },
      "properties": {
        "municipality_code": "24202",
        "city_name": "四日市市",
        "town_name": "雨池町",
        "full_address": "四日市市 雨池町",
        "postal_code": "",
        "source": "yokkaisi_MIE03_only.csv"
      }
    },
    {
      "type": "Feature",
      "geometry": {
        "type": "Point",
        "coordinates": [
          136.667472,
          35.008993
        ]
      },
      "properties": {
        "municipality_code": "24202",
        "city_name": "四日市市",
        "town_name": "天カ須賀一丁目",
        "full_address": "四日市市 天カ須賀一丁目",
        "postal_code": "5108001",
        "source": "yokkaisi_MIE03_only.csv"
      }
    },
    {
      "type": "Feature",
      "geometry": {
        "type": "Point",
        "coordinates": [
          136.669131,
          35.010831
        ]
      },
      "properties": {
        "municipality_code": "24202",
        "city_name": "四日市市",
        "town_name": "天カ須賀二丁目",
        "full_address": "四日市市 天カ須賀二丁目",
        "postal_code": "5108001",
        "source": "yokkaisi_MIE03_only.csv"
      }
    },
    {
      "type": "Feature",
      "geometry": {
        "type": "Point",
        "coordinates": [
          136.672038,
          35.012719
        ]
      },
      "properties": {
        "municipality_code": "24202",
        "city_name": "四日市市",
        "town_name": "天カ須賀三丁目",
        "full_address": "四日市市 天カ須賀三丁目",
        "postal_code": "5108001",
        "source": "yokkaisi_MIE03_only.csv"
      }
    },
    {
      "type": "Feature",
      "geometry": {
        "type": "Point",
        "coordinates": [
          136.669823,
          35.015223
        ]
      },
      "properties": {
        "municipality_code": "24202",
        "city_name": "四日市市",
        "town_name": "天カ須賀四丁目",
        "full_address": "四日市市 天カ須賀四丁目",
        "postal_code": "5108001",
        "source": "yokkaisi_MIE03_only.csv"
      }
    },
    {
      "type": "Feature",
      "geometry": {
        "type": "Point",
        "coordinates": [
          136.665453,
          35.013112
        ]
      },
      "properties": {
        "municipality_code": "24202",
        "city_name": "四日市市",
        "town_name": "天カ須賀五丁目",
        "full_address": "四日市市 天カ須賀五丁目",
        "postal_code": "5108001",
        "source": "yokkaisi_MIE03_only.csv"
      }
    },
    {
      "type": "Feature",
      "geometry": {
        "type": "Point",
        "coordinates": [
          136.670159,
          35.006135
        ]
      },
      "properties": {
        "municipality_code": "24202",
        "city_name": "四日市市",
        "town_name": "天カ須賀新町",
        "full_address": "四日市市 天カ須賀新町",
        "postal_code": "5108002",
        "source": "yokkaisi_MIE03_only.csv"
      }
    },
    {
      "type": "Feature",
      "geometry": {
        "type": "Point",
        "coordinates": [
          136.604709,
          34.97214
        ]
      },
      "properties": {
        "municipality_code": "24202",
        "city_name": "四日市市",
        "town_name": "伊倉一丁目",
        "full_address": "四日市市 伊倉一丁目",
        "postal_code": "5100832",
        "source": "yokkaisi_MIE03_only.csv"
      }
    },
    {
      "type": "Feature",
      "geometry": {
        "type": "Point",
        "coordinates": [
          136.601268,
          34.973063
        ]
      },
      "properties": {
        "municipality_code": "24202",
        "city_name": "四日市市",
        "town_name": "伊倉二丁目",
        "full_address": "四日市市 伊倉二丁目",
        "postal_code": "5100832",
        "source": "yokkaisi_MIE03_only.csv"
      }
    },
    {
      "type": "Feature",
      "geometry": {
        "type": "Point",
        "coordinates": [
          136.597368,
          34.974094
        ]
      },
      "properties": {
        "municipality_code": "24202",
        "city_name": "四日市市",
        "town_name": "伊倉三丁目",
        "full_address": "四日市市 伊倉三丁目",
        "postal_code": "5100832",
        "source": "yokkaisi_MIE03_only.csv"
      }
    },
    {
      "type": "Feature",
      "geometry": {
        "type": "Point",
        "coordinates": [
          136.600019,
          34.983888
        ]
      },
      "properties": {
        "municipality_code": "24202",
        "city_name": "四日市市",
        "town_name": "生桑町",
        "full_address": "四日市市 生桑町",
        "postal_code": "5120911",
        "source": "yokkaisi_MIE03_only.csv"
      }
    },
    {
      "type": "Feature",
      "geometry": {
        "type": "Point",
        "coordinates": [
          136.628816,
          35.042127
        ]
      },
      "properties": {
        "municipality_code": "24202",
        "city_name": "四日市市",
        "town_name": "伊坂台一丁目",
        "full_address": "四日市市 伊坂台一丁目",
        "postal_code": "5128066",
        "source": "yokkaisi_MIE03_only.csv"
      }
    },
    {
      "type": "Feature",
      "geometry": {
        "type": "Point",
        "coordinates": [
          136.626285,
          35.041528
        ]
      },
      "properties": {
        "municipality_code": "24202",
        "city_name": "四日市市",
        "town_name": "伊坂台二丁目",
        "full_address": "四日市市 伊坂台二丁目",
        "postal_code": "5128066",
        "source": "yokkaisi_MIE03_only.csv"
      }
    },
    {
      "type": "Feature",
      "geometry": {
        "type": "Point",
        "coordinates": [
          136.62458,
          35.044992
        ]
      },
      "properties": {
        "municipality_code": "24202",
        "city_name": "四日市市",
        "town_name": "伊坂台三丁目",
        "full_address": "四日市市 伊坂台三丁目",
        "postal_code": "5128066",
        "source": "yokkaisi_MIE03_only.csv"
      }
    },
    {
      "type": "Feature",
      "geometry": {
        "type": "Point",
        "coordinates": [
          136.62396,
          35.039218
        ]
      },
      "properties": {
        "municipality_code": "24202",
        "city_name": "四日市市",
        "town_name": "伊坂町",
        "full_address": "四日市市 伊坂町",
        "postal_code": "5128064",
        "source": "yokkaisi_MIE03_only.csv"
      }
    },
    {
      "type": "Feature",
      "geometry": {
        "type": "Point",
        "coordinates": [
          136.60322,
          34.961058
        ]
      },
      "properties": {
        "municipality_code": "24202",
        "city_name": "四日市市",
        "town_name": "石塚町",
        "full_address": "四日市市 石塚町",
        "postal_code": "5100828",
        "source": "yokkaisi_MIE03_only.csv"
      }
    },
    {
      "type": "Feature",
      "geometry": {
        "type": "Point",
        "coordinates": [
          136.646383,
          34.939623
        ]
      },
      "properties": {
        "municipality_code": "24202",
        "city_name": "四日市市",
        "town_name": "石原町",
        "full_address": "四日市市 石原町",
        "postal_code": "5100842",
        "source": "yokkaisi_MIE03_only.csv"
      }
    },
    {
      "type": "Feature",
      "geometry": {
        "type": "Point",
        "coordinates": [
          136.561189,
          35.058525
        ]
      },
      "properties": {
        "municipality_code": "24202",
        "city_name": "四日市市",
        "town_name": "市場町",
        "full_address": "四日市市 市場町",
        "postal_code": "5121302",
        "source": "yokkaisi_MIE03_only.csv"
      }
    },
    {
      "type": "Feature",
      "geometry": {
        "type": "Point",
        "coordinates": [
          136.637957,
          34.963745
        ]
      },
      "properties": {
        "municipality_code": "24202",
        "city_name": "四日市市",
        "town_name": "稲葉町",
        "full_address": "四日市市 稲葉町",
        "postal_code": "5100041",
        "source": "yokkaisi_MIE03_only.csv"
      }
    },
    {
      "type": "Feature",
      "geometry": {
        "type": "Point",
        "coordinates": [
          136.576891,
          34.969659
        ]
      },
      "properties": {
        "municipality_code": "24202",
        "city_name": "四日市市",
        "town_name": "浮橋一丁目",
        "full_address": "四日市市 浮橋一丁目",
        "postal_code": "5120931",
        "source": "yokkaisi_MIE03_only.csv"
      }
    },
    {
      "type": "Feature",
      "geometry": {
        "type": "Point",
        "coordinates": [
          136.574665,
          34.969054
        ]
      },
      "properties": {
        "municipality_code": "24202",
        "city_name": "四日市市",
        "town_name": "浮橋二丁目",
        "full_address": "四日市市 浮橋二丁目",
        "postal_code": "5120931",
        "source": "yokkaisi_MIE03_only.csv"
      }
    },
    {
      "type": "Feature",
      "geometry": {
        "type": "Point",
        "coordinates": [
          136.539577,
          34.963576
        ]
      },
      "properties": {
        "municipality_code": "24202",
        "city_name": "四日市市",
        "town_name": "内山町",
        "full_address": "四日市市 内山町",
        "postal_code": "5121101",
        "source": "yokkaisi_MIE03_only.csv"
      }
    },
    {
      "type": "Feature",
      "geometry": {
        "type": "Point",
        "coordinates": [
          136.609517,
          34.922702
        ]
      },
      "properties": {
        "municipality_code": "24202",
        "city_name": "四日市市",
        "town_name": "内堀町",
        "full_address": "四日市市 内堀町",
        "postal_code": "5100872",
        "source": "yokkaisi_MIE03_only.csv"
      }
    },
    {
      "type": "Feature",
      "geometry": {
        "type": "Point",
        "coordinates": [
          136.583718,
          34.918269
        ]
      },
      "properties": {
        "municipality_code": "24202",
        "city_name": "四日市市",
        "town_name": "釆女が丘一丁目",
        "full_address": "四日市市 釆女が丘一丁目",
        "postal_code": "5100953",
        "source": "yokkaisi_MIE03_only.csv"
      }
    },
    {
      "type": "Feature",
      "geometry": {
        "type": "Point",
        "coordinates": [
          136.583721,
          34.915217
        ]
      },
      "properties": {
        "municipality_code": "24202",
        "city_name": "四日市市",
        "town_name": "釆女が丘二丁目",
        "full_address": "四日市市 釆女が丘二丁目",
        "postal_code": "5100953",
        "source": "yokkaisi_MIE03_only.csv"
      }
    },
    {
      "type": "Feature",
      "geometry": {
        "type": "Point",
        "coordinates": [
          136.580448,
          34.915907
        ]
      },
      "properties": {
        "municipality_code": "24202",
        "city_name": "四日市市",
        "town_name": "釆女が丘三丁目",
        "full_address": "四日市市 釆女が丘三丁目",
        "postal_code": "5100953",
        "source": "yokkaisi_MIE03_only.csv"
      }
    },
    {
      "type": "Feature",
      "geometry": {
        "type": "Point",
        "coordinates": [
          136.57939,
          34.91329
        ]
      },
      "properties": {
        "municipality_code": "24202",
        "city_name": "四日市市",
        "town_name": "釆女が丘四丁目",
        "full_address": "四日市市 釆女が丘四丁目",
        "postal_code": "5100953",
        "source": "yokkaisi_MIE03_only.csv"
      }
    },
    {
      "type": "Feature",
      "geometry": {
        "type": "Point",
        "coordinates": [
          136.582054,
          34.912492
        ]
      },
      "properties": {
        "municipality_code": "24202",
        "city_name": "四日市市",
        "town_name": "釆女が丘五丁目",
        "full_address": "四日市市 釆女が丘五丁目",
        "postal_code": "5100953",
        "source": "yokkaisi_MIE03_only.csv"
      }
    },
    {
      "type": "Feature",
      "geometry": {
        "type": "Point",
        "coordinates": [
          136.576323,
          34.922336
        ]
      },
      "properties": {
        "municipality_code": "24202",
        "city_name": "四日市市",
        "town_name": "釆女町",
        "full_address": "四日市市 釆女町",
        "postal_code": "5100954",
        "source": "yokkaisi_MIE03_only.csv"
      }
    },
    {
      "type": "Feature",
      "geometry": {
        "type": "Point",
        "coordinates": [
          136.615538,
          34.965324
        ]
      },
      "properties": {
        "municipality_code": "24202",
        "city_name": "四日市市",
        "town_name": "鵜の森一丁目",
        "full_address": "四日市市 鵜の森一丁目",
        "postal_code": "5100074",
        "source": "yokkaisi_MIE03_only.csv"
      }
    },
    {
      "type": "Feature",
      "geometry": {
        "type": "Point",
        "coordinates": [
          136.611569,
          34.967157
        ]
      },
      "properties": {
        "municipality_code": "24202",
        "city_name": "四日市市",
        "town_name": "鵜の森二丁目",
        "full_address": "四日市市 鵜の森二丁目",
        "postal_code": "5100074",
        "source": "yokkaisi_MIE03_only.csv"
      }
    },
    {
      "type": "Feature",
      "geometry": {
        "type": "Point",
        "coordinates": [
          136.637868,
          34.970359
        ]
      },
      "properties": {
        "municipality_code": "24202",
        "city_name": "四日市市",
        "town_name": "午起一丁目",
        "full_address": "四日市市 午起一丁目",
        "postal_code": "5100023",
        "source": "yokkaisi_MIE03_only.csv"
      }
    },
    {
      "type": "Feature",
      "geometry": {
        "type": "Point",
        "coordinates": [
          136.639503,
          34.973735
        ]
      },
      "properties": {
        "municipality_code": "24202",
        "city_name": "四日市市",
        "town_name": "午起二丁目",
        "full_address": "四日市市 午起二丁目",
        "postal_code": "5100023",
        "source": "yokkaisi_MIE03_only.csv"
      }
    },
    {
      "type": "Feature",
      "geometry": {
        "type": "Point",
        "coordinates": [
          136.642048,
          34.974116
        ]
      },
      "properties": {
        "municipality_code": "24202",
        "city_name": "四日市市",
        "town_name": "午起三丁目",
        "full_address": "四日市市 午起三丁目",
        "postal_code": "5100023",
        "source": "yokkaisi_MIE03_only.csv"
      }
    },
    {
      "type": "Feature",
      "geometry": {
        "type": "Point",
        "coordinates": [
          136.545908,
          35.008886
        ]
      },
      "properties": {
        "municipality_code": "24202",
        "city_name": "四日市市",
        "town_name": "江村町",
        "full_address": "四日市市 江村町",
        "postal_code": "5121206",
        "source": "yokkaisi_MIE03_only.csv"
      }
    },
    {
      "type": "Feature",
      "geometry": {
        "type": "Point",
        "coordinates": [
          136.611627,
          34.983714
        ]
      },
      "properties": {
        "municipality_code": "24202",
        "city_name": "四日市市",
        "town_name": "大字末永",
        "full_address": "四日市市 大字末永",
        "postal_code": "5100813",
        "source": "yokkaisi_MIE03_only.csv"
      }
    },
    {
      "type": "Feature",
      "geometry": {
        "type": "Point",
        "coordinates": [
          136.587242,
          34.940582
        ]
      },
      "properties": {
        "municipality_code": "24202",
        "city_name": "四日市市",
        "town_name": "大字泊村",
        "full_address": "四日市市 大字泊村",
        "postal_code": "5100894",
        "source": "yokkaisi_MIE03_only.csv"
      }
    },
    {
      "type": "Feature",
      "geometry": {
        "type": "Point",
        "coordinates": [
          136.617521,
          34.989249
        ]
      },
      "properties": {
        "municipality_code": "24202",
        "city_name": "四日市市",
        "town_name": "大字西阿倉川",
        "full_address": "四日市市 大字西阿倉川",
        "postal_code": "5100812",
        "source": "yokkaisi_MIE03_only.csv"
      }
    },
    {
      "type": "Feature",
      "geometry": {
        "type": "Point",
        "coordinates": [
          136.63093,
          35.004201
        ]
      },
      "properties": {
        "municipality_code": "24202",
        "city_name": "四日市市",
        "town_name": "大字羽津",
        "full_address": "四日市市 大字羽津",
        "postal_code": "5100012",
        "source": "yokkaisi_MIE03_only.csv"
      }
    },
    {
      "type": "Feature",
      "geometry": {
        "type": "Point",
        "coordinates": [
          136.623177,
          34.986485
        ]
      },
      "properties": {
        "municipality_code": "24202",
        "city_name": "四日市市",
        "town_name": "大字東阿倉川",
        "full_address": "四日市市 大字東阿倉川",
        "postal_code": "5100805",
        "source": "yokkaisi_MIE03_only.csv"
      }
    },
    {
      "type": "Feature",
      "geometry": {
        "type": "Point",
        "coordinates": [
          136.58203,
          34.965109
        ]
      },
      "properties": {
        "municipality_code": "24202",
        "city_name": "四日市市",
        "town_name": "大字松本",
        "full_address": "四日市市 大字松本",
        "postal_code": "5100836",
        "source": "yokkaisi_MIE03_only.csv"
      }
    },
    {
      "type": "Feature",
      "geometry": {
        "type": "Point",
        "coordinates": [
          136.639534,
          35.007733
        ]
      },
      "properties": {
        "municipality_code": "24202",
        "city_name": "四日市市",
        "town_name": "大字茂福",
        "full_address": "四日市市 大字茂福",
        "postal_code": "5108027",
        "source": "yokkaisi_MIE03_only.csv"
      }
    },
    {
      "type": "Feature",
      "geometry": {
        "type": "Point",
        "coordinates": [
          136.61717,
          34.9353
        ]
      },
      "properties": {
        "municipality_code": "24202",
        "city_name": "四日市市",
        "town_name": "大池町",
        "full_address": "四日市市 大池町",
        "postal_code": "5100866",
        "source": "yokkaisi_MIE03_only.csv"
      }
    },
    {
      "type": "Feature",
      "geometry": {
        "type": "Point",
        "coordinates": [
          136.593119,
          34.970999
        ]
      },
      "properties": {
        "municipality_code": "24202",
        "city_name": "四日市市",
        "town_name": "大井手一丁目",
        "full_address": "四日市市 大井手一丁目",
        "postal_code": "5100835",
        "source": "yokkaisi_MIE03_only.csv"
      }
    },
    {
      "type": "Feature",
      "geometry": {
        "type": "Point",
        "coordinates": [
          136.593861,
          34.973582
        ]
      },
      "properties": {
        "municipality_code": "24202",
        "city_name": "四日市市",
        "town_name": "大井手二丁目",
        "full_address": "四日市市 大井手二丁目",
        "postal_code": "5100835",
        "source": "yokkaisi_MIE03_only.csv"
      }
    },
    {
      "type": "Feature",
      "geometry": {
        "type": "Point",
        "coordinates": [
          136.589479,
          34.972835
        ]
      },
      "properties": {
        "municipality_code": "24202",
        "city_name": "四日市市",
        "town_name": "大井手三丁目",
        "full_address": "四日市市 大井手三丁目",
        "postal_code": "5100835",
        "source": "yokkaisi_MIE03_only.csv"
      }
    },
    {
      "type": "Feature",
      "geometry": {
        "type": "Point",
        "coordinates": [
          136.624199,
          34.949335
        ]
      },
      "properties": {
        "municipality_code": "24202",
        "city_name": "四日市市",
        "town_name": "大井の川町一丁目",
        "full_address": "四日市市 大井の川町一丁目",
        "postal_code": "5100846",
        "source": "yokkaisi_MIE03_only.csv"
      }
    },
    {
      "type": "Feature",
      "geometry": {
        "type": "Point",
        "coordinates": [
          136.623589,
          34.947454
        ]
      },
      "properties": {
        "municipality_code": "24202",
        "city_name": "四日市市",
        "town_name": "大井の川町二丁目",
        "full_address": "四日市市 大井の川町二丁目",
        "postal_code": "5100846",
        "source": "yokkaisi_MIE03_only.csv"
      }
    },
    {
      "type": "Feature",
      "geometry": {
        "type": "Point",
        "coordinates": [
          136.623695,
          34.945941
        ]
      },
      "properties": {
        "municipality_code": "24202",
        "city_name": "四日市市",
        "town_name": "大井の川町三丁目",
        "full_address": "四日市市 大井の川町三丁目",
        "postal_code": "5100846",
        "source": "yokkaisi_MIE03_only.csv"
      }
    },
    {
      "type": "Feature",
      "geometry": {
        "type": "Point",
        "coordinates": [
          136.606464,
          35.038002
        ]
      },
      "properties": {
        "municipality_code": "24202",
        "city_name": "四日市市",
        "town_name": "大鐘町",
        "full_address": "四日市市 大鐘町",
        "postal_code": "5128053",
        "source": "yokkaisi_MIE03_only.csv"
      }
    },
    {
      "type": "Feature",
      "geometry": {
        "type": "Point",
        "coordinates": [
          136.614669,
          34.999678
        ]
      },
      "properties": {
        "municipality_code": "24202",
        "city_name": "四日市市",
        "town_name": "大谷台一丁目",
        "full_address": "四日市市 大谷台一丁目",
        "postal_code": "5120901",
        "source": "yokkaisi_MIE03_only.csv"
      }
    },
    {
      "type": "Feature",
      "geometry": {
        "type": "Point",
        "coordinates": [
          136.612216,
          35.000367
        ]
      },
      "properties": {
        "municipality_code": "24202",
        "city_name": "四日市市",
        "town_name": "大谷台二丁目",
        "full_address": "四日市市 大谷台二丁目",
        "postal_code": "5120901",
        "source": "yokkaisi_MIE03_only.csv"
      }
    },
    {
      "type": "Feature",
      "geometry": {
        "type": "Point",
        "coordinates": [
          136.626672,
          34.947028
        ]
      },
      "properties": {
        "municipality_code": "24202",
        "city_name": "四日市市",
        "town_name": "大浜町",
        "full_address": "四日市市 大浜町",
        "postal_code": "5100847",
        "source": "yokkaisi_MIE03_only.csv"
      }
    },
    {
      "type": "Feature",
      "geometry": {
        "type": "Point",
        "coordinates": [
          136.630545,
          34.990979
        ]
      },
      "properties": {
        "municipality_code": "24202",
        "city_name": "四日市市",
        "town_name": "大宮町",
        "full_address": "四日市市 大宮町",
        "postal_code": "5100003",
        "source": "yokkaisi_MIE03_only.csv"
      }
    },
    {
      "type": "Feature",
      "geometry": {
        "type": "Point",
        "coordinates": [
          136.628266,
          34.992669
        ]
      },
      "properties": {
        "municipality_code": "24202",
        "city_name": "四日市市",
        "town_name": "大宮西町",
        "full_address": "四日市市 大宮西町",
        "postal_code": "5100004",
        "source": "yokkaisi_MIE03_only.csv"
      }
    },
    {
      "type": "Feature",
      "geometry": {
        "type": "Point",
        "coordinates": [
          136.627973,
          35.023116
        ]
      },
      "properties": {
        "municipality_code": "24202",
        "city_name": "四日市市",
        "town_name": "大矢知新町",
        "full_address": "四日市市 大矢知新町",
        "postal_code": "5108039",
        "source": "yokkaisi_MIE03_only.csv"
      }
    },
    {
      "type": "Feature",
      "geometry": {
        "type": "Point",
        "coordinates": [
          136.631216,
          35.017252
        ]
      },
      "properties": {
        "municipality_code": "24202",
        "city_name": "四日市市",
        "town_name": "大矢知町",
        "full_address": "四日市市 大矢知町",
        "postal_code": "5108034",
        "source": "yokkaisi_MIE03_only.csv"
      }
    },
    {
      "type": "Feature",
      "geometry": {
        "type": "Point",
        "coordinates": [
          136.627432,
          34.965946
        ]
      },
      "properties": {
        "municipality_code": "24202",
        "city_name": "四日市市",
        "town_name": "沖の島町",
        "full_address": "四日市市 沖の島町",
        "postal_code": "5100083",
        "source": "yokkaisi_MIE03_only.csv"
      }
    },
    {
      "type": "Feature",
      "geometry": {
        "type": "Point",
        "coordinates": [
          136.594456,
          34.932417
        ]
      },
      "properties": {
        "municipality_code": "24202",
        "city_name": "四日市市",
        "town_name": "小古曽一丁目",
        "full_address": "四日市市 小古曽一丁目",
        "postal_code": "5100958",
        "source": "yokkaisi_MIE03_only.csv"
      }
    },
    {
      "type": "Feature",
      "geometry": {
        "type": "Point",
        "coordinates": [
          136.591333,
          34.929647
        ]
      },
      "properties": {
        "municipality_code": "24202",
        "city_name": "四日市市",
        "town_name": "小古曽二丁目",
        "full_address": "四日市市 小古曽二丁目",
        "postal_code": "5100958",
        "source": "yokkaisi_MIE03_only.csv"
      }
    },
    {
      "type": "Feature",
      "geometry": {
        "type": "Point",
        "coordinates": [
          136.588108,
          34.92586
        ]
      },
      "properties": {
        "municipality_code": "24202",
        "city_name": "四日市市",
        "town_name": "小古曽三丁目",
        "full_address": "四日市市 小古曽三丁目",
        "postal_code": "5100958",
        "source": "yokkaisi_MIE03_only.csv"
      }
    },
    {
      "type": "Feature",
      "geometry": {
        "type": "Point",
        "coordinates": [
          136.590767,
          34.93398
        ]
      },
      "properties": {
        "municipality_code": "24202",
        "city_name": "四日市市",
        "town_name": "小古曽四丁目",
        "full_address": "四日市市 小古曽四丁目",
        "postal_code": "5100958",
        "source": "yokkaisi_MIE03_only.csv"
      }
    },
    {
      "type": "Feature",
      "geometry": {
        "type": "Point",
        "coordinates": [
          136.588276,
          34.932078
        ]
      },
      "properties": {
        "municipality_code": "24202",
        "city_name": "四日市市",
        "town_name": "小古曽五丁目",
        "full_address": "四日市市 小古曽五丁目",
        "postal_code": "5100958",
        "source": "yokkaisi_MIE03_only.csv"
      }
    },
    {
      "type": "Feature",
      "geometry": {
        "type": "Point",
        "coordinates": [
          136.586822,
          34.928345
        ]
      },
      "properties": {
        "municipality_code": "24202",
        "city_name": "四日市市",
        "town_name": "小古曽六丁目",
        "full_address": "四日市市 小古曽六丁目",
        "postal_code": "5100958",
        "source": "yokkaisi_MIE03_only.csv"
      }
    },
    {
      "type": "Feature",
      "geometry": {
        "type": "Point",
        "coordinates": [
          136.590545,
          34.918739
        ]
      },
      "properties": {
        "municipality_code": "24202",
        "city_name": "四日市市",
        "town_name": "小古曽町",
        "full_address": "四日市市 小古曽町",
        "postal_code": "5100952",
        "source": "yokkaisi_MIE03_only.csv"
      }
    },
    {
      "type": "Feature",
      "geometry": {
        "type": "Point",
        "coordinates": [
          136.596634,
          34.930691
        ]
      },
      "properties": {
        "municipality_code": "24202",
        "city_name": "四日市市",
        "town_name": "小古曽東一丁目",
        "full_address": "四日市市 小古曽東一丁目",
        "postal_code": "5100951",
        "source": "yokkaisi_MIE03_only.csv"
      }
    },
    {
      "type": "Feature",
      "geometry": {
        "type": "Point",
        "coordinates": [
          136.59425,
          34.92429
        ]
      },
      "properties": {
        "municipality_code": "24202",
        "city_name": "四日市市",
        "town_name": "小古曽東二丁目",
        "full_address": "四日市市 小古曽東二丁目",
        "postal_code": "5100951",
        "source": "yokkaisi_MIE03_only.csv"
      }
    },
    {
      "type": "Feature",
      "geometry": {
        "type": "Point",
        "coordinates": [
          136.587984,
          34.924007
        ]
      },
      "properties": {
        "municipality_code": "24202",
        "city_name": "四日市市",
        "town_name": "小古曽東三丁目",
        "full_address": "四日市市 小古曽東三丁目",
        "postal_code": "5100951",
        "source": "yokkaisi_MIE03_only.csv"
      }
    },
    {
      "type": "Feature",
      "geometry": {
        "type": "Point",
        "coordinates": [
          136.633996,
          34.960205
        ]
      },
      "properties": {
        "municipality_code": "24202",
        "city_name": "四日市市",
        "town_name": "尾上町",
        "full_address": "四日市市 尾上町",
        "postal_code": "5100059",
        "source": "yokkaisi_MIE03_only.csv"
      }
    },
    {
      "type": "Feature",
      "geometry": {
        "type": "Point",
        "coordinates": [
          136.588807,
          34.978475
        ]
      },
      "properties": {
        "municipality_code": "24202",
        "city_name": "四日市市",
        "town_name": "尾平町",
        "full_address": "四日市市 尾平町",
        "postal_code": "5120921",
        "source": "yokkaisi_MIE03_only.csv"
      }
    },
    {
      "type": "Feature",
      "geometry": {
        "type": "Point",
        "coordinates": [
          136.525597,
          34.966058
        ]
      },
      "properties": {
        "municipality_code": "24202",
        "city_name": "四日市市",
        "town_name": "小山町",
        "full_address": "四日市市 小山町",
        "postal_code": "5121102",
        "source": "yokkaisi_MIE03_only.csv"
      }
    },
    {
      "type": "Feature",
      "geometry": {
        "type": "Point",
        "coordinates": [
          136.612988,
          34.916191
        ]
      },
      "properties": {
        "municipality_code": "24202",
        "city_name": "四日市市",
        "town_name": "貝塚町",
        "full_address": "四日市市 貝塚町",
        "postal_code": "5100873",
        "source": "yokkaisi_MIE03_only.csv"
      }
    },
    {
      "type": "Feature",
      "geometry": {
        "type": "Point",
        "coordinates": [
          136.661619,
          34.982938
        ]
      },
      "properties": {
        "municipality_code": "24202",
        "city_name": "四日市市",
        "town_name": "霞一丁目",
        "full_address": "四日市市 霞一丁目",
        "postal_code": "5100011",
        "source": "yokkaisi_MIE03_only.csv"
      }
    },
    {
      "type": "Feature",
      "geometry": {
        "type": "Point",
        "coordinates": [
          136.658972,
          34.992468
        ]
      },
      "properties": {
        "municipality_code": "24202",
        "city_name": "四日市市",
        "town_name": "霞二丁目",
        "full_address": "四日市市 霞二丁目",
        "postal_code": "5100011",
        "source": "yokkaisi_MIE03_only.csv"
      }
    },
    {
      "type": "Feature",
      "geometry": {
        "type": "Point",
        "coordinates": [
          136.634404,
          34.98457
        ]
      },
      "properties": {
        "municipality_code": "24202",
        "city_name": "四日市市",
        "town_name": "金場町",
        "full_address": "四日市市 金場町",
        "postal_code": "5100014",
        "source": "yokkaisi_MIE03_only.csv"
      }
    },
    {
      "type": "Feature",
      "geometry": {
        "type": "Point",
        "coordinates": [
          136.559364,
          35.025615
        ]
      },
      "properties": {
        "municipality_code": "24202",
        "city_name": "四日市市",
        "town_name": "上海老町",
        "full_address": "四日市市 上海老町",
        "postal_code": "5121201",
        "source": "yokkaisi_MIE03_only.csv"
      }
    },
    {
      "type": "Feature",
      "geometry": {
        "type": "Point",
        "coordinates": [
          136.603507,
          35.022288
        ]
      },
      "properties": {
        "municipality_code": "24202",
        "city_name": "四日市市",
        "town_name": "萱生町",
        "full_address": "四日市市 萱生町",
        "postal_code": "5128045",
        "source": "yokkaisi_MIE03_only.csv"
      }
    },
    {
      "type": "Feature",
      "geometry": {
        "type": "Point",
        "coordinates": [
          136.625735,
          34.927907
        ]
      },
      "properties": {
        "municipality_code": "24202",
        "city_name": "四日市市",
        "town_name": "川合町",
        "full_address": "四日市市 川合町",
        "postal_code": "5100853",
        "source": "yokkaisi_MIE03_only.csv"
      }
    },
    {
      "type": "Feature",
      "geometry": {
        "type": "Point",
        "coordinates": [
          136.64743,
          35.020503
        ]
      },
      "properties": {
        "municipality_code": "24202",
        "city_name": "四日市市",
        "town_name": "川北一丁目",
        "full_address": "四日市市 川北一丁目",
        "postal_code": "5108031",
        "source": "yokkaisi_MIE03_only.csv"
      }
    },
    {
      "type": "Feature",
      "geometry": {
        "type": "Point",
        "coordinates": [
          136.648753,
          35.023567
        ]
      },
      "properties": {
        "municipality_code": "24202",
        "city_name": "四日市市",
        "town_name": "川北二丁目",
        "full_address": "四日市市 川北二丁目",
        "postal_code": "5108031",
        "source": "yokkaisi_MIE03_only.csv"
      }
    },
    {
      "type": "Feature",
      "geometry": {
        "type": "Point",
        "coordinates": [
          136.644271,
          35.024222
        ]
      },
      "properties": {
        "municipality_code": "24202",
        "city_name": "四日市市",
        "town_name": "川北三丁目",
        "full_address": "四日市市 川北三丁目",
        "postal_code": "5108031",
        "source": "yokkaisi_MIE03_only.csv"
      }
    },
    {
      "type": "Feature",
      "geometry": {
        "type": "Point",
        "coordinates": [
          136.650054,
          35.026895
        ]
      },
      "properties": {
        "municipality_code": "24202",
        "city_name": "四日市市",
        "town_name": "川北町",
        "full_address": "四日市市 川北町",
        "postal_code": "5108032",
        "source": "yokkaisi_MIE03_only.csv"
      }
    },
    {
      "type": "Feature",
      "geometry": {
        "type": "Point",
        "coordinates": [
          136.559457,
          34.976266
        ]
      },
      "properties": {
        "municipality_code": "24202",
        "city_name": "四日市市",
        "town_name": "川島新町",
        "full_address": "四日市市 川島新町",
        "postal_code": "5120935",
        "source": "yokkaisi_MIE03_only.csv"
      }
    },
    {
      "type": "Feature",
      "geometry": {
        "type": "Point",
        "coordinates": [
          136.549944,
          34.968713
        ]
      },
      "properties": {
        "municipality_code": "24202",
        "city_name": "四日市市",
        "town_name": "川島町",
        "full_address": "四日市市 川島町",
        "postal_code": "5120934",
        "source": "yokkaisi_MIE03_only.csv"
      }
    },
    {
      "type": "Feature",
      "geometry": {
        "type": "Point",
        "coordinates": [
          136.608099,
          34.928929
        ]
      },
      "properties": {
        "municipality_code": "24202",
        "city_name": "四日市市",
        "town_name": "川尻町",
        "full_address": "四日市市 川尻町",
        "postal_code": "5100871",
        "source": "yokkaisi_MIE03_only.csv"
      }
    },
    {
      "type": "Feature",
      "geometry": {
        "type": "Point",
        "coordinates": [
          136.628446,
          34.974515
        ]
      },
      "properties": {
        "municipality_code": "24202",
        "city_name": "四日市市",
        "town_name": "川原町",
        "full_address": "四日市市 川原町",
        "postal_code": "5100033",
        "source": "yokkaisi_MIE03_only.csv"
      }
    },
    {
      "type": "Feature",
      "geometry": {
        "type": "Point",
        "coordinates": [
          136.553744,
          34.928639
        ]
      },
      "properties": {
        "municipality_code": "24202",
        "city_name": "四日市市",
        "town_name": "北小松町",
        "full_address": "四日市市 北小松町",
        "postal_code": "5100955",
        "source": "yokkaisi_MIE03_only.csv"
      }
    },
    {
      "type": "Feature",
      "geometry": {
        "type": "Point",
        "coordinates": [
          136.637415,
          34.966162
        ]
      },
      "properties": {
        "municipality_code": "24202",
        "city_name": "四日市市",
        "town_name": "北納屋町",
        "full_address": "四日市市 北納屋町",
        "postal_code": "5100047",
        "source": "yokkaisi_MIE03_only.csv"
      }
    },
    {
      "type": "Feature",
      "geometry": {
        "type": "Point",
        "coordinates": [
          136.543726,
          35.014836
        ]
      },
      "properties": {
        "municipality_code": "24202",
        "city_name": "四日市市",
        "town_name": "北野町",
        "full_address": "四日市市 北野町",
        "postal_code": "5121208",
        "source": "yokkaisi_MIE03_only.csv"
      }
    },
    {
      "type": "Feature",
      "geometry": {
        "type": "Point",
        "coordinates": [
          136.623006,
          34.961531
        ]
      },
      "properties": {
        "municipality_code": "24202",
        "city_name": "四日市市",
        "town_name": "北浜田町",
        "full_address": "四日市市 北浜田町",
        "postal_code": "5100062",
        "source": "yokkaisi_MIE03_only.csv"
      }
    },
    {
      "type": "Feature",
      "geometry": {
        "type": "Point",
        "coordinates": [
          136.63343,
          34.969033
        ]
      },
      "properties": {
        "municipality_code": "24202",
        "city_name": "四日市市",
        "town_name": "北浜町",
        "full_address": "四日市市 北浜町",
        "postal_code": "5100091",
        "source": "yokkaisi_MIE03_only.csv"
      }
    },
    {
      "type": "Feature",
      "geometry": {
        "type": "Point",
        "coordinates": [
          136.626834,
          34.97149
        ]
      },
      "properties": {
        "municipality_code": "24202",
        "city_name": "四日市市",
        "town_name": "北町",
        "full_address": "四日市市 北町",
        "postal_code": "5100081",
        "source": "yokkaisi_MIE03_only.csv"
      }
    },
    {
      "type": "Feature",
      "geometry": {
        "type": "Point",
        "coordinates": [
          136.589153,
          35.042877
        ]
      },
      "properties": {
        "municipality_code": "24202",
        "city_name": "四日市市",
        "town_name": "北山町",
        "full_address": "四日市市 北山町",
        "postal_code": "5128051",
        "source": "yokkaisi_MIE03_only.csv"
      }
    },
    {
      "type": "Feature",
      "geometry": {
        "type": "Point",
        "coordinates": [
          136.630548,
          34.976382
        ]
      },
      "properties": {
        "municipality_code": "24202",
        "city_name": "四日市市",
        "town_name": "京町",
        "full_address": "四日市市 京町",
        "postal_code": "5100032",
        "source": "yokkaisi_MIE03_only.csv"
      }
    },
    {
      "type": "Feature",
      "geometry": {
        "type": "Point",
        "coordinates": [
          136.614473,
          34.96382
        ]
      },
      "properties": {
        "municipality_code": "24202",
        "city_name": "四日市市",
        "town_name": "九の城町",
        "full_address": "四日市市 九の城町",
        "postal_code": "5100072",
        "source": "yokkaisi_MIE03_only.csv"
      }
    },
    {
      "type": "Feature",
      "geometry": {
        "type": "Point",
        "coordinates": [
          136.608248,
          34.973391
        ]
      },
      "properties": {
        "municipality_code": "24202",
        "city_name": "四日市市",
        "town_name": "久保田一丁目",
        "full_address": "四日市市 久保田一丁目",
        "postal_code": "5100821",
        "source": "yokkaisi_MIE03_only.csv"
      }
    },
    {
      "type": "Feature",
      "geometry": {
        "type": "Point",
        "coordinates": [
          136.609967,
          34.974873
        ]
      },
      "properties": {
        "municipality_code": "24202",
        "city_name": "四日市市",
        "town_name": "久保田二丁目",
        "full_address": "四日市市 久保田二丁目",
        "postal_code": "5100821",
        "source": "yokkaisi_MIE03_only.csv"
      }
    },
    {
      "type": "Feature",
      "geometry": {
        "type": "Point",
        "coordinates": [
          136.63306,
          34.965371
        ]
      },
      "properties": {
        "municipality_code": "24202",
        "city_name": "四日市市",
        "town_name": "蔵町",
        "full_address": "四日市市 蔵町",
        "postal_code": "5100045",
        "source": "yokkaisi_MIE03_only.csv"
      }
    },
    {
      "type": "Feature",
      "geometry": {
        "type": "Point",
        "coordinates": [
          136.538347,
          35.012701
        ]
      },
      "properties": {
        "municipality_code": "24202",
        "city_name": "四日市市",
        "town_name": "黒田町",
        "full_address": "四日市市 黒田町",
        "postal_code": "5121207",
        "source": "yokkaisi_MIE03_only.csv"
      }
    },
    {
      "type": "Feature",
      "geometry": {
        "type": "Point",
        "coordinates": [
          136.637441,
          35.027284
        ]
      },
      "properties": {
        "municipality_code": "24202",
        "city_name": "四日市市",
        "town_name": "黄金町",
        "full_address": "四日市市 黄金町",
        "postal_code": "5128062",
        "source": "yokkaisi_MIE03_only.csv"
      }
    },
    {
      "type": "Feature",
      "geometry": {
        "type": "Point",
        "coordinates": [
          136.608182,
          34.998992
        ]
      },
      "properties": {
        "municipality_code": "24202",
        "city_name": "四日市市",
        "town_name": "小杉新町",
        "full_address": "四日市市 小杉新町",
        "postal_code": "5120903",
        "source": "yokkaisi_MIE03_only.csv"
      }
    },
    {
      "type": "Feature",
      "geometry": {
        "type": "Point",
        "coordinates": [
          136.607757,
          34.99104
        ]
      },
      "properties": {
        "municipality_code": "24202",
        "city_name": "四日市市",
        "town_name": "小杉町",
        "full_address": "四日市市 小杉町",
        "postal_code": "5120902",
        "source": "yokkaisi_MIE03_only.csv"
      }
    },
    {
      "type": "Feature",
      "geometry": {
        "type": "Point",
        "coordinates": [
          136.622173,
          34.951669
        ]
      },
      "properties": {
        "municipality_code": "24202",
        "city_name": "四日市市",
        "town_name": "寿町",
        "full_address": "四日市市 寿町",
        "postal_code": "5100055",
        "source": "yokkaisi_MIE03_only.csv"
      }
    },
    {
      "type": "Feature",
      "geometry": {
        "type": "Point",
        "coordinates": [
          136.616896,
          34.933475
        ]
      },
      "properties": {
        "municipality_code": "24202",
        "city_name": "四日市市",
        "town_name": "小浜町",
        "full_address": "四日市市 小浜町",
        "postal_code": "5100865",
        "source": "yokkaisi_MIE03_only.csv"
      }
    },
    {
      "type": "Feature",
      "geometry": {
        "type": "Point",
        "coordinates": [
          136.572093,
          35.044574
        ]
      },
      "properties": {
        "municipality_code": "24202",
        "city_name": "四日市市",
        "town_name": "小牧町",
        "full_address": "四日市市 小牧町",
        "postal_code": "5121303",
        "source": "yokkaisi_MIE03_only.csv"
      }
    },
    {
      "type": "Feature",
      "geometry": {
        "type": "Point",
        "coordinates": [
          136.577287,
          34.975133
        ]
      },
      "properties": {
        "municipality_code": "24202",
        "city_name": "四日市市",
        "town_name": "小生町",
        "full_address": "四日市市 小生町",
        "postal_code": "5120932",
        "source": "yokkaisi_MIE03_only.csv"
      }
    },
    {
      "type": "Feature",
      "geometry": {
        "type": "Point",
        "coordinates": [
          136.625387,
          34.962196
        ]
      },
      "properties": {
        "municipality_code": "24202",
        "city_name": "四日市市",
        "town_name": "幸町",
        "full_address": "四日市市 幸町",
        "postal_code": "5100069",
        "source": "yokkaisi_MIE03_only.csv"
      }
    },
    {
      "type": "Feature",
      "geometry": {
        "type": "Point",
        "coordinates": [
          136.627017,
          34.964228
        ]
      },
      "properties": {
        "municipality_code": "24202",
        "city_name": "四日市市",
        "town_name": "栄町",
        "full_address": "四日市市 栄町",
        "postal_code": "5100084",
        "source": "yokkaisi_MIE03_only.csv"
      }
    },
    {
      "type": "Feature",
      "geometry": {
        "type": "Point",
        "coordinates": [
          136.573298,
          35.037121
        ]
      },
      "properties": {
        "municipality_code": "24202",
        "city_name": "四日市市",
        "town_name": "札場町",
        "full_address": "四日市市 札場町",
        "postal_code": "5128056",
        "source": "yokkaisi_MIE03_only.csv"
      }
    },
    {
      "type": "Feature",
      "geometry": {
        "type": "Point",
        "coordinates": [
          136.646747,
          34.974751
        ]
      },
      "properties": {
        "municipality_code": "24202",
        "city_name": "四日市市",
        "town_name": "三郎町",
        "full_address": "四日市市 三郎町",
        "postal_code": "5100021",
        "source": "yokkaisi_MIE03_only.csv"
      }
    },
    {
      "type": "Feature",
      "geometry": {
        "type": "Point",
        "coordinates": [
          136.623588,
          34.963636
        ]
      },
      "properties": {
        "municipality_code": "24202",
        "city_name": "四日市市",
        "town_name": "三栄町",
        "full_address": "四日市市 三栄町",
        "postal_code": "5100068",
        "source": "yokkaisi_MIE03_only.csv"
      }
    },
    {
      "type": "Feature",
      "geometry": {
        "type": "Point",
        "coordinates": [
          136.533362,
          34.93033
        ]
      },
      "properties": {
        "municipality_code": "24202",
        "city_name": "四日市市",
        "town_name": "鹿間町",
        "full_address": "四日市市 鹿間町",
        "postal_code": "5121113",
        "source": "yokkaisi_MIE03_only.csv"
      }
    },
    {
      "type": "Feature",
      "geometry": {
        "type": "Point",
        "coordinates": [
          136.607809,
          34.96909
        ]
      },
      "properties": {
        "municipality_code": "24202",
        "city_name": "四日市市",
        "town_name": "芝田一丁目",
        "full_address": "四日市市 芝田一丁目",
        "postal_code": "5100822",
        "source": "yokkaisi_MIE03_only.csv"
      }
    },
    {
      "type": "Feature",
      "geometry": {
        "type": "Point",
        "coordinates": [
          136.608197,
          34.971313
        ]
      },
      "properties": {
        "municipality_code": "24202",
        "city_name": "四日市市",
        "town_name": "芝田二丁目",
        "full_address": "四日市市 芝田二丁目",
        "postal_code": "5100822",
        "source": "yokkaisi_MIE03_only.csv"
      }
    },
    {
      "type": "Feature",
      "geometry": {
        "type": "Point",
        "coordinates": [
          136.614911,
          34.981265
        ]
      },
      "properties": {
        "municipality_code": "24202",
        "city_name": "四日市市",
        "town_name": "清水町",
        "full_address": "四日市市 清水町",
        "postal_code": "5100814",
        "source": "yokkaisi_MIE03_only.csv"
      }
    },
    {
      "type": "Feature",
      "geometry": {
        "type": "Point",
        "coordinates": [
          136.574677,
          35.016077
        ]
      },
      "properties": {
        "municipality_code": "24202",
        "city_name": "四日市市",
        "town_name": "下海老町",
        "full_address": "四日市市 下海老町",
        "postal_code": "5121203",
        "source": "yokkaisi_MIE03_only.csv"
      }
    },
    {
      "type": "Feature",
      "geometry": {
        "type": "Point",
        "coordinates": [
          136.642652,
          35.019763
        ]
      },
      "properties": {
        "municipality_code": "24202",
        "city_name": "四日市市",
        "town_name": "下さざらい町",
        "full_address": "四日市市 下さざらい町",
        "postal_code": "5108033",
        "source": "yokkaisi_MIE03_only.csv"
      }
    },
    {
      "type": "Feature",
      "geometry": {
        "type": "Point",
        "coordinates": [
          136.641342,
          35.015406
        ]
      },
      "properties": {
        "municipality_code": "24202",
        "city_name": "四日市市",
        "town_name": "下之宮町",
        "full_address": "四日市市 下之宮町",
        "postal_code": "5108028",
        "source": "yokkaisi_MIE03_only.csv"
      }
    },
    {
      "type": "Feature",
      "geometry": {
        "type": "Point",
        "coordinates": [
          136.623616,
          34.959013
        ]
      },
      "properties": {
        "municipality_code": "24202",
        "city_name": "四日市市",
        "town_name": "十七軒町",
        "full_address": "四日市市 十七軒町",
        "postal_code": "5100063",
        "source": "yokkaisi_MIE03_only.csv"
      }
    },
    {
      "type": "Feature",
      "geometry": {
        "type": "Point",
        "coordinates": [
          136.644763,
          35.01155
        ]
      },
      "properties": {
        "municipality_code": "24202",
        "city_name": "四日市市",
        "town_name": "十志町",
        "full_address": "四日市市 十志町",
        "postal_code": "5108026",
        "source": "yokkaisi_MIE03_only.csv"
      }
    },
    {
      "type": "Feature",
      "geometry": {
        "type": "Point",
        "coordinates": [
          136.628292,
          34.958103
        ]
      },
      "properties": {
        "municipality_code": "24202",
        "city_name": "四日市市",
        "town_name": "昌栄町",
        "full_address": "四日市市 昌栄町",
        "postal_code": "5100057",
        "source": "yokkaisi_MIE03_only.csv"
      }
    },
    {
      "type": "Feature",
      "geometry": {
        "type": "Point",
        "coordinates": [
          136.617542,
          34.937946
        ]
      },
      "properties": {
        "municipality_code": "24202",
        "city_name": "四日市市",
        "town_name": "松泉町",
        "full_address": "四日市市 松泉町",
        "postal_code": "5100867",
        "source": "yokkaisi_MIE03_only.csv"
      }
    },
    {
      "type": "Feature",
      "geometry": {
        "type": "Point",
        "coordinates": [
          136.643178,
          34.989988
        ]
      },
      "properties": {
        "municipality_code": "24202",
        "city_name": "四日市市",
        "town_name": "白須賀一丁目",
        "full_address": "四日市市 白須賀一丁目",
        "postal_code": "5100018",
        "source": "yokkaisi_MIE03_only.csv"
      }
    },
    {
      "type": "Feature",
      "geometry": {
        "type": "Point",
        "coordinates": [
          136.645169,
          34.992234
        ]
      },
      "properties": {
        "municipality_code": "24202",
        "city_name": "四日市市",
        "town_name": "白須賀二丁目",
        "full_address": "四日市市 白須賀二丁目",
        "postal_code": "5100018",
        "source": "yokkaisi_MIE03_only.csv"
      }
    },
    {
      "type": "Feature",
      "geometry": {
        "type": "Point",
        "coordinates": [
          136.646722,
          34.994788
        ]
      },
      "properties": {
        "municipality_code": "24202",
        "city_name": "四日市市",
        "town_name": "白須賀三丁目",
        "full_address": "四日市市 白須賀三丁目",
        "postal_code": "5100018",
        "source": "yokkaisi_MIE03_only.csv"
      }
    },
    {
      "type": "Feature",
      "geometry": {
        "type": "Point",
        "coordinates": [
          136.61054,
          34.965311
        ]
      },
      "properties": {
        "municipality_code": "24202",
        "city_name": "四日市市",
        "town_name": "城北町",
        "full_address": "四日市市 城北町",
        "postal_code": "5100823",
        "source": "yokkaisi_MIE03_only.csv"
      }
    },
    {
      "type": "Feature",
      "geometry": {
        "type": "Point",
        "coordinates": [
          136.603564,
          34.964846
        ]
      },
      "properties": {
        "municipality_code": "24202",
        "city_name": "四日市市",
        "town_name": "城西町",
        "full_address": "四日市市 城西町",
        "postal_code": "5100829",
        "source": "yokkaisi_MIE03_only.csv"
      }
    },
    {
      "type": "Feature",
      "geometry": {
        "type": "Point",
        "coordinates": [
          136.609269,
          34.963451
        ]
      },
      "properties": {
        "municipality_code": "24202",
        "city_name": "四日市市",
        "town_name": "城東町",
        "full_address": "四日市市 城東町",
        "postal_code": "5100824",
        "source": "yokkaisi_MIE03_only.csv"
      }
    },
    {
      "type": "Feature",
      "geometry": {
        "type": "Point",
        "coordinates": [
          136.63229,
          34.986202
        ]
      },
      "properties": {
        "municipality_code": "24202",
        "city_name": "四日市市",
        "town_name": "城山町",
        "full_address": "四日市市 城山町",
        "postal_code": "5100015",
        "source": "yokkaisi_MIE03_only.csv"
      }
    },
    {
      "type": "Feature",
      "geometry": {
        "type": "Point",
        "coordinates": [
          136.616075,
          34.959005
        ]
      },
      "properties": {
        "municipality_code": "24202",
        "city_name": "四日市市",
        "town_name": "新正一丁目",
        "full_address": "四日市市 新正一丁目",
        "postal_code": "5100064",
        "source": "yokkaisi_MIE03_only.csv"
      }
    },
    {
      "type": "Feature",
      "geometry": {
        "type": "Point",
        "coordinates": [
          136.619433,
          34.958061
        ]
      },
      "properties": {
        "municipality_code": "24202",
        "city_name": "四日市市",
        "town_name": "新正二丁目",
        "full_address": "四日市市 新正二丁目",
        "postal_code": "5100064",
        "source": "yokkaisi_MIE03_only.csv"
      }
    },
    {
      "type": "Feature",
      "geometry": {
        "type": "Point",
        "coordinates": [
          136.622466,
          34.955854
        ]
      },
      "properties": {
        "municipality_code": "24202",
        "city_name": "四日市市",
        "town_name": "新正三丁目",
        "full_address": "四日市市 新正三丁目",
        "postal_code": "5100064",
        "source": "yokkaisi_MIE03_only.csv"
      }
    },
    {
      "type": "Feature",
      "geometry": {
        "type": "Point",
        "coordinates": [
          136.616375,
          34.955107
        ]
      },
      "properties": {
        "municipality_code": "24202",
        "city_name": "四日市市",
        "town_name": "新正四丁目",
        "full_address": "四日市市 新正四丁目",
        "postal_code": "5100064",
        "source": "yokkaisi_MIE03_only.csv"
      }
    },
    {
      "type": "Feature",
      "geometry": {
        "type": "Point",
        "coordinates": [
          136.613911,
          34.956414
        ]
      },
      "properties": {
        "municipality_code": "24202",
        "city_name": "四日市市",
        "town_name": "新正五丁目",
        "full_address": "四日市市 新正五丁目",
        "postal_code": "5100064",
        "source": "yokkaisi_MIE03_only.csv"
      }
    },
    {
      "type": "Feature",
      "geometry": {
        "type": "Point",
        "coordinates": [
          136.629766,
          34.96671
        ]
      },
      "properties": {
        "municipality_code": "24202",
        "city_name": "四日市市",
        "town_name": "新々町",
        "full_address": "四日市市 新々町",
        "postal_code": "5100094",
        "source": "yokkaisi_MIE03_only.csv"
      }
    },
    {
      "type": "Feature",
      "geometry": {
        "type": "Point",
        "coordinates": [
          136.631012,
          34.966273
        ]
      },
      "properties": {
        "municipality_code": "24202",
        "city_name": "四日市市",
        "town_name": "新町",
        "full_address": "四日市市 新町",
        "postal_code": "5100092",
        "source": "yokkaisi_MIE03_only.csv"
      }
    },
    {
      "type": "Feature",
      "geometry": {
        "type": "Point",
        "coordinates": [
          136.634154,
          34.972303
        ]
      },
      "properties": {
        "municipality_code": "24202",
        "city_name": "四日市市",
        "town_name": "新浜町",
        "full_address": "四日市市 新浜町",
        "postal_code": "5100024",
        "source": "yokkaisi_MIE03_only.csv"
      }
    },
    {
      "type": "Feature",
      "geometry": {
        "type": "Point",
        "coordinates": [
          136.630737,
          34.953764
        ]
      },
      "properties": {
        "municipality_code": "24202",
        "city_name": "四日市市",
        "town_name": "末広町",
        "full_address": "四日市市 末広町",
        "postal_code": "5100052",
        "source": "yokkaisi_MIE03_only.csv"
      }
    },
    {
      "type": "Feature",
      "geometry": {
        "type": "Point",
        "coordinates": [
          136.555705,
          34.9946
        ]
      },
      "properties": {
        "municipality_code": "24202",
        "city_name": "四日市市",
        "town_name": "菅原町",
        "full_address": "四日市市 菅原町",
        "postal_code": "5120925",
        "source": "yokkaisi_MIE03_only.csv"
      }
    },
    {
      "type": "Feature",
      "geometry": {
        "type": "Point",
        "coordinates": [
          136.664645,
          35.009726
        ]
      },
      "properties": {
        "municipality_code": "24202",
        "city_name": "四日市市",
        "town_name": "住吉町",
        "full_address": "四日市市 住吉町",
        "postal_code": "5108003",
        "source": "yokkaisi_MIE03_only.csv"
      }
    },
    {
      "type": "Feature",
      "geometry": {
        "type": "Point",
        "coordinates": [
          136.620986,
          34.967147
        ]
      },
      "properties": {
        "municipality_code": "24202",
        "city_name": "四日市市",
        "town_name": "諏訪栄町",
        "full_address": "四日市市 諏訪栄町",
        "postal_code": "5100086",
        "source": "yokkaisi_MIE03_only.csv"
      }
    },
    {
      "type": "Feature",
      "geometry": {
        "type": "Point",
        "coordinates": [
          136.624235,
          34.965813
        ]
      },
      "properties": {
        "municipality_code": "24202",
        "city_name": "四日市市",
        "town_name": "諏訪町",
        "full_address": "四日市市 諏訪町",
        "postal_code": "5100085",
        "source": "yokkaisi_MIE03_only.csv"
      }
    },
    {
      "type": "Feature",
      "geometry": {
        "type": "Point",
        "coordinates": [
          136.575427,
          34.986929
        ]
      },
      "properties": {
        "municipality_code": "24202",
        "city_name": "四日市市",
        "town_name": "曽井町",
        "full_address": "四日市市 曽井町",
        "postal_code": "5120922",
        "source": "yokkaisi_MIE03_only.csv"
      }
    },
    {
      "type": "Feature",
      "geometry": {
        "type": "Point",
        "coordinates": [
          136.643247,
          34.962192
        ]
      },
      "properties": {
        "municipality_code": "24202",
        "city_name": "四日市市",
        "town_name": "大協町一丁目",
        "full_address": "四日市市 大協町一丁目",
        "postal_code": "5100022",
        "source": "yokkaisi_MIE03_only.csv"
      }
    },
    {
      "type": "Feature",
      "geometry": {
        "type": "Point",
        "coordinates": [
          136.642872,
          34.968134
        ]
      },
      "properties": {
        "municipality_code": "24202",
        "city_name": "四日市市",
        "town_name": "大協町二丁目",
        "full_address": "四日市市 大協町二丁目",
        "postal_code": "5100022",
        "source": "yokkaisi_MIE03_only.csv"
      }
    },
    {
      "type": "Feature",
      "geometry": {
        "type": "Point",
        "coordinates": [
          136.656734,
          35.013619
        ]
      },
      "properties": {
        "municipality_code": "24202",
        "city_name": "四日市市",
        "town_name": "平町",
        "full_address": "四日市市 平町",
        "postal_code": "5108017",
        "source": "yokkaisi_MIE03_only.csv"
      }
    },
    {
      "type": "Feature",
      "geometry": {
        "type": "Point",
        "coordinates": [
          136.625632,
          34.935881
        ]
      },
      "properties": {
        "municipality_code": "24202",
        "city_name": "四日市市",
        "town_name": "高旭町",
        "full_address": "四日市市 高旭町",
        "postal_code": "5100857",
        "source": "yokkaisi_MIE03_only.csv"
      }
    },
    {
      "type": "Feature",
      "geometry": {
        "type": "Point",
        "coordinates": [
          136.63654,
          34.961751
        ]
      },
      "properties": {
        "municipality_code": "24202",
        "city_name": "四日市市",
        "town_name": "高砂町",
        "full_address": "四日市市 高砂町",
        "postal_code": "5100042",
        "source": "yokkaisi_MIE03_only.csv"
      }
    },
    {
      "type": "Feature",
      "geometry": {
        "type": "Point",
        "coordinates": [
          136.552136,
          34.956546
        ]
      },
      "properties": {
        "municipality_code": "24202",
        "city_name": "四日市市",
        "town_name": "高花平一丁目",
        "full_address": "四日市市 高花平一丁目",
        "postal_code": "5100945",
        "source": "yokkaisi_MIE03_only.csv"
      }
    },
    {
      "type": "Feature",
      "geometry": {
        "type": "Point",
        "coordinates": [
          136.553084,
          34.954028
        ]
      },
      "properties": {
        "municipality_code": "24202",
        "city_name": "四日市市",
        "town_name": "高花平二丁目",
        "full_address": "四日市市 高花平二丁目",
        "postal_code": "5100945",
        "source": "yokkaisi_MIE03_only.csv"
      }
    },
    {
      "type": "Feature",
      "geometry": {
        "type": "Point",
        "coordinates": [
          136.550067,
          34.954
        ]
      },
      "properties": {
        "municipality_code": "24202",
        "city_name": "四日市市",
        "town_name": "高花平三丁目",
        "full_address": "四日市市 高花平三丁目",
        "postal_code": "5100945",
        "source": "yokkaisi_MIE03_only.csv"
      }
    },
    {
      "type": "Feature",
      "geometry": {
        "type": "Point",
        "coordinates": [
          136.551123,
          34.951516
        ]
      },
      "properties": {
        "municipality_code": "24202",
        "city_name": "四日市市",
        "town_name": "高花平四丁目",
        "full_address": "四日市市 高花平四丁目",
        "postal_code": "5100945",
        "source": "yokkaisi_MIE03_only.csv"
      }
    },
    {
      "type": "Feature",
      "geometry": {
        "type": "Point",
        "coordinates": [
          136.553986,
          34.951716
        ]
      },
      "properties": {
        "municipality_code": "24202",
        "city_name": "四日市市",
        "town_name": "高花平五丁目",
        "full_address": "四日市市 高花平五丁目",
        "postal_code": "5100945",
        "source": "yokkaisi_MIE03_only.csv"
      }
    },
    {
      "type": "Feature",
      "geometry": {
        "type": "Point",
        "coordinates": [
          136.641005,
          34.976827
        ]
      },
      "properties": {
        "municipality_code": "24202",
        "city_name": "四日市市",
        "town_name": "高浜新町",
        "full_address": "四日市市 高浜新町",
        "postal_code": "5100027",
        "source": "yokkaisi_MIE03_only.csv"
      }
    },
    {
      "type": "Feature",
      "geometry": {
        "type": "Point",
        "coordinates": [
          136.637276,
          34.977706
        ]
      },
      "properties": {
        "municipality_code": "24202",
        "city_name": "四日市市",
        "town_name": "高浜町",
        "full_address": "四日市市 高浜町",
        "postal_code": "5100026",
        "source": "yokkaisi_MIE03_only.csv"
      }
    },
    {
      "type": "Feature",
      "geometry": {
        "type": "Point",
        "coordinates": [
          136.562542,
          35.060818
        ]
      },
      "properties": {
        "municipality_code": "24202",
        "city_name": "四日市市",
        "town_name": "高見台一丁目",
        "full_address": "四日市市 高見台一丁目",
        "postal_code": "5121301",
        "source": "yokkaisi_MIE03_only.csv"
      }
    },
    {
      "type": "Feature",
      "geometry": {
        "type": "Point",
        "coordinates": [
          136.56058,
          35.062928
        ]
      },
      "properties": {
        "municipality_code": "24202",
        "city_name": "四日市市",
        "town_name": "高見台二丁目",
        "full_address": "四日市市 高見台二丁目",
        "postal_code": "5121301",
        "source": "yokkaisi_MIE03_only.csv"
      }
    },
    {
      "type": "Feature",
      "geometry": {
        "type": "Point",
        "coordinates": [
          136.620176,
          34.937298
        ]
      },
      "properties": {
        "municipality_code": "24202",
        "city_name": "四日市市",
        "town_name": "宝町",
        "full_address": "四日市市 宝町",
        "postal_code": "5100844",
        "source": "yokkaisi_MIE03_only.csv"
      }
    },
    {
      "type": "Feature",
      "geometry": {
        "type": "Point",
        "coordinates": [
          136.609426,
          35.002824
        ]
      },
      "properties": {
        "municipality_code": "24202",
        "city_name": "四日市市",
        "town_name": "垂坂新町",
        "full_address": "四日市市 垂坂新町",
        "postal_code": "5108038",
        "source": "yokkaisi_MIE03_only.csv"
      }
    },
    {
      "type": "Feature",
      "geometry": {
        "type": "Point",
        "coordinates": [
          136.614816,
          35.008097
        ]
      },
      "properties": {
        "municipality_code": "24202",
        "city_name": "四日市市",
        "town_name": "垂坂町",
        "full_address": "四日市市 垂坂町",
        "postal_code": "5108037",
        "source": "yokkaisi_MIE03_only.csv"
      }
    },
    {
      "type": "Feature",
      "geometry": {
        "type": "Point",
        "coordinates": [
          136.635694,
          34.954598
        ]
      },
      "properties": {
        "municipality_code": "24202",
        "city_name": "四日市市",
        "town_name": "千歳町",
        "full_address": "四日市市 千歳町",
        "postal_code": "5100051",
        "source": "yokkaisi_MIE03_only.csv"
      }
    },
    {
      "type": "Feature",
      "geometry": {
        "type": "Point",
        "coordinates": [
          136.62557,
          34.968674
        ]
      },
      "properties": {
        "municipality_code": "24202",
        "city_name": "四日市市",
        "town_name": "中部",
        "full_address": "四日市市 中部",
        "postal_code": "5100082",
        "source": "yokkaisi_MIE03_only.csv"
      }
    },
    {
      "type": "Feature",
      "geometry": {
        "type": "Point",
        "coordinates": [
          136.620504,
          35.031613
        ]
      },
      "properties": {
        "municipality_code": "24202",
        "city_name": "四日市市",
        "town_name": "千代田町",
        "full_address": "四日市市 千代田町",
        "postal_code": "5128065",
        "source": "yokkaisi_MIE03_only.csv"
      }
    },
    {
      "type": "Feature",
      "geometry": {
        "type": "Point",
        "coordinates": [
          136.564505,
          34.993087
        ]
      },
      "properties": {
        "municipality_code": "24202",
        "city_name": "四日市市",
        "town_name": "寺方町",
        "full_address": "四日市市 寺方町",
        "postal_code": "5120924",
        "source": "yokkaisi_MIE03_only.csv"
      }
    },
    {
      "type": "Feature",
      "geometry": {
        "type": "Point",
        "coordinates": [
          136.508563,
          34.951636
        ]
      },
      "properties": {
        "municipality_code": "24202",
        "city_name": "四日市市",
        "town_name": "堂ケ山町",
        "full_address": "四日市市 堂ケ山町",
        "postal_code": "5121115",
        "source": "yokkaisi_MIE03_only.csv"
      }
    },
    {
      "type": "Feature",
      "geometry": {
        "type": "Point",
        "coordinates": [
          136.635148,
          34.974783
        ]
      },
      "properties": {
        "municipality_code": "24202",
        "city_name": "四日市市",
        "town_name": "東新町",
        "full_address": "四日市市 東新町",
        "postal_code": "5100025",
        "source": "yokkaisi_MIE03_only.csv"
      }
    },
    {
      "type": "Feature",
      "geometry": {
        "type": "Point",
        "coordinates": [
          136.630591,
          34.944493
        ]
      },
      "properties": {
        "municipality_code": "24202",
        "city_name": "四日市市",
        "town_name": "東邦町",
        "full_address": "四日市市 東邦町",
        "postal_code": "5100848",
        "source": "yokkaisi_MIE03_only.csv"
      }
    },
    {
      "type": "Feature",
      "geometry": {
        "type": "Point",
        "coordinates": [
          136.598381,
          34.966984
        ]
      },
      "properties": {
        "municipality_code": "24202",
        "city_name": "四日市市",
        "town_name": "ときわ一丁目",
        "full_address": "四日市市 ときわ一丁目",
        "postal_code": "5100834",
        "source": "yokkaisi_MIE03_only.csv"
      }
    },
    {
      "type": "Feature",
      "geometry": {
        "type": "Point",
        "coordinates": [
          136.595575,
          34.968299
        ]
      },
      "properties": {
        "municipality_code": "24202",
        "city_name": "四日市市",
        "town_name": "ときわ二丁目",
        "full_address": "四日市市 ときわ二丁目",
        "postal_code": "5100834",
        "source": "yokkaisi_MIE03_only.csv"
      }
    },
    {
      "type": "Feature",
      "geometry": {
        "type": "Point",
        "coordinates": [
          136.593612,
          34.964174
        ]
      },
      "properties": {
        "municipality_code": "24202",
        "city_name": "四日市市",
        "town_name": "ときわ三丁目",
        "full_address": "四日市市 ときわ三丁目",
        "postal_code": "5100834",
        "source": "yokkaisi_MIE03_only.csv"
      }
    },
    {
      "type": "Feature",
      "geometry": {
        "type": "Point",
        "coordinates": [
          136.596339,
          34.963293
        ]
      },
      "properties": {
        "municipality_code": "24202",
        "city_name": "四日市市",
        "town_name": "ときわ四丁目",
        "full_address": "四日市市 ときわ四丁目",
        "postal_code": "5100834",
        "source": "yokkaisi_MIE03_only.csv"
      }
    },
    {
      "type": "Feature",
      "geometry": {
        "type": "Point",
        "coordinates": [
          136.599473,
          34.962213
        ]
      },
      "properties": {
        "municipality_code": "24202",
        "city_name": "四日市市",
        "town_name": "ときわ五丁目",
        "full_address": "四日市市 ときわ五丁目",
        "postal_code": "5100834",
        "source": "yokkaisi_MIE03_only.csv"
      }
    },
    {
      "type": "Feature",
      "geometry": {
        "type": "Point",
        "coordinates": [
          136.602934,
          34.937527
        ]
      },
      "properties": {
        "municipality_code": "24202",
        "city_name": "四日市市",
        "town_name": "泊小柳町",
        "full_address": "四日市市 泊小柳町",
        "postal_code": "5100883",
        "source": "yokkaisi_MIE03_only.csv"
      }
    },
    {
      "type": "Feature",
      "geometry": {
        "type": "Point",
        "coordinates": [
          136.599258,
          34.939336
        ]
      },
      "properties": {
        "municipality_code": "24202",
        "city_name": "四日市市",
        "town_name": "泊町",
        "full_address": "四日市市 泊町",
        "postal_code": "5100884",
        "source": "yokkaisi_MIE03_only.csv"
      }
    },
    {
      "type": "Feature",
      "geometry": {
        "type": "Point",
        "coordinates": [
          136.595954,
          34.940877
        ]
      },
      "properties": {
        "municipality_code": "24202",
        "city_name": "四日市市",
        "town_name": "泊山崎町",
        "full_address": "四日市市 泊山崎町",
        "postal_code": "5100892",
        "source": "yokkaisi_MIE03_only.csv"
      }
    },
    {
      "type": "Feature",
      "geometry": {
        "type": "Point",
        "coordinates": [
          136.658793,
          35.009382
        ]
      },
      "properties": {
        "municipality_code": "24202",
        "city_name": "四日市市",
        "town_name": "富州原町",
        "full_address": "四日市市 富州原町",
        "postal_code": "5108016",
        "source": "yokkaisi_MIE03_only.csv"
      }
    },
    {
      "type": "Feature",
      "geometry": {
        "type": "Point",
        "coordinates": [
          136.650954,
          35.004636
        ]
      },
      "properties": {
        "municipality_code": "24202",
        "city_name": "四日市市",
        "town_name": "富田一丁目",
        "full_address": "四日市市 富田一丁目",
        "postal_code": "5108014",
        "source": "yokkaisi_MIE03_only.csv"
      }
    },
    {
      "type": "Feature",
      "geometry": {
        "type": "Point",
        "coordinates": [
          136.655354,
          35.005321
        ]
      },
      "properties": {
        "municipality_code": "24202",
        "city_name": "四日市市",
        "town_name": "富田二丁目",
        "full_address": "四日市市 富田二丁目",
        "postal_code": "5108014",
        "source": "yokkaisi_MIE03_only.csv"
      }
    },
    {
      "type": "Feature",
      "geometry": {
        "type": "Point",
        "coordinates": [
          136.652029,
          35.008079
        ]
      },
      "properties": {
        "municipality_code": "24202",
        "city_name": "四日市市",
        "town_name": "富田三丁目",
        "full_address": "四日市市 富田三丁目",
        "postal_code": "5108014",
        "source": "yokkaisi_MIE03_only.csv"
      }
    },
    {
      "type": "Feature",
      "geometry": {
        "type": "Point",
        "coordinates": [
          136.648856,
          35.008629
        ]
      },
      "properties": {
        "municipality_code": "24202",
        "city_name": "四日市市",
        "town_name": "富田四丁目",
        "full_address": "四日市市 富田四丁目",
        "postal_code": "5108014",
        "source": "yokkaisi_MIE03_only.csv"
      }
    },
    {
      "type": "Feature",
      "geometry": {
        "type": "Point",
        "coordinates": [
          136.662842,
          35.006568
        ]
      },
      "properties": {
        "municipality_code": "24202",
        "city_name": "四日市市",
        "town_name": "富田一色町",
        "full_address": "四日市市 富田一色町",
        "postal_code": "5108004",
        "source": "yokkaisi_MIE03_only.csv"
      }
    },
    {
      "type": "Feature",
      "geometry": {
        "type": "Point",
        "coordinates": [
          136.646737,
          35.010022
        ]
      },
      "properties": {
        "municipality_code": "24202",
        "city_name": "四日市市",
        "town_name": "富田栄町",
        "full_address": "四日市市 富田栄町",
        "postal_code": "5108025",
        "source": "yokkaisi_MIE03_only.csv"
      }
    },
    {
      "type": "Feature",
      "geometry": {
        "type": "Point",
        "coordinates": [
          136.651504,
          34.996462
        ]
      },
      "properties": {
        "municipality_code": "24202",
        "city_name": "四日市市",
        "town_name": "富田浜町",
        "full_address": "四日市市 富田浜町",
        "postal_code": "5108008",
        "source": "yokkaisi_MIE03_only.csv"
      }
    },
    {
      "type": "Feature",
      "geometry": {
        "type": "Point",
        "coordinates": [
          136.653622,
          35.000146
        ]
      },
      "properties": {
        "municipality_code": "24202",
        "city_name": "四日市市",
        "town_name": "富田浜元町",
        "full_address": "四日市市 富田浜元町",
        "postal_code": "5108007",
        "source": "yokkaisi_MIE03_only.csv"
      }
    },
    {
      "type": "Feature",
      "geometry": {
        "type": "Point",
        "coordinates": [
          136.6047,
          34.967124
        ]
      },
      "properties": {
        "municipality_code": "24202",
        "city_name": "四日市市",
        "town_name": "中川原一丁目",
        "full_address": "四日市市 中川原一丁目",
        "postal_code": "5100833",
        "source": "yokkaisi_MIE03_only.csv"
      }
    },
    {
      "type": "Feature",
      "geometry": {
        "type": "Point",
        "coordinates": [
          136.603493,
          34.969754
        ]
      },
      "properties": {
        "municipality_code": "24202",
        "city_name": "四日市市",
        "town_name": "中川原二丁目",
        "full_address": "四日市市 中川原二丁目",
        "postal_code": "5100833",
        "source": "yokkaisi_MIE03_only.csv"
      }
    },
    {
      "type": "Feature",
      "geometry": {
        "type": "Point",
        "coordinates": [
          136.600791,
          34.9702
        ]
      },
      "properties": {
        "municipality_code": "24202",
        "city_name": "四日市市",
        "town_name": "中川原三丁目",
        "full_address": "四日市市 中川原三丁目",
        "postal_code": "5100833",
        "source": "yokkaisi_MIE03_only.csv"
      }
    },
    {
      "type": "Feature",
      "geometry": {
        "type": "Point",
        "coordinates": [
          136.597519,
          34.971084
        ]
      },
      "properties": {
        "municipality_code": "24202",
        "city_name": "四日市市",
        "town_name": "中川原四丁目",
        "full_address": "四日市市 中川原四丁目",
        "postal_code": "5100833",
        "source": "yokkaisi_MIE03_only.csv"
      }
    },
    {
      "type": "Feature",
      "geometry": {
        "type": "Point",
        "coordinates": [
          136.617037,
          34.931053
        ]
      },
      "properties": {
        "municipality_code": "24202",
        "city_name": "四日市市",
        "town_name": "中里町",
        "full_address": "四日市市 中里町",
        "postal_code": "5100864",
        "source": "yokkaisi_MIE03_only.csv"
      }
    },
    {
      "type": "Feature",
      "geometry": {
        "type": "Point",
        "coordinates": [
          136.634915,
          34.964253
        ]
      },
      "properties": {
        "municipality_code": "24202",
        "city_name": "四日市市",
        "town_name": "中納屋町",
        "full_address": "四日市市 中納屋町",
        "postal_code": "5100048",
        "source": "yokkaisi_MIE03_only.csv"
      }
    },
    {
      "type": "Feature",
      "geometry": {
        "type": "Point",
        "coordinates": [
          136.560243,
          35.043992
        ]
      },
      "properties": {
        "municipality_code": "24202",
        "city_name": "四日市市",
        "town_name": "中野町",
        "full_address": "四日市市 中野町",
        "postal_code": "5121304",
        "source": "yokkaisi_MIE03_only.csv"
      }
    },
    {
      "type": "Feature",
      "geometry": {
        "type": "Point",
        "coordinates": [
          136.61886,
          34.961928
        ]
      },
      "properties": {
        "municipality_code": "24202",
        "city_name": "四日市市",
        "town_name": "中浜田町",
        "full_address": "四日市市 中浜田町",
        "postal_code": "5100065",
        "source": "yokkaisi_MIE03_only.csv"
      }
    },
    {
      "type": "Feature",
      "geometry": {
        "type": "Point",
        "coordinates": [
          136.629331,
          34.969153
        ]
      },
      "properties": {
        "municipality_code": "24202",
        "city_name": "四日市市",
        "town_name": "中町",
        "full_address": "四日市市 中町",
        "postal_code": "5100096",
        "source": "yokkaisi_MIE03_only.csv"
      }
    },
    {
      "type": "Feature",
      "geometry": {
        "type": "Point",
        "coordinates": [
          136.610062,
          35.026525
        ]
      },
      "properties": {
        "municipality_code": "24202",
        "city_name": "四日市市",
        "town_name": "中村町",
        "full_address": "四日市市 中村町",
        "postal_code": "5128044",
        "source": "yokkaisi_MIE03_only.csv"
      }
    },
    {
      "type": "Feature",
      "geometry": {
        "type": "Point",
        "coordinates": [
          136.625533,
          34.937678
        ]
      },
      "properties": {
        "municipality_code": "24202",
        "city_name": "四日市市",
        "town_name": "七つ屋町",
        "full_address": "四日市市 七つ屋町",
        "postal_code": "5100856",
        "source": "yokkaisi_MIE03_only.csv"
      }
    },
    {
      "type": "Feature",
      "geometry": {
        "type": "Point",
        "coordinates": [
          136.60095,
          34.975109
        ]
      },
      "properties": {
        "municipality_code": "24202",
        "city_name": "四日市市",
        "town_name": "西伊倉町",
        "full_address": "四日市市 西伊倉町",
        "postal_code": "5100831",
        "source": "yokkaisi_MIE03_only.csv"
      }
    },
    {
      "type": "Feature",
      "geometry": {
        "type": "Point",
        "coordinates": [
          136.617213,
          34.969917
        ]
      },
      "properties": {
        "municipality_code": "24202",
        "city_name": "四日市市",
        "town_name": "西浦一丁目",
        "full_address": "四日市市 西浦一丁目",
        "postal_code": "5100071",
        "source": "yokkaisi_MIE03_only.csv"
      }
    },
    {
      "type": "Feature",
      "geometry": {
        "type": "Point",
        "coordinates": [
          136.618679,
          34.972988
        ]
      },
      "properties": {
        "municipality_code": "24202",
        "city_name": "四日市市",
        "town_name": "西浦二丁目",
        "full_address": "四日市市 西浦二丁目",
        "postal_code": "5100071",
        "source": "yokkaisi_MIE03_only.csv"
      }
    },
    {
      "type": "Feature",
      "geometry": {
        "type": "Point",
        "coordinates": [
          136.602125,
          35.043313
        ]
      },
      "properties": {
        "municipality_code": "24202",
        "city_name": "四日市市",
        "town_name": "西大鐘町",
        "full_address": "四日市市 西大鐘町",
        "postal_code": "5128052",
        "source": "yokkaisi_MIE03_only.csv"
      }
    },
    {
      "type": "Feature",
      "geometry": {
        "type": "Point",
        "coordinates": [
          136.621613,
          34.969737
        ]
      },
      "properties": {
        "municipality_code": "24202",
        "city_name": "四日市市",
        "town_name": "西新地",
        "full_address": "四日市市 西新地",
        "postal_code": "5100087",
        "source": "yokkaisi_MIE03_only.csv"
      }
    },
    {
      "type": "Feature",
      "geometry": {
        "type": "Point",
        "coordinates": [
          136.630734,
          34.960003
        ]
      },
      "properties": {
        "municipality_code": "24202",
        "city_name": "四日市市",
        "town_name": "西末広町",
        "full_address": "四日市市 西末広町",
        "postal_code": "5100058",
        "source": "yokkaisi_MIE03_only.csv"
      }
    },
    {
      "type": "Feature",
      "geometry": {
        "type": "Point",
        "coordinates": [
          136.652037,
          35.014132
        ]
      },
      "properties": {
        "municipality_code": "24202",
        "city_name": "四日市市",
        "town_name": "西富田二丁目",
        "full_address": "四日市市 西富田二丁目",
        "postal_code": "5108023",
        "source": "yokkaisi_MIE03_only.csv"
      }
    },
    {
      "type": "Feature",
      "geometry": {
        "type": "Point",
        "coordinates": [
          136.646262,
          35.017164
        ]
      },
      "properties": {
        "municipality_code": "24202",
        "city_name": "四日市市",
        "town_name": "西富田三丁目",
        "full_address": "四日市市 西富田三丁目",
        "postal_code": "5108023",
        "source": "yokkaisi_MIE03_only.csv"
      }
    },
    {
      "type": "Feature",
      "geometry": {
        "type": "Point",
        "coordinates": [
          136.646724,
          35.0136
        ]
      },
      "properties": {
        "municipality_code": "24202",
        "city_name": "四日市市",
        "town_name": "西富田町",
        "full_address": "四日市市 西富田町",
        "postal_code": "5108024",
        "source": "yokkaisi_MIE03_only.csv"
      }
    },
    {
      "type": "Feature",
      "geometry": {
        "type": "Point",
        "coordinates": [
          136.613816,
          34.962661
        ]
      },
      "properties": {
        "municipality_code": "24202",
        "city_name": "四日市市",
        "town_name": "西浜田町",
        "full_address": "四日市市 西浜田町",
        "postal_code": "5100073",
        "source": "yokkaisi_MIE03_only.csv"
      }
    },
    {
      "type": "Feature",
      "geometry": {
        "type": "Point",
        "coordinates": [
          136.587007,
          34.953326
        ]
      },
      "properties": {
        "municipality_code": "24202",
        "city_name": "四日市市",
        "town_name": "西日野町",
        "full_address": "四日市市 西日野町",
        "postal_code": "5100943",
        "source": "yokkaisi_MIE03_only.csv"
      }
    },
    {
      "type": "Feature",
      "geometry": {
        "type": "Point",
        "coordinates": [
          136.622504,
          34.972235
        ]
      },
      "properties": {
        "municipality_code": "24202",
        "city_name": "四日市市",
        "town_name": "西町",
        "full_address": "四日市市 西町",
        "postal_code": "5100089",
        "source": "yokkaisi_MIE03_only.csv"
      }
    },
    {
      "type": "Feature",
      "geometry": {
        "type": "Point",
        "coordinates": [
          136.58453,
          34.9695
        ]
      },
      "properties": {
        "municipality_code": "24202",
        "city_name": "四日市市",
        "town_name": "西松本町",
        "full_address": "四日市市 西松本町",
        "postal_code": "5100837",
        "source": "yokkaisi_MIE03_only.csv"
      }
    },
    {
      "type": "Feature",
      "geometry": {
        "type": "Point",
        "coordinates": [
          136.554585,
          35.054045
        ]
      },
      "properties": {
        "municipality_code": "24202",
        "city_name": "四日市市",
        "town_name": "西村町",
        "full_address": "四日市市 西村町",
        "postal_code": "5121305",
        "source": "yokkaisi_MIE03_only.csv"
      }
    },
    {
      "type": "Feature",
      "geometry": {
        "type": "Point",
        "coordinates": [
          136.518435,
          34.962854
        ]
      },
      "properties": {
        "municipality_code": "24202",
        "city_name": "四日市市",
        "town_name": "西山町",
        "full_address": "四日市市 西山町",
        "postal_code": "5121103",
        "source": "yokkaisi_MIE03_only.csv"
      }
    },
    {
      "type": "Feature",
      "geometry": {
        "type": "Point",
        "coordinates": [
          136.61275,
          34.979201
        ]
      },
      "properties": {
        "municipality_code": "24202",
        "city_name": "四日市市",
        "town_name": "野田一丁目",
        "full_address": "四日市市 野田一丁目",
        "postal_code": "5100815",
        "source": "yokkaisi_MIE03_only.csv"
      }
    },
    {
      "type": "Feature",
      "geometry": {
        "type": "Point",
        "coordinates": [
          136.607539,
          34.980756
        ]
      },
      "properties": {
        "municipality_code": "24202",
        "city_name": "四日市市",
        "town_name": "野田二丁目",
        "full_address": "四日市市 野田二丁目",
        "postal_code": "5100815",
        "source": "yokkaisi_MIE03_only.csv"
      }
    },
    {
      "type": "Feature",
      "geometry": {
        "type": "Point",
        "coordinates": [
          136.564019,
          34.954455
        ]
      },
      "properties": {
        "municipality_code": "24202",
        "city_name": "四日市市",
        "town_name": "八王子町",
        "full_address": "四日市市 八王子町",
        "postal_code": "5100947",
        "source": "yokkaisi_MIE03_only.csv"
      }
    },
    {
      "type": "Feature",
      "geometry": {
        "type": "Point",
        "coordinates": [
          136.629892,
          34.971257
        ]
      },
      "properties": {
        "municipality_code": "24202",
        "city_name": "四日市市",
        "town_name": "八幡町",
        "full_address": "四日市市 八幡町",
        "postal_code": "5100097",
        "source": "yokkaisi_MIE03_only.csv"
      }
    },
    {
      "type": "Feature",
      "geometry": {
        "type": "Point",
        "coordinates": [
          136.63941,
          34.992051
        ]
      },
      "properties": {
        "municipality_code": "24202",
        "city_name": "四日市市",
        "town_name": "八田一丁目",
        "full_address": "四日市市 八田一丁目",
        "postal_code": "5100001",
        "source": "yokkaisi_MIE03_only.csv"
      }
    },
    {
      "type": "Feature",
      "geometry": {
        "type": "Point",
        "coordinates": [
          136.640847,
          34.994027
        ]
      },
      "properties": {
        "municipality_code": "24202",
        "city_name": "四日市市",
        "town_name": "八田二丁目",
        "full_address": "四日市市 八田二丁目",
        "postal_code": "5100001",
        "source": "yokkaisi_MIE03_only.csv"
      }
    },
    {
      "type": "Feature",
      "geometry": {
        "type": "Point",
        "coordinates": [
          136.642807,
          34.996844
        ]
      },
      "properties": {
        "municipality_code": "24202",
        "city_name": "四日市市",
        "town_name": "八田三丁目",
        "full_address": "四日市市 八田三丁目",
        "postal_code": "5100001",
        "source": "yokkaisi_MIE03_only.csv"
      }
    },
    {
      "type": "Feature",
      "geometry": {
        "type": "Point",
        "coordinates": [
          136.636045,
          34.989095
        ]
      },
      "properties": {
        "municipality_code": "24202",
        "city_name": "四日市市",
        "town_name": "羽津町",
        "full_address": "四日市市 羽津町",
        "postal_code": "5100017",
        "source": "yokkaisi_MIE03_only.csv"
      }
    },
    {
      "type": "Feature",
      "geometry": {
        "type": "Point",
        "coordinates": [
          136.634281,
          34.992092
        ]
      },
      "properties": {
        "municipality_code": "24202",
        "city_name": "四日市市",
        "town_name": "羽津中一丁目",
        "full_address": "四日市市 羽津中一丁目",
        "postal_code": "5100002",
        "source": "yokkaisi_MIE03_only.csv"
      }
    },
    {
      "type": "Feature",
      "geometry": {
        "type": "Point",
        "coordinates": [
          136.635287,
          34.994139
        ]
      },
      "properties": {
        "municipality_code": "24202",
        "city_name": "四日市市",
        "town_name": "羽津中二丁目",
        "full_address": "四日市市 羽津中二丁目",
        "postal_code": "5100002",
        "source": "yokkaisi_MIE03_only.csv"
      }
    },
    {
      "type": "Feature",
      "geometry": {
        "type": "Point",
        "coordinates": [
          136.636924,
          34.995918
        ]
      },
      "properties": {
        "municipality_code": "24202",
        "city_name": "四日市市",
        "town_name": "羽津中三丁目",
        "full_address": "四日市市 羽津中三丁目",
        "postal_code": "5100002",
        "source": "yokkaisi_MIE03_only.csv"
      }
    },
    {
      "type": "Feature",
      "geometry": {
        "type": "Point",
        "coordinates": [
          136.627874,
          34.988656
        ]
      },
      "properties": {
        "municipality_code": "24202",
        "city_name": "四日市市",
        "town_name": "羽津山町",
        "full_address": "四日市市 羽津山町",
        "postal_code": "5100016",
        "source": "yokkaisi_MIE03_only.csv"
      }
    },
    {
      "type": "Feature",
      "geometry": {
        "type": "Point",
        "coordinates": [
          136.625396,
          34.92977
        ]
      },
      "properties": {
        "municipality_code": "24202",
        "city_name": "四日市市",
        "town_name": "浜旭町",
        "full_address": "四日市市 浜旭町",
        "postal_code": "5100852",
        "source": "yokkaisi_MIE03_only.csv"
      }
    },
    {
      "type": "Feature",
      "geometry": {
        "type": "Point",
        "coordinates": [
          136.631319,
          34.978177
        ]
      },
      "properties": {
        "municipality_code": "24202",
        "city_name": "四日市市",
        "town_name": "浜一色町",
        "full_address": "四日市市 浜一色町",
        "postal_code": "5100031",
        "source": "yokkaisi_MIE03_only.csv"
      }
    },
    {
      "type": "Feature",
      "geometry": {
        "type": "Point",
        "coordinates": [
          136.653361,
          34.995627
        ]
      },
      "properties": {
        "municipality_code": "24202",
        "city_name": "四日市市",
        "town_name": "浜園町",
        "full_address": "四日市市 浜園町",
        "postal_code": "5108009",
        "source": "yokkaisi_MIE03_only.csv"
      }
    },
    {
      "type": "Feature",
      "geometry": {
        "type": "Point",
        "coordinates": [
          136.62004,
          34.963971
        ]
      },
      "properties": {
        "municipality_code": "24202",
        "city_name": "四日市市",
        "town_name": "浜田町",
        "full_address": "四日市市 浜田町",
        "postal_code": "5100067",
        "source": "yokkaisi_MIE03_only.csv"
      }
    },
    {
      "type": "Feature",
      "geometry": {
        "type": "Point",
        "coordinates": [
          136.635245,
          34.967633
        ]
      },
      "properties": {
        "municipality_code": "24202",
        "city_name": "四日市市",
        "town_name": "浜町",
        "full_address": "四日市市 浜町",
        "postal_code": "5100046",
        "source": "yokkaisi_MIE03_only.csv"
      }
    },
    {
      "type": "Feature",
      "geometry": {
        "type": "Point",
        "coordinates": [
          136.625415,
          34.982512
        ]
      },
      "properties": {
        "municipality_code": "24202",
        "city_name": "四日市市",
        "town_name": "万古町",
        "full_address": "四日市市 万古町",
        "postal_code": "5100804",
        "source": "yokkaisi_MIE03_only.csv"
      }
    },
    {
      "type": "Feature",
      "geometry": {
        "type": "Point",
        "coordinates": [
          136.607022,
          35.001589
        ]
      },
      "properties": {
        "municipality_code": "24202",
        "city_name": "四日市市",
        "town_name": "東ケ谷",
        "full_address": "四日市市 東ケ谷",
        "postal_code": "5120907",
        "source": "yokkaisi_MIE03_only.csv"
      }
    },
    {
      "type": "Feature",
      "geometry": {
        "type": "Point",
        "coordinates": [
          136.620297,
          35.005989
        ]
      },
      "properties": {
        "municipality_code": "24202",
        "city_name": "四日市市",
        "town_name": "東垂坂町",
        "full_address": "四日市市 東垂坂町",
        "postal_code": "5108035",
        "source": "yokkaisi_MIE03_only.csv"
      }
    },
    {
      "type": "Feature",
      "geometry": {
        "type": "Point",
        "coordinates": [
          136.655773,
          35.002112
        ]
      },
      "properties": {
        "municipality_code": "24202",
        "city_name": "四日市市",
        "town_name": "東富田町",
        "full_address": "四日市市 東富田町",
        "postal_code": "5108006",
        "source": "yokkaisi_MIE03_only.csv"
      }
    },
    {
      "type": "Feature",
      "geometry": {
        "type": "Point",
        "coordinates": [
          136.598175,
          34.958543
        ]
      },
      "properties": {
        "municipality_code": "24202",
        "city_name": "四日市市",
        "town_name": "東日野一丁目",
        "full_address": "四日市市 東日野一丁目",
        "postal_code": "5100941",
        "source": "yokkaisi_MIE03_only.csv"
      }
    },
    {
      "type": "Feature",
      "geometry": {
        "type": "Point",
        "coordinates": [
          136.597018,
          34.954957
        ]
      },
      "properties": {
        "municipality_code": "24202",
        "city_name": "四日市市",
        "town_name": "東日野二丁目",
        "full_address": "四日市市 東日野二丁目",
        "postal_code": "5100941",
        "source": "yokkaisi_MIE03_only.csv"
      }
    },
    {
      "type": "Feature",
      "geometry": {
        "type": "Point",
        "coordinates": [
          136.593195,
          34.958068
        ]
      },
      "properties": {
        "municipality_code": "24202",
        "city_name": "四日市市",
        "town_name": "東日野町",
        "full_address": "四日市市 東日野町",
        "postal_code": "5100942",
        "source": "yokkaisi_MIE03_only.csv"
      }
    },
    {
      "type": "Feature",
      "geometry": {
        "type": "Point",
        "coordinates": [
          136.649126,
          34.997592
        ]
      },
      "properties": {
        "municipality_code": "24202",
        "city_name": "四日市市",
        "town_name": "東茂福町",
        "full_address": "四日市市 東茂福町",
        "postal_code": "5108011",
        "source": "yokkaisi_MIE03_only.csv"
      }
    },
    {
      "type": "Feature",
      "geometry": {
        "type": "Point",
        "coordinates": [
          136.640995,
          35.030744
        ]
      },
      "properties": {
        "municipality_code": "24202",
        "city_name": "四日市市",
        "town_name": "広永町",
        "full_address": "四日市市 広永町",
        "postal_code": "5128061",
        "source": "yokkaisi_MIE03_only.csv"
      }
    },
    {
      "type": "Feature",
      "geometry": {
        "type": "Point",
        "coordinates": [
          136.639697,
          34.984415
        ]
      },
      "properties": {
        "municipality_code": "24202",
        "city_name": "四日市市",
        "town_name": "富士町",
        "full_address": "四日市市 富士町",
        "postal_code": "5100013",
        "source": "yokkaisi_MIE03_only.csv"
      }
    },
    {
      "type": "Feature",
      "geometry": {
        "type": "Point",
        "coordinates": [
          136.658141,
          35.000498
        ]
      },
      "properties": {
        "municipality_code": "24202",
        "city_name": "四日市市",
        "town_name": "富双一丁目",
        "full_address": "四日市市 富双一丁目",
        "postal_code": "5108005",
        "source": "yokkaisi_MIE03_only.csv"
      }
    },
    {
      "type": "Feature",
      "geometry": {
        "type": "Point",
        "coordinates": [
          136.662801,
          35.003806
        ]
      },
      "properties": {
        "municipality_code": "24202",
        "city_name": "四日市市",
        "town_name": "富双二丁目",
        "full_address": "四日市市 富双二丁目",
        "postal_code": "5108005",
        "source": "yokkaisi_MIE03_only.csv"
      }
    },
    {
      "type": "Feature",
      "geometry": {
        "type": "Point",
        "coordinates": [
          136.627097,
          34.994757
        ]
      },
      "properties": {
        "municipality_code": "24202",
        "city_name": "四日市市",
        "town_name": "別名一丁目",
        "full_address": "四日市市 別名一丁目",
        "postal_code": "5100007",
        "source": "yokkaisi_MIE03_only.csv"
      }
    },
    {
      "type": "Feature",
      "geometry": {
        "type": "Point",
        "coordinates": [
          136.623918,
          34.996186
        ]
      },
      "properties": {
        "municipality_code": "24202",
        "city_name": "四日市市",
        "town_name": "別名二丁目",
        "full_address": "四日市市 別名二丁目",
        "postal_code": "5100007",
        "source": "yokkaisi_MIE03_only.csv"
      }
    },
    {
      "type": "Feature",
      "geometry": {
        "type": "Point",
        "coordinates": [
          136.626566,
          34.999004
        ]
      },
      "properties": {
        "municipality_code": "24202",
        "city_name": "四日市市",
        "town_name": "別名三丁目",
        "full_address": "四日市市 別名三丁目",
        "postal_code": "5100007",
        "source": "yokkaisi_MIE03_only.csv"
      }
    },
    {
      "type": "Feature",
      "geometry": {
        "type": "Point",
        "coordinates": [
          136.628732,
          34.997118
        ]
      },
      "properties": {
        "municipality_code": "24202",
        "city_name": "四日市市",
        "town_name": "別名四丁目",
        "full_address": "四日市市 別名四丁目",
        "postal_code": "5100007",
        "source": "yokkaisi_MIE03_only.csv"
      }
    },
    {
      "type": "Feature",
      "geometry": {
        "type": "Point",
        "coordinates": [
          136.632735,
          34.996273
        ]
      },
      "properties": {
        "municipality_code": "24202",
        "city_name": "四日市市",
        "town_name": "別名五丁目",
        "full_address": "四日市市 別名五丁目",
        "postal_code": "5100007",
        "source": "yokkaisi_MIE03_only.csv"
      }
    },
    {
      "type": "Feature",
      "geometry": {
        "type": "Point",
        "coordinates": [
          136.632511,
          34.998767
        ]
      },
      "properties": {
        "municipality_code": "24202",
        "city_name": "四日市市",
        "town_name": "別名六丁目",
        "full_address": "四日市市 別名六丁目",
        "postal_code": "5100007",
        "source": "yokkaisi_MIE03_only.csv"
      }
    },
    {
      "type": "Feature",
      "geometry": {
        "type": "Point",
        "coordinates": [
          136.559711,
          34.971565
        ]
      },
      "properties": {
        "municipality_code": "24202",
        "city_name": "四日市市",
        "town_name": "別山一丁目",
        "full_address": "四日市市 別山一丁目",
        "postal_code": "5120936",
        "source": "yokkaisi_MIE03_only.csv"
      }
    },
    {
      "type": "Feature",
      "geometry": {
        "type": "Point",
        "coordinates": [
          136.561679,
          34.969293
        ]
      },
      "properties": {
        "municipality_code": "24202",
        "city_name": "四日市市",
        "town_name": "別山二丁目",
        "full_address": "四日市市 別山二丁目",
        "postal_code": "5120936",
        "source": "yokkaisi_MIE03_only.csv"
      }
    },
    {
      "type": "Feature",
      "geometry": {
        "type": "Point",
        "coordinates": [
          136.559267,
          34.96799
        ]
      },
      "properties": {
        "municipality_code": "24202",
        "city_name": "四日市市",
        "town_name": "別山三丁目",
        "full_address": "四日市市 別山三丁目",
        "postal_code": "5120936",
        "source": "yokkaisi_MIE03_only.csv"
      }
    },
    {
      "type": "Feature",
      "geometry": {
        "type": "Point",
        "coordinates": [
          136.5582,
          34.970162
        ]
      },
      "properties": {
        "municipality_code": "24202",
        "city_name": "四日市市",
        "town_name": "別山四丁目",
        "full_address": "四日市市 別山四丁目",
        "postal_code": "5120936",
        "source": "yokkaisi_MIE03_only.csv"
      }
    },
    {
      "type": "Feature",
      "geometry": {
        "type": "Point",
        "coordinates": [
          136.614048,
          34.971527
        ]
      },
      "properties": {
        "municipality_code": "24202",
        "city_name": "四日市市",
        "town_name": "堀木一丁目",
        "full_address": "四日市市 堀木一丁目",
        "postal_code": "5100076",
        "source": "yokkaisi_MIE03_only.csv"
      }
    },
    {
      "type": "Feature",
      "geometry": {
        "type": "Point",
        "coordinates": [
          136.615722,
          34.974477
        ]
      },
      "properties": {
        "municipality_code": "24202",
        "city_name": "四日市市",
        "town_name": "堀木二丁目",
        "full_address": "四日市市 堀木二丁目",
        "postal_code": "5100076",
        "source": "yokkaisi_MIE03_only.csv"
      }
    },
    {
      "type": "Feature",
      "geometry": {
        "type": "Point",
        "coordinates": [
          136.630242,
          34.962304
        ]
      },
      "properties": {
        "municipality_code": "24202",
        "city_name": "四日市市",
        "town_name": "本町",
        "full_address": "四日市市 本町",
        "postal_code": "5100093",
        "source": "yokkaisi_MIE03_only.csv"
      }
    },
    {
      "type": "Feature",
      "geometry": {
        "type": "Point",
        "coordinates": [
          136.59379,
          34.936699
        ]
      },
      "properties": {
        "municipality_code": "24202",
        "city_name": "四日市市",
        "town_name": "前田町",
        "full_address": "四日市市 前田町",
        "postal_code": "5100893",
        "source": "yokkaisi_MIE03_only.csv"
      }
    },
    {
      "type": "Feature",
      "geometry": {
        "type": "Point",
        "coordinates": [
          136.650089,
          35.016117
        ]
      },
      "properties": {
        "municipality_code": "24202",
        "city_name": "四日市市",
        "town_name": "蒔田一丁目",
        "full_address": "四日市市 蒔田一丁目",
        "postal_code": "5108022",
        "source": "yokkaisi_MIE03_only.csv"
      }
    },
    {
      "type": "Feature",
      "geometry": {
        "type": "Point",
        "coordinates": [
          136.651821,
          35.016851
        ]
      },
      "properties": {
        "municipality_code": "24202",
        "city_name": "四日市市",
        "town_name": "蒔田二丁目",
        "full_address": "四日市市 蒔田二丁目",
        "postal_code": "5108022",
        "source": "yokkaisi_MIE03_only.csv"
      }
    },
    {
      "type": "Feature",
      "geometry": {
        "type": "Point",
        "coordinates": [
          136.653375,
          35.018054
        ]
      },
      "properties": {
        "municipality_code": "24202",
        "city_name": "四日市市",
        "town_name": "蒔田三丁目",
        "full_address": "四日市市 蒔田三丁目",
        "postal_code": "5108022",
        "source": "yokkaisi_MIE03_only.csv"
      }
    },
    {
      "type": "Feature",
      "geometry": {
        "type": "Point",
        "coordinates": [
          136.648065,
          35.018175
        ]
      },
      "properties": {
        "municipality_code": "24202",
        "city_name": "四日市市",
        "town_name": "蒔田四丁目",
        "full_address": "四日市市 蒔田四丁目",
        "postal_code": "5108022",
        "source": "yokkaisi_MIE03_only.csv"
      }
    },
    {
      "type": "Feature",
      "geometry": {
        "type": "Point",
        "coordinates": [
          136.570137,
          35.03724
        ]
      },
      "properties": {
        "municipality_code": "24202",
        "city_name": "四日市市",
        "town_name": "まきの木台一丁目",
        "full_address": "四日市市 まきの木台一丁目",
        "postal_code": "5121306",
        "source": "yokkaisi_MIE03_only.csv"
      }
    },
    {
      "type": "Feature",
      "geometry": {
        "type": "Point",
        "coordinates": [
          136.568613,
          35.038831
        ]
      },
      "properties": {
        "municipality_code": "24202",
        "city_name": "四日市市",
        "town_name": "まきの木台二丁目",
        "full_address": "四日市市 まきの木台二丁目",
        "postal_code": "5121306",
        "source": "yokkaisi_MIE03_only.csv"
      }
    },
    {
      "type": "Feature",
      "geometry": {
        "type": "Point",
        "coordinates": [
          136.571397,
          35.03871
        ]
      },
      "properties": {
        "municipality_code": "24202",
        "city_name": "四日市市",
        "town_name": "まきの木台三丁目",
        "full_address": "四日市市 まきの木台三丁目",
        "postal_code": "5121306",
        "source": "yokkaisi_MIE03_only.csv"
      }
    },
    {
      "type": "Feature",
      "geometry": {
        "type": "Point",
        "coordinates": [
          136.654574,
          35.020391
        ]
      },
      "properties": {
        "municipality_code": "24202",
        "city_name": "四日市市",
        "town_name": "松寺一丁目",
        "full_address": "四日市市 松寺一丁目",
        "postal_code": "5108021",
        "source": "yokkaisi_MIE03_only.csv"
      }
    },
    {
      "type": "Feature",
      "geometry": {
        "type": "Point",
        "coordinates": [
          136.655521,
          35.022772
        ]
      },
      "properties": {
        "municipality_code": "24202",
        "city_name": "四日市市",
        "town_name": "松寺二丁目",
        "full_address": "四日市市 松寺二丁目",
        "postal_code": "5108021",
        "source": "yokkaisi_MIE03_only.csv"
      }
    },
    {
      "type": "Feature",
      "geometry": {
        "type": "Point",
        "coordinates": [
          136.652093,
          35.022774
        ]
      },
      "properties": {
        "municipality_code": "24202",
        "city_name": "四日市市",
        "town_name": "松寺三丁目",
        "full_address": "四日市市 松寺三丁目",
        "postal_code": "5108021",
        "source": "yokkaisi_MIE03_only.csv"
      }
    },
    {
      "type": "Feature",
      "geometry": {
        "type": "Point",
        "coordinates": [
          136.655209,
          35.010914
        ]
      },
      "properties": {
        "municipality_code": "24202",
        "city_name": "四日市市",
        "town_name": "松原町",
        "full_address": "四日市市 松原町",
        "postal_code": "5108015",
        "source": "yokkaisi_MIE03_only.csv"
      }
    },
    {
      "type": "Feature",
      "geometry": {
        "type": "Point",
        "coordinates": [
          136.591706,
          34.965405
        ]
      },
      "properties": {
        "municipality_code": "24202",
        "city_name": "四日市市",
        "town_name": "松本一丁目",
        "full_address": "四日市市 松本一丁目",
        "postal_code": "5100836",
        "source": "yokkaisi_MIE03_only.csv"
      }
    },
    {
      "type": "Feature",
      "geometry": {
        "type": "Point",
        "coordinates": [
          136.592815,
          34.968698
        ]
      },
      "properties": {
        "municipality_code": "24202",
        "city_name": "四日市市",
        "town_name": "松本二丁目",
        "full_address": "四日市市 松本二丁目",
        "postal_code": "5100836",
        "source": "yokkaisi_MIE03_only.csv"
      }
    },
    {
      "type": "Feature",
      "geometry": {
        "type": "Point",
        "coordinates": [
          136.589371,
          34.970118
        ]
      },
      "properties": {
        "municipality_code": "24202",
        "city_name": "四日市市",
        "town_name": "松本三丁目",
        "full_address": "四日市市 松本三丁目",
        "postal_code": "5100836",
        "source": "yokkaisi_MIE03_only.csv"
      }
    },
    {
      "type": "Feature",
      "geometry": {
        "type": "Point",
        "coordinates": [
          136.58728,
          34.967953
        ]
      },
      "properties": {
        "municipality_code": "24202",
        "city_name": "四日市市",
        "town_name": "松本四丁目",
        "full_address": "四日市市 松本四丁目",
        "postal_code": "5100836",
        "source": "yokkaisi_MIE03_only.csv"
      }
    },
    {
      "type": "Feature",
      "geometry": {
        "type": "Point",
        "coordinates": [
          136.589524,
          34.966881
        ]
      },
      "properties": {
        "municipality_code": "24202",
        "city_name": "四日市市",
        "town_name": "松本五丁目",
        "full_address": "四日市市 松本五丁目",
        "postal_code": "5100836",
        "source": "yokkaisi_MIE03_only.csv"
      }
    },
    {
      "type": "Feature",
      "geometry": {
        "type": "Point",
        "coordinates": [
          136.588095,
          34.964986
        ]
      },
      "properties": {
        "municipality_code": "24202",
        "city_name": "四日市市",
        "town_name": "松本六丁目",
        "full_address": "四日市市 松本六丁目",
        "postal_code": "5100836",
        "source": "yokkaisi_MIE03_only.csv"
      }
    },
    {
      "type": "Feature",
      "geometry": {
        "type": "Point",
        "coordinates": [
          136.508754,
          34.960789
        ]
      },
      "properties": {
        "municipality_code": "24202",
        "city_name": "四日市市",
        "town_name": "美里町",
        "full_address": "四日市市 美里町",
        "postal_code": "5121104",
        "source": "yokkaisi_MIE03_only.csv"
      }
    },
    {
      "type": "Feature",
      "geometry": {
        "type": "Point",
        "coordinates": [
          136.623869,
          34.932669
        ]
      },
      "properties": {
        "municipality_code": "24202",
        "city_name": "四日市市",
        "town_name": "御薗町一丁目",
        "full_address": "四日市市 御薗町一丁目",
        "postal_code": "5100862",
        "source": "yokkaisi_MIE03_only.csv"
      }
    },
    {
      "type": "Feature",
      "geometry": {
        "type": "Point",
        "coordinates": [
          136.620821,
          34.93338
        ]
      },
      "properties": {
        "municipality_code": "24202",
        "city_name": "四日市市",
        "town_name": "御薗町二丁目",
        "full_address": "四日市市 御薗町二丁目",
        "postal_code": "5100862",
        "source": "yokkaisi_MIE03_only.csv"
      }
    },
    {
      "type": "Feature",
      "geometry": {
        "type": "Point",
        "coordinates": [
          136.572346,
          34.976466
        ]
      },
      "properties": {
        "municipality_code": "24202",
        "city_name": "四日市市",
        "town_name": "三滝台一丁目",
        "full_address": "四日市市 三滝台一丁目",
        "postal_code": "5120933",
        "source": "yokkaisi_MIE03_only.csv"
      }
    },
    {
      "type": "Feature",
      "geometry": {
        "type": "Point",
        "coordinates": [
          136.572631,
          34.973332
        ]
      },
      "properties": {
        "municipality_code": "24202",
        "city_name": "四日市市",
        "town_name": "三滝台二丁目",
        "full_address": "四日市市 三滝台二丁目",
        "postal_code": "5120933",
        "source": "yokkaisi_MIE03_only.csv"
      }
    },
    {
      "type": "Feature",
      "geometry": {
        "type": "Point",
        "coordinates": [
          136.569723,
          34.974645
        ]
      },
      "properties": {
        "municipality_code": "24202",
        "city_name": "四日市市",
        "town_name": "三滝台三丁目",
        "full_address": "四日市市 三滝台三丁目",
        "postal_code": "5120933",
        "source": "yokkaisi_MIE03_only.csv"
      }
    },
    {
      "type": "Feature",
      "geometry": {
        "type": "Point",
        "coordinates": [
          136.566687,
          34.974913
        ]
      },
      "properties": {
        "municipality_code": "24202",
        "city_name": "四日市市",
        "town_name": "三滝台四丁目",
        "full_address": "四日市市 三滝台四丁目",
        "postal_code": "5120933",
        "source": "yokkaisi_MIE03_only.csv"
      }
    },
    {
      "type": "Feature",
      "geometry": {
        "type": "Point",
        "coordinates": [
          136.659102,
          34.941285
        ]
      },
      "properties": {
        "municipality_code": "24202",
        "city_name": "四日市市",
        "town_name": "三田町",
        "full_address": "四日市市 三田町",
        "postal_code": "5100841",
        "source": "yokkaisi_MIE03_only.csv"
      }
    },
    {
      "type": "Feature",
      "geometry": {
        "type": "Point",
        "coordinates": [
          136.629872,
          34.982426
        ]
      },
      "properties": {
        "municipality_code": "24202",
        "city_name": "四日市市",
        "town_name": "三ツ谷町",
        "full_address": "四日市市 三ツ谷町",
        "postal_code": "5100802",
        "source": "yokkaisi_MIE03_only.csv"
      }
    },
    {
      "type": "Feature",
      "geometry": {
        "type": "Point",
        "coordinates": [
          136.633565,
          34.981219
        ]
      },
      "properties": {
        "municipality_code": "24202",
        "city_name": "四日市市",
        "town_name": "三ツ谷東町",
        "full_address": "四日市市 三ツ谷東町",
        "postal_code": "5100801",
        "source": "yokkaisi_MIE03_only.csv"
      }
    },
    {
      "type": "Feature",
      "geometry": {
        "type": "Point",
        "coordinates": [
          136.622509,
          34.994364
        ]
      },
      "properties": {
        "municipality_code": "24202",
        "city_name": "四日市市",
        "town_name": "緑丘町",
        "full_address": "四日市市 緑丘町",
        "postal_code": "5100006",
        "source": "yokkaisi_MIE03_only.csv"
      }
    },
    {
      "type": "Feature",
      "geometry": {
        "type": "Point",
        "coordinates": [
          136.629059,
          35.001197
        ]
      },
      "properties": {
        "municipality_code": "24202",
        "city_name": "四日市市",
        "town_name": "南いかるが町",
        "full_address": "四日市市 南いかるが町",
        "postal_code": "5100008",
        "source": "yokkaisi_MIE03_only.csv"
      }
    },
    {
      "type": "Feature",
      "geometry": {
        "type": "Point",
        "coordinates": [
          136.627068,
          34.95489
        ]
      },
      "properties": {
        "municipality_code": "24202",
        "city_name": "四日市市",
        "town_name": "南起町",
        "full_address": "四日市市 南起町",
        "postal_code": "5100056",
        "source": "yokkaisi_MIE03_only.csv"
      }
    },
    {
      "type": "Feature",
      "geometry": {
        "type": "Point",
        "coordinates": [
          136.558347,
          34.921555
        ]
      },
      "properties": {
        "municipality_code": "24202",
        "city_name": "四日市市",
        "town_name": "南小松町",
        "full_address": "四日市市 南小松町",
        "postal_code": "5100971",
        "source": "yokkaisi_MIE03_only.csv"
      }
    },
    {
      "type": "Feature",
      "geometry": {
        "type": "Point",
        "coordinates": [
          136.612243,
          35.004095
        ]
      },
      "properties": {
        "municipality_code": "24202",
        "city_name": "四日市市",
        "town_name": "南垂坂町",
        "full_address": "四日市市 南垂坂町",
        "postal_code": "5108036",
        "source": "yokkaisi_MIE03_only.csv"
      }
    },
    {
      "type": "Feature",
      "geometry": {
        "type": "Point",
        "coordinates": [
          136.649538,
          35.002729
        ]
      },
      "properties": {
        "municipality_code": "24202",
        "city_name": "四日市市",
        "town_name": "南富田町",
        "full_address": "四日市市 南富田町",
        "postal_code": "5108013",
        "source": "yokkaisi_MIE03_only.csv"
      }
    },
    {
      "type": "Feature",
      "geometry": {
        "type": "Point",
        "coordinates": [
          136.633368,
          34.962295
        ]
      },
      "properties": {
        "municipality_code": "24202",
        "city_name": "四日市市",
        "town_name": "南納屋町",
        "full_address": "四日市市 南納屋町",
        "postal_code": "5100043",
        "source": "yokkaisi_MIE03_only.csv"
      }
    },
    {
      "type": "Feature",
      "geometry": {
        "type": "Point",
        "coordinates": [
          136.616761,
          34.961102
        ]
      },
      "properties": {
        "municipality_code": "24202",
        "city_name": "四日市市",
        "town_name": "南浜田町",
        "full_address": "四日市市 南浜田町",
        "postal_code": "5100066",
        "source": "yokkaisi_MIE03_only.csv"
      }
    },
    {
      "type": "Feature",
      "geometry": {
        "type": "Point",
        "coordinates": [
          136.579811,
          34.967145
        ]
      },
      "properties": {
        "municipality_code": "24202",
        "city_name": "四日市市",
        "town_name": "南松本町",
        "full_address": "四日市市 南松本町",
        "postal_code": "5100838",
        "source": "yokkaisi_MIE03_only.csv"
      }
    },
    {
      "type": "Feature",
      "geometry": {
        "type": "Point",
        "coordinates": [
          136.624846,
          34.942367
        ]
      },
      "properties": {
        "municipality_code": "24202",
        "city_name": "四日市市",
        "town_name": "宮東町一丁目",
        "full_address": "四日市市 宮東町一丁目",
        "postal_code": "5100843",
        "source": "yokkaisi_MIE03_only.csv"
      }
    },
    {
      "type": "Feature",
      "geometry": {
        "type": "Point",
        "coordinates": [
          136.623505,
          34.940486
        ]
      },
      "properties": {
        "municipality_code": "24202",
        "city_name": "四日市市",
        "town_name": "宮東町二丁目",
        "full_address": "四日市市 宮東町二丁目",
        "postal_code": "5100843",
        "source": "yokkaisi_MIE03_only.csv"
      }
    },
    {
      "type": "Feature",
      "geometry": {
        "type": "Point",
        "coordinates": [
          136.623524,
          34.93932
        ]
      },
      "properties": {
        "municipality_code": "24202",
        "city_name": "四日市市",
        "town_name": "宮東町三丁目",
        "full_address": "四日市市 宮東町三丁目",
        "postal_code": "5100843",
        "source": "yokkaisi_MIE03_only.csv"
      }
    },
    {
      "type": "Feature",
      "geometry": {
        "type": "Point",
        "coordinates": [
          136.620614,
          34.944666
        ]
      },
      "properties": {
        "municipality_code": "24202",
        "city_name": "四日市市",
        "town_name": "海山道町一丁目",
        "full_address": "四日市市 海山道町一丁目",
        "postal_code": "5100845",
        "source": "yokkaisi_MIE03_only.csv"
      }
    },
    {
      "type": "Feature",
      "geometry": {
        "type": "Point",
        "coordinates": [
          136.623346,
          34.943146
        ]
      },
      "properties": {
        "municipality_code": "24202",
        "city_name": "四日市市",
        "town_name": "海山道町二丁目",
        "full_address": "四日市市 海山道町二丁目",
        "postal_code": "5100845",
        "source": "yokkaisi_MIE03_only.csv"
      }
    },
    {
      "type": "Feature",
      "geometry": {
        "type": "Point",
        "coordinates": [
          136.620126,
          34.940431
        ]
      },
      "properties": {
        "municipality_code": "24202",
        "city_name": "四日市市",
        "town_name": "海山道町三丁目",
        "full_address": "四日市市 海山道町三丁目",
        "postal_code": "5100845",
        "source": "yokkaisi_MIE03_only.csv"
      }
    },
    {
      "type": "Feature",
      "geometry": {
        "type": "Point",
        "coordinates": [
          136.61688,
          34.994033
        ]
      },
      "properties": {
        "municipality_code": "24202",
        "city_name": "四日市市",
        "town_name": "みゆきケ丘一丁目",
        "full_address": "四日市市 みゆきケ丘一丁目",
        "postal_code": "5100811",
        "source": "yokkaisi_MIE03_only.csv"
      }
    },
    {
      "type": "Feature",
      "geometry": {
        "type": "Point",
        "coordinates": [
          136.616326,
          34.998172
        ]
      },
      "properties": {
        "municipality_code": "24202",
        "city_name": "四日市市",
        "town_name": "みゆきケ丘二丁目",
        "full_address": "四日市市 みゆきケ丘二丁目",
        "postal_code": "5100811",
        "source": "yokkaisi_MIE03_only.csv"
      }
    },
    {
      "type": "Feature",
      "geometry": {
        "type": "Point",
        "coordinates": [
          136.578089,
          34.955993
        ]
      },
      "properties": {
        "municipality_code": "24202",
        "city_name": "四日市市",
        "town_name": "室山町",
        "full_address": "四日市市 室山町",
        "postal_code": "5100948",
        "source": "yokkaisi_MIE03_only.csv"
      }
    },
    {
      "type": "Feature",
      "geometry": {
        "type": "Point",
        "coordinates": [
          136.646837,
          35.00003
        ]
      },
      "properties": {
        "municipality_code": "24202",
        "city_name": "四日市市",
        "town_name": "茂福町",
        "full_address": "四日市市 茂福町",
        "postal_code": "5108012",
        "source": "yokkaisi_MIE03_only.csv"
      }
    },
    {
      "type": "Feature",
      "geometry": {
        "type": "Point",
        "coordinates": [
          136.628376,
          34.967682
        ]
      },
      "properties": {
        "municipality_code": "24202",
        "city_name": "四日市市",
        "town_name": "元新町",
        "full_address": "四日市市 元新町",
        "postal_code": "5100095",
        "source": "yokkaisi_MIE03_only.csv"
      }
    },
    {
      "type": "Feature",
      "geometry": {
        "type": "Point",
        "coordinates": [
          136.621855,
          34.97103
        ]
      },
      "properties": {
        "municipality_code": "24202",
        "city_name": "四日市市",
        "town_name": "元町",
        "full_address": "四日市市 元町",
        "postal_code": "5100088",
        "source": "yokkaisi_MIE03_only.csv"
      }
    },
    {
      "type": "Feature",
      "geometry": {
        "type": "Point",
        "coordinates": [
          136.583018,
          34.931301
        ]
      },
      "properties": {
        "municipality_code": "24202",
        "city_name": "四日市市",
        "town_name": "森カ山町",
        "full_address": "四日市市 森カ山町",
        "postal_code": "5100957",
        "source": "yokkaisi_MIE03_only.csv"
      }
    },
    {
      "type": "Feature",
      "geometry": {
        "type": "Point",
        "coordinates": [
          136.616384,
          34.967657
        ]
      },
      "properties": {
        "municipality_code": "24202",
        "city_name": "四日市市",
        "town_name": "安島一丁目",
        "full_address": "四日市市 安島一丁目",
        "postal_code": "5100075",
        "source": "yokkaisi_MIE03_only.csv"
      }
    },
    {
      "type": "Feature",
      "geometry": {
        "type": "Point",
        "coordinates": [
          136.612881,
          34.969588
        ]
      },
      "properties": {
        "municipality_code": "24202",
        "city_name": "四日市市",
        "town_name": "安島二丁目",
        "full_address": "四日市市 安島二丁目",
        "postal_code": "5100075",
        "source": "yokkaisi_MIE03_only.csv"
      }
    },
    {
      "type": "Feature",
      "geometry": {
        "type": "Point",
        "coordinates": [
          136.58559,
          35.029482
        ]
      },
      "properties": {
        "municipality_code": "24202",
        "city_name": "四日市市",
        "town_name": "八千代台一丁目",
        "full_address": "四日市市 八千代台一丁目",
        "postal_code": "5128047",
        "source": "yokkaisi_MIE03_only.csv"
      }
    },
    {
      "type": "Feature",
      "geometry": {
        "type": "Point",
        "coordinates": [
          136.582959,
          35.028489
        ]
      },
      "properties": {
        "municipality_code": "24202",
        "city_name": "四日市市",
        "town_name": "八千代台二丁目",
        "full_address": "四日市市 八千代台二丁目",
        "postal_code": "5128047",
        "source": "yokkaisi_MIE03_only.csv"
      }
    },
    {
      "type": "Feature",
      "geometry": {
        "type": "Point",
        "coordinates": [
          136.581218,
          35.030554
        ]
      },
      "properties": {
        "municipality_code": "24202",
        "city_name": "四日市市",
        "town_name": "八千代台三丁目",
        "full_address": "四日市市 八千代台三丁目",
        "postal_code": "5128047",
        "source": "yokkaisi_MIE03_only.csv"
      }
    },
    {
      "type": "Feature",
      "geometry": {
        "type": "Point",
        "coordinates": [
          136.620183,
          34.934221
        ]
      },
      "properties": {
        "municipality_code": "24202",
        "city_name": "四日市市",
        "town_name": "柳町",
        "full_address": "四日市市 柳町",
        "postal_code": "5100861",
        "source": "yokkaisi_MIE03_only.csv"
      }
    },
    {
      "type": "Feature",
      "geometry": {
        "type": "Point",
        "coordinates": [
          136.63245,
          35.026782
        ]
      },
      "properties": {
        "municipality_code": "24202",
        "city_name": "四日市市",
        "town_name": "山分町",
        "full_address": "四日市市 山分町",
        "postal_code": "5128041",
        "source": "yokkaisi_MIE03_only.csv"
      }
    },
    {
      "type": "Feature",
      "geometry": {
        "type": "Point",
        "coordinates": [
          136.624478,
          34.992589
        ]
      },
      "properties": {
        "municipality_code": "24202",
        "city_name": "四日市市",
        "town_name": "山手町",
        "full_address": "四日市市 山手町",
        "postal_code": "5100005",
        "source": "yokkaisi_MIE03_only.csv"
      }
    },
    {
      "type": "Feature",
      "geometry": {
        "type": "Point",
        "coordinates": [
          136.600898,
          35.012655
        ]
      },
      "properties": {
        "municipality_code": "24202",
        "city_name": "四日市市",
        "town_name": "山之一色町",
        "full_address": "四日市市 山之一色町",
        "postal_code": "5120906",
        "source": "yokkaisi_MIE03_only.csv"
      }
    },
    {
      "type": "Feature",
      "geometry": {
        "type": "Point",
        "coordinates": [
          136.637627,
          35.03809
        ]
      },
      "properties": {
        "municipality_code": "24202",
        "city_name": "四日市市",
        "town_name": "山村町",
        "full_address": "四日市市 山村町",
        "postal_code": "5128063",
        "source": "yokkaisi_MIE03_only.csv"
      }
    },
    {
      "type": "Feature",
      "geometry": {
        "type": "Point",
        "coordinates": [
          136.527672,
          34.939773
        ]
      },
      "properties": {
        "municipality_code": "24202",
        "city_name": "四日市市",
        "town_name": "六名町",
        "full_address": "四日市市 六名町",
        "postal_code": "5121116",
        "source": "yokkaisi_MIE03_only.csv"
      }
    },
    {
      "type": "Feature",
      "geometry": {
        "type": "Point",
        "coordinates": [
          136.517379,
          34.939495
        ]
      },
      "properties": {
        "municipality_code": "24202",
        "city_name": "四日市市",
        "town_name": "和無田町",
        "full_address": "四日市市 和無田町",
        "postal_code": "5121114",
        "source": "yokkaisi_MIE03_only.csv"
      }
    },
    {
      "type": "Feature",
      "geometry": {
        "type": "Point",
        "coordinates": [
          136.625841,
          34.978792
        ]
      },
      "properties": {
        "municipality_code": "24202",
        "city_name": "四日市市",
        "town_name": "陶栄町",
        "full_address": "四日市市 陶栄町",
        "postal_code": "5100035",
        "source": "yokkaisi_MIE03_only.csv"
      }
    },
    {
      "type": "Feature",
      "geometry": {
        "type": "Point",
        "coordinates": [
          136.621458,
          34.978841
        ]
      },
      "properties": {
        "municipality_code": "24202",
        "city_name": "四日市市",
        "town_name": "本郷町",
        "full_address": "四日市市 本郷町",
        "postal_code": "5100806",
        "source": "yokkaisi_MIE03_only.csv"
      }
    },
    {
      "type": "Feature",
      "geometry": {
        "type": "Point",
        "coordinates": [
          136.623877,
          34.975505
        ]
      },
      "properties": {
        "municipality_code": "24202",
        "city_name": "四日市市",
        "town_name": "滝川町",
        "full_address": "四日市市 滝川町",
        "postal_code": "5100034",
        "source": "yokkaisi_MIE03_only.csv"
      }
    },
    {
      "type": "Feature",
      "geometry": {
        "type": "Point",
        "coordinates": [
          136.619632,
          34.976466
        ]
      },
      "properties": {
        "municipality_code": "24202",
        "city_name": "四日市市",
        "town_name": "末永町",
        "full_address": "四日市市 末永町",
        "postal_code": "5100807",
        "source": "yokkaisi_MIE03_only.csv"
      }
    },
    {
      "type": "Feature",
      "geometry": {
        "type": "Point",
        "coordinates": [
          136.654108,
          35.067411
        ]
      },
      "properties": {
        "municipality_code": "24205",
        "city_name": "桑名市",
        "town_name": "さくらの丘",
        "full_address": "桑名市 さくらの丘",
        "postal_code": "5110868",
        "source": "kuwanasi.zip"
      }
    },
    {
      "type": "Feature",
      "geometry": {
        "type": "Point",
        "coordinates": [
          136.699104,
          35.059468
        ]
      },
      "properties": {
        "municipality_code": "24205",
        "city_name": "桑名市",
        "town_name": "伊賀町",
        "full_address": "桑名市 伊賀町",
        "postal_code": "5110036",
        "source": "kuwanasi.zip"
      }
    },
    {
      "type": "Feature",
      "geometry": {
        "type": "Point",
        "coordinates": [
          136.68963,
          35.059309
        ]
      },
      "properties": {
        "municipality_code": "24205",
        "city_name": "桑名市",
        "town_name": "一色町",
        "full_address": "桑名市 一色町",
        "postal_code": "5110046",
        "source": "kuwanasi.zip"
      }
    },
    {
      "type": "Feature",
      "geometry": {
        "type": "Point",
        "coordinates": [
          136.68022,
          35.058068
        ]
      },
      "properties": {
        "municipality_code": "24205",
        "city_name": "桑名市",
        "town_name": "益生町",
        "full_address": "桑名市 益生町",
        "postal_code": "5110831",
        "source": "kuwanasi.zip"
      }
    },
    {
      "type": "Feature",
      "geometry": {
        "type": "Point",
        "coordinates": [
          136.685648,
          35.068353
        ]
      },
      "properties": {
        "municipality_code": "24205",
        "city_name": "桑名市",
        "town_name": "駅元町",
        "full_address": "桑名市 駅元町",
        "postal_code": "5110071",
        "source": "kuwanasi.zip"
      }
    },
    {
      "type": "Feature",
      "geometry": {
        "type": "Point",
        "coordinates": [
          136.670334,
          35.064172
        ]
      },
      "properties": {
        "municipality_code": "24205",
        "city_name": "桑名市",
        "town_name": "霞町一丁目",
        "full_address": "桑名市 霞町一丁目",
        "postal_code": "5110827",
        "source": "kuwanasi.zip"
      }
    },
    {
      "type": "Feature",
      "geometry": {
        "type": "Point",
        "coordinates": [
          136.670953,
          35.063596
        ]
      },
      "properties": {
        "municipality_code": "24205",
        "city_name": "桑名市",
        "town_name": "霞町二丁目",
        "full_address": "桑名市 霞町二丁目",
        "postal_code": "5110827",
        "source": "kuwanasi.zip"
      }
    },
    {
      "type": "Feature",
      "geometry": {
        "type": "Point",
        "coordinates": [
          136.694479,
          35.060038
        ]
      },
      "properties": {
        "municipality_code": "24205",
        "city_name": "桑名市",
        "town_name": "外堀",
        "full_address": "桑名市 外堀",
        "postal_code": "5110041",
        "source": "kuwanasi.zip"
      }
    },
    {
      "type": "Feature",
      "geometry": {
        "type": "Point",
        "coordinates": [
          136.688155,
          35.057837
        ]
      },
      "properties": {
        "municipality_code": "24205",
        "city_name": "桑名市",
        "town_name": "掛樋",
        "full_address": "桑名市 掛樋",
        "postal_code": "5110067",
        "source": "kuwanasi.zip"
      }
    },
    {
      "type": "Feature",
      "geometry": {
        "type": "Point",
        "coordinates": [
          136.691912,
          35.058381
        ]
      },
      "properties": {
        "municipality_code": "24205",
        "city_name": "桑名市",
        "town_name": "萱町",
        "full_address": "桑名市 萱町",
        "postal_code": "5110044",
        "source": "kuwanasi.zip"
      }
    },
    {
      "type": "Feature",
      "geometry": {
        "type": "Point",
        "coordinates": [
          136.692304,
          35.062755
        ]
      },
      "properties": {
        "municipality_code": "24205",
        "city_name": "桑名市",
        "town_name": "吉津屋町",
        "full_address": "桑名市 吉津屋町",
        "postal_code": "5110087",
        "source": "kuwanasi.zip"
      }
    },
    {
      "type": "Feature",
      "geometry": {
        "type": "Point",
        "coordinates": [
          136.699735,
          35.065605
        ]
      },
      "properties": {
        "municipality_code": "24205",
        "city_name": "桑名市",
        "town_name": "吉之丸",
        "full_address": "桑名市 吉之丸",
        "postal_code": "5110032",
        "source": "kuwanasi.zip"
      }
    },
    {
      "type": "Feature",
      "geometry": {
        "type": "Point",
        "coordinates": [
          136.695204,
          35.067767
        ]
      },
      "properties": {
        "municipality_code": "24205",
        "city_name": "桑名市",
        "town_name": "宮町",
        "full_address": "桑名市 宮町",
        "postal_code": "5110026",
        "source": "kuwanasi.zip"
      }
    },
    {
      "type": "Feature",
      "geometry": {
        "type": "Point",
        "coordinates": [
          136.695216,
          35.064269
        ]
      },
      "properties": {
        "municipality_code": "24205",
        "city_name": "桑名市",
        "town_name": "宮通",
        "full_address": "桑名市 宮通",
        "postal_code": "5110082",
        "source": "kuwanasi.zip"
      }
    },
    {
      "type": "Feature",
      "geometry": {
        "type": "Point",
        "coordinates": [
          136.69195,
          35.063462
        ]
      },
      "properties": {
        "municipality_code": "24205",
        "city_name": "桑名市",
        "town_name": "京橋町",
        "full_address": "桑名市 京橋町",
        "postal_code": "5110063",
        "source": "kuwanasi.zip"
      }
    },
    {
      "type": "Feature",
      "geometry": {
        "type": "Point",
        "coordinates": [
          136.693991,
          35.063391
        ]
      },
      "properties": {
        "municipality_code": "24205",
        "city_name": "桑名市",
        "town_name": "京町",
        "full_address": "桑名市 京町",
        "postal_code": "5110039",
        "source": "kuwanasi.zip"
      }
    },
    {
      "type": "Feature",
      "geometry": {
        "type": "Point",
        "coordinates": [
          136.684726,
          35.066694
        ]
      },
      "properties": {
        "municipality_code": "24205",
        "city_name": "桑名市",
        "town_name": "桑栄町",
        "full_address": "桑名市 桑栄町",
        "postal_code": "5110078",
        "source": "kuwanasi.zip"
      }
    },
    {
      "type": "Feature",
      "geometry": {
        "type": "Point",
        "coordinates": [
          136.699936,
          35.061204
        ]
      },
      "properties": {
        "municipality_code": "24205",
        "city_name": "桑名市",
        "town_name": "元赤須賀",
        "full_address": "桑名市 元赤須賀",
        "postal_code": "5110037",
        "source": "kuwanasi.zip"
      }
    },
    {
      "type": "Feature",
      "geometry": {
        "type": "Point",
        "coordinates": [
          136.696287,
          35.066048
        ]
      },
      "properties": {
        "municipality_code": "24205",
        "city_name": "桑名市",
        "town_name": "江戸町",
        "full_address": "桑名市 江戸町",
        "postal_code": "5110022",
        "source": "kuwanasi.zip"
      }
    },
    {
      "type": "Feature",
      "geometry": {
        "type": "Point",
        "coordinates": [
          136.673231,
          35.070148
        ]
      },
      "properties": {
        "municipality_code": "24205",
        "city_name": "桑名市",
        "town_name": "高塚町一丁目",
        "full_address": "桑名市 高塚町一丁目",
        "postal_code": "5110818",
        "source": "kuwanasi.zip"
      }
    },
    {
      "type": "Feature",
      "geometry": {
        "type": "Point",
        "coordinates": [
          136.673133,
          35.072037
        ]
      },
      "properties": {
        "municipality_code": "24205",
        "city_name": "桑名市",
        "town_name": "高塚町二丁目",
        "full_address": "桑名市 高塚町二丁目",
        "postal_code": "5110818",
        "source": "kuwanasi.zip"
      }
    },
    {
      "type": "Feature",
      "geometry": {
        "type": "Point",
        "coordinates": [
          136.671678,
          35.070594
        ]
      },
      "properties": {
        "municipality_code": "24205",
        "city_name": "桑名市",
        "town_name": "高塚町三丁目",
        "full_address": "桑名市 高塚町三丁目",
        "postal_code": "5110818",
        "source": "kuwanasi.zip"
      }
    },
    {
      "type": "Feature",
      "geometry": {
        "type": "Point",
        "coordinates": [
          136.671532,
          35.072254
        ]
      },
      "properties": {
        "municipality_code": "24205",
        "city_name": "桑名市",
        "town_name": "高塚町四丁目",
        "full_address": "桑名市 高塚町四丁目",
        "postal_code": "5110818",
        "source": "kuwanasi.zip"
      }
    },
    {
      "type": "Feature",
      "geometry": {
        "type": "Point",
        "coordinates": [
          136.670179,
          35.070711
        ]
      },
      "properties": {
        "municipality_code": "24205",
        "city_name": "桑名市",
        "town_name": "高塚町五丁目",
        "full_address": "桑名市 高塚町五丁目",
        "postal_code": "5110818",
        "source": "kuwanasi.zip"
      }
    },
    {
      "type": "Feature",
      "geometry": {
        "type": "Point",
        "coordinates": [
          136.668858,
          35.071347
        ]
      },
      "properties": {
        "municipality_code": "24205",
        "city_name": "桑名市",
        "town_name": "高塚町六丁目",
        "full_address": "桑名市 高塚町六丁目",
        "postal_code": "5110818",
        "source": "kuwanasi.zip"
      }
    },
    {
      "type": "Feature",
      "geometry": {
        "type": "Point",
        "coordinates": [
          136.690323,
          35.068165
        ]
      },
      "properties": {
        "municipality_code": "24205",
        "city_name": "桑名市",
        "town_name": "今中町",
        "full_address": "桑名市 今中町",
        "postal_code": "5110018",
        "source": "kuwanasi.zip"
      }
    },
    {
      "type": "Feature",
      "geometry": {
        "type": "Point",
        "coordinates": [
          136.691405,
          35.067428
        ]
      },
      "properties": {
        "municipality_code": "24205",
        "city_name": "桑名市",
        "town_name": "今片町",
        "full_address": "桑名市 今片町",
        "postal_code": "5110017",
        "source": "kuwanasi.zip"
      }
    },
    {
      "type": "Feature",
      "geometry": {
        "type": "Point",
        "coordinates": [
          136.691235,
          35.068567
        ]
      },
      "properties": {
        "municipality_code": "24205",
        "city_name": "桑名市",
        "town_name": "今北町",
        "full_address": "桑名市 今北町",
        "postal_code": "5110006",
        "source": "kuwanasi.zip"
      }
    },
    {
      "type": "Feature",
      "geometry": {
        "type": "Point",
        "coordinates": [
          136.692976,
          35.062524
        ]
      },
      "properties": {
        "municipality_code": "24205",
        "city_name": "桑名市",
        "town_name": "紺屋町",
        "full_address": "桑名市 紺屋町",
        "postal_code": "5110085",
        "source": "kuwanasi.zip"
      }
    },
    {
      "type": "Feature",
      "geometry": {
        "type": "Point",
        "coordinates": [
          136.674049,
          35.064927
        ]
      },
      "properties": {
        "municipality_code": "24205",
        "city_name": "桑名市",
        "town_name": "桜通",
        "full_address": "桑名市 桜通",
        "postal_code": "5110813",
        "source": "kuwanasi.zip"
      }
    },
    {
      "type": "Feature",
      "geometry": {
        "type": "Point",
        "coordinates": [
          136.682842,
          35.058329
        ]
      },
      "properties": {
        "municipality_code": "24205",
        "city_name": "桑名市",
        "town_name": "三ツ矢橋",
        "full_address": "桑名市 三ツ矢橋",
        "postal_code": "5110057",
        "source": "kuwanasi.zip"
      }
    },
    {
      "type": "Feature",
      "geometry": {
        "type": "Point",
        "coordinates": [
          136.69023,
          35.065642
        ]
      },
      "properties": {
        "municipality_code": "24205",
        "city_name": "桑名市",
        "town_name": "三栄町",
        "full_address": "桑名市 三栄町",
        "postal_code": "5110075",
        "source": "kuwanasi.zip"
      }
    },
    {
      "type": "Feature",
      "geometry": {
        "type": "Point",
        "coordinates": [
          136.693722,
          35.066758
        ]
      },
      "properties": {
        "municipality_code": "24205",
        "city_name": "桑名市",
        "town_name": "三崎通",
        "full_address": "桑名市 三崎通",
        "postal_code": "5110014",
        "source": "kuwanasi.zip"
      }
    },
    {
      "type": "Feature",
      "geometry": {
        "type": "Point",
        "coordinates": [
          136.69699,
          35.066185
        ]
      },
      "properties": {
        "municipality_code": "24205",
        "city_name": "桑名市",
        "town_name": "三之丸",
        "full_address": "桑名市 三之丸",
        "postal_code": "5110031",
        "source": "kuwanasi.zip"
      }
    },
    {
      "type": "Feature",
      "geometry": {
        "type": "Point",
        "coordinates": [
          136.687888,
          35.068957
        ]
      },
      "properties": {
        "municipality_code": "24205",
        "city_name": "桑名市",
        "town_name": "参宮通",
        "full_address": "桑名市 参宮通",
        "postal_code": "5110007",
        "source": "kuwanasi.zip"
      }
    },
    {
      "type": "Feature",
      "geometry": {
        "type": "Point",
        "coordinates": [
          136.672194,
          35.067026
        ]
      },
      "properties": {
        "municipality_code": "24205",
        "city_name": "桑名市",
        "town_name": "汐見町一丁目",
        "full_address": "桑名市 汐見町一丁目",
        "postal_code": "5110816",
        "source": "kuwanasi.zip"
      }
    },
    {
      "type": "Feature",
      "geometry": {
        "type": "Point",
        "coordinates": [
          136.672019,
          35.067515
        ]
      },
      "properties": {
        "municipality_code": "24205",
        "city_name": "桑名市",
        "town_name": "汐見町二丁目",
        "full_address": "桑名市 汐見町二丁目",
        "postal_code": "5110816",
        "source": "kuwanasi.zip"
      }
    },
    {
      "type": "Feature",
      "geometry": {
        "type": "Point",
        "coordinates": [
          136.669932,
          35.067367
        ]
      },
      "properties": {
        "municipality_code": "24205",
        "city_name": "桑名市",
        "town_name": "汐見町三丁目",
        "full_address": "桑名市 汐見町三丁目",
        "postal_code": "5110816",
        "source": "kuwanasi.zip"
      }
    },
    {
      "type": "Feature",
      "geometry": {
        "type": "Point",
        "coordinates": [
          136.686407,
          35.066503
        ]
      },
      "properties": {
        "municipality_code": "24205",
        "city_name": "桑名市",
        "town_name": "寿町一丁目",
        "full_address": "桑名市 寿町一丁目",
        "postal_code": "5110061",
        "source": "kuwanasi.zip"
      }
    },
    {
      "type": "Feature",
      "geometry": {
        "type": "Point",
        "coordinates": [
          136.685213,
          35.06555
        ]
      },
      "properties": {
        "municipality_code": "24205",
        "city_name": "桑名市",
        "town_name": "寿町二丁目",
        "full_address": "桑名市 寿町二丁目",
        "postal_code": "5110061",
        "source": "kuwanasi.zip"
      }
    },
    {
      "type": "Feature",
      "geometry": {
        "type": "Point",
        "coordinates": [
          136.687882,
          35.065614
        ]
      },
      "properties": {
        "municipality_code": "24205",
        "city_name": "桑名市",
        "town_name": "寿町三丁目",
        "full_address": "桑名市 寿町三丁目",
        "postal_code": "5110061",
        "source": "kuwanasi.zip"
      }
    },
    {
      "type": "Feature",
      "geometry": {
        "type": "Point",
        "coordinates": [
          136.694428,
          35.069647
        ]
      },
      "properties": {
        "municipality_code": "24205",
        "city_name": "桑名市",
        "town_name": "住吉町",
        "full_address": "桑名市 住吉町",
        "postal_code": "5110004",
        "source": "kuwanasi.zip"
      }
    },
    {
      "type": "Feature",
      "geometry": {
        "type": "Point",
        "coordinates": [
          136.694566,
          35.067819
        ]
      },
      "properties": {
        "municipality_code": "24205",
        "city_name": "桑名市",
        "town_name": "春日町",
        "full_address": "桑名市 春日町",
        "postal_code": "5110012",
        "source": "kuwanasi.zip"
      }
    },
    {
      "type": "Feature",
      "geometry": {
        "type": "Point",
        "coordinates": [
          136.634799,
          35.128057
        ]
      },
      "properties": {
        "municipality_code": "24205",
        "city_name": "桑名市",
        "town_name": "小山台一丁目",
        "full_address": "桑名市 小山台一丁目",
        "postal_code": "5110107",
        "source": "kuwanasi.zip"
      }
    },
    {
      "type": "Feature",
      "geometry": {
        "type": "Point",
        "coordinates": [
          136.630728,
          35.128383
        ]
      },
      "properties": {
        "municipality_code": "24205",
        "city_name": "桑名市",
        "town_name": "小山台二丁目",
        "full_address": "桑名市 小山台二丁目",
        "postal_code": "5110107",
        "source": "kuwanasi.zip"
      }
    },
    {
      "type": "Feature",
      "geometry": {
        "type": "Point",
        "coordinates": [
          136.64716,
          35.077235
        ]
      },
      "properties": {
        "municipality_code": "24205",
        "city_name": "桑名市",
        "town_name": "松ノ木一丁目",
        "full_address": "桑名市 松ノ木一丁目",
        "postal_code": "5110902",
        "source": "kuwanasi.zip"
      }
    },
    {
      "type": "Feature",
      "geometry": {
        "type": "Point",
        "coordinates": [
          136.643756,
          35.076187
        ]
      },
      "properties": {
        "municipality_code": "24205",
        "city_name": "桑名市",
        "town_name": "松ノ木二丁目",
        "full_address": "桑名市 松ノ木二丁目",
        "postal_code": "5110902",
        "source": "kuwanasi.zip"
      }
    },
    {
      "type": "Feature",
      "geometry": {
        "type": "Point",
        "coordinates": [
          136.640742,
          35.077367
        ]
      },
      "properties": {
        "municipality_code": "24205",
        "city_name": "桑名市",
        "town_name": "松ノ木三丁目",
        "full_address": "桑名市 松ノ木三丁目",
        "postal_code": "5110902",
        "source": "kuwanasi.zip"
      }
    },
    {
      "type": "Feature",
      "geometry": {
        "type": "Point",
        "coordinates": [
          136.636922,
          35.077111
        ]
      },
      "properties": {
        "municipality_code": "24205",
        "city_name": "桑名市",
        "town_name": "松ノ木四丁目",
        "full_address": "桑名市 松ノ木四丁目",
        "postal_code": "5110902",
        "source": "kuwanasi.zip"
      }
    },
    {
      "type": "Feature",
      "geometry": {
        "type": "Point",
        "coordinates": [
          136.638968,
          35.075177
        ]
      },
      "properties": {
        "municipality_code": "24205",
        "city_name": "桑名市",
        "town_name": "松ノ木五丁目",
        "full_address": "桑名市 松ノ木五丁目",
        "postal_code": "5110902",
        "source": "kuwanasi.zip"
      }
    },
    {
      "type": "Feature",
      "geometry": {
        "type": "Point",
        "coordinates": [
          136.641271,
          35.075311
        ]
      },
      "properties": {
        "municipality_code": "24205",
        "city_name": "桑名市",
        "town_name": "松ノ木六丁目",
        "full_address": "桑名市 松ノ木六丁目",
        "postal_code": "5110902",
        "source": "kuwanasi.zip"
      }
    },
    {
      "type": "Feature",
      "geometry": {
        "type": "Point",
        "coordinates": [
          136.643696,
          35.072656
        ]
      },
      "properties": {
        "municipality_code": "24205",
        "city_name": "桑名市",
        "town_name": "松ノ木七丁目",
        "full_address": "桑名市 松ノ木七丁目",
        "postal_code": "5110902",
        "source": "kuwanasi.zip"
      }
    },
    {
      "type": "Feature",
      "geometry": {
        "type": "Point",
        "coordinates": [
          136.645961,
          35.075117
        ]
      },
      "properties": {
        "municipality_code": "24205",
        "city_name": "桑名市",
        "town_name": "松ノ木八丁目",
        "full_address": "桑名市 松ノ木八丁目",
        "postal_code": "5110902",
        "source": "kuwanasi.zip"
      }
    },
    {
      "type": "Feature",
      "geometry": {
        "type": "Point",
        "coordinates": [
          136.675193,
          35.065897
        ]
      },
      "properties": {
        "municipality_code": "24205",
        "city_name": "桑名市",
        "town_name": "松並町一丁目",
        "full_address": "桑名市 松並町一丁目",
        "postal_code": "5110814",
        "source": "kuwanasi.zip"
      }
    },
    {
      "type": "Feature",
      "geometry": {
        "type": "Point",
        "coordinates": [
          136.672799,
          35.065753
        ]
      },
      "properties": {
        "municipality_code": "24205",
        "city_name": "桑名市",
        "town_name": "松並町二丁目",
        "full_address": "桑名市 松並町二丁目",
        "postal_code": "5110814",
        "source": "kuwanasi.zip"
      }
    },
    {
      "type": "Feature",
      "geometry": {
        "type": "Point",
        "coordinates": [
          136.656515,
          35.051339
        ]
      },
      "properties": {
        "municipality_code": "24205",
        "city_name": "桑名市",
        "town_name": "城山台",
        "full_address": "桑名市 城山台",
        "postal_code": "5110924",
        "source": "kuwanasi.zip"
      }
    },
    {
      "type": "Feature",
      "geometry": {
        "type": "Point",
        "coordinates": [
          136.690308,
          35.064724
        ]
      },
      "properties": {
        "municipality_code": "24205",
        "city_name": "桑名市",
        "town_name": "常盤町",
        "full_address": "桑名市 常盤町",
        "postal_code": "5110062",
        "source": "kuwanasi.zip"
      }
    },
    {
      "type": "Feature",
      "geometry": {
        "type": "Point",
        "coordinates": [
          136.694723,
          35.064383
        ]
      },
      "properties": {
        "municipality_code": "24205",
        "city_name": "桑名市",
        "town_name": "職人町",
        "full_address": "桑名市 職人町",
        "postal_code": "5110083",
        "source": "kuwanasi.zip"
      }
    },
    {
      "type": "Feature",
      "geometry": {
        "type": "Point",
        "coordinates": [
          136.692772,
          35.05723
        ]
      },
      "properties": {
        "municipality_code": "24205",
        "city_name": "桑名市",
        "town_name": "新屋敷",
        "full_address": "桑名市 新屋敷",
        "postal_code": "5110043",
        "source": "kuwanasi.zip"
      }
    },
    {
      "type": "Feature",
      "geometry": {
        "type": "Point",
        "coordinates": [
          136.662932,
          35.072209
        ]
      },
      "properties": {
        "municipality_code": "24205",
        "city_name": "桑名市",
        "town_name": "新西方一丁目",
        "full_address": "桑名市 新西方一丁目",
        "postal_code": "5110863",
        "source": "kuwanasi.zip"
      }
    },
    {
      "type": "Feature",
      "geometry": {
        "type": "Point",
        "coordinates": [
          136.659779,
          35.073576
        ]
      },
      "properties": {
        "municipality_code": "24205",
        "city_name": "桑名市",
        "town_name": "新西方二丁目",
        "full_address": "桑名市 新西方二丁目",
        "postal_code": "5110863",
        "source": "kuwanasi.zip"
      }
    },
    {
      "type": "Feature",
      "geometry": {
        "type": "Point",
        "coordinates": [
          136.656448,
          35.074384
        ]
      },
      "properties": {
        "municipality_code": "24205",
        "city_name": "桑名市",
        "town_name": "新西方三丁目",
        "full_address": "桑名市 新西方三丁目",
        "postal_code": "5110863",
        "source": "kuwanasi.zip"
      }
    },
    {
      "type": "Feature",
      "geometry": {
        "type": "Point",
        "coordinates": [
          136.656137,
          35.070096
        ]
      },
      "properties": {
        "municipality_code": "24205",
        "city_name": "桑名市",
        "town_name": "新西方四丁目",
        "full_address": "桑名市 新西方四丁目",
        "postal_code": "5110863",
        "source": "kuwanasi.zip"
      }
    },
    {
      "type": "Feature",
      "geometry": {
        "type": "Point",
        "coordinates": [
          136.658452,
          35.070134
        ]
      },
      "properties": {
        "municipality_code": "24205",
        "city_name": "桑名市",
        "town_name": "新西方五丁目",
        "full_address": "桑名市 新西方五丁目",
        "postal_code": "5110863",
        "source": "kuwanasi.zip"
      }
    },
    {
      "type": "Feature",
      "geometry": {
        "type": "Point",
        "coordinates": [
          136.660332,
          35.068962
        ]
      },
      "properties": {
        "municipality_code": "24205",
        "city_name": "桑名市",
        "town_name": "新西方六丁目",
        "full_address": "桑名市 新西方六丁目",
        "postal_code": "5110863",
        "source": "kuwanasi.zip"
      }
    },
    {
      "type": "Feature",
      "geometry": {
        "type": "Point",
        "coordinates": [
          136.660311,
          35.066768
        ]
      },
      "properties": {
        "municipality_code": "24205",
        "city_name": "桑名市",
        "town_name": "新西方七丁目",
        "full_address": "桑名市 新西方七丁目",
        "postal_code": "5110863",
        "source": "kuwanasi.zip"
      }
    },
    {
      "type": "Feature",
      "geometry": {
        "type": "Point",
        "coordinates": [
          136.654386,
          35.06911
        ]
      },
      "properties": {
        "municipality_code": "24205",
        "city_name": "桑名市",
        "town_name": "新西方八丁目",
        "full_address": "桑名市 新西方八丁目",
        "postal_code": "5110863",
        "source": "kuwanasi.zip"
      }
    },
    {
      "type": "Feature",
      "geometry": {
        "type": "Point",
        "coordinates": [
          136.664295,
          35.060105
        ]
      },
      "properties": {
        "municipality_code": "24205",
        "city_name": "桑名市",
        "town_name": "新倉持",
        "full_address": "桑名市 新倉持",
        "postal_code": "5110855",
        "source": "kuwanasi.zip"
      }
    },
    {
      "type": "Feature",
      "geometry": {
        "type": "Point",
        "coordinates": [
          136.679915,
          35.056679
        ]
      },
      "properties": {
        "municipality_code": "24205",
        "city_name": "桑名市",
        "town_name": "新地",
        "full_address": "桑名市 新地",
        "postal_code": "5110832",
        "source": "kuwanasi.zip"
      }
    },
    {
      "type": "Feature",
      "geometry": {
        "type": "Point",
        "coordinates": [
          136.690511,
          35.063314
        ]
      },
      "properties": {
        "municipality_code": "24205",
        "city_name": "桑名市",
        "town_name": "新築町",
        "full_address": "桑名市 新築町",
        "postal_code": "5110064",
        "source": "kuwanasi.zip"
      }
    },
    {
      "type": "Feature",
      "geometry": {
        "type": "Point",
        "coordinates": [
          136.691252,
          35.059415
        ]
      },
      "properties": {
        "municipality_code": "24205",
        "city_name": "桑名市",
        "town_name": "新町",
        "full_address": "桑名市 新町",
        "postal_code": "5110048",
        "source": "kuwanasi.zip"
      }
    },
    {
      "type": "Feature",
      "geometry": {
        "type": "Point",
        "coordinates": [
          136.682235,
          35.059662
        ]
      },
      "properties": {
        "municipality_code": "24205",
        "city_name": "桑名市",
        "town_name": "新矢田一丁目",
        "full_address": "桑名市 新矢田一丁目",
        "postal_code": "5110069",
        "source": "kuwanasi.zip"
      }
    },
    {
      "type": "Feature",
      "geometry": {
        "type": "Point",
        "coordinates": [
          136.683652,
          35.060905
        ]
      },
      "properties": {
        "municipality_code": "24205",
        "city_name": "桑名市",
        "town_name": "新矢田二丁目",
        "full_address": "桑名市 新矢田二丁目",
        "postal_code": "5110069",
        "source": "kuwanasi.zip"
      }
    },
    {
      "type": "Feature",
      "geometry": {
        "type": "Point",
        "coordinates": [
          136.670358,
          35.0631
        ]
      },
      "properties": {
        "municipality_code": "24205",
        "city_name": "桑名市",
        "town_name": "神楽町一丁目",
        "full_address": "桑名市 神楽町一丁目",
        "postal_code": "5110829",
        "source": "kuwanasi.zip"
      }
    },
    {
      "type": "Feature",
      "geometry": {
        "type": "Point",
        "coordinates": [
          136.670357,
          35.062377
        ]
      },
      "properties": {
        "municipality_code": "24205",
        "city_name": "桑名市",
        "town_name": "神楽町二丁目",
        "full_address": "桑名市 神楽町二丁目",
        "postal_code": "5110829",
        "source": "kuwanasi.zip"
      }
    },
    {
      "type": "Feature",
      "geometry": {
        "type": "Point",
        "coordinates": [
          136.675885,
          35.073929
        ]
      },
      "properties": {
        "municipality_code": "24205",
        "city_name": "桑名市",
        "town_name": "神成町一丁目",
        "full_address": "桑名市 神成町一丁目",
        "postal_code": "5110866",
        "source": "kuwanasi.zip"
      }
    },
    {
      "type": "Feature",
      "geometry": {
        "type": "Point",
        "coordinates": [
          136.676256,
          35.07511
        ]
      },
      "properties": {
        "municipality_code": "24205",
        "city_name": "桑名市",
        "town_name": "神成町二丁目",
        "full_address": "桑名市 神成町二丁目",
        "postal_code": "5110866",
        "source": "kuwanasi.zip"
      }
    },
    {
      "type": "Feature",
      "geometry": {
        "type": "Point",
        "coordinates": [
          136.635285,
          35.075732
        ]
      },
      "properties": {
        "municipality_code": "24205",
        "city_name": "桑名市",
        "town_name": "星見ヶ丘一丁目",
        "full_address": "桑名市 星見ヶ丘一丁目",
        "postal_code": "5110912",
        "source": "kuwanasi.zip"
      }
    },
    {
      "type": "Feature",
      "geometry": {
        "type": "Point",
        "coordinates": [
          136.632957,
          35.075558
        ]
      },
      "properties": {
        "municipality_code": "24205",
        "city_name": "桑名市",
        "town_name": "星見ヶ丘二丁目",
        "full_address": "桑名市 星見ヶ丘二丁目",
        "postal_code": "5110912",
        "source": "kuwanasi.zip"
      }
    },
    {
      "type": "Feature",
      "geometry": {
        "type": "Point",
        "coordinates": [
          136.630478,
          35.075169
        ]
      },
      "properties": {
        "municipality_code": "24205",
        "city_name": "桑名市",
        "town_name": "星見ヶ丘三丁目",
        "full_address": "桑名市 星見ヶ丘三丁目",
        "postal_code": "5110912",
        "source": "kuwanasi.zip"
      }
    },
    {
      "type": "Feature",
      "geometry": {
        "type": "Point",
        "coordinates": [
          136.62925,
          35.071708
        ]
      },
      "properties": {
        "municipality_code": "24205",
        "city_name": "桑名市",
        "town_name": "星見ヶ丘四丁目",
        "full_address": "桑名市 星見ヶ丘四丁目",
        "postal_code": "5110912",
        "source": "kuwanasi.zip"
      }
    },
    {
      "type": "Feature",
      "geometry": {
        "type": "Point",
        "coordinates": [
          136.630743,
          35.069428
        ]
      },
      "properties": {
        "municipality_code": "24205",
        "city_name": "桑名市",
        "town_name": "星見ヶ丘五丁目",
        "full_address": "桑名市 星見ヶ丘五丁目",
        "postal_code": "5110912",
        "source": "kuwanasi.zip"
      }
    },
    {
      "type": "Feature",
      "geometry": {
        "type": "Point",
        "coordinates": [
          136.633722,
          35.067008
        ]
      },
      "properties": {
        "municipality_code": "24205",
        "city_name": "桑名市",
        "town_name": "星見ヶ丘六丁目",
        "full_address": "桑名市 星見ヶ丘六丁目",
        "postal_code": "5110912",
        "source": "kuwanasi.zip"
      }
    },
    {
      "type": "Feature",
      "geometry": {
        "type": "Point",
        "coordinates": [
          136.63513,
          35.06825
        ]
      },
      "properties": {
        "municipality_code": "24205",
        "city_name": "桑名市",
        "town_name": "星見ヶ丘七丁目",
        "full_address": "桑名市 星見ヶ丘七丁目",
        "postal_code": "5110912",
        "source": "kuwanasi.zip"
      }
    },
    {
      "type": "Feature",
      "geometry": {
        "type": "Point",
        "coordinates": [
          136.634512,
          35.071034
        ]
      },
      "properties": {
        "municipality_code": "24205",
        "city_name": "桑名市",
        "town_name": "星見ヶ丘八丁目",
        "full_address": "桑名市 星見ヶ丘八丁目",
        "postal_code": "5110912",
        "source": "kuwanasi.zip"
      }
    },
    {
      "type": "Feature",
      "geometry": {
        "type": "Point",
        "coordinates": [
          136.634011,
          35.073422
        ]
      },
      "properties": {
        "municipality_code": "24205",
        "city_name": "桑名市",
        "town_name": "星見ヶ丘九丁目",
        "full_address": "桑名市 星見ヶ丘九丁目",
        "postal_code": "5110912",
        "source": "kuwanasi.zip"
      }
    },
    {
      "type": "Feature",
      "geometry": {
        "type": "Point",
        "coordinates": [
          136.692965,
          35.067774
        ]
      },
      "properties": {
        "municipality_code": "24205",
        "city_name": "桑名市",
        "town_name": "清水町",
        "full_address": "桑名市 清水町",
        "postal_code": "5110019",
        "source": "kuwanasi.zip"
      }
    },
    {
      "type": "Feature",
      "geometry": {
        "type": "Point",
        "coordinates": [
          136.669418,
          35.073868
        ]
      },
      "properties": {
        "municipality_code": "24205",
        "city_name": "桑名市",
        "town_name": "清竹の丘",
        "full_address": "桑名市 清竹の丘",
        "postal_code": "5110810",
        "source": "kuwanasi.zip"
      }
    },
    {
      "type": "Feature",
      "geometry": {
        "type": "Point",
        "coordinates": [
          136.631726,
          35.051407
        ]
      },
      "properties": {
        "municipality_code": "24205",
        "city_name": "桑名市",
        "town_name": "西正和台一丁目",
        "full_address": "桑名市 西正和台一丁目",
        "postal_code": "5110933",
        "source": "kuwanasi.zip"
      }
    },
    {
      "type": "Feature",
      "geometry": {
        "type": "Point",
        "coordinates": [
          136.632587,
          35.050017
        ]
      },
      "properties": {
        "municipality_code": "24205",
        "city_name": "桑名市",
        "town_name": "西正和台二丁目",
        "full_address": "桑名市 西正和台二丁目",
        "postal_code": "5110933",
        "source": "kuwanasi.zip"
      }
    },
    {
      "type": "Feature",
      "geometry": {
        "type": "Point",
        "coordinates": [
          136.630787,
          35.04965
        ]
      },
      "properties": {
        "municipality_code": "24205",
        "city_name": "桑名市",
        "town_name": "西正和台三丁目",
        "full_address": "桑名市 西正和台三丁目",
        "postal_code": "5110933",
        "source": "kuwanasi.zip"
      }
    },
    {
      "type": "Feature",
      "geometry": {
        "type": "Point",
        "coordinates": [
          136.631181,
          35.048646
        ]
      },
      "properties": {
        "municipality_code": "24205",
        "city_name": "桑名市",
        "town_name": "西正和台四丁目",
        "full_address": "桑名市 西正和台四丁目",
        "postal_code": "5110933",
        "source": "kuwanasi.zip"
      }
    },
    {
      "type": "Feature",
      "geometry": {
        "type": "Point",
        "coordinates": [
          136.631903,
          35.048012
        ]
      },
      "properties": {
        "municipality_code": "24205",
        "city_name": "桑名市",
        "town_name": "西正和台五丁目",
        "full_address": "桑名市 西正和台五丁目",
        "postal_code": "5110933",
        "source": "kuwanasi.zip"
      }
    },
    {
      "type": "Feature",
      "geometry": {
        "type": "Point",
        "coordinates": [
          136.68706,
          35.056664
        ]
      },
      "properties": {
        "municipality_code": "24205",
        "city_name": "桑名市",
        "town_name": "西鍋屋町",
        "full_address": "桑名市 西鍋屋町",
        "postal_code": "5110054",
        "source": "kuwanasi.zip"
      }
    },
    {
      "type": "Feature",
      "geometry": {
        "type": "Point",
        "coordinates": [
          136.683156,
          35.057352
        ]
      },
      "properties": {
        "municipality_code": "24205",
        "city_name": "桑名市",
        "town_name": "西矢田町",
        "full_address": "桑名市 西矢田町",
        "postal_code": "5110056",
        "source": "kuwanasi.zip"
      }
    },
    {
      "type": "Feature",
      "geometry": {
        "type": "Point",
        "coordinates": [
          136.673935,
          35.067574
        ]
      },
      "properties": {
        "municipality_code": "24205",
        "city_name": "桑名市",
        "town_name": "青葉町一丁目",
        "full_address": "桑名市 青葉町一丁目",
        "postal_code": "5110817",
        "source": "kuwanasi.zip"
      }
    },
    {
      "type": "Feature",
      "geometry": {
        "type": "Point",
        "coordinates": [
          136.673128,
          35.068166
        ]
      },
      "properties": {
        "municipality_code": "24205",
        "city_name": "桑名市",
        "town_name": "青葉町二丁目",
        "full_address": "桑名市 青葉町二丁目",
        "postal_code": "5110817",
        "source": "kuwanasi.zip"
      }
    },
    {
      "type": "Feature",
      "geometry": {
        "type": "Point",
        "coordinates": [
          136.624082,
          35.051138
        ]
      },
      "properties": {
        "municipality_code": "24205",
        "city_name": "桑名市",
        "town_name": "赤尾台一丁目",
        "full_address": "桑名市 赤尾台一丁目",
        "postal_code": "5110935",
        "source": "kuwanasi.zip"
      }
    },
    {
      "type": "Feature",
      "geometry": {
        "type": "Point",
        "coordinates": [
          136.623219,
          35.049895
        ]
      },
      "properties": {
        "municipality_code": "24205",
        "city_name": "桑名市",
        "town_name": "赤尾台二丁目",
        "full_address": "桑名市 赤尾台二丁目",
        "postal_code": "5110935",
        "source": "kuwanasi.zip"
      }
    },
    {
      "type": "Feature",
      "geometry": {
        "type": "Point",
        "coordinates": [
          136.624583,
          35.048822
        ]
      },
      "properties": {
        "municipality_code": "24205",
        "city_name": "桑名市",
        "town_name": "赤尾台三丁目",
        "full_address": "桑名市 赤尾台三丁目",
        "postal_code": "5110935",
        "source": "kuwanasi.zip"
      }
    },
    {
      "type": "Feature",
      "geometry": {
        "type": "Point",
        "coordinates": [
          136.622045,
          35.047673
        ]
      },
      "properties": {
        "municipality_code": "24205",
        "city_name": "桑名市",
        "town_name": "赤尾台四丁目",
        "full_address": "桑名市 赤尾台四丁目",
        "postal_code": "5110935",
        "source": "kuwanasi.zip"
      }
    },
    {
      "type": "Feature",
      "geometry": {
        "type": "Point",
        "coordinates": [
          136.623783,
          35.047142
        ]
      },
      "properties": {
        "municipality_code": "24205",
        "city_name": "桑名市",
        "town_name": "赤尾台五丁目",
        "full_address": "桑名市 赤尾台五丁目",
        "postal_code": "5110935",
        "source": "kuwanasi.zip"
      }
    },
    {
      "type": "Feature",
      "geometry": {
        "type": "Point",
        "coordinates": [
          136.626606,
          35.046985
        ]
      },
      "properties": {
        "municipality_code": "24205",
        "city_name": "桑名市",
        "town_name": "赤尾台六丁目",
        "full_address": "桑名市 赤尾台六丁目",
        "postal_code": "5110935",
        "source": "kuwanasi.zip"
      }
    },
    {
      "type": "Feature",
      "geometry": {
        "type": "Point",
        "coordinates": [
          136.626961,
          35.048522
        ]
      },
      "properties": {
        "municipality_code": "24205",
        "city_name": "桑名市",
        "town_name": "赤尾台七丁目",
        "full_address": "桑名市 赤尾台七丁目",
        "postal_code": "5110935",
        "source": "kuwanasi.zip"
      }
    },
    {
      "type": "Feature",
      "geometry": {
        "type": "Point",
        "coordinates": [
          136.627296,
          35.05012
        ]
      },
      "properties": {
        "municipality_code": "24205",
        "city_name": "桑名市",
        "town_name": "赤尾台八丁目",
        "full_address": "桑名市 赤尾台八丁目",
        "postal_code": "5110935",
        "source": "kuwanasi.zip"
      }
    },
    {
      "type": "Feature",
      "geometry": {
        "type": "Point",
        "coordinates": [
          136.626077,
          35.051561
        ]
      },
      "properties": {
        "municipality_code": "24205",
        "city_name": "桑名市",
        "town_name": "赤尾台九丁目",
        "full_address": "桑名市 赤尾台九丁目",
        "postal_code": "5110935",
        "source": "kuwanasi.zip"
      }
    },
    {
      "type": "Feature",
      "geometry": {
        "type": "Point",
        "coordinates": [
          136.683896,
          35.059186
        ]
      },
      "properties": {
        "municipality_code": "24205",
        "city_name": "桑名市",
        "town_name": "千代田町",
        "full_address": "桑名市 千代田町",
        "postal_code": "5110058",
        "source": "kuwanasi.zip"
      }
    },
    {
      "type": "Feature",
      "geometry": {
        "type": "Point",
        "coordinates": [
          136.696462,
          35.067353
        ]
      },
      "properties": {
        "municipality_code": "24205",
        "city_name": "桑名市",
        "town_name": "川口町",
        "full_address": "桑名市 川口町",
        "postal_code": "5110021",
        "source": "kuwanasi.zip"
      }
    },
    {
      "type": "Feature",
      "geometry": {
        "type": "Point",
        "coordinates": [
          136.665601,
          35.099307
        ]
      },
      "properties": {
        "municipality_code": "24205",
        "city_name": "桑名市",
        "town_name": "川崎町",
        "full_address": "桑名市 川崎町",
        "postal_code": "5110802",
        "source": "kuwanasi.zip"
      }
    },
    {
      "type": "Feature",
      "geometry": {
        "type": "Point",
        "coordinates": [
          136.695657,
          35.068721
        ]
      },
      "properties": {
        "municipality_code": "24205",
        "city_name": "桑名市",
        "town_name": "船馬町",
        "full_address": "桑名市 船馬町",
        "postal_code": "5110011",
        "source": "kuwanasi.zip"
      }
    },
    {
      "type": "Feature",
      "geometry": {
        "type": "Point",
        "coordinates": [
          136.692448,
          35.066637
        ]
      },
      "properties": {
        "municipality_code": "24205",
        "city_name": "桑名市",
        "town_name": "相生町",
        "full_address": "桑名市 相生町",
        "postal_code": "5110016",
        "source": "kuwanasi.zip"
      }
    },
    {
      "type": "Feature",
      "geometry": {
        "type": "Point",
        "coordinates": [
          136.685895,
          35.057799
        ]
      },
      "properties": {
        "municipality_code": "24205",
        "city_name": "桑名市",
        "town_name": "相川町",
        "full_address": "桑名市 相川町",
        "postal_code": "5110052",
        "source": "kuwanasi.zip"
      }
    },
    {
      "type": "Feature",
      "geometry": {
        "type": "Point",
        "coordinates": [
          136.648941,
          35.115377
        ]
      },
      "properties": {
        "municipality_code": "24205",
        "city_name": "桑名市",
        "town_name": "多度町下野代",
        "full_address": "桑名市 多度町下野代",
        "postal_code": "5110117",
        "source": "kuwanasi.zip"
      }
    },
    {
      "type": "Feature",
      "geometry": {
        "type": "Point",
        "coordinates": [
          136.599657,
          35.143991
        ]
      },
      "properties": {
        "municipality_code": "24205",
        "city_name": "桑名市",
        "town_name": "多度町古野",
        "full_address": "桑名市 多度町古野",
        "postal_code": "5110122",
        "source": "kuwanasi.zip"
      }
    },
    {
      "type": "Feature",
      "geometry": {
        "type": "Point",
        "coordinates": [
          136.644894,
          35.132559
        ]
      },
      "properties": {
        "municipality_code": "24205",
        "city_name": "桑名市",
        "town_name": "多度町戸津",
        "full_address": "桑名市 多度町戸津",
        "postal_code": "5110103",
        "source": "kuwanasi.zip"
      }
    },
    {
      "type": "Feature",
      "geometry": {
        "type": "Point",
        "coordinates": [
          136.633078,
          35.108227
        ]
      },
      "properties": {
        "municipality_code": "24205",
        "city_name": "桑名市",
        "town_name": "多度町御衣野",
        "full_address": "桑名市 多度町御衣野",
        "postal_code": "5110118",
        "source": "kuwanasi.zip"
      }
    },
    {
      "type": "Feature",
      "geometry": {
        "type": "Point",
        "coordinates": [
          136.648791,
          35.125468
        ]
      },
      "properties": {
        "municipality_code": "24205",
        "city_name": "桑名市",
        "town_name": "多度町肱江",
        "full_address": "桑名市 多度町肱江",
        "postal_code": "5110104",
        "source": "kuwanasi.zip"
      }
    },
    {
      "type": "Feature",
      "geometry": {
        "type": "Point",
        "coordinates": [
          136.652348,
          35.136433
        ]
      },
      "properties": {
        "municipality_code": "24205",
        "city_name": "桑名市",
        "town_name": "多度町香取",
        "full_address": "桑名市 多度町香取",
        "postal_code": "5110102",
        "source": "kuwanasi.zip"
      }
    },
    {
      "type": "Feature",
      "geometry": {
        "type": "Point",
        "coordinates": [
          136.632155,
          35.123212
        ]
      },
      "properties": {
        "municipality_code": "24205",
        "city_name": "桑名市",
        "town_name": "多度町小山",
        "full_address": "桑名市 多度町小山",
        "postal_code": "5110105",
        "source": "kuwanasi.zip"
      }
    },
    {
      "type": "Feature",
      "geometry": {
        "type": "Point",
        "coordinates": [
          136.661221,
          35.13748
        ]
      },
      "properties": {
        "municipality_code": "24205",
        "city_name": "桑名市",
        "town_name": "多度町上之郷",
        "full_address": "桑名市 多度町上之郷",
        "postal_code": "5110113",
        "source": "kuwanasi.zip"
      }
    },
    {
      "type": "Feature",
      "geometry": {
        "type": "Point",
        "coordinates": [
          136.627023,
          35.133916
        ]
      },
      "properties": {
        "municipality_code": "24205",
        "city_name": "桑名市",
        "town_name": "多度町多度",
        "full_address": "桑名市 多度町多度",
        "postal_code": "5110106",
        "source": "kuwanasi.zip"
      }
    },
    {
      "type": "Feature",
      "geometry": {
        "type": "Point",
        "coordinates": [
          136.631436,
          35.132378
        ]
      },
      "properties": {
        "municipality_code": "24205",
        "city_name": "桑名市",
        "town_name": "多度町多度一丁目",
        "full_address": "桑名市 多度町多度一丁目",
        "postal_code": "5110106",
        "source": "kuwanasi.zip"
      }
    },
    {
      "type": "Feature",
      "geometry": {
        "type": "Point",
        "coordinates": [
          136.631003,
          35.130473
        ]
      },
      "properties": {
        "municipality_code": "24205",
        "city_name": "桑名市",
        "town_name": "多度町多度二丁目",
        "full_address": "桑名市 多度町多度二丁目",
        "postal_code": "5110106",
        "source": "kuwanasi.zip"
      }
    },
    {
      "type": "Feature",
      "geometry": {
        "type": "Point",
        "coordinates": [
          136.66157,
          35.120908
        ]
      },
      "properties": {
        "municipality_code": "24205",
        "city_name": "桑名市",
        "town_name": "多度町大鳥居",
        "full_address": "桑名市 多度町大鳥居",
        "postal_code": "5110116",
        "source": "kuwanasi.zip"
      }
    },
    {
      "type": "Feature",
      "geometry": {
        "type": "Point",
        "coordinates": [
          136.657128,
          35.129011
        ]
      },
      "properties": {
        "municipality_code": "24205",
        "city_name": "桑名市",
        "town_name": "多度町中須",
        "full_address": "桑名市 多度町中須",
        "postal_code": "5110114",
        "source": "kuwanasi.zip"
      }
    },
    {
      "type": "Feature",
      "geometry": {
        "type": "Point",
        "coordinates": [
          136.623021,
          35.119193
        ]
      },
      "properties": {
        "municipality_code": "24205",
        "city_name": "桑名市",
        "town_name": "多度町猪飼",
        "full_address": "桑名市 多度町猪飼",
        "postal_code": "5110124",
        "source": "kuwanasi.zip"
      }
    },
    {
      "type": "Feature",
      "geometry": {
        "type": "Point",
        "coordinates": [
          136.646203,
          35.162513
        ]
      },
      "properties": {
        "municipality_code": "24205",
        "city_name": "桑名市",
        "town_name": "多度町東平賀",
        "full_address": "桑名市 多度町東平賀",
        "postal_code": "",
        "source": "kuwanasi.zip"
      }
    },
    {
      "type": "Feature",
      "geometry": {
        "type": "Point",
        "coordinates": [
          136.666455,
          35.127902
        ]
      },
      "properties": {
        "municipality_code": "24205",
        "city_name": "桑名市",
        "town_name": "多度町南之郷",
        "full_address": "桑名市 多度町南之郷",
        "postal_code": "5110115",
        "source": "kuwanasi.zip"
      }
    },
    {
      "type": "Feature",
      "geometry": {
        "type": "Point",
        "coordinates": [
          136.584837,
          35.155117
        ]
      },
      "properties": {
        "municipality_code": "24205",
        "city_name": "桑名市",
        "town_name": "多度町美鹿",
        "full_address": "桑名市 多度町美鹿",
        "postal_code": "5110121",
        "source": "kuwanasi.zip"
      }
    },
    {
      "type": "Feature",
      "geometry": {
        "type": "Point",
        "coordinates": [
          136.65497,
          35.146287
        ]
      },
      "properties": {
        "municipality_code": "24205",
        "city_name": "桑名市",
        "town_name": "多度町福永",
        "full_address": "桑名市 多度町福永",
        "postal_code": "5110112",
        "source": "kuwanasi.zip"
      }
    },
    {
      "type": "Feature",
      "geometry": {
        "type": "Point",
        "coordinates": [
          136.6514,
          35.158204
        ]
      },
      "properties": {
        "municipality_code": "24205",
        "city_name": "桑名市",
        "town_name": "多度町平古",
        "full_address": "桑名市 多度町平古",
        "postal_code": "5110111",
        "source": "kuwanasi.zip"
      }
    },
    {
      "type": "Feature",
      "geometry": {
        "type": "Point",
        "coordinates": [
          136.617131,
          35.122927
        ]
      },
      "properties": {
        "municipality_code": "24205",
        "city_name": "桑名市",
        "town_name": "多度町北猪飼",
        "full_address": "桑名市 多度町北猪飼",
        "postal_code": "5110123",
        "source": "kuwanasi.zip"
      }
    },
    {
      "type": "Feature",
      "geometry": {
        "type": "Point",
        "coordinates": [
          136.635051,
          35.142449
        ]
      },
      "properties": {
        "municipality_code": "24205",
        "city_name": "桑名市",
        "town_name": "多度町柚井",
        "full_address": "桑名市 多度町柚井",
        "postal_code": "5110101",
        "source": "kuwanasi.zip"
      }
    },
    {
      "type": "Feature",
      "geometry": {
        "type": "Point",
        "coordinates": [
          136.613616,
          35.106507
        ]
      },
      "properties": {
        "municipality_code": "24205",
        "city_name": "桑名市",
        "town_name": "多度町力尾",
        "full_address": "桑名市 多度町力尾",
        "postal_code": "5110125",
        "source": "kuwanasi.zip"
      }
    },
    {
      "type": "Feature",
      "geometry": {
        "type": "Point",
        "coordinates": [
          136.69248,
          35.070127
        ]
      },
      "properties": {
        "municipality_code": "24205",
        "city_name": "桑名市",
        "town_name": "太一丸",
        "full_address": "桑名市 太一丸",
        "postal_code": "5110005",
        "source": "kuwanasi.zip"
      }
    },
    {
      "type": "Feature",
      "geometry": {
        "type": "Point",
        "coordinates": [
          136.689876,
          35.061482
        ]
      },
      "properties": {
        "municipality_code": "24205",
        "city_name": "桑名市",
        "town_name": "大央町",
        "full_address": "桑名市 大央町",
        "postal_code": "5110065",
        "source": "kuwanasi.zip"
      }
    },
    {
      "type": "Feature",
      "geometry": {
        "type": "Point",
        "coordinates": [
          136.640439,
          35.078884
        ]
      },
      "properties": {
        "municipality_code": "24205",
        "city_name": "桑名市",
        "town_name": "大山田一丁目",
        "full_address": "桑名市 大山田一丁目",
        "postal_code": "5110903",
        "source": "kuwanasi.zip"
      }
    },
    {
      "type": "Feature",
      "geometry": {
        "type": "Point",
        "coordinates": [
          136.639627,
          35.08138
        ]
      },
      "properties": {
        "municipality_code": "24205",
        "city_name": "桑名市",
        "town_name": "大山田二丁目",
        "full_address": "桑名市 大山田二丁目",
        "postal_code": "5110903",
        "source": "kuwanasi.zip"
      }
    },
    {
      "type": "Feature",
      "geometry": {
        "type": "Point",
        "coordinates": [
          136.638831,
          35.083281
        ]
      },
      "properties": {
        "municipality_code": "24205",
        "city_name": "桑名市",
        "town_name": "大山田三丁目",
        "full_address": "桑名市 大山田三丁目",
        "postal_code": "5110903",
        "source": "kuwanasi.zip"
      }
    },
    {
      "type": "Feature",
      "geometry": {
        "type": "Point",
        "coordinates": [
          136.633663,
          35.084756
        ]
      },
      "properties": {
        "municipality_code": "24205",
        "city_name": "桑名市",
        "town_name": "大山田四丁目",
        "full_address": "桑名市 大山田四丁目",
        "postal_code": "5110903",
        "source": "kuwanasi.zip"
      }
    },
    {
      "type": "Feature",
      "geometry": {
        "type": "Point",
        "coordinates": [
          136.634254,
          35.08311
        ]
      },
      "properties": {
        "municipality_code": "24205",
        "city_name": "桑名市",
        "town_name": "大山田五丁目",
        "full_address": "桑名市 大山田五丁目",
        "postal_code": "5110903",
        "source": "kuwanasi.zip"
      }
    },
    {
      "type": "Feature",
      "geometry": {
        "type": "Point",
        "coordinates": [
          136.637078,
          35.081366
        ]
      },
      "properties": {
        "municipality_code": "24205",
        "city_name": "桑名市",
        "town_name": "大山田六丁目",
        "full_address": "桑名市 大山田六丁目",
        "postal_code": "5110903",
        "source": "kuwanasi.zip"
      }
    },
    {
      "type": "Feature",
      "geometry": {
        "type": "Point",
        "coordinates": [
          136.635242,
          35.080852
        ]
      },
      "properties": {
        "municipality_code": "24205",
        "city_name": "桑名市",
        "town_name": "大山田七丁目",
        "full_address": "桑名市 大山田七丁目",
        "postal_code": "5110903",
        "source": "kuwanasi.zip"
      }
    },
    {
      "type": "Feature",
      "geometry": {
        "type": "Point",
        "coordinates": [
          136.637355,
          35.078665
        ]
      },
      "properties": {
        "municipality_code": "24205",
        "city_name": "桑名市",
        "town_name": "大山田八丁目",
        "full_address": "桑名市 大山田八丁目",
        "postal_code": "5110903",
        "source": "kuwanasi.zip"
      }
    },
    {
      "type": "Feature",
      "geometry": {
        "type": "Point",
        "coordinates": [
          136.679549,
          35.04987
        ]
      },
      "properties": {
        "municipality_code": "24205",
        "city_name": "桑名市",
        "town_name": "大字安永",
        "full_address": "桑名市 大字安永",
        "postal_code": "5110839",
        "source": "kuwanasi.zip"
      }
    },
    {
      "type": "Feature",
      "geometry": {
        "type": "Point",
        "coordinates": [
          136.65711,
          35.095879
        ]
      },
      "properties": {
        "municipality_code": "24205",
        "city_name": "桑名市",
        "town_name": "大字下深谷部",
        "full_address": "桑名市 大字下深谷部",
        "postal_code": "5110808",
        "source": "kuwanasi.zip"
      }
    },
    {
      "type": "Feature",
      "geometry": {
        "type": "Point",
        "coordinates": [
          136.619114,
          35.086959
        ]
      },
      "properties": {
        "municipality_code": "24205",
        "city_name": "桑名市",
        "town_name": "大字嘉例川",
        "full_address": "桑名市 大字嘉例川",
        "postal_code": "5110941",
        "source": "kuwanasi.zip"
      }
    },
    {
      "type": "Feature",
      "geometry": {
        "type": "Point",
        "coordinates": [
          136.663957,
          35.08637
        ]
      },
      "properties": {
        "municipality_code": "24205",
        "city_name": "桑名市",
        "town_name": "大字蛎塚新田",
        "full_address": "桑名市 大字蛎塚新田",
        "postal_code": "5110861",
        "source": "kuwanasi.zip"
      }
    },
    {
      "type": "Feature",
      "geometry": {
        "type": "Point",
        "coordinates": [
          136.639182,
          35.067009
        ]
      },
      "properties": {
        "municipality_code": "24205",
        "city_name": "桑名市",
        "town_name": "大字額田",
        "full_address": "桑名市 大字額田",
        "postal_code": "5110911",
        "source": "kuwanasi.zip"
      }
    },
    {
      "type": "Feature",
      "geometry": {
        "type": "Point",
        "coordinates": [
          136.695891,
          35.031723
        ]
      },
      "properties": {
        "municipality_code": "24205",
        "city_name": "桑名市",
        "town_name": "大字萱町",
        "full_address": "桑名市 大字萱町",
        "postal_code": "5110044",
        "source": "kuwanasi.zip"
      }
    },
    {
      "type": "Feature",
      "geometry": {
        "type": "Point",
        "coordinates": [
          136.648826,
          35.048519
        ]
      },
      "properties": {
        "municipality_code": "24205",
        "city_name": "桑名市",
        "town_name": "大字桑部",
        "full_address": "桑名市 大字桑部",
        "postal_code": "5110923",
        "source": "kuwanasi.zip"
      }
    },
    {
      "type": "Feature",
      "geometry": {
        "type": "Point",
        "coordinates": [
          136.691952,
          35.072865
        ]
      },
      "properties": {
        "municipality_code": "24205",
        "city_name": "桑名市",
        "town_name": "大字桑名",
        "full_address": "桑名市 大字桑名",
        "postal_code": "5110009",
        "source": "kuwanasi.zip"
      }
    },
    {
      "type": "Feature",
      "geometry": {
        "type": "Point",
        "coordinates": [
          136.61469,
          35.077428
        ]
      },
      "properties": {
        "municipality_code": "24205",
        "city_name": "桑名市",
        "town_name": "大字五反田",
        "full_address": "桑名市 大字五反田",
        "postal_code": "5110946",
        "source": "kuwanasi.zip"
      }
    },
    {
      "type": "Feature",
      "geometry": {
        "type": "Point",
        "coordinates": [
          136.692204,
          35.051222
        ]
      },
      "properties": {
        "municipality_code": "24205",
        "city_name": "桑名市",
        "town_name": "大字江場",
        "full_address": "桑名市 大字江場",
        "postal_code": "5110836",
        "source": "kuwanasi.zip"
      }
    },
    {
      "type": "Feature",
      "geometry": {
        "type": "Point",
        "coordinates": [
          136.66239,
          35.110954
        ]
      },
      "properties": {
        "municipality_code": "24205",
        "city_name": "桑名市",
        "town_name": "大字今島",
        "full_address": "桑名市 大字今島",
        "postal_code": "5110801",
        "source": "kuwanasi.zip"
      }
    },
    {
      "type": "Feature",
      "geometry": {
        "type": "Point",
        "coordinates": [
          136.63146,
          35.059273
        ]
      },
      "properties": {
        "municipality_code": "24205",
        "city_name": "桑名市",
        "town_name": "大字坂井",
        "full_address": "桑名市 大字坂井",
        "postal_code": "5110939",
        "source": "kuwanasi.zip"
      }
    },
    {
      "type": "Feature",
      "geometry": {
        "type": "Point",
        "coordinates": [
          136.609417,
          35.053421
        ]
      },
      "properties": {
        "municipality_code": "24205",
        "city_name": "桑名市",
        "town_name": "大字志知",
        "full_address": "桑名市 大字志知",
        "postal_code": "5110937",
        "source": "kuwanasi.zip"
      }
    },
    {
      "type": "Feature",
      "geometry": {
        "type": "Point",
        "coordinates": [
          136.699194,
          35.050991
        ]
      },
      "properties": {
        "municipality_code": "24205",
        "city_name": "桑名市",
        "town_name": "大字小貝須",
        "full_address": "桑名市 大字小貝須",
        "postal_code": "5110841",
        "source": "kuwanasi.zip"
      }
    },
    {
      "type": "Feature",
      "geometry": {
        "type": "Point",
        "coordinates": [
          136.688487,
          35.037573
        ]
      },
      "properties": {
        "municipality_code": "24205",
        "city_name": "桑名市",
        "town_name": "大字小泉",
        "full_address": "桑名市 大字小泉",
        "postal_code": "5110837",
        "source": "kuwanasi.zip"
      }
    },
    {
      "type": "Feature",
      "geometry": {
        "type": "Point",
        "coordinates": [
          136.652994,
          35.106655
        ]
      },
      "properties": {
        "municipality_code": "24205",
        "city_name": "桑名市",
        "town_name": "大字上深谷部",
        "full_address": "桑名市 大字上深谷部",
        "postal_code": "5110809",
        "source": "kuwanasi.zip"
      }
    },
    {
      "type": "Feature",
      "geometry": {
        "type": "Point",
        "coordinates": [
          136.683589,
          35.084007
        ]
      },
      "properties": {
        "municipality_code": "24205",
        "city_name": "桑名市",
        "town_name": "大字上之輪新田",
        "full_address": "桑名市 大字上之輪新田",
        "postal_code": "5110001",
        "source": "kuwanasi.zip"
      }
    },
    {
      "type": "Feature",
      "geometry": {
        "type": "Point",
        "coordinates": [
          136.666543,
          35.062858
        ]
      },
      "properties": {
        "municipality_code": "24205",
        "city_name": "桑名市",
        "town_name": "大字上野",
        "full_address": "桑名市 大字上野",
        "postal_code": "5110825",
        "source": "kuwanasi.zip"
      }
    },
    {
      "type": "Feature",
      "geometry": {
        "type": "Point",
        "coordinates": [
          136.623513,
          35.07236
        ]
      },
      "properties": {
        "municipality_code": "24205",
        "city_name": "桑名市",
        "town_name": "大字森忠",
        "full_address": "桑名市 大字森忠",
        "postal_code": "5110943",
        "source": "kuwanasi.zip"
      }
    },
    {
      "type": "Feature",
      "geometry": {
        "type": "Point",
        "coordinates": [
          136.627199,
          35.068843
        ]
      },
      "properties": {
        "municipality_code": "24205",
        "city_name": "桑名市",
        "town_name": "大字星川",
        "full_address": "桑名市 大字星川",
        "postal_code": "5110912",
        "source": "kuwanasi.zip"
      }
    },
    {
      "type": "Feature",
      "geometry": {
        "type": "Point",
        "coordinates": [
          136.662636,
          35.050531
        ]
      },
      "properties": {
        "municipality_code": "24205",
        "city_name": "桑名市",
        "town_name": "大字西金井",
        "full_address": "桑名市 大字西金井",
        "postal_code": "5110922",
        "source": "kuwanasi.zip"
      }
    },
    {
      "type": "Feature",
      "geometry": {
        "type": "Point",
        "coordinates": [
          136.671348,
          35.085944
        ]
      },
      "properties": {
        "municipality_code": "24205",
        "city_name": "桑名市",
        "town_name": "大字西汰上",
        "full_address": "桑名市 大字西汰上",
        "postal_code": "5110807",
        "source": "kuwanasi.zip"
      }
    },
    {
      "type": "Feature",
      "geometry": {
        "type": "Point",
        "coordinates": [
          136.660236,
          35.063117
        ]
      },
      "properties": {
        "municipality_code": "24205",
        "city_name": "桑名市",
        "town_name": "大字西別所",
        "full_address": "桑名市 大字西別所",
        "postal_code": "5110851",
        "source": "kuwanasi.zip"
      }
    },
    {
      "type": "Feature",
      "geometry": {
        "type": "Point",
        "coordinates": [
          136.665192,
          35.074007
        ]
      },
      "properties": {
        "municipality_code": "24205",
        "city_name": "桑名市",
        "town_name": "大字西方",
        "full_address": "桑名市 大字西方",
        "postal_code": "5110864",
        "source": "kuwanasi.zip"
      }
    },
    {
      "type": "Feature",
      "geometry": {
        "type": "Point",
        "coordinates": [
          136.702423,
          35.059548
        ]
      },
      "properties": {
        "municipality_code": "24205",
        "city_name": "桑名市",
        "town_name": "大字赤須賀",
        "full_address": "桑名市 大字赤須賀",
        "postal_code": "5110033",
        "source": "kuwanasi.zip"
      }
    },
    {
      "type": "Feature",
      "geometry": {
        "type": "Point",
        "coordinates": [
          136.629362,
          35.050952
        ]
      },
      "properties": {
        "municipality_code": "24205",
        "city_name": "桑名市",
        "town_name": "大字赤尾",
        "full_address": "桑名市 大字赤尾",
        "postal_code": "5110934",
        "source": "kuwanasi.zip"
      }
    },
    {
      "type": "Feature",
      "geometry": {
        "type": "Point",
        "coordinates": [
          136.64634,
          35.056475
        ]
      },
      "properties": {
        "municipality_code": "24205",
        "city_name": "桑名市",
        "town_name": "大字増田",
        "full_address": "桑名市 大字増田",
        "postal_code": "5110853",
        "source": "kuwanasi.zip"
      }
    },
    {
      "type": "Feature",
      "geometry": {
        "type": "Point",
        "coordinates": [
          136.667524,
          35.06413
        ]
      },
      "properties": {
        "municipality_code": "24205",
        "city_name": "桑名市",
        "town_name": "大字太夫",
        "full_address": "桑名市 大字太夫",
        "postal_code": "5110826",
        "source": "kuwanasi.zip"
      }
    },
    {
      "type": "Feature",
      "geometry": {
        "type": "Point",
        "coordinates": [
          136.706222,
          35.032251
        ]
      },
      "properties": {
        "municipality_code": "24205",
        "city_name": "桑名市",
        "town_name": "大字太平町",
        "full_address": "桑名市 大字太平町",
        "postal_code": "5110843",
        "source": "kuwanasi.zip"
      }
    },
    {
      "type": "Feature",
      "geometry": {
        "type": "Point",
        "coordinates": [
          136.69676,
          35.040263
        ]
      },
      "properties": {
        "municipality_code": "24205",
        "city_name": "桑名市",
        "town_name": "大字大貝須",
        "full_address": "桑名市 大字大貝須",
        "postal_code": "5110848",
        "source": "kuwanasi.zip"
      }
    },
    {
      "type": "Feature",
      "geometry": {
        "type": "Point",
        "coordinates": [
          136.610151,
          35.078879
        ]
      },
      "properties": {
        "municipality_code": "24205",
        "city_name": "桑名市",
        "town_name": "大字大仲新田",
        "full_address": "桑名市 大字大仲新田",
        "postal_code": "5110947",
        "source": "kuwanasi.zip"
      }
    },
    {
      "type": "Feature",
      "geometry": {
        "type": "Point",
        "coordinates": [
          136.685771,
          35.051818
        ]
      },
      "properties": {
        "municipality_code": "24205",
        "city_name": "桑名市",
        "town_name": "大字大福",
        "full_address": "桑名市 大字大福",
        "postal_code": "5110834",
        "source": "kuwanasi.zip"
      }
    },
    {
      "type": "Feature",
      "geometry": {
        "type": "Point",
        "coordinates": [
          136.703612,
          35.053256
        ]
      },
      "properties": {
        "municipality_code": "24205",
        "city_name": "桑名市",
        "town_name": "大字地蔵",
        "full_address": "桑名市 大字地蔵",
        "postal_code": "5110034",
        "source": "kuwanasi.zip"
      }
    },
    {
      "type": "Feature",
      "geometry": {
        "type": "Point",
        "coordinates": [
          136.620913,
          35.054085
        ]
      },
      "properties": {
        "municipality_code": "24205",
        "city_name": "桑名市",
        "town_name": "大字島田",
        "full_address": "桑名市 大字島田",
        "postal_code": "5110936",
        "source": "kuwanasi.zip"
      }
    },
    {
      "type": "Feature",
      "geometry": {
        "type": "Point",
        "coordinates": [
          136.670729,
          35.050738
        ]
      },
      "properties": {
        "municipality_code": "24205",
        "city_name": "桑名市",
        "town_name": "大字東金井",
        "full_address": "桑名市 大字東金井",
        "postal_code": "5110921",
        "source": "kuwanasi.zip"
      }
    },
    {
      "type": "Feature",
      "geometry": {
        "type": "Point",
        "coordinates": [
          136.67533,
          35.086188
        ]
      },
      "properties": {
        "municipality_code": "24205",
        "city_name": "桑名市",
        "town_name": "大字東汰上",
        "full_address": "桑名市 大字東汰上",
        "postal_code": "5110806",
        "source": "kuwanasi.zip"
      }
    },
    {
      "type": "Feature",
      "geometry": {
        "type": "Point",
        "coordinates": [
          136.680518,
          35.07058
        ]
      },
      "properties": {
        "municipality_code": "24205",
        "city_name": "桑名市",
        "town_name": "大字東方",
        "full_address": "桑名市 大字東方",
        "postal_code": "5110811",
        "source": "kuwanasi.zip"
      }
    },
    {
      "type": "Feature",
      "geometry": {
        "type": "Point",
        "coordinates": [
          136.697226,
          35.057393
        ]
      },
      "properties": {
        "municipality_code": "24205",
        "city_name": "桑名市",
        "town_name": "大字東野",
        "full_address": "桑名市 大字東野",
        "postal_code": "5110035",
        "source": "kuwanasi.zip"
      }
    },
    {
      "type": "Feature",
      "geometry": {
        "type": "Point",
        "coordinates": [
          136.636818,
          35.051716
        ]
      },
      "properties": {
        "municipality_code": "24205",
        "city_name": "桑名市",
        "town_name": "大字能部",
        "full_address": "桑名市 大字能部",
        "postal_code": "5110931",
        "source": "kuwanasi.zip"
      }
    },
    {
      "type": "Feature",
      "geometry": {
        "type": "Point",
        "coordinates": [
          136.654318,
          35.086125
        ]
      },
      "properties": {
        "municipality_code": "24205",
        "city_name": "桑名市",
        "town_name": "大字播磨",
        "full_address": "桑名市 大字播磨",
        "postal_code": "5110862",
        "source": "kuwanasi.zip"
      }
    },
    {
      "type": "Feature",
      "geometry": {
        "type": "Point",
        "coordinates": [
          136.673282,
          35.055027
        ]
      },
      "properties": {
        "municipality_code": "24205",
        "city_name": "桑名市",
        "town_name": "大字繁松新田",
        "full_address": "桑名市 大字繁松新田",
        "postal_code": "5110824",
        "source": "kuwanasi.zip"
      }
    },
    {
      "type": "Feature",
      "geometry": {
        "type": "Point",
        "coordinates": [
          136.67925,
          35.065406
        ]
      },
      "properties": {
        "municipality_code": "24205",
        "city_name": "桑名市",
        "town_name": "大字尾野山",
        "full_address": "桑名市 大字尾野山",
        "postal_code": "5110812",
        "source": "kuwanasi.zip"
      }
    },
    {
      "type": "Feature",
      "geometry": {
        "type": "Point",
        "coordinates": [
          136.658183,
          35.055826
        ]
      },
      "properties": {
        "municipality_code": "24205",
        "city_name": "桑名市",
        "town_name": "大字稗田",
        "full_address": "桑名市 大字稗田",
        "postal_code": "5110852",
        "source": "kuwanasi.zip"
      }
    },
    {
      "type": "Feature",
      "geometry": {
        "type": "Point",
        "coordinates": [
          136.705463,
          35.026933
        ]
      },
      "properties": {
        "municipality_code": "24205",
        "city_name": "桑名市",
        "town_name": "大字福岡町",
        "full_address": "桑名市 大字福岡町",
        "postal_code": "5110844",
        "source": "kuwanasi.zip"
      }
    },
    {
      "type": "Feature",
      "geometry": {
        "type": "Point",
        "coordinates": [
          136.695504,
          35.033582
        ]
      },
      "properties": {
        "municipality_code": "24205",
        "city_name": "桑名市",
        "town_name": "大字福江",
        "full_address": "桑名市 大字福江",
        "postal_code": "5110847",
        "source": "kuwanasi.zip"
      }
    },
    {
      "type": "Feature",
      "geometry": {
        "type": "Point",
        "coordinates": [
          136.699461,
          35.033128
        ]
      },
      "properties": {
        "municipality_code": "24205",
        "city_name": "桑名市",
        "town_name": "大字福地",
        "full_address": "桑名市 大字福地",
        "postal_code": "5110845",
        "source": "kuwanasi.zip"
      }
    },
    {
      "type": "Feature",
      "geometry": {
        "type": "Point",
        "coordinates": [
          136.688982,
          35.076557
        ]
      },
      "properties": {
        "municipality_code": "24205",
        "city_name": "桑名市",
        "town_name": "大字福島",
        "full_address": "桑名市 大字福島",
        "postal_code": "5110002",
        "source": "kuwanasi.zip"
      }
    },
    {
      "type": "Feature",
      "geometry": {
        "type": "Point",
        "coordinates": [
          136.617833,
          35.071954
        ]
      },
      "properties": {
        "municipality_code": "24205",
        "city_name": "桑名市",
        "town_name": "大字芳ケ崎",
        "full_address": "桑名市 大字芳ケ崎",
        "postal_code": "5110944",
        "source": "kuwanasi.zip"
      }
    },
    {
      "type": "Feature",
      "geometry": {
        "type": "Point",
        "coordinates": [
          136.674169,
          35.071055
        ]
      },
      "properties": {
        "municipality_code": "24205",
        "city_name": "桑名市",
        "town_name": "大字北別所",
        "full_address": "桑名市 大字北別所",
        "postal_code": "5110819",
        "source": "kuwanasi.zip"
      }
    },
    {
      "type": "Feature",
      "geometry": {
        "type": "Point",
        "coordinates": [
          136.689105,
          35.054985
        ]
      },
      "properties": {
        "municipality_code": "24205",
        "city_name": "桑名市",
        "town_name": "大字本願寺",
        "full_address": "桑名市 大字本願寺",
        "postal_code": "5110835",
        "source": "kuwanasi.zip"
      }
    },
    {
      "type": "Feature",
      "geometry": {
        "type": "Point",
        "coordinates": [
          136.678553,
          35.059386
        ]
      },
      "properties": {
        "municipality_code": "24205",
        "city_name": "桑名市",
        "town_name": "大字矢田",
        "full_address": "桑名市 大字矢田",
        "postal_code": "5110821",
        "source": "kuwanasi.zip"
      }
    },
    {
      "type": "Feature",
      "geometry": {
        "type": "Point",
        "coordinates": [
          136.624018,
          35.058892
        ]
      },
      "properties": {
        "municipality_code": "24205",
        "city_name": "桑名市",
        "town_name": "大字友村",
        "full_address": "桑名市 大字友村",
        "postal_code": "5110938",
        "source": "kuwanasi.zip"
      }
    },
    {
      "type": "Feature",
      "geometry": {
        "type": "Point",
        "coordinates": [
          136.704992,
          35.041913
        ]
      },
      "properties": {
        "municipality_code": "24205",
        "city_name": "桑名市",
        "town_name": "大字立田町",
        "full_address": "桑名市 大字立田町",
        "postal_code": "5110842",
        "source": "kuwanasi.zip"
      }
    },
    {
      "type": "Feature",
      "geometry": {
        "type": "Point",
        "coordinates": [
          136.65147,
          35.070203
        ]
      },
      "properties": {
        "municipality_code": "24205",
        "city_name": "桑名市",
        "town_name": "大字蓮花寺",
        "full_address": "桑名市 大字蓮花寺",
        "postal_code": "5110854",
        "source": "kuwanasi.zip"
      }
    },
    {
      "type": "Feature",
      "geometry": {
        "type": "Point",
        "coordinates": [
          136.686485,
          35.043486
        ]
      },
      "properties": {
        "municipality_code": "24205",
        "city_name": "桑名市",
        "town_name": "大字和泉",
        "full_address": "桑名市 大字和泉",
        "postal_code": "5110838",
        "source": "kuwanasi.zip"
      }
    },
    {
      "type": "Feature",
      "geometry": {
        "type": "Point",
        "coordinates": [
          136.611522,
          35.07214
        ]
      },
      "properties": {
        "municipality_code": "24205",
        "city_name": "桑名市",
        "town_name": "筑紫",
        "full_address": "桑名市 筑紫",
        "postal_code": "5110945",
        "source": "kuwanasi.zip"
      }
    },
    {
      "type": "Feature",
      "geometry": {
        "type": "Point",
        "coordinates": [
          136.684353,
          35.064079
        ]
      },
      "properties": {
        "municipality_code": "24205",
        "city_name": "桑名市",
        "town_name": "中央町一丁目",
        "full_address": "桑名市 中央町一丁目",
        "postal_code": "5110068",
        "source": "kuwanasi.zip"
      }
    },
    {
      "type": "Feature",
      "geometry": {
        "type": "Point",
        "coordinates": [
          136.684038,
          35.062566
        ]
      },
      "properties": {
        "municipality_code": "24205",
        "city_name": "桑名市",
        "town_name": "中央町二丁目",
        "full_address": "桑名市 中央町二丁目",
        "postal_code": "5110068",
        "source": "kuwanasi.zip"
      }
    },
    {
      "type": "Feature",
      "geometry": {
        "type": "Point",
        "coordinates": [
          136.687832,
          35.063602
        ]
      },
      "properties": {
        "municipality_code": "24205",
        "city_name": "桑名市",
        "town_name": "中央町三丁目",
        "full_address": "桑名市 中央町三丁目",
        "postal_code": "5110068",
        "source": "kuwanasi.zip"
      }
    },
    {
      "type": "Feature",
      "geometry": {
        "type": "Point",
        "coordinates": [
          136.687395,
          35.062105
        ]
      },
      "properties": {
        "municipality_code": "24205",
        "city_name": "桑名市",
        "town_name": "中央町四丁目",
        "full_address": "桑名市 中央町四丁目",
        "postal_code": "5110068",
        "source": "kuwanasi.zip"
      }
    },
    {
      "type": "Feature",
      "geometry": {
        "type": "Point",
        "coordinates": [
          136.686689,
          35.060611
        ]
      },
      "properties": {
        "municipality_code": "24205",
        "city_name": "桑名市",
        "town_name": "中央町五丁目",
        "full_address": "桑名市 中央町五丁目",
        "postal_code": "5110068",
        "source": "kuwanasi.zip"
      }
    },
    {
      "type": "Feature",
      "geometry": {
        "type": "Point",
        "coordinates": [
          136.624314,
          35.068199
        ]
      },
      "properties": {
        "municipality_code": "24205",
        "city_name": "桑名市",
        "town_name": "中山町",
        "full_address": "桑名市 中山町",
        "postal_code": "5110914",
        "source": "kuwanasi.zip"
      }
    },
    {
      "type": "Feature",
      "geometry": {
        "type": "Point",
        "coordinates": [
          136.732281,
          35.030585
        ]
      },
      "properties": {
        "municipality_code": "24205",
        "city_name": "桑名市",
        "town_name": "長島町浦安",
        "full_address": "桑名市 長島町浦安",
        "postal_code": "5111135",
        "source": "kuwanasi.zip"
      }
    },
    {
      "type": "Feature",
      "geometry": {
        "type": "Point",
        "coordinates": [
          136.704382,
          35.102675
        ]
      },
      "properties": {
        "municipality_code": "24205",
        "city_name": "桑名市",
        "town_name": "長島町押付",
        "full_address": "桑名市 長島町押付",
        "postal_code": "5111113",
        "source": "kuwanasi.zip"
      }
    },
    {
      "type": "Feature",
      "geometry": {
        "type": "Point",
        "coordinates": [
          136.727528,
          35.053392
        ]
      },
      "properties": {
        "municipality_code": "24205",
        "city_name": "桑名市",
        "town_name": "長島町横満蔵",
        "full_address": "桑名市 長島町横満蔵",
        "postal_code": "5111133",
        "source": "kuwanasi.zip"
      }
    },
    {
      "type": "Feature",
      "geometry": {
        "type": "Point",
        "coordinates": [
          136.676035,
          35.112554
        ]
      },
      "properties": {
        "municipality_code": "24205",
        "city_name": "桑名市",
        "town_name": "長島町下坂手",
        "full_address": "桑名市 長島町下坂手",
        "postal_code": "5111106",
        "source": "kuwanasi.zip"
      }
    },
    {
      "type": "Feature",
      "geometry": {
        "type": "Point",
        "coordinates": [
          136.71393,
          35.081609
        ]
      },
      "properties": {
        "municipality_code": "24205",
        "city_name": "桑名市",
        "town_name": "長島町鎌ケ地",
        "full_address": "桑名市 長島町鎌ケ地",
        "postal_code": "5111123",
        "source": "kuwanasi.zip"
      }
    },
    {
      "type": "Feature",
      "geometry": {
        "type": "Point",
        "coordinates": [
          136.692719,
          35.106835
        ]
      },
      "properties": {
        "municipality_code": "24205",
        "city_name": "桑名市",
        "town_name": "長島町間々",
        "full_address": "桑名市 長島町間々",
        "postal_code": "5111141",
        "source": "kuwanasi.zip"
      }
    },
    {
      "type": "Feature",
      "geometry": {
        "type": "Point",
        "coordinates": [
          136.704009,
          35.080822
        ]
      },
      "properties": {
        "municipality_code": "24205",
        "city_name": "桑名市",
        "town_name": "長島町駒江",
        "full_address": "桑名市 長島町駒江",
        "postal_code": "5111144",
        "source": "kuwanasi.zip"
      }
    },
    {
      "type": "Feature",
      "geometry": {
        "type": "Point",
        "coordinates": [
          136.708329,
          35.086942
        ]
      },
      "properties": {
        "municipality_code": "24205",
        "city_name": "桑名市",
        "town_name": "長島町源部外面",
        "full_address": "桑名市 長島町源部外面",
        "postal_code": "5111125",
        "source": "kuwanasi.zip"
      }
    },
    {
      "type": "Feature",
      "geometry": {
        "type": "Point",
        "coordinates": [
          136.687908,
          35.108276
        ]
      },
      "properties": {
        "municipality_code": "24205",
        "city_name": "桑名市",
        "town_name": "長島町高座",
        "full_address": "桑名市 長島町高座",
        "postal_code": "5111104",
        "source": "kuwanasi.zip"
      }
    },
    {
      "type": "Feature",
      "geometry": {
        "type": "Point",
        "coordinates": [
          136.697529,
          35.084329
        ]
      },
      "properties": {
        "municipality_code": "24205",
        "city_name": "桑名市",
        "town_name": "長島町十日外面",
        "full_address": "桑名市 長島町十日外面",
        "postal_code": "5111146",
        "source": "kuwanasi.zip"
      }
    },
    {
      "type": "Feature",
      "geometry": {
        "type": "Point",
        "coordinates": [
          136.697292,
          35.10192
        ]
      },
      "properties": {
        "municipality_code": "24205",
        "city_name": "桑名市",
        "town_name": "長島町出口",
        "full_address": "桑名市 長島町出口",
        "postal_code": "5111142",
        "source": "kuwanasi.zip"
      }
    },
    {
      "type": "Feature",
      "geometry": {
        "type": "Point",
        "coordinates": [
          136.701611,
          35.111192
        ]
      },
      "properties": {
        "municipality_code": "24205",
        "city_name": "桑名市",
        "town_name": "長島町小島",
        "full_address": "桑名市 長島町小島",
        "postal_code": "5111111",
        "source": "kuwanasi.zip"
      }
    },
    {
      "type": "Feature",
      "geometry": {
        "type": "Point",
        "coordinates": [
          136.713112,
          35.088559
        ]
      },
      "properties": {
        "municipality_code": "24205",
        "city_name": "桑名市",
        "town_name": "長島町松ケ島",
        "full_address": "桑名市 長島町松ケ島",
        "postal_code": "5111122",
        "source": "kuwanasi.zip"
      }
    },
    {
      "type": "Feature",
      "geometry": {
        "type": "Point",
        "coordinates": [
          136.732045,
          35.038525
        ]
      },
      "properties": {
        "municipality_code": "24205",
        "city_name": "桑名市",
        "town_name": "長島町松蔭",
        "full_address": "桑名市 長島町松蔭",
        "postal_code": "5111134",
        "source": "kuwanasi.zip"
      }
    },
    {
      "type": "Feature",
      "geometry": {
        "type": "Point",
        "coordinates": [
          136.673663,
          35.128931
        ]
      },
      "properties": {
        "municipality_code": "24205",
        "city_name": "桑名市",
        "town_name": "長島町松之木",
        "full_address": "桑名市 長島町松之木",
        "postal_code": "5111109",
        "source": "kuwanasi.zip"
      }
    },
    {
      "type": "Feature",
      "geometry": {
        "type": "Point",
        "coordinates": [
          136.676929,
          35.1186
        ]
      },
      "properties": {
        "municipality_code": "24205",
        "city_name": "桑名市",
        "town_name": "長島町上坂手",
        "full_address": "桑名市 長島町上坂手",
        "postal_code": "5111107",
        "source": "kuwanasi.zip"
      }
    },
    {
      "type": "Feature",
      "geometry": {
        "type": "Point",
        "coordinates": [
          136.684405,
          35.1231
        ]
      },
      "properties": {
        "municipality_code": "24205",
        "city_name": "桑名市",
        "town_name": "長島町新所",
        "full_address": "桑名市 長島町新所",
        "postal_code": "5111101",
        "source": "kuwanasi.zip"
      }
    },
    {
      "type": "Feature",
      "geometry": {
        "type": "Point",
        "coordinates": [
          136.67877,
          35.121903
        ]
      },
      "properties": {
        "municipality_code": "24205",
        "city_name": "桑名市",
        "town_name": "長島町杉江",
        "full_address": "桑名市 長島町杉江",
        "postal_code": "5111108",
        "source": "kuwanasi.zip"
      }
    },
    {
      "type": "Feature",
      "geometry": {
        "type": "Point",
        "coordinates": [
          136.68998,
          35.093864
        ]
      },
      "properties": {
        "municipality_code": "24205",
        "city_name": "桑名市",
        "town_name": "長島町西外面",
        "full_address": "桑名市 長島町西外面",
        "postal_code": "5111143",
        "source": "kuwanasi.zip"
      }
    },
    {
      "type": "Feature",
      "geometry": {
        "type": "Point",
        "coordinates": [
          136.699188,
          35.092392
        ]
      },
      "properties": {
        "municipality_code": "24205",
        "city_name": "桑名市",
        "town_name": "長島町西外面市街",
        "full_address": "桑名市 長島町西外面市街",
        "postal_code": "5111149",
        "source": "kuwanasi.zip"
      }
    },
    {
      "type": "Feature",
      "geometry": {
        "type": "Point",
        "coordinates": [
          136.686028,
          35.116896
        ]
      },
      "properties": {
        "municipality_code": "24205",
        "city_name": "桑名市",
        "town_name": "長島町西川",
        "full_address": "桑名市 長島町西川",
        "postal_code": "5111102",
        "source": "kuwanasi.zip"
      }
    },
    {
      "type": "Feature",
      "geometry": {
        "type": "Point",
        "coordinates": [
          136.713042,
          35.069857
        ]
      },
      "properties": {
        "municipality_code": "24205",
        "city_name": "桑名市",
        "town_name": "長島町赤地",
        "full_address": "桑名市 長島町赤地",
        "postal_code": "5111131",
        "source": "kuwanasi.zip"
      }
    },
    {
      "type": "Feature",
      "geometry": {
        "type": "Point",
        "coordinates": [
          136.680154,
          35.102584
        ]
      },
      "properties": {
        "municipality_code": "24205",
        "city_name": "桑名市",
        "town_name": "長島町千倉",
        "full_address": "桑名市 長島町千倉",
        "postal_code": "5111105",
        "source": "kuwanasi.zip"
      }
    },
    {
      "type": "Feature",
      "geometry": {
        "type": "Point",
        "coordinates": [
          136.701399,
          35.107328
        ]
      },
      "properties": {
        "municipality_code": "24205",
        "city_name": "桑名市",
        "town_name": "長島町大倉",
        "full_address": "桑名市 長島町大倉",
        "postal_code": "5111112",
        "source": "kuwanasi.zip"
      }
    },
    {
      "type": "Feature",
      "geometry": {
        "type": "Point",
        "coordinates": [
          136.706533,
          35.075518
        ]
      },
      "properties": {
        "municipality_code": "24205",
        "city_name": "桑名市",
        "town_name": "長島町大島",
        "full_address": "桑名市 長島町大島",
        "postal_code": "5111145",
        "source": "kuwanasi.zip"
      }
    },
    {
      "type": "Feature",
      "geometry": {
        "type": "Point",
        "coordinates": [
          136.69088,
          35.114552
        ]
      },
      "properties": {
        "municipality_code": "24205",
        "city_name": "桑名市",
        "town_name": "長島町中川",
        "full_address": "桑名市 長島町中川",
        "postal_code": "5111103",
        "source": "kuwanasi.zip"
      }
    },
    {
      "type": "Feature",
      "geometry": {
        "type": "Point",
        "coordinates": [
          136.700082,
          35.092345
        ]
      },
      "properties": {
        "municipality_code": "24205",
        "city_name": "桑名市",
        "town_name": "長島町長島下町",
        "full_address": "桑名市 長島町長島下町",
        "postal_code": "5111114",
        "source": "kuwanasi.zip"
      }
    },
    {
      "type": "Feature",
      "geometry": {
        "type": "Point",
        "coordinates": [
          136.700925,
          35.094475
        ]
      },
      "properties": {
        "municipality_code": "24205",
        "city_name": "桑名市",
        "town_name": "長島町長島萱町",
        "full_address": "桑名市 長島町長島萱町",
        "postal_code": "5111116",
        "source": "kuwanasi.zip"
      }
    },
    {
      "type": "Feature",
      "geometry": {
        "type": "Point",
        "coordinates": [
          136.700093,
          35.093421
        ]
      },
      "properties": {
        "municipality_code": "24205",
        "city_name": "桑名市",
        "town_name": "長島町長島中町",
        "full_address": "桑名市 長島町長島中町",
        "postal_code": "5111115",
        "source": "kuwanasi.zip"
      }
    },
    {
      "type": "Feature",
      "geometry": {
        "type": "Point",
        "coordinates": [
          136.706495,
          35.095675
        ]
      },
      "properties": {
        "municipality_code": "24205",
        "city_name": "桑名市",
        "town_name": "長島町殿名",
        "full_address": "桑名市 長島町殿名",
        "postal_code": "5111127",
        "source": "kuwanasi.zip"
      }
    },
    {
      "type": "Feature",
      "geometry": {
        "type": "Point",
        "coordinates": [
          136.711405,
          35.09736
        ]
      },
      "properties": {
        "municipality_code": "24205",
        "city_name": "桑名市",
        "town_name": "長島町東殿名",
        "full_address": "桑名市 長島町東殿名",
        "postal_code": "5111121",
        "source": "kuwanasi.zip"
      }
    },
    {
      "type": "Feature",
      "geometry": {
        "type": "Point",
        "coordinates": [
          136.719317,
          35.04381
        ]
      },
      "properties": {
        "municipality_code": "24205",
        "city_name": "桑名市",
        "town_name": "長島町白鶏",
        "full_address": "桑名市 長島町白鶏",
        "postal_code": "5111136",
        "source": "kuwanasi.zip"
      }
    },
    {
      "type": "Feature",
      "geometry": {
        "type": "Point",
        "coordinates": [
          136.716615,
          35.055255
        ]
      },
      "properties": {
        "municipality_code": "24205",
        "city_name": "桑名市",
        "town_name": "長島町福吉",
        "full_address": "桑名市 長島町福吉",
        "postal_code": "5111137",
        "source": "kuwanasi.zip"
      }
    },
    {
      "type": "Feature",
      "geometry": {
        "type": "Point",
        "coordinates": [
          136.715326,
          35.06435
        ]
      },
      "properties": {
        "municipality_code": "24205",
        "city_name": "桑名市",
        "town_name": "長島町福豊",
        "full_address": "桑名市 長島町福豊",
        "postal_code": "5111132",
        "source": "kuwanasi.zip"
      }
    },
    {
      "type": "Feature",
      "geometry": {
        "type": "Point",
        "coordinates": [
          136.689071,
          35.102206
        ]
      },
      "properties": {
        "municipality_code": "24205",
        "city_name": "桑名市",
        "town_name": "長島町平方",
        "full_address": "桑名市 長島町平方",
        "postal_code": "5111147",
        "source": "kuwanasi.zip"
      }
    },
    {
      "type": "Feature",
      "geometry": {
        "type": "Point",
        "coordinates": [
          136.702863,
          35.103858
        ]
      },
      "properties": {
        "municipality_code": "24205",
        "city_name": "桑名市",
        "town_name": "長島町北殿名",
        "full_address": "桑名市 長島町北殿名",
        "postal_code": "5111148",
        "source": "kuwanasi.zip"
      }
    },
    {
      "type": "Feature",
      "geometry": {
        "type": "Point",
        "coordinates": [
          136.703353,
          35.093677
        ]
      },
      "properties": {
        "municipality_code": "24205",
        "city_name": "桑名市",
        "town_name": "長島町又木",
        "full_address": "桑名市 長島町又木",
        "postal_code": "5111126",
        "source": "kuwanasi.zip"
      }
    },
    {
      "type": "Feature",
      "geometry": {
        "type": "Point",
        "coordinates": [
          136.699565,
          35.094597
        ]
      },
      "properties": {
        "municipality_code": "24205",
        "city_name": "桑名市",
        "town_name": "長島町又木市街",
        "full_address": "桑名市 長島町又木市街",
        "postal_code": "5111128",
        "source": "kuwanasi.zip"
      }
    },
    {
      "type": "Feature",
      "geometry": {
        "type": "Point",
        "coordinates": [
          136.749632,
          35.039747
        ]
      },
      "properties": {
        "municipality_code": "24205",
        "city_name": "桑名市",
        "town_name": "長島町老松",
        "full_address": "桑名市 長島町老松",
        "postal_code": "",
        "source": "kuwanasi.zip"
      }
    },
    {
      "type": "Feature",
      "geometry": {
        "type": "Point",
        "coordinates": [
          136.715532,
          35.077011
        ]
      },
      "properties": {
        "municipality_code": "24205",
        "city_name": "桑名市",
        "town_name": "長島町葭ケ須",
        "full_address": "桑名市 長島町葭ケ須",
        "postal_code": "5111124",
        "source": "kuwanasi.zip"
      }
    },
    {
      "type": "Feature",
      "geometry": {
        "type": "Point",
        "coordinates": [
          136.689205,
          35.06775
        ]
      },
      "properties": {
        "municipality_code": "24205",
        "city_name": "桑名市",
        "town_name": "堤原",
        "full_address": "桑名市 堤原",
        "postal_code": "5110072",
        "source": "kuwanasi.zip"
      }
    },
    {
      "type": "Feature",
      "geometry": {
        "type": "Point",
        "coordinates": [
          136.689399,
          35.056892
        ]
      },
      "properties": {
        "municipality_code": "24205",
        "city_name": "桑名市",
        "town_name": "伝馬町",
        "full_address": "桑名市 伝馬町",
        "postal_code": "5110045",
        "source": "kuwanasi.zip"
      }
    },
    {
      "type": "Feature",
      "geometry": {
        "type": "Point",
        "coordinates": [
          136.693137,
          35.066241
        ]
      },
      "properties": {
        "municipality_code": "24205",
        "city_name": "桑名市",
        "town_name": "殿町",
        "full_address": "桑名市 殿町",
        "postal_code": "5110015",
        "source": "kuwanasi.zip"
      }
    },
    {
      "type": "Feature",
      "geometry": {
        "type": "Point",
        "coordinates": [
          136.694127,
          35.065872
        ]
      },
      "properties": {
        "municipality_code": "24205",
        "city_name": "桑名市",
        "town_name": "田町",
        "full_address": "桑名市 田町",
        "postal_code": "5110089",
        "source": "kuwanasi.zip"
      }
    },
    {
      "type": "Feature",
      "geometry": {
        "type": "Point",
        "coordinates": [
          136.633441,
          35.050999
        ]
      },
      "properties": {
        "municipality_code": "24205",
        "city_name": "桑名市",
        "town_name": "東正和台一丁目",
        "full_address": "桑名市 東正和台一丁目",
        "postal_code": "5110932",
        "source": "kuwanasi.zip"
      }
    },
    {
      "type": "Feature",
      "geometry": {
        "type": "Point",
        "coordinates": [
          136.633566,
          35.048386
        ]
      },
      "properties": {
        "municipality_code": "24205",
        "city_name": "桑名市",
        "town_name": "東正和台二丁目",
        "full_address": "桑名市 東正和台二丁目",
        "postal_code": "5110932",
        "source": "kuwanasi.zip"
      }
    },
    {
      "type": "Feature",
      "geometry": {
        "type": "Point",
        "coordinates": [
          136.635256,
          35.047374
        ]
      },
      "properties": {
        "municipality_code": "24205",
        "city_name": "桑名市",
        "town_name": "東正和台三丁目",
        "full_address": "桑名市 東正和台三丁目",
        "postal_code": "5110932",
        "source": "kuwanasi.zip"
      }
    },
    {
      "type": "Feature",
      "geometry": {
        "type": "Point",
        "coordinates": [
          136.635849,
          35.049096
        ]
      },
      "properties": {
        "municipality_code": "24205",
        "city_name": "桑名市",
        "town_name": "東正和台四丁目",
        "full_address": "桑名市 東正和台四丁目",
        "postal_code": "5110932",
        "source": "kuwanasi.zip"
      }
    },
    {
      "type": "Feature",
      "geometry": {
        "type": "Point",
        "coordinates": [
          136.637779,
          35.050666
        ]
      },
      "properties": {
        "municipality_code": "24205",
        "city_name": "桑名市",
        "town_name": "東正和台五丁目",
        "full_address": "桑名市 東正和台五丁目",
        "postal_code": "5110932",
        "source": "kuwanasi.zip"
      }
    },
    {
      "type": "Feature",
      "geometry": {
        "type": "Point",
        "coordinates": [
          136.637869,
          35.049287
        ]
      },
      "properties": {
        "municipality_code": "24205",
        "city_name": "桑名市",
        "town_name": "東正和台六丁目",
        "full_address": "桑名市 東正和台六丁目",
        "postal_code": "5110932",
        "source": "kuwanasi.zip"
      }
    },
    {
      "type": "Feature",
      "geometry": {
        "type": "Point",
        "coordinates": [
          136.637944,
          35.048233
        ]
      },
      "properties": {
        "municipality_code": "24205",
        "city_name": "桑名市",
        "town_name": "東正和台七丁目",
        "full_address": "桑名市 東正和台七丁目",
        "postal_code": "5110932",
        "source": "kuwanasi.zip"
      }
    },
    {
      "type": "Feature",
      "geometry": {
        "type": "Point",
        "coordinates": [
          136.692632,
          35.071942
        ]
      },
      "properties": {
        "municipality_code": "24205",
        "city_name": "桑名市",
        "town_name": "東太一丸",
        "full_address": "桑名市 東太一丸",
        "postal_code": "5110003",
        "source": "kuwanasi.zip"
      }
    },
    {
      "type": "Feature",
      "geometry": {
        "type": "Point",
        "coordinates": [
          136.688584,
          35.055769
        ]
      },
      "properties": {
        "municipality_code": "24205",
        "city_name": "桑名市",
        "town_name": "東鍋屋町",
        "full_address": "桑名市 東鍋屋町",
        "postal_code": "5110053",
        "source": "kuwanasi.zip"
      }
    },
    {
      "type": "Feature",
      "geometry": {
        "type": "Point",
        "coordinates": [
          136.685102,
          35.057142
        ]
      },
      "properties": {
        "municipality_code": "24205",
        "city_name": "桑名市",
        "town_name": "東矢田町",
        "full_address": "桑名市 東矢田町",
        "postal_code": "5110055",
        "source": "kuwanasi.zip"
      }
    },
    {
      "type": "Feature",
      "geometry": {
        "type": "Point",
        "coordinates": [
          136.649092,
          35.078726
        ]
      },
      "properties": {
        "municipality_code": "24205",
        "city_name": "桑名市",
        "town_name": "筒尾一丁目",
        "full_address": "桑名市 筒尾一丁目",
        "postal_code": "5110901",
        "source": "kuwanasi.zip"
      }
    },
    {
      "type": "Feature",
      "geometry": {
        "type": "Point",
        "coordinates": [
          136.649706,
          35.080018
        ]
      },
      "properties": {
        "municipality_code": "24205",
        "city_name": "桑名市",
        "town_name": "筒尾二丁目",
        "full_address": "桑名市 筒尾二丁目",
        "postal_code": "5110901",
        "source": "kuwanasi.zip"
      }
    },
    {
      "type": "Feature",
      "geometry": {
        "type": "Point",
        "coordinates": [
          136.651546,
          35.081743
        ]
      },
      "properties": {
        "municipality_code": "24205",
        "city_name": "桑名市",
        "town_name": "筒尾三丁目",
        "full_address": "桑名市 筒尾三丁目",
        "postal_code": "5110901",
        "source": "kuwanasi.zip"
      }
    },
    {
      "type": "Feature",
      "geometry": {
        "type": "Point",
        "coordinates": [
          136.648352,
          35.082635
        ]
      },
      "properties": {
        "municipality_code": "24205",
        "city_name": "桑名市",
        "town_name": "筒尾四丁目",
        "full_address": "桑名市 筒尾四丁目",
        "postal_code": "5110901",
        "source": "kuwanasi.zip"
      }
    },
    {
      "type": "Feature",
      "geometry": {
        "type": "Point",
        "coordinates": [
          136.643845,
          35.083427
        ]
      },
      "properties": {
        "municipality_code": "24205",
        "city_name": "桑名市",
        "town_name": "筒尾五丁目",
        "full_address": "桑名市 筒尾五丁目",
        "postal_code": "5110901",
        "source": "kuwanasi.zip"
      }
    },
    {
      "type": "Feature",
      "geometry": {
        "type": "Point",
        "coordinates": [
          136.646027,
          35.081921
        ]
      },
      "properties": {
        "municipality_code": "24205",
        "city_name": "桑名市",
        "town_name": "筒尾六丁目",
        "full_address": "桑名市 筒尾六丁目",
        "postal_code": "5110901",
        "source": "kuwanasi.zip"
      }
    },
    {
      "type": "Feature",
      "geometry": {
        "type": "Point",
        "coordinates": [
          136.642871,
          35.082119
        ]
      },
      "properties": {
        "municipality_code": "24205",
        "city_name": "桑名市",
        "town_name": "筒尾七丁目",
        "full_address": "桑名市 筒尾七丁目",
        "postal_code": "5110901",
        "source": "kuwanasi.zip"
      }
    },
    {
      "type": "Feature",
      "geometry": {
        "type": "Point",
        "coordinates": [
          136.643206,
          35.079901
        ]
      },
      "properties": {
        "municipality_code": "24205",
        "city_name": "桑名市",
        "town_name": "筒尾八丁目",
        "full_address": "桑名市 筒尾八丁目",
        "postal_code": "5110901",
        "source": "kuwanasi.zip"
      }
    },
    {
      "type": "Feature",
      "geometry": {
        "type": "Point",
        "coordinates": [
          136.646004,
          35.079873
        ]
      },
      "properties": {
        "municipality_code": "24205",
        "city_name": "桑名市",
        "town_name": "筒尾九丁目",
        "full_address": "桑名市 筒尾九丁目",
        "postal_code": "5110901",
        "source": "kuwanasi.zip"
      }
    },
    {
      "type": "Feature",
      "geometry": {
        "type": "Point",
        "coordinates": [
          136.654745,
          35.077793
        ]
      },
      "properties": {
        "municipality_code": "24205",
        "city_name": "桑名市",
        "town_name": "藤が丘一丁目",
        "full_address": "桑名市 藤が丘一丁目",
        "postal_code": "5110865",
        "source": "kuwanasi.zip"
      }
    },
    {
      "type": "Feature",
      "geometry": {
        "type": "Point",
        "coordinates": [
          136.653167,
          35.080582
        ]
      },
      "properties": {
        "municipality_code": "24205",
        "city_name": "桑名市",
        "town_name": "藤が丘二丁目",
        "full_address": "桑名市 藤が丘二丁目",
        "postal_code": "5110865",
        "source": "kuwanasi.zip"
      }
    },
    {
      "type": "Feature",
      "geometry": {
        "type": "Point",
        "coordinates": [
          136.652043,
          35.077758
        ]
      },
      "properties": {
        "municipality_code": "24205",
        "city_name": "桑名市",
        "town_name": "藤が丘三丁目",
        "full_address": "桑名市 藤が丘三丁目",
        "postal_code": "5110865",
        "source": "kuwanasi.zip"
      }
    },
    {
      "type": "Feature",
      "geometry": {
        "type": "Point",
        "coordinates": [
          136.650589,
          35.075965
        ]
      },
      "properties": {
        "municipality_code": "24205",
        "city_name": "桑名市",
        "town_name": "藤が丘四丁目",
        "full_address": "桑名市 藤が丘四丁目",
        "postal_code": "5110865",
        "source": "kuwanasi.zip"
      }
    },
    {
      "type": "Feature",
      "geometry": {
        "type": "Point",
        "coordinates": [
          136.649901,
          35.073758
        ]
      },
      "properties": {
        "municipality_code": "24205",
        "city_name": "桑名市",
        "town_name": "藤が丘五丁目",
        "full_address": "桑名市 藤が丘五丁目",
        "postal_code": "5110865",
        "source": "kuwanasi.zip"
      }
    },
    {
      "type": "Feature",
      "geometry": {
        "type": "Point",
        "coordinates": [
          136.647778,
          35.07441
        ]
      },
      "properties": {
        "municipality_code": "24205",
        "city_name": "桑名市",
        "town_name": "藤が丘六丁目",
        "full_address": "桑名市 藤が丘六丁目",
        "postal_code": "5110865",
        "source": "kuwanasi.zip"
      }
    },
    {
      "type": "Feature",
      "geometry": {
        "type": "Point",
        "coordinates": [
          136.647611,
          35.072076
        ]
      },
      "properties": {
        "municipality_code": "24205",
        "city_name": "桑名市",
        "town_name": "藤が丘七丁目",
        "full_address": "桑名市 藤が丘七丁目",
        "postal_code": "5110865",
        "source": "kuwanasi.zip"
      }
    },
    {
      "type": "Feature",
      "geometry": {
        "type": "Point",
        "coordinates": [
          136.650733,
          35.072885
        ]
      },
      "properties": {
        "municipality_code": "24205",
        "city_name": "桑名市",
        "town_name": "藤が丘八丁目",
        "full_address": "桑名市 藤が丘八丁目",
        "postal_code": "5110865",
        "source": "kuwanasi.zip"
      }
    },
    {
      "type": "Feature",
      "geometry": {
        "type": "Point",
        "coordinates": [
          136.653913,
          35.075246
        ]
      },
      "properties": {
        "municipality_code": "24205",
        "city_name": "桑名市",
        "town_name": "藤が丘九丁目",
        "full_address": "桑名市 藤が丘九丁目",
        "postal_code": "5110865",
        "source": "kuwanasi.zip"
      }
    },
    {
      "type": "Feature",
      "geometry": {
        "type": "Point",
        "coordinates": [
          136.694865,
          35.061777
        ]
      },
      "properties": {
        "municipality_code": "24205",
        "city_name": "桑名市",
        "town_name": "内堀",
        "full_address": "桑名市 内堀",
        "postal_code": "5110038",
        "source": "kuwanasi.zip"
      }
    },
    {
      "type": "Feature",
      "geometry": {
        "type": "Point",
        "coordinates": [
          136.684572,
          35.040322
        ]
      },
      "properties": {
        "municipality_code": "24205",
        "city_name": "桑名市",
        "town_name": "縄生",
        "full_address": "桑名市 縄生",
        "postal_code": "",
        "source": "kuwanasi.zip"
      }
    },
    {
      "type": "Feature",
      "geometry": {
        "type": "Point",
        "coordinates": [
          136.693742,
          35.064828
        ]
      },
      "properties": {
        "municipality_code": "24205",
        "city_name": "桑名市",
        "town_name": "南魚町",
        "full_address": "桑名市 南魚町",
        "postal_code": "5110088",
        "source": "kuwanasi.zip"
      }
    },
    {
      "type": "Feature",
      "geometry": {
        "type": "Point",
        "coordinates": [
          136.692318,
          35.06446
        ]
      },
      "properties": {
        "municipality_code": "24205",
        "city_name": "桑名市",
        "town_name": "南寺町",
        "full_address": "桑名市 南寺町",
        "postal_code": "5110074",
        "source": "kuwanasi.zip"
      }
    },
    {
      "type": "Feature",
      "geometry": {
        "type": "Point",
        "coordinates": [
          136.692438,
          35.061252
        ]
      },
      "properties": {
        "municipality_code": "24205",
        "city_name": "桑名市",
        "town_name": "入江葭町",
        "full_address": "桑名市 入江葭町",
        "postal_code": "5110086",
        "source": "kuwanasi.zip"
      }
    },
    {
      "type": "Feature",
      "geometry": {
        "type": "Point",
        "coordinates": [
          136.680713,
          35.059303
        ]
      },
      "properties": {
        "municipality_code": "24205",
        "city_name": "桑名市",
        "town_name": "馬道一丁目",
        "full_address": "桑名市 馬道一丁目",
        "postal_code": "5110822",
        "source": "kuwanasi.zip"
      }
    },
    {
      "type": "Feature",
      "geometry": {
        "type": "Point",
        "coordinates": [
          136.673102,
          35.066499
        ]
      },
      "properties": {
        "municipality_code": "24205",
        "city_name": "桑名市",
        "town_name": "梅園通",
        "full_address": "桑名市 梅園通",
        "postal_code": "5110815",
        "source": "kuwanasi.zip"
      }
    },
    {
      "type": "Feature",
      "geometry": {
        "type": "Point",
        "coordinates": [
          136.690255,
          35.06669
        ]
      },
      "properties": {
        "municipality_code": "24205",
        "city_name": "桑名市",
        "town_name": "八間通",
        "full_address": "桑名市 八間通",
        "postal_code": "5110076",
        "source": "kuwanasi.zip"
      }
    },
    {
      "type": "Feature",
      "geometry": {
        "type": "Point",
        "coordinates": [
          136.693536,
          35.05905
        ]
      },
      "properties": {
        "municipality_code": "24205",
        "city_name": "桑名市",
        "town_name": "八幡町",
        "full_address": "桑名市 八幡町",
        "postal_code": "5110049",
        "source": "kuwanasi.zip"
      }
    },
    {
      "type": "Feature",
      "geometry": {
        "type": "Point",
        "coordinates": [
          136.66456,
          35.09964
        ]
      },
      "properties": {
        "municipality_code": "24205",
        "city_name": "桑名市",
        "town_name": "枇杷島台",
        "full_address": "桑名市 枇杷島台",
        "postal_code": "5110803",
        "source": "kuwanasi.zip"
      }
    },
    {
      "type": "Feature",
      "geometry": {
        "type": "Point",
        "coordinates": [
          136.695125,
          35.067123
        ]
      },
      "properties": {
        "municipality_code": "24205",
        "city_name": "桑名市",
        "town_name": "風呂町",
        "full_address": "桑名市 風呂町",
        "postal_code": "5110025",
        "source": "kuwanasi.zip"
      }
    },
    {
      "type": "Feature",
      "geometry": {
        "type": "Point",
        "coordinates": [
          136.681491,
          35.056611
        ]
      },
      "properties": {
        "municipality_code": "24205",
        "city_name": "桑名市",
        "town_name": "福江町",
        "full_address": "桑名市 福江町",
        "postal_code": "5110833",
        "source": "kuwanasi.zip"
      }
    },
    {
      "type": "Feature",
      "geometry": {
        "type": "Point",
        "coordinates": [
          136.682186,
          35.077536
        ]
      },
      "properties": {
        "municipality_code": "24205",
        "city_name": "桑名市",
        "town_name": "福島新町",
        "full_address": "桑名市 福島新町",
        "postal_code": "5110027",
        "source": "kuwanasi.zip"
      }
    },
    {
      "type": "Feature",
      "geometry": {
        "type": "Point",
        "coordinates": [
          136.695726,
          35.064259
        ]
      },
      "properties": {
        "municipality_code": "24205",
        "city_name": "桑名市",
        "town_name": "片町",
        "full_address": "桑名市 片町",
        "postal_code": "5110081",
        "source": "kuwanasi.zip"
      }
    },
    {
      "type": "Feature",
      "geometry": {
        "type": "Point",
        "coordinates": [
          136.693982,
          35.067601
        ]
      },
      "properties": {
        "municipality_code": "24205",
        "city_name": "桑名市",
        "town_name": "宝殿町",
        "full_address": "桑名市 宝殿町",
        "postal_code": "5110013",
        "source": "kuwanasi.zip"
      }
    },
    {
      "type": "Feature",
      "geometry": {
        "type": "Point",
        "coordinates": [
          136.69502,
          35.066181
        ]
      },
      "properties": {
        "municipality_code": "24205",
        "city_name": "桑名市",
        "town_name": "北魚町",
        "full_address": "桑名市 北魚町",
        "postal_code": "5110024",
        "source": "kuwanasi.zip"
      }
    },
    {
      "type": "Feature",
      "geometry": {
        "type": "Point",
        "coordinates": [
          136.691684,
          35.066185
        ]
      },
      "properties": {
        "municipality_code": "24205",
        "city_name": "桑名市",
        "town_name": "北寺町",
        "full_address": "桑名市 北寺町",
        "postal_code": "5110073",
        "source": "kuwanasi.zip"
      }
    },
    {
      "type": "Feature",
      "geometry": {
        "type": "Point",
        "coordinates": [
          136.662991,
          35.099364
        ]
      },
      "properties": {
        "municipality_code": "24205",
        "city_name": "桑名市",
        "town_name": "北川原台",
        "full_address": "桑名市 北川原台",
        "postal_code": "5110804",
        "source": "kuwanasi.zip"
      }
    },
    {
      "type": "Feature",
      "geometry": {
        "type": "Point",
        "coordinates": [
          136.687549,
          35.059335
        ]
      },
      "properties": {
        "municipality_code": "24205",
        "city_name": "桑名市",
        "town_name": "北鍋屋町",
        "full_address": "桑名市 北鍋屋町",
        "postal_code": "5110066",
        "source": "kuwanasi.zip"
      }
    },
    {
      "type": "Feature",
      "geometry": {
        "type": "Point",
        "coordinates": [
          136.695701,
          35.066657
        ]
      },
      "properties": {
        "municipality_code": "24205",
        "city_name": "桑名市",
        "town_name": "本町",
        "full_address": "桑名市 本町",
        "postal_code": "5110023",
        "source": "kuwanasi.zip"
      }
    },
    {
      "type": "Feature",
      "geometry": {
        "type": "Point",
        "coordinates": [
          136.688211,
          35.067105
        ]
      },
      "properties": {
        "municipality_code": "24205",
        "city_name": "桑名市",
        "town_name": "末広町",
        "full_address": "桑名市 末広町",
        "postal_code": "5110077",
        "source": "kuwanasi.zip"
      }
    },
    {
      "type": "Feature",
      "geometry": {
        "type": "Point",
        "coordinates": [
          136.675441,
          35.058066
        ]
      },
      "properties": {
        "municipality_code": "24205",
        "city_name": "桑名市",
        "town_name": "明正町",
        "full_address": "桑名市 明正町",
        "postal_code": "5110823",
        "source": "kuwanasi.zip"
      }
    },
    {
      "type": "Feature",
      "geometry": {
        "type": "Point",
        "coordinates": [
          136.633607,
          35.078433
        ]
      },
      "properties": {
        "municipality_code": "24205",
        "city_name": "桑名市",
        "town_name": "野田一丁目",
        "full_address": "桑名市 野田一丁目",
        "postal_code": "5110904",
        "source": "kuwanasi.zip"
      }
    },
    {
      "type": "Feature",
      "geometry": {
        "type": "Point",
        "coordinates": [
          136.632963,
          35.079889
        ]
      },
      "properties": {
        "municipality_code": "24205",
        "city_name": "桑名市",
        "town_name": "野田二丁目",
        "full_address": "桑名市 野田二丁目",
        "postal_code": "5110904",
        "source": "kuwanasi.zip"
      }
    },
    {
      "type": "Feature",
      "geometry": {
        "type": "Point",
        "coordinates": [
          136.631383,
          35.08167
        ]
      },
      "properties": {
        "municipality_code": "24205",
        "city_name": "桑名市",
        "town_name": "野田三丁目",
        "full_address": "桑名市 野田三丁目",
        "postal_code": "5110904",
        "source": "kuwanasi.zip"
      }
    },
    {
      "type": "Feature",
      "geometry": {
        "type": "Point",
        "coordinates": [
          136.630139,
          35.083859
        ]
      },
      "properties": {
        "municipality_code": "24205",
        "city_name": "桑名市",
        "town_name": "野田四丁目",
        "full_address": "桑名市 野田四丁目",
        "postal_code": "5110904",
        "source": "kuwanasi.zip"
      }
    },
    {
      "type": "Feature",
      "geometry": {
        "type": "Point",
        "coordinates": [
          136.628627,
          35.081305
        ]
      },
      "properties": {
        "municipality_code": "24205",
        "city_name": "桑名市",
        "town_name": "野田五丁目",
        "full_address": "桑名市 野田五丁目",
        "postal_code": "5110904",
        "source": "kuwanasi.zip"
      }
    },
    {
      "type": "Feature",
      "geometry": {
        "type": "Point",
        "coordinates": [
          136.629939,
          35.078336
        ]
      },
      "properties": {
        "municipality_code": "24205",
        "city_name": "桑名市",
        "town_name": "野田六丁目",
        "full_address": "桑名市 野田六丁目",
        "postal_code": "5110904",
        "source": "kuwanasi.zip"
      }
    },
    {
      "type": "Feature",
      "geometry": {
        "type": "Point",
        "coordinates": [
          136.685509,
          35.058902
        ]
      },
      "properties": {
        "municipality_code": "24205",
        "city_name": "桑名市",
        "town_name": "矢田磧",
        "full_address": "桑名市 矢田磧",
        "postal_code": "5110051",
        "source": "kuwanasi.zip"
      }
    },
    {
      "type": "Feature",
      "geometry": {
        "type": "Point",
        "coordinates": [
          136.696262,
          35.058747
        ]
      },
      "properties": {
        "municipality_code": "24205",
        "city_name": "桑名市",
        "town_name": "柳原",
        "full_address": "桑名市 柳原",
        "postal_code": "5110042",
        "source": "kuwanasi.zip"
      }
    },
    {
      "type": "Feature",
      "geometry": {
        "type": "Point",
        "coordinates": [
          136.694404,
          35.064437
        ]
      },
      "properties": {
        "municipality_code": "24205",
        "city_name": "桑名市",
        "town_name": "油町",
        "full_address": "桑名市 油町",
        "postal_code": "5110084",
        "source": "kuwanasi.zip"
      }
    },
    {
      "type": "Feature",
      "geometry": {
        "type": "Point",
        "coordinates": [
          136.685656,
          35.067567
        ]
      },
      "properties": {
        "municipality_code": "24205",
        "city_name": "桑名市",
        "town_name": "有楽町",
        "full_address": "桑名市 有楽町",
        "postal_code": "5110079",
        "source": "kuwanasi.zip"
      }
    },
    {
      "type": "Feature",
      "geometry": {
        "type": "Point",
        "coordinates": [
          136.648477,
          35.085973
        ]
      },
      "properties": {
        "municipality_code": "24205",
        "city_name": "桑名市",
        "town_name": "陽だまりの丘一丁目",
        "full_address": "桑名市 陽だまりの丘一丁目",
        "postal_code": "5110867",
        "source": "kuwanasi.zip"
      }
    },
    {
      "type": "Feature",
      "geometry": {
        "type": "Point",
        "coordinates": [
          136.643827,
          35.086456
        ]
      },
      "properties": {
        "municipality_code": "24205",
        "city_name": "桑名市",
        "town_name": "陽だまりの丘二丁目",
        "full_address": "桑名市 陽だまりの丘二丁目",
        "postal_code": "5110867",
        "source": "kuwanasi.zip"
      }
    },
    {
      "type": "Feature",
      "geometry": {
        "type": "Point",
        "coordinates": [
          136.64383,
          35.091189
        ]
      },
      "properties": {
        "municipality_code": "24205",
        "city_name": "桑名市",
        "town_name": "陽だまりの丘三丁目",
        "full_address": "桑名市 陽だまりの丘三丁目",
        "postal_code": "5110867",
        "source": "kuwanasi.zip"
      }
    },
    {
      "type": "Feature",
      "geometry": {
        "type": "Point",
        "coordinates": [
          136.639782,
          35.090055
        ]
      },
      "properties": {
        "municipality_code": "24205",
        "city_name": "桑名市",
        "town_name": "陽だまりの丘四丁目",
        "full_address": "桑名市 陽だまりの丘四丁目",
        "postal_code": "5110867",
        "source": "kuwanasi.zip"
      }
    },
    {
      "type": "Feature",
      "geometry": {
        "type": "Point",
        "coordinates": [
          136.636651,
          35.093327
        ]
      },
      "properties": {
        "municipality_code": "24205",
        "city_name": "桑名市",
        "town_name": "陽だまりの丘五丁目",
        "full_address": "桑名市 陽だまりの丘五丁目",
        "postal_code": "5110867",
        "source": "kuwanasi.zip"
      }
    },
    {
      "type": "Feature",
      "geometry": {
        "type": "Point",
        "coordinates": [
          136.635888,
          35.090902
        ]
      },
      "properties": {
        "municipality_code": "24205",
        "city_name": "桑名市",
        "town_name": "陽だまりの丘六丁目",
        "full_address": "桑名市 陽だまりの丘六丁目",
        "postal_code": "5110867",
        "source": "kuwanasi.zip"
      }
    },
    {
      "type": "Feature",
      "geometry": {
        "type": "Point",
        "coordinates": [
          136.638117,
          35.08706
        ]
      },
      "properties": {
        "municipality_code": "24205",
        "city_name": "桑名市",
        "town_name": "陽だまりの丘七丁目",
        "full_address": "桑名市 陽だまりの丘七丁目",
        "postal_code": "5110867",
        "source": "kuwanasi.zip"
      }
    },
    {
      "type": "Feature",
      "geometry": {
        "type": "Point",
        "coordinates": [
          136.63547,
          35.085712
        ]
      },
      "properties": {
        "municipality_code": "24205",
        "city_name": "桑名市",
        "town_name": "陽だまりの丘八丁目",
        "full_address": "桑名市 陽だまりの丘八丁目",
        "postal_code": "5110867",
        "source": "kuwanasi.zip"
      }
    },
    {
      "type": "Feature",
      "geometry": {
        "type": "Point",
        "coordinates": [
          136.623063,
          35.06536
        ]
      },
      "properties": {
        "municipality_code": "24205",
        "city_name": "桑名市",
        "town_name": "里町",
        "full_address": "桑名市 里町",
        "postal_code": "5110913",
        "source": "kuwanasi.zip"
      }
    },
    {
      "type": "Feature",
      "geometry": {
        "type": "Point",
        "coordinates": [
          136.673931,
          35.063923
        ]
      },
      "properties": {
        "municipality_code": "24205",
        "city_name": "桑名市",
        "town_name": "立花町一丁目",
        "full_address": "桑名市 立花町一丁目",
        "postal_code": "5110828",
        "source": "kuwanasi.zip"
      }
    },
    {
      "type": "Feature",
      "geometry": {
        "type": "Point",
        "coordinates": [
          136.673893,
          35.063103
        ]
      },
      "properties": {
        "municipality_code": "24205",
        "city_name": "桑名市",
        "town_name": "立花町二丁目",
        "full_address": "桑名市 立花町二丁目",
        "postal_code": "5110828",
        "source": "kuwanasi.zip"
      }
    },
    {
      "type": "Feature",
      "geometry": {
        "type": "Point",
        "coordinates": [
          136.689814,
          35.069546
        ]
      },
      "properties": {
        "municipality_code": "24205",
        "city_name": "桑名市",
        "town_name": "蓮見町",
        "full_address": "桑名市 蓮見町",
        "postal_code": "5110008",
        "source": "kuwanasi.zip"
      }
    },
    {
      "type": "Feature",
      "geometry": {
        "type": "Point",
        "coordinates": [
          136.624903,
          35.06334
        ]
      },
      "properties": {
        "municipality_code": "24205",
        "city_name": "桑名市",
        "town_name": "巖新田",
        "full_address": "桑名市 巖新田",
        "postal_code": "",
        "source": "kuwanasi.zip"
      }
    },
    {
      "type": "Feature",
      "geometry": {
        "type": "Point",
        "coordinates": [
          136.691009,
          35.061179
        ]
      },
      "properties": {
        "municipality_code": "24205",
        "city_name": "桑名市",
        "town_name": "鍜冶町",
        "full_address": "桑名市 鍜冶町",
        "postal_code": "5110047",
        "source": "kuwanasi.zip"
      }
    },
    {
      "type": "Feature",
      "geometry": {
        "type": "Point",
        "coordinates": [
          136.563477,
          35.110331
        ]
      },
      "properties": {
        "municipality_code": "24214",
        "city_name": "いなべ市",
        "town_name": "員弁町石仏",
        "full_address": "いなべ市 員弁町石仏",
        "postal_code": "5110204",
        "source": "inabesi.zip"
      }
    },
    {
      "type": "Feature",
      "geometry": {
        "type": "Point",
        "coordinates": [
          136.563893,
          35.148834
        ]
      },
      "properties": {
        "municipality_code": "24214",
        "city_name": "いなべ市",
        "town_name": "員弁町市之原",
        "full_address": "いなべ市 員弁町市之原",
        "postal_code": "5110201",
        "source": "inabesi.zip"
      }
    },
    {
      "type": "Feature",
      "geometry": {
        "type": "Point",
        "coordinates": [
          136.552102,
          35.120012
        ]
      },
      "properties": {
        "municipality_code": "24214",
        "city_name": "いなべ市",
        "town_name": "員弁町宇野",
        "full_address": "いなべ市 員弁町宇野",
        "postal_code": "5110206",
        "source": "inabesi.zip"
      }
    },
    {
      "type": "Feature",
      "geometry": {
        "type": "Point",
        "coordinates": [
          136.568894,
          35.097076
        ]
      },
      "properties": {
        "municipality_code": "24214",
        "city_name": "いなべ市",
        "town_name": "員弁町大泉",
        "full_address": "いなべ市 員弁町大泉",
        "postal_code": "5110224",
        "source": "inabesi.zip"
      }
    },
    {
      "type": "Feature",
      "geometry": {
        "type": "Point",
        "coordinates": [
          136.56791,
          35.106259
        ]
      },
      "properties": {
        "municipality_code": "24214",
        "city_name": "いなべ市",
        "town_name": "員弁町大泉新田",
        "full_address": "いなべ市 員弁町大泉新田",
        "postal_code": "5110217",
        "source": "inabesi.zip"
      }
    },
    {
      "type": "Feature",
      "geometry": {
        "type": "Point",
        "coordinates": [
          136.578802,
          35.104921
        ]
      },
      "properties": {
        "municipality_code": "24214",
        "city_name": "いなべ市",
        "town_name": "員弁町岡丁田",
        "full_address": "いなべ市 員弁町岡丁田",
        "postal_code": "5110214",
        "source": "inabesi.zip"
      }
    },
    {
      "type": "Feature",
      "geometry": {
        "type": "Point",
        "coordinates": [
          136.556291,
          35.123383
        ]
      },
      "properties": {
        "municipality_code": "24214",
        "city_name": "いなべ市",
        "town_name": "員弁町笠田新田",
        "full_address": "いなべ市 員弁町笠田新田",
        "postal_code": "5110205",
        "source": "inabesi.zip"
      }
    },
    {
      "type": "Feature",
      "geometry": {
        "type": "Point",
        "coordinates": [
          136.548531,
          35.126234
        ]
      },
      "properties": {
        "municipality_code": "24214",
        "city_name": "いなべ市",
        "town_name": "員弁町上笠田",
        "full_address": "いなべ市 員弁町上笠田",
        "postal_code": "5110207",
        "source": "inabesi.zip"
      }
    },
    {
      "type": "Feature",
      "geometry": {
        "type": "Point",
        "coordinates": [
          136.556621,
          35.100594
        ]
      },
      "properties": {
        "municipality_code": "24214",
        "city_name": "いなべ市",
        "town_name": "員弁町北金井",
        "full_address": "いなべ市 員弁町北金井",
        "postal_code": "5110223",
        "source": "inabesi.zip"
      }
    },
    {
      "type": "Feature",
      "geometry": {
        "type": "Point",
        "coordinates": [
          136.584414,
          35.11324
        ]
      },
      "properties": {
        "municipality_code": "24214",
        "city_name": "いなべ市",
        "town_name": "員弁町暮明",
        "full_address": "いなべ市 員弁町暮明",
        "postal_code": "5110213",
        "source": "inabesi.zip"
      }
    },
    {
      "type": "Feature",
      "geometry": {
        "type": "Point",
        "coordinates": [
          136.550868,
          35.110765
        ]
      },
      "properties": {
        "municipality_code": "24214",
        "city_name": "いなべ市",
        "town_name": "員弁町下笠田",
        "full_address": "いなべ市 員弁町下笠田",
        "postal_code": "5110221",
        "source": "inabesi.zip"
      }
    },
    {
      "type": "Feature",
      "geometry": {
        "type": "Point",
        "coordinates": [
          136.566109,
          35.120208
        ]
      },
      "properties": {
        "municipality_code": "24214",
        "city_name": "いなべ市",
        "town_name": "員弁町楚原",
        "full_address": "いなべ市 員弁町楚原",
        "postal_code": "5110202",
        "source": "inabesi.zip"
      }
    },
    {
      "type": "Feature",
      "geometry": {
        "type": "Point",
        "coordinates": [
          136.561732,
          35.095326
        ]
      },
      "properties": {
        "municipality_code": "24214",
        "city_name": "いなべ市",
        "town_name": "員弁町西方",
        "full_address": "いなべ市 員弁町西方",
        "postal_code": "5110225",
        "source": "inabesi.zip"
      }
    },
    {
      "type": "Feature",
      "geometry": {
        "type": "Point",
        "coordinates": [
          136.569366,
          35.115594
        ]
      },
      "properties": {
        "municipality_code": "24214",
        "city_name": "いなべ市",
        "town_name": "員弁町畑新田",
        "full_address": "いなべ市 員弁町畑新田",
        "postal_code": "5110203",
        "source": "inabesi.zip"
      }
    },
    {
      "type": "Feature",
      "geometry": {
        "type": "Point",
        "coordinates": [
          136.555705,
          35.134959
        ]
      },
      "properties": {
        "municipality_code": "24214",
        "city_name": "いなべ市",
        "town_name": "員弁町坂東新田",
        "full_address": "いなべ市 員弁町坂東新田",
        "postal_code": "5110208",
        "source": "inabesi.zip"
      }
    },
    {
      "type": "Feature",
      "geometry": {
        "type": "Point",
        "coordinates": [
          136.57226,
          35.092617
        ]
      },
      "properties": {
        "municipality_code": "24214",
        "city_name": "いなべ市",
        "town_name": "員弁町東一色",
        "full_address": "いなべ市 員弁町東一色",
        "postal_code": "5110215",
        "source": "inabesi.zip"
      }
    },
    {
      "type": "Feature",
      "geometry": {
        "type": "Point",
        "coordinates": [
          136.576645,
          35.12766
        ]
      },
      "properties": {
        "municipality_code": "24214",
        "city_name": "いなべ市",
        "town_name": "員弁町平古",
        "full_address": "いなべ市 員弁町平古",
        "postal_code": "5110212",
        "source": "inabesi.zip"
      }
    },
    {
      "type": "Feature",
      "geometry": {
        "type": "Point",
        "coordinates": [
          136.577756,
          35.132761
        ]
      },
      "properties": {
        "municipality_code": "24214",
        "city_name": "いなべ市",
        "town_name": "員弁町松名新田",
        "full_address": "いなべ市 員弁町松名新田",
        "postal_code": "5110211",
        "source": "inabesi.zip"
      }
    },
    {
      "type": "Feature",
      "geometry": {
        "type": "Point",
        "coordinates": [
          136.57344,
          35.107121
        ]
      },
      "properties": {
        "municipality_code": "24214",
        "city_name": "いなべ市",
        "town_name": "員弁町松之木",
        "full_address": "いなべ市 員弁町松之木",
        "postal_code": "5110216",
        "source": "inabesi.zip"
      }
    },
    {
      "type": "Feature",
      "geometry": {
        "type": "Point",
        "coordinates": [
          136.555061,
          35.108278
        ]
      },
      "properties": {
        "municipality_code": "24214",
        "city_name": "いなべ市",
        "town_name": "員弁町御薗",
        "full_address": "いなべ市 員弁町御薗",
        "postal_code": "5110222",
        "source": "inabesi.zip"
      }
    },
    {
      "type": "Feature",
      "geometry": {
        "type": "Point",
        "coordinates": [
          136.500909,
          35.112597
        ]
      },
      "properties": {
        "municipality_code": "24214",
        "city_name": "いなべ市",
        "town_name": "大安町石榑北",
        "full_address": "いなべ市 大安町石榑北",
        "postal_code": "5110265",
        "source": "inabesi.zip"
      }
    },
    {
      "type": "Feature",
      "geometry": {
        "type": "Point",
        "coordinates": [
          136.490735,
          35.121822
        ]
      },
      "properties": {
        "municipality_code": "24214",
        "city_name": "いなべ市",
        "town_name": "大安町石榑北山",
        "full_address": "いなべ市 大安町石榑北山",
        "postal_code": "5110267",
        "source": "inabesi.zip"
      }
    },
    {
      "type": "Feature",
      "geometry": {
        "type": "Point",
        "coordinates": [
          136.529361,
          35.110354
        ]
      },
      "properties": {
        "municipality_code": "24214",
        "city_name": "いなべ市",
        "town_name": "大安町石榑下",
        "full_address": "いなべ市 大安町石榑下",
        "postal_code": "5110276",
        "source": "inabesi.zip"
      }
    },
    {
      "type": "Feature",
      "geometry": {
        "type": "Point",
        "coordinates": [
          136.518728,
          35.107611
        ]
      },
      "properties": {
        "municipality_code": "24214",
        "city_name": "いなべ市",
        "town_name": "大安町石榑東",
        "full_address": "いなべ市 大安町石榑東",
        "postal_code": "5110264",
        "source": "inabesi.zip"
      }
    },
    {
      "type": "Feature",
      "geometry": {
        "type": "Point",
        "coordinates": [
          136.474479,
          35.105592
        ]
      },
      "properties": {
        "municipality_code": "24214",
        "city_name": "いなべ市",
        "town_name": "大安町石榑南",
        "full_address": "いなべ市 大安町石榑南",
        "postal_code": "5110266",
        "source": "inabesi.zip"
      }
    },
    {
      "type": "Feature",
      "geometry": {
        "type": "Point",
        "coordinates": [
          136.497906,
          35.094744
        ]
      },
      "properties": {
        "municipality_code": "24214",
        "city_name": "いなべ市",
        "town_name": "大安町宇賀",
        "full_address": "いなべ市 大安町宇賀",
        "postal_code": "5110286",
        "source": "inabesi.zip"
      }
    },
    {
      "type": "Feature",
      "geometry": {
        "type": "Point",
        "coordinates": [
          136.513402,
          35.092282
        ]
      },
      "properties": {
        "municipality_code": "24214",
        "city_name": "いなべ市",
        "town_name": "大安町宇賀新田",
        "full_address": "いなべ市 大安町宇賀新田",
        "postal_code": "5110285",
        "source": "inabesi.zip"
      }
    },
    {
      "type": "Feature",
      "geometry": {
        "type": "Point",
        "coordinates": [
          136.556915,
          35.07216
        ]
      },
      "properties": {
        "municipality_code": "24214",
        "city_name": "いなべ市",
        "town_name": "大安町梅戸",
        "full_address": "いなべ市 大安町梅戸",
        "postal_code": "5110284",
        "source": "inabesi.zip"
      }
    },
    {
      "type": "Feature",
      "geometry": {
        "type": "Point",
        "coordinates": [
          136.561569,
          35.085243
        ]
      },
      "properties": {
        "municipality_code": "24214",
        "city_name": "いなべ市",
        "town_name": "大安町大泉",
        "full_address": "いなべ市 大安町大泉",
        "postal_code": "5110282",
        "source": "inabesi.zip"
      }
    },
    {
      "type": "Feature",
      "geometry": {
        "type": "Point",
        "coordinates": [
          136.539712,
          35.0927
        ]
      },
      "properties": {
        "municipality_code": "24214",
        "city_name": "いなべ市",
        "town_name": "大安町大井田",
        "full_address": "いなべ市 大安町大井田",
        "postal_code": "5110274",
        "source": "inabesi.zip"
      }
    },
    {
      "type": "Feature",
      "geometry": {
        "type": "Point",
        "coordinates": [
          136.533602,
          35.120036
        ]
      },
      "properties": {
        "municipality_code": "24214",
        "city_name": "いなべ市",
        "town_name": "大安町片樋",
        "full_address": "いなべ市 大安町片樋",
        "postal_code": "5110271",
        "source": "inabesi.zip"
      }
    },
    {
      "type": "Feature",
      "geometry": {
        "type": "Point",
        "coordinates": [
          136.543148,
          35.109107
        ]
      },
      "properties": {
        "municipality_code": "24214",
        "city_name": "いなべ市",
        "town_name": "大安町高柳",
        "full_address": "いなべ市 大安町高柳",
        "postal_code": "5110272",
        "source": "inabesi.zip"
      }
    },
    {
      "type": "Feature",
      "geometry": {
        "type": "Point",
        "coordinates": [
          136.531981,
          35.099133
        ]
      },
      "properties": {
        "municipality_code": "24214",
        "city_name": "いなべ市",
        "town_name": "大安町中央ヶ丘一丁目",
        "full_address": "いなべ市 大安町中央ヶ丘一丁目",
        "postal_code": "5110287",
        "source": "inabesi.zip"
      }
    },
    {
      "type": "Feature",
      "geometry": {
        "type": "Point",
        "coordinates": [
          136.53277,
          35.101648
        ]
      },
      "properties": {
        "municipality_code": "24214",
        "city_name": "いなべ市",
        "town_name": "大安町中央ヶ丘二丁目",
        "full_address": "いなべ市 大安町中央ヶ丘二丁目",
        "postal_code": "5110287",
        "source": "inabesi.zip"
      }
    },
    {
      "type": "Feature",
      "geometry": {
        "type": "Point",
        "coordinates": [
          136.529838,
          35.101137
        ]
      },
      "properties": {
        "municipality_code": "24214",
        "city_name": "いなべ市",
        "town_name": "大安町中央ヶ丘三丁目",
        "full_address": "いなべ市 大安町中央ヶ丘三丁目",
        "postal_code": "5110287",
        "source": "inabesi.zip"
      }
    },
    {
      "type": "Feature",
      "geometry": {
        "type": "Point",
        "coordinates": [
          136.520959,
          35.095811
        ]
      },
      "properties": {
        "municipality_code": "24214",
        "city_name": "いなべ市",
        "town_name": "大安町鍋坂",
        "full_address": "いなべ市 大安町鍋坂",
        "postal_code": "5110275",
        "source": "inabesi.zip"
      }
    },
    {
      "type": "Feature",
      "geometry": {
        "type": "Point",
        "coordinates": [
          136.503967,
          35.122389
        ]
      },
      "properties": {
        "municipality_code": "24214",
        "city_name": "いなべ市",
        "town_name": "大安町丹生川上",
        "full_address": "いなべ市 大安町丹生川上",
        "postal_code": "5110261",
        "source": "inabesi.zip"
      }
    },
    {
      "type": "Feature",
      "geometry": {
        "type": "Point",
        "coordinates": [
          136.518334,
          35.121622
        ]
      },
      "properties": {
        "municipality_code": "24214",
        "city_name": "いなべ市",
        "town_name": "大安町丹生川中",
        "full_address": "いなべ市 大安町丹生川中",
        "postal_code": "5110262",
        "source": "inabesi.zip"
      }
    },
    {
      "type": "Feature",
      "geometry": {
        "type": "Point",
        "coordinates": [
          136.526511,
          35.121785
        ]
      },
      "properties": {
        "municipality_code": "24214",
        "city_name": "いなべ市",
        "town_name": "大安町丹生川久下",
        "full_address": "いなべ市 大安町丹生川久下",
        "postal_code": "5110263",
        "source": "inabesi.zip"
      }
    },
    {
      "type": "Feature",
      "geometry": {
        "type": "Point",
        "coordinates": [
          136.533419,
          35.104135
        ]
      },
      "properties": {
        "municipality_code": "24214",
        "city_name": "いなべ市",
        "town_name": "大安町平塚",
        "full_address": "いなべ市 大安町平塚",
        "postal_code": "5110273",
        "source": "inabesi.zip"
      }
    },
    {
      "type": "Feature",
      "geometry": {
        "type": "Point",
        "coordinates": [
          136.539499,
          35.077889
        ]
      },
      "properties": {
        "municipality_code": "24214",
        "city_name": "いなべ市",
        "town_name": "大安町南金井",
        "full_address": "いなべ市 大安町南金井",
        "postal_code": "5110283",
        "source": "inabesi.zip"
      }
    },
    {
      "type": "Feature",
      "geometry": {
        "type": "Point",
        "coordinates": [
          136.547856,
          35.084447
        ]
      },
      "properties": {
        "municipality_code": "24214",
        "city_name": "いなべ市",
        "town_name": "大安町門前",
        "full_address": "いなべ市 大安町門前",
        "postal_code": "5110281",
        "source": "inabesi.zip"
      }
    },
    {
      "type": "Feature",
      "geometry": {
        "type": "Point",
        "coordinates": [
          136.502973,
          35.154678
        ]
      },
      "properties": {
        "municipality_code": "24214",
        "city_name": "いなべ市",
        "town_name": "藤原町石川",
        "full_address": "いなべ市 藤原町石川",
        "postal_code": "5110514",
        "source": "inabesi.zip"
      }
    },
    {
      "type": "Feature",
      "geometry": {
        "type": "Point",
        "coordinates": [
          136.492037,
          35.17633
        ]
      },
      "properties": {
        "municipality_code": "24214",
        "city_name": "いなべ市",
        "town_name": "藤原町市場",
        "full_address": "いなべ市 藤原町市場",
        "postal_code": "5110511",
        "source": "inabesi.zip"
      }
    },
    {
      "type": "Feature",
      "geometry": {
        "type": "Point",
        "coordinates": [
          136.477452,
          35.215848
        ]
      },
      "properties": {
        "municipality_code": "24214",
        "city_name": "いなべ市",
        "town_name": "藤原町上之山田",
        "full_address": "いなべ市 藤原町上之山田",
        "postal_code": "5110507",
        "source": "inabesi.zip"
      }
    },
    {
      "type": "Feature",
      "geometry": {
        "type": "Point",
        "coordinates": [
          136.475494,
          35.168472
        ]
      },
      "properties": {
        "municipality_code": "24214",
        "city_name": "いなべ市",
        "town_name": "藤原町大貝戸",
        "full_address": "いなべ市 藤原町大貝戸",
        "postal_code": "5110517",
        "source": "inabesi.zip"
      }
    },
    {
      "type": "Feature",
      "geometry": {
        "type": "Point",
        "coordinates": [
          136.488574,
          35.226512
        ]
      },
      "properties": {
        "municipality_code": "24214",
        "city_name": "いなべ市",
        "town_name": "藤原町鼎",
        "full_address": "いなべ市 藤原町鼎",
        "postal_code": "5110501",
        "source": "inabesi.zip"
      }
    },
    {
      "type": "Feature",
      "geometry": {
        "type": "Point",
        "coordinates": [
          136.498639,
          35.201319
        ]
      },
      "properties": {
        "municipality_code": "24214",
        "city_name": "いなべ市",
        "town_name": "藤原町上相場",
        "full_address": "いなべ市 藤原町上相場",
        "postal_code": "5110502",
        "source": "inabesi.zip"
      }
    },
    {
      "type": "Feature",
      "geometry": {
        "type": "Point",
        "coordinates": [
          136.502248,
          35.172684
        ]
      },
      "properties": {
        "municipality_code": "24214",
        "city_name": "いなべ市",
        "town_name": "藤原町川合",
        "full_address": "いなべ市 藤原町川合",
        "postal_code": "5110504",
        "source": "inabesi.zip"
      }
    },
    {
      "type": "Feature",
      "geometry": {
        "type": "Point",
        "coordinates": [
          136.459173,
          35.175942
        ]
      },
      "properties": {
        "municipality_code": "24214",
        "city_name": "いなべ市",
        "town_name": "藤原町坂本",
        "full_address": "いなべ市 藤原町坂本",
        "postal_code": "5110518",
        "source": "inabesi.zip"
      }
    },
    {
      "type": "Feature",
      "geometry": {
        "type": "Point",
        "coordinates": [
          136.445127,
          35.213723
        ]
      },
      "properties": {
        "municipality_code": "24214",
        "city_name": "いなべ市",
        "town_name": "藤原町篠立",
        "full_address": "いなべ市 藤原町篠立",
        "postal_code": "5110522",
        "source": "inabesi.zip"
      }
    },
    {
      "type": "Feature",
      "geometry": {
        "type": "Point",
        "coordinates": [
          136.505314,
          35.176778
        ]
      },
      "properties": {
        "municipality_code": "24214",
        "city_name": "いなべ市",
        "town_name": "藤原町下相場",
        "full_address": "いなべ市 藤原町下相場",
        "postal_code": "5110503",
        "source": "inabesi.zip"
      }
    },
    {
      "type": "Feature",
      "geometry": {
        "type": "Point",
        "coordinates": [
          136.503155,
          35.158496
        ]
      },
      "properties": {
        "municipality_code": "24214",
        "city_name": "いなべ市",
        "town_name": "藤原町下野尻",
        "full_address": "いなべ市 藤原町下野尻",
        "postal_code": "5110513",
        "source": "inabesi.zip"
      }
    },
    {
      "type": "Feature",
      "geometry": {
        "type": "Point",
        "coordinates": [
          136.497403,
          35.169898
        ]
      },
      "properties": {
        "municipality_code": "24214",
        "city_name": "いなべ市",
        "town_name": "藤原町志礼石新田",
        "full_address": "いなべ市 藤原町志礼石新田",
        "postal_code": "5110512",
        "source": "inabesi.zip"
      }
    },
    {
      "type": "Feature",
      "geometry": {
        "type": "Point",
        "coordinates": [
          136.492198,
          35.148383
        ]
      },
      "properties": {
        "municipality_code": "24214",
        "city_name": "いなべ市",
        "town_name": "藤原町東禅寺",
        "full_address": "いなべ市 藤原町東禅寺",
        "postal_code": "5110515",
        "source": "inabesi.zip"
      }
    },
    {
      "type": "Feature",
      "geometry": {
        "type": "Point",
        "coordinates": [
          136.496162,
          35.186417
        ]
      },
      "properties": {
        "municipality_code": "24214",
        "city_name": "いなべ市",
        "town_name": "藤原町長尾",
        "full_address": "いなべ市 藤原町長尾",
        "postal_code": "5110506",
        "source": "inabesi.zip"
      }
    },
    {
      "type": "Feature",
      "geometry": {
        "type": "Point",
        "coordinates": [
          136.488489,
          35.163744
        ]
      },
      "properties": {
        "municipality_code": "24214",
        "city_name": "いなべ市",
        "town_name": "藤原町西野尻",
        "full_address": "いなべ市 藤原町西野尻",
        "postal_code": "5110516",
        "source": "inabesi.zip"
      }
    },
    {
      "type": "Feature",
      "geometry": {
        "type": "Point",
        "coordinates": [
          136.498503,
          35.181739
        ]
      },
      "properties": {
        "municipality_code": "24214",
        "city_name": "いなべ市",
        "town_name": "藤原町日内",
        "full_address": "いなべ市 藤原町日内",
        "postal_code": "5110505",
        "source": "inabesi.zip"
      }
    },
    {
      "type": "Feature",
      "geometry": {
        "type": "Point",
        "coordinates": [
          136.486141,
          35.191596
        ]
      },
      "properties": {
        "municipality_code": "24214",
        "city_name": "いなべ市",
        "town_name": "藤原町藤ヶ丘",
        "full_address": "いなべ市 藤原町藤ヶ丘",
        "postal_code": "5110508",
        "source": "inabesi.zip"
      }
    },
    {
      "type": "Feature",
      "geometry": {
        "type": "Point",
        "coordinates": [
          136.459418,
          35.228011
        ]
      },
      "properties": {
        "municipality_code": "24214",
        "city_name": "いなべ市",
        "town_name": "藤原町古田",
        "full_address": "いなべ市 藤原町古田",
        "postal_code": "5110521",
        "source": "inabesi.zip"
      }
    },
    {
      "type": "Feature",
      "geometry": {
        "type": "Point",
        "coordinates": [
          136.423219,
          35.193275
        ]
      },
      "properties": {
        "municipality_code": "24214",
        "city_name": "いなべ市",
        "town_name": "藤原町本郷",
        "full_address": "いなべ市 藤原町本郷",
        "postal_code": "5110523",
        "source": "inabesi.zip"
      }
    },
    {
      "type": "Feature",
      "geometry": {
        "type": "Point",
        "coordinates": [
          136.451236,
          35.188689
        ]
      },
      "properties": {
        "municipality_code": "24214",
        "city_name": "いなべ市",
        "town_name": "藤原町山口",
        "full_address": "いなべ市 藤原町山口",
        "postal_code": "5110524",
        "source": "inabesi.zip"
      }
    },
    {
      "type": "Feature",
      "geometry": {
        "type": "Point",
        "coordinates": [
          136.518899,
          35.151621
        ]
      },
      "properties": {
        "municipality_code": "24214",
        "city_name": "いなべ市",
        "town_name": "北勢町阿下喜",
        "full_address": "いなべ市 北勢町阿下喜",
        "postal_code": "5110428",
        "source": "inabesi.zip"
      }
    },
    {
      "type": "Feature",
      "geometry": {
        "type": "Point",
        "coordinates": [
          136.521426,
          35.160906
        ]
      },
      "properties": {
        "municipality_code": "24214",
        "city_name": "いなべ市",
        "town_name": "北勢町飯倉",
        "full_address": "いなべ市 北勢町飯倉",
        "postal_code": "5110416",
        "source": "inabesi.zip"
      }
    },
    {
      "type": "Feature",
      "geometry": {
        "type": "Point",
        "coordinates": [
          136.536054,
          35.133366
        ]
      },
      "properties": {
        "municipality_code": "24214",
        "city_name": "いなべ市",
        "town_name": "北勢町麻生田",
        "full_address": "いなべ市 北勢町麻生田",
        "postal_code": "5110427",
        "source": "inabesi.zip"
      }
    },
    {
      "type": "Feature",
      "geometry": {
        "type": "Point",
        "coordinates": [
          136.540276,
          35.149247
        ]
      },
      "properties": {
        "municipality_code": "24214",
        "city_name": "いなべ市",
        "town_name": "北勢町大辻新田",
        "full_address": "いなべ市 北勢町大辻新田",
        "postal_code": "5110425",
        "source": "inabesi.zip"
      }
    },
    {
      "type": "Feature",
      "geometry": {
        "type": "Point",
        "coordinates": [
          136.499653,
          35.12865
        ]
      },
      "properties": {
        "municipality_code": "24214",
        "city_name": "いなべ市",
        "town_name": "北勢町奥村",
        "full_address": "いなべ市 北勢町奥村",
        "postal_code": "5110435",
        "source": "inabesi.zip"
      }
    },
    {
      "type": "Feature",
      "geometry": {
        "type": "Point",
        "coordinates": [
          136.501061,
          35.136094
        ]
      },
      "properties": {
        "municipality_code": "24214",
        "city_name": "いなべ市",
        "town_name": "北勢町垣内",
        "full_address": "いなべ市 北勢町垣内",
        "postal_code": "5110437",
        "source": "inabesi.zip"
      }
    },
    {
      "type": "Feature",
      "geometry": {
        "type": "Point",
        "coordinates": [
          136.509683,
          35.222717
        ]
      },
      "properties": {
        "municipality_code": "24214",
        "city_name": "いなべ市",
        "town_name": "北勢町川原",
        "full_address": "いなべ市 北勢町川原",
        "postal_code": "5110401",
        "source": "inabesi.zip"
      }
    },
    {
      "type": "Feature",
      "geometry": {
        "type": "Point",
        "coordinates": [
          136.559622,
          35.170411
        ]
      },
      "properties": {
        "municipality_code": "24214",
        "city_name": "いなべ市",
        "town_name": "北勢町北中津原",
        "full_address": "いなべ市 北勢町北中津原",
        "postal_code": "5110422",
        "source": "inabesi.zip"
      }
    },
    {
      "type": "Feature",
      "geometry": {
        "type": "Point",
        "coordinates": [
          136.51167,
          35.181891
        ]
      },
      "properties": {
        "municipality_code": "24214",
        "city_name": "いなべ市",
        "town_name": "北勢町京ヶ野新田",
        "full_address": "いなべ市 北勢町京ヶ野新田",
        "postal_code": "5110411",
        "source": "inabesi.zip"
      }
    },
    {
      "type": "Feature",
      "geometry": {
        "type": "Point",
        "coordinates": [
          136.558505,
          35.198413
        ]
      },
      "properties": {
        "municipality_code": "24214",
        "city_name": "いなべ市",
        "town_name": "北勢町小原一色",
        "full_address": "いなべ市 北勢町小原一色",
        "postal_code": "5110404",
        "source": "inabesi.zip"
      }
    },
    {
      "type": "Feature",
      "geometry": {
        "type": "Point",
        "coordinates": [
          136.520283,
          35.186553
        ]
      },
      "properties": {
        "municipality_code": "24214",
        "city_name": "いなべ市",
        "town_name": "北勢町塩崎",
        "full_address": "いなべ市 北勢町塩崎",
        "postal_code": "5110406",
        "source": "inabesi.zip"
      }
    },
    {
      "type": "Feature",
      "geometry": {
        "type": "Point",
        "coordinates": [
          136.520129,
          35.168644
        ]
      },
      "properties": {
        "municipality_code": "24214",
        "city_name": "いなべ市",
        "town_name": "北勢町下平",
        "full_address": "いなべ市 北勢町下平",
        "postal_code": "5110418",
        "source": "inabesi.zip"
      }
    },
    {
      "type": "Feature",
      "geometry": {
        "type": "Point",
        "coordinates": [
          136.458051,
          35.135407
        ]
      },
      "properties": {
        "municipality_code": "24214",
        "city_name": "いなべ市",
        "town_name": "北勢町新町",
        "full_address": "いなべ市 北勢町新町",
        "postal_code": "5110436",
        "source": "inabesi.zip"
      }
    },
    {
      "type": "Feature",
      "geometry": {
        "type": "Point",
        "coordinates": [
          136.508958,
          35.157981
        ]
      },
      "properties": {
        "municipality_code": "24214",
        "city_name": "いなべ市",
        "town_name": "北勢町瀬木",
        "full_address": "いなべ市 北勢町瀬木",
        "postal_code": "5110417",
        "source": "inabesi.zip"
      }
    },
    {
      "type": "Feature",
      "geometry": {
        "type": "Point",
        "coordinates": [
          136.524215,
          35.208716
        ]
      },
      "properties": {
        "municipality_code": "24214",
        "city_name": "いなべ市",
        "town_name": "北勢町千司久連新田",
        "full_address": "いなべ市 北勢町千司久連新田",
        "postal_code": "5110402",
        "source": "inabesi.zip"
      }
    },
    {
      "type": "Feature",
      "geometry": {
        "type": "Point",
        "coordinates": [
          136.543225,
          35.138062
        ]
      },
      "properties": {
        "municipality_code": "24214",
        "city_name": "いなべ市",
        "town_name": "北勢町其原",
        "full_address": "いなべ市 北勢町其原",
        "postal_code": "5110426",
        "source": "inabesi.zip"
      }
    },
    {
      "type": "Feature",
      "geometry": {
        "type": "Point",
        "coordinates": [
          136.522513,
          35.196552
        ]
      },
      "properties": {
        "municipality_code": "24214",
        "city_name": "いなべ市",
        "town_name": "北勢町田辺",
        "full_address": "いなべ市 北勢町田辺",
        "postal_code": "5110405",
        "source": "inabesi.zip"
      }
    },
    {
      "type": "Feature",
      "geometry": {
        "type": "Point",
        "coordinates": [
          136.54763,
          35.171707
        ]
      },
      "properties": {
        "municipality_code": "24214",
        "city_name": "いなべ市",
        "town_name": "北勢町皷",
        "full_address": "いなべ市 北勢町皷",
        "postal_code": "5110421",
        "source": "inabesi.zip"
      }
    },
    {
      "type": "Feature",
      "geometry": {
        "type": "Point",
        "coordinates": [
          136.516905,
          35.130776
        ]
      },
      "properties": {
        "municipality_code": "24214",
        "city_name": "いなべ市",
        "town_name": "北勢町中山",
        "full_address": "いなべ市 北勢町中山",
        "postal_code": "5110433",
        "source": "inabesi.zip"
      }
    },
    {
      "type": "Feature",
      "geometry": {
        "type": "Point",
        "coordinates": [
          136.529365,
          35.172376
        ]
      },
      "properties": {
        "municipality_code": "24214",
        "city_name": "いなべ市",
        "town_name": "北勢町西貝野",
        "full_address": "いなべ市 北勢町西貝野",
        "postal_code": "5110414",
        "source": "inabesi.zip"
      }
    },
    {
      "type": "Feature",
      "geometry": {
        "type": "Point",
        "coordinates": [
          136.540134,
          35.21642
        ]
      },
      "properties": {
        "municipality_code": "24214",
        "city_name": "いなべ市",
        "town_name": "北勢町二之瀬",
        "full_address": "いなべ市 北勢町二之瀬",
        "postal_code": "5110403",
        "source": "inabesi.zip"
      }
    },
    {
      "type": "Feature",
      "geometry": {
        "type": "Point",
        "coordinates": [
          136.529008,
          35.181626
        ]
      },
      "properties": {
        "municipality_code": "24214",
        "city_name": "いなべ市",
        "town_name": "北勢町畑毛",
        "full_address": "いなべ市 北勢町畑毛",
        "postal_code": "5110413",
        "source": "inabesi.zip"
      }
    },
    {
      "type": "Feature",
      "geometry": {
        "type": "Point",
        "coordinates": [
          136.524459,
          35.136401
        ]
      },
      "properties": {
        "municipality_code": "24214",
        "city_name": "いなべ市",
        "town_name": "北勢町治田外面",
        "full_address": "いなべ市 北勢町治田外面",
        "postal_code": "5110438",
        "source": "inabesi.zip"
      }
    },
    {
      "type": "Feature",
      "geometry": {
        "type": "Point",
        "coordinates": [
          136.542587,
          35.178193
        ]
      },
      "properties": {
        "municipality_code": "24214",
        "city_name": "いなべ市",
        "town_name": "北勢町東貝野",
        "full_address": "いなべ市 北勢町東貝野",
        "postal_code": "5110415",
        "source": "inabesi.zip"
      }
    },
    {
      "type": "Feature",
      "geometry": {
        "type": "Point",
        "coordinates": [
          136.531779,
          35.149441
        ]
      },
      "properties": {
        "municipality_code": "24214",
        "city_name": "いなべ市",
        "town_name": "北勢町東村",
        "full_address": "いなべ市 北勢町東村",
        "postal_code": "5110432",
        "source": "inabesi.zip"
      }
    },
    {
      "type": "Feature",
      "geometry": {
        "type": "Point",
        "coordinates": [
          136.544315,
          35.159411
        ]
      },
      "properties": {
        "municipality_code": "24214",
        "city_name": "いなべ市",
        "town_name": "北勢町平野新田",
        "full_address": "いなべ市 北勢町平野新田",
        "postal_code": "5110423",
        "source": "inabesi.zip"
      }
    },
    {
      "type": "Feature",
      "geometry": {
        "type": "Point",
        "coordinates": [
          136.509286,
          35.129622
        ]
      },
      "properties": {
        "municipality_code": "24214",
        "city_name": "いなべ市",
        "town_name": "北勢町麓村",
        "full_address": "いなべ市 北勢町麓村",
        "postal_code": "5110434",
        "source": "inabesi.zip"
      }
    },
    {
      "type": "Feature",
      "geometry": {
        "type": "Point",
        "coordinates": [
          136.469501,
          35.1483
        ]
      },
      "properties": {
        "municipality_code": "24214",
        "city_name": "いなべ市",
        "town_name": "北勢町別名",
        "full_address": "いなべ市 北勢町別名",
        "postal_code": "5110431",
        "source": "inabesi.zip"
      }
    },
    {
      "type": "Feature",
      "geometry": {
        "type": "Point",
        "coordinates": [
          136.566198,
          35.164812
        ]
      },
      "properties": {
        "municipality_code": "24214",
        "city_name": "いなべ市",
        "town_name": "北勢町南中津原",
        "full_address": "いなべ市 北勢町南中津原",
        "postal_code": "5110424",
        "source": "inabesi.zip"
      }
    },
    {
      "type": "Feature",
      "geometry": {
        "type": "Point",
        "coordinates": [
          136.521881,
          35.17508
        ]
      },
      "properties": {
        "municipality_code": "24214",
        "city_name": "いなべ市",
        "town_name": "北勢町向平",
        "full_address": "いなべ市 北勢町向平",
        "postal_code": "5110412",
        "source": "inabesi.zip"
      }
    },
    {
      "type": "Feature",
      "geometry": {
        "type": "Point",
        "coordinates": [
          136.741673,
          35.081179
        ]
      },
      "properties": {
        "municipality_code": "24303",
        "city_name": "桑名郡木曽岬町",
        "town_name": "大字和泉",
        "full_address": "桑名郡木曽岬町 大字和泉",
        "postal_code": "4980803",
        "source": "kuwanagun.zip"
      }
    },
    {
      "type": "Feature",
      "geometry": {
        "type": "Point",
        "coordinates": [
          136.725664,
          35.079219
        ]
      },
      "properties": {
        "municipality_code": "24303",
        "city_name": "桑名郡木曽岬町",
        "town_name": "大字近江島",
        "full_address": "桑名郡木曽岬町 大字近江島",
        "postal_code": "4980808",
        "source": "kuwanagun.zip"
      }
    },
    {
      "type": "Feature",
      "geometry": {
        "type": "Point",
        "coordinates": [
          136.751263,
          35.073032
        ]
      },
      "properties": {
        "municipality_code": "24303",
        "city_name": "桑名郡木曽岬町",
        "town_name": "大字和富",
        "full_address": "桑名郡木曽岬町 大字和富",
        "postal_code": "4980823",
        "source": "kuwanagun.zip"
      }
    },
    {
      "type": "Feature",
      "geometry": {
        "type": "Point",
        "coordinates": [
          136.72357,
          35.092234
        ]
      },
      "properties": {
        "municipality_code": "24303",
        "city_name": "桑名郡木曽岬町",
        "town_name": "大字加路戸",
        "full_address": "桑名郡木曽岬町 大字加路戸",
        "postal_code": "4980801",
        "source": "kuwanagun.zip"
      }
    },
    {
      "type": "Feature",
      "geometry": {
        "type": "Point",
        "coordinates": [
          136.72991,
          35.067912
        ]
      },
      "properties": {
        "municipality_code": "24303",
        "city_name": "桑名郡木曽岬町",
        "town_name": "大字雁ヶ地",
        "full_address": "桑名郡木曽岬町 大字雁ヶ地",
        "postal_code": "4980818",
        "source": "kuwanagun.zip"
      }
    },
    {
      "type": "Feature",
      "geometry": {
        "type": "Point",
        "coordinates": [
          136.732613,
          35.091184
        ]
      },
      "properties": {
        "municipality_code": "24303",
        "city_name": "桑名郡木曽岬町",
        "town_name": "大字見入",
        "full_address": "桑名郡木曽岬町 大字見入",
        "postal_code": "4980802",
        "source": "kuwanagun.zip"
      }
    },
    {
      "type": "Feature",
      "geometry": {
        "type": "Point",
        "coordinates": [
          136.729508,
          35.097186
        ]
      },
      "properties": {
        "municipality_code": "24303",
        "city_name": "桑名郡木曽岬町",
        "town_name": "大字見入流作",
        "full_address": "桑名郡木曽岬町 大字見入流作",
        "postal_code": "4980822",
        "source": "kuwanagun.zip"
      }
    },
    {
      "type": "Feature",
      "geometry": {
        "type": "Point",
        "coordinates": [
          136.742089,
          35.055332
        ]
      },
      "properties": {
        "municipality_code": "24303",
        "city_name": "桑名郡木曽岬町",
        "town_name": "大字源緑輪中",
        "full_address": "桑名郡木曽岬町 大字源緑輪中",
        "postal_code": "4980816",
        "source": "kuwanagun.zip"
      }
    },
    {
      "type": "Feature",
      "geometry": {
        "type": "Point",
        "coordinates": [
          136.736839,
          35.077638
        ]
      },
      "properties": {
        "municipality_code": "24303",
        "city_name": "桑名郡木曽岬町",
        "town_name": "大字小和泉",
        "full_address": "桑名郡木曽岬町 大字小和泉",
        "postal_code": "4980804",
        "source": "kuwanagun.zip"
      }
    },
    {
      "type": "Feature",
      "geometry": {
        "type": "Point",
        "coordinates": [
          136.733328,
          35.079723
        ]
      },
      "properties": {
        "municipality_code": "24303",
        "city_name": "桑名郡木曽岬町",
        "town_name": "大字小林",
        "full_address": "桑名郡木曽岬町 大字小林",
        "postal_code": "4980805",
        "source": "kuwanagun.zip"
      }
    },
    {
      "type": "Feature",
      "geometry": {
        "type": "Point",
        "coordinates": [
          136.739064,
          35.070323
        ]
      },
      "properties": {
        "municipality_code": "24303",
        "city_name": "桑名郡木曽岬町",
        "town_name": "大字栄",
        "full_address": "桑名郡木曽岬町 大字栄",
        "postal_code": "4980811",
        "source": "kuwanagun.zip"
      }
    },
    {
      "type": "Feature",
      "geometry": {
        "type": "Point",
        "coordinates": [
          136.733414,
          35.094416
        ]
      },
      "properties": {
        "municipality_code": "24303",
        "city_name": "桑名郡木曽岬町",
        "town_name": "大字新加路戸",
        "full_address": "桑名郡木曽岬町 大字新加路戸",
        "postal_code": "4980821",
        "source": "kuwanagun.zip"
      }
    },
    {
      "type": "Feature",
      "geometry": {
        "type": "Point",
        "coordinates": [
          136.729663,
          35.086484
        ]
      },
      "properties": {
        "municipality_code": "24303",
        "city_name": "桑名郡木曽岬町",
        "town_name": "大字外平喜",
        "full_address": "桑名郡木曽岬町 大字外平喜",
        "postal_code": "4980806",
        "source": "kuwanagun.zip"
      }
    },
    {
      "type": "Feature",
      "geometry": {
        "type": "Point",
        "coordinates": [
          136.728418,
          35.072094
        ]
      },
      "properties": {
        "municipality_code": "24303",
        "city_name": "桑名郡木曽岬町",
        "town_name": "大字田代",
        "full_address": "桑名郡木曽岬町 大字田代",
        "postal_code": "4980819",
        "source": "kuwanagun.zip"
      }
    },
    {
      "type": "Feature",
      "geometry": {
        "type": "Point",
        "coordinates": [
          136.749058,
          35.072043
        ]
      },
      "properties": {
        "municipality_code": "24303",
        "city_name": "桑名郡木曽岬町",
        "town_name": "大字富田子",
        "full_address": "桑名郡木曽岬町 大字富田子",
        "postal_code": "4980813",
        "source": "kuwanagun.zip"
      }
    },
    {
      "type": "Feature",
      "geometry": {
        "type": "Point",
        "coordinates": [
          136.744845,
          35.073115
        ]
      },
      "properties": {
        "municipality_code": "24303",
        "city_name": "桑名郡木曽岬町",
        "town_name": "大字中和泉",
        "full_address": "桑名郡木曽岬町 大字中和泉",
        "postal_code": "4980812",
        "source": "kuwanagun.zip"
      }
    },
    {
      "type": "Feature",
      "geometry": {
        "type": "Point",
        "coordinates": [
          136.729521,
          35.078349
        ]
      },
      "properties": {
        "municipality_code": "24303",
        "city_name": "桑名郡木曽岬町",
        "town_name": "大字西対海地",
        "full_address": "桑名郡木曽岬町 大字西対海地",
        "postal_code": "4980807",
        "source": "kuwanagun.zip"
      }
    },
    {
      "type": "Feature",
      "geometry": {
        "type": "Point",
        "coordinates": [
          136.743466,
          35.06282
        ]
      },
      "properties": {
        "municipality_code": "24303",
        "city_name": "桑名郡木曽岬町",
        "town_name": "大字白鷺",
        "full_address": "桑名郡木曽岬町 大字白鷺",
        "postal_code": "4980815",
        "source": "kuwanagun.zip"
      }
    },
    {
      "type": "Feature",
      "geometry": {
        "type": "Point",
        "coordinates": [
          136.737536,
          35.063919
        ]
      },
      "properties": {
        "municipality_code": "24303",
        "city_name": "桑名郡木曽岬町",
        "town_name": "大字松永",
        "full_address": "桑名郡木曽岬町 大字松永",
        "postal_code": "4980817",
        "source": "kuwanagun.zip"
      }
    },
    {
      "type": "Feature",
      "geometry": {
        "type": "Point",
        "coordinates": [
          136.742445,
          35.064799
        ]
      },
      "properties": {
        "municipality_code": "24303",
        "city_name": "桑名郡木曽岬町",
        "town_name": "大字三崎",
        "full_address": "桑名郡木曽岬町 大字三崎",
        "postal_code": "4980814",
        "source": "kuwanagun.zip"
      }
    },
    {
      "type": "Feature",
      "geometry": {
        "type": "Point",
        "coordinates": [
          136.750562,
          35.046414
        ]
      },
      "properties": {
        "municipality_code": "24303",
        "city_name": "桑名郡木曽岬町",
        "town_name": "新輪一丁目",
        "full_address": "桑名郡木曽岬町 新輪一丁目",
        "postal_code": "4980824",
        "source": "kuwanagun.zip"
      }
    },
    {
      "type": "Feature",
      "geometry": {
        "type": "Point",
        "coordinates": [
          136.763386,
          35.027568
        ]
      },
      "properties": {
        "municipality_code": "24303",
        "city_name": "桑名郡木曽岬町",
        "town_name": "新輪二丁目",
        "full_address": "桑名郡木曽岬町 新輪二丁目",
        "postal_code": "4980824",
        "source": "kuwanagun.zip"
      }
    },
    {
      "type": "Feature",
      "geometry": {
        "type": "Point",
        "coordinates": [
          136.603252,
          35.081892
        ]
      },
      "properties": {
        "municipality_code": "24324",
        "city_name": "員弁郡東員町",
        "town_name": "大字穴太",
        "full_address": "員弁郡東員町 大字穴太",
        "postal_code": "5110243",
        "source": "inabegun.zip"
      }
    },
    {
      "type": "Feature",
      "geometry": {
        "type": "Point",
        "coordinates": [
          136.58597,
          35.103962
        ]
      },
      "properties": {
        "municipality_code": "24324",
        "city_name": "員弁郡東員町",
        "town_name": "大字大木",
        "full_address": "員弁郡東員町 大字大木",
        "postal_code": "5110244",
        "source": "inabegun.zip"
      }
    },
    {
      "type": "Feature",
      "geometry": {
        "type": "Point",
        "coordinates": [
          136.577121,
          35.075109
        ]
      },
      "properties": {
        "municipality_code": "24324",
        "city_name": "員弁郡東員町",
        "town_name": "大字北大社",
        "full_address": "員弁郡東員町 大字北大社",
        "postal_code": "5110257",
        "source": "inabegun.zip"
      }
    },
    {
      "type": "Feature",
      "geometry": {
        "type": "Point",
        "coordinates": [
          136.596293,
          35.067206
        ]
      },
      "properties": {
        "municipality_code": "24324",
        "city_name": "員弁郡東員町",
        "town_name": "大字瀬古泉",
        "full_address": "員弁郡東員町 大字瀬古泉",
        "postal_code": "5110252",
        "source": "inabegun.zip"
      }
    },
    {
      "type": "Feature",
      "geometry": {
        "type": "Point",
        "coordinates": [
          136.60751,
          35.065784
        ]
      },
      "properties": {
        "municipality_code": "24324",
        "city_name": "員弁郡東員町",
        "town_name": "大字筑紫",
        "full_address": "員弁郡東員町 大字筑紫",
        "postal_code": "5110253",
        "source": "inabegun.zip"
      }
    },
    {
      "type": "Feature",
      "geometry": {
        "type": "Point",
        "coordinates": [
          136.588129,
          35.091658
        ]
      },
      "properties": {
        "municipality_code": "24324",
        "city_name": "員弁郡東員町",
        "town_name": "大字鳥取",
        "full_address": "員弁郡東員町 大字鳥取",
        "postal_code": "5110241",
        "source": "inabegun.zip"
      }
    },
    {
      "type": "Feature",
      "geometry": {
        "type": "Point",
        "coordinates": [
          136.597147,
          35.057238
        ]
      },
      "properties": {
        "municipality_code": "24324",
        "city_name": "員弁郡東員町",
        "town_name": "大字中上",
        "full_address": "員弁郡東員町 大字中上",
        "postal_code": "5110254",
        "source": "inabegun.zip"
      }
    },
    {
      "type": "Feature",
      "geometry": {
        "type": "Point",
        "coordinates": [
          136.578508,
          35.059309
        ]
      },
      "properties": {
        "municipality_code": "24324",
        "city_name": "員弁郡東員町",
        "town_name": "大字長深",
        "full_address": "員弁郡東員町 大字長深",
        "postal_code": "5110255",
        "source": "inabegun.zip"
      }
    },
    {
      "type": "Feature",
      "geometry": {
        "type": "Point",
        "coordinates": [
          136.579313,
          35.093465
        ]
      },
      "properties": {
        "municipality_code": "24324",
        "city_name": "員弁郡東員町",
        "town_name": "大字八幡新田",
        "full_address": "員弁郡東員町 大字八幡新田",
        "postal_code": "5110245",
        "source": "inabegun.zip"
      }
    },
    {
      "type": "Feature",
      "geometry": {
        "type": "Point",
        "coordinates": [
          136.568788,
          35.072282
        ]
      },
      "properties": {
        "municipality_code": "24324",
        "city_name": "員弁郡東員町",
        "town_name": "大字南大社",
        "full_address": "員弁郡東員町 大字南大社",
        "postal_code": "5110256",
        "source": "inabegun.zip"
      }
    },
    {
      "type": "Feature",
      "geometry": {
        "type": "Point",
        "coordinates": [
          136.585917,
          35.073624
        ]
      },
      "properties": {
        "municipality_code": "24324",
        "city_name": "員弁郡東員町",
        "town_name": "大字山田",
        "full_address": "員弁郡東員町 大字山田",
        "postal_code": "5110251",
        "source": "inabegun.zip"
      }
    },
    {
      "type": "Feature",
      "geometry": {
        "type": "Point",
        "coordinates": [
          136.59637,
          35.082292
        ]
      },
      "properties": {
        "municipality_code": "24324",
        "city_name": "員弁郡東員町",
        "town_name": "大字六把野新田",
        "full_address": "員弁郡東員町 大字六把野新田",
        "postal_code": "5110242",
        "source": "inabegun.zip"
      }
    },
    {
      "type": "Feature",
      "geometry": {
        "type": "Point",
        "coordinates": [
          136.592742,
          35.096546
        ]
      },
      "properties": {
        "municipality_code": "24324",
        "city_name": "員弁郡東員町",
        "town_name": "笹尾西一丁目",
        "full_address": "員弁郡東員町 笹尾西一丁目",
        "postal_code": "5110231",
        "source": "inabegun.zip"
      }
    },
    {
      "type": "Feature",
      "geometry": {
        "type": "Point",
        "coordinates": [
          136.59375,
          35.100521
        ]
      },
      "properties": {
        "municipality_code": "24324",
        "city_name": "員弁郡東員町",
        "town_name": "笹尾西二丁目",
        "full_address": "員弁郡東員町 笹尾西二丁目",
        "postal_code": "5110231",
        "source": "inabegun.zip"
      }
    },
    {
      "type": "Feature",
      "geometry": {
        "type": "Point",
        "coordinates": [
          136.59549,
          35.103969
        ]
      },
      "properties": {
        "municipality_code": "24324",
        "city_name": "員弁郡東員町",
        "town_name": "笹尾西三丁目",
        "full_address": "員弁郡東員町 笹尾西三丁目",
        "postal_code": "5110231",
        "source": "inabegun.zip"
      }
    },
    {
      "type": "Feature",
      "geometry": {
        "type": "Point",
        "coordinates": [
          136.599353,
          35.105911
        ]
      },
      "properties": {
        "municipality_code": "24324",
        "city_name": "員弁郡東員町",
        "town_name": "笹尾西四丁目",
        "full_address": "員弁郡東員町 笹尾西四丁目",
        "postal_code": "5110231",
        "source": "inabegun.zip"
      }
    },
    {
      "type": "Feature",
      "geometry": {
        "type": "Point",
        "coordinates": [
          136.59732,
          35.09402
        ]
      },
      "properties": {
        "municipality_code": "24324",
        "city_name": "員弁郡東員町",
        "town_name": "笹尾東一丁目",
        "full_address": "員弁郡東員町 笹尾東一丁目",
        "postal_code": "5110232",
        "source": "inabegun.zip"
      }
    },
    {
      "type": "Feature",
      "geometry": {
        "type": "Point",
        "coordinates": [
          136.598481,
          35.097009
        ]
      },
      "properties": {
        "municipality_code": "24324",
        "city_name": "員弁郡東員町",
        "town_name": "笹尾東二丁目",
        "full_address": "員弁郡東員町 笹尾東二丁目",
        "postal_code": "5110232",
        "source": "inabegun.zip"
      }
    },
    {
      "type": "Feature",
      "geometry": {
        "type": "Point",
        "coordinates": [
          136.599538,
          35.100129
        ]
      },
      "properties": {
        "municipality_code": "24324",
        "city_name": "員弁郡東員町",
        "town_name": "笹尾東三丁目",
        "full_address": "員弁郡東員町 笹尾東三丁目",
        "postal_code": "5110232",
        "source": "inabegun.zip"
      }
    },
    {
      "type": "Feature",
      "geometry": {
        "type": "Point",
        "coordinates": [
          136.600724,
          35.102818
        ]
      },
      "properties": {
        "municipality_code": "24324",
        "city_name": "員弁郡東員町",
        "town_name": "笹尾東四丁目",
        "full_address": "員弁郡東員町 笹尾東四丁目",
        "postal_code": "5110232",
        "source": "inabegun.zip"
      }
    },
    {
      "type": "Feature",
      "geometry": {
        "type": "Point",
        "coordinates": [
          136.603517,
          35.091211
        ]
      },
      "properties": {
        "municipality_code": "24324",
        "city_name": "員弁郡東員町",
        "town_name": "城山一丁目",
        "full_address": "員弁郡東員町 城山一丁目",
        "postal_code": "5110233",
        "source": "inabegun.zip"
      }
    },
    {
      "type": "Feature",
      "geometry": {
        "type": "Point",
        "coordinates": [
          136.603212,
          35.097379
        ]
      },
      "properties": {
        "municipality_code": "24324",
        "city_name": "員弁郡東員町",
        "town_name": "城山二丁目",
        "full_address": "員弁郡東員町 城山二丁目",
        "postal_code": "5110233",
        "source": "inabegun.zip"
      }
    },
    {
      "type": "Feature",
      "geometry": {
        "type": "Point",
        "coordinates": [
          136.605612,
          35.095146
        ]
      },
      "properties": {
        "municipality_code": "24324",
        "city_name": "員弁郡東員町",
        "town_name": "城山三丁目",
        "full_address": "員弁郡東員町 城山三丁目",
        "postal_code": "5110233",
        "source": "inabegun.zip"
      }
    },
    {
      "type": "Feature",
      "geometry": {
        "type": "Point",
        "coordinates": [
          136.522905,
          35.033189
        ]
      },
      "properties": {
        "municipality_code": "24341",
        "city_name": "三重郡菰野町",
        "town_name": "大字池底",
        "full_address": "三重郡菰野町 大字池底",
        "postal_code": "5101221",
        "source": "miegun.komono.zip"
      }
    },
    {
      "type": "Feature",
      "geometry": {
        "type": "Point",
        "coordinates": [
          136.51666,
          35.028158
        ]
      },
      "properties": {
        "municipality_code": "24341",
        "city_name": "三重郡菰野町",
        "town_name": "大字潤田",
        "full_address": "三重郡菰野町 大字潤田",
        "postal_code": "5101253",
        "source": "miegun.komono.zip"
      }
    },
    {
      "type": "Feature",
      "geometry": {
        "type": "Point",
        "coordinates": [
          136.530668,
          35.028963
        ]
      },
      "properties": {
        "municipality_code": "24341",
        "city_name": "三重郡菰野町",
        "town_name": "大字大強原",
        "full_address": "三重郡菰野町 大字大強原",
        "postal_code": "5101222",
        "source": "miegun.komono.zip"
      }
    },
    {
      "type": "Feature",
      "geometry": {
        "type": "Point",
        "coordinates": [
          136.527287,
          35.069084
        ]
      },
      "properties": {
        "municipality_code": "24341",
        "city_name": "三重郡菰野町",
        "town_name": "大字小島",
        "full_address": "三重郡菰野町 大字小島",
        "postal_code": "5101323",
        "source": "miegun.komono.zip"
      }
    },
    {
      "type": "Feature",
      "geometry": {
        "type": "Point",
        "coordinates": [
          136.493616,
          35.026157
        ]
      },
      "properties": {
        "municipality_code": "24341",
        "city_name": "三重郡菰野町",
        "town_name": "大字音羽",
        "full_address": "三重郡菰野町 大字音羽",
        "postal_code": "5101252",
        "source": "miegun.komono.zip"
      }
    },
    {
      "type": "Feature",
      "geometry": {
        "type": "Point",
        "coordinates": [
          136.539745,
          35.004243
        ]
      },
      "properties": {
        "municipality_code": "24341",
        "city_name": "三重郡菰野町",
        "town_name": "大字神森",
        "full_address": "三重郡菰野町 大字神森",
        "postal_code": "5101231",
        "source": "miegun.komono.zip"
      }
    },
    {
      "type": "Feature",
      "geometry": {
        "type": "Point",
        "coordinates": [
          136.548688,
          35.030755
        ]
      },
      "properties": {
        "municipality_code": "24341",
        "city_name": "三重郡菰野町",
        "town_name": "大字川北",
        "full_address": "三重郡菰野町 大字川北",
        "postal_code": "5101224",
        "source": "miegun.komono.zip"
      }
    },
    {
      "type": "Feature",
      "geometry": {
        "type": "Point",
        "coordinates": [
          136.47664,
          35.073816
        ]
      },
      "properties": {
        "municipality_code": "24341",
        "city_name": "三重郡菰野町",
        "town_name": "大字切畑",
        "full_address": "三重郡菰野町 大字切畑",
        "postal_code": "5101328",
        "source": "miegun.komono.zip"
      }
    },
    {
      "type": "Feature",
      "geometry": {
        "type": "Point",
        "coordinates": [
          136.469361,
          35.008765
        ]
      },
      "properties": {
        "municipality_code": "24341",
        "city_name": "三重郡菰野町",
        "town_name": "大字菰野",
        "full_address": "三重郡菰野町 大字菰野",
        "postal_code": "5101233",
        "source": "miegun.komono.zip"
      }
    },
    {
      "type": "Feature",
      "geometry": {
        "type": "Point",
        "coordinates": [
          136.504861,
          35.053712
        ]
      },
      "properties": {
        "municipality_code": "24341",
        "city_name": "三重郡菰野町",
        "town_name": "大字榊",
        "full_address": "三重郡菰野町 大字榊",
        "postal_code": "5101325",
        "source": "miegun.komono.zip"
      }
    },
    {
      "type": "Feature",
      "geometry": {
        "type": "Point",
        "coordinates": [
          136.543774,
          35.020682
        ]
      },
      "properties": {
        "municipality_code": "24341",
        "city_name": "三重郡菰野町",
        "town_name": "大字下村",
        "full_address": "三重郡菰野町 大字下村",
        "postal_code": "5101225",
        "source": "miegun.komono.zip"
      }
    },
    {
      "type": "Feature",
      "geometry": {
        "type": "Point",
        "coordinates": [
          136.52503,
          35.003136
        ]
      },
      "properties": {
        "municipality_code": "24341",
        "city_name": "三重郡菰野町",
        "town_name": "大字宿野",
        "full_address": "三重郡菰野町 大字宿野",
        "postal_code": "5101232",
        "source": "miegun.komono.zip"
      }
    },
    {
      "type": "Feature",
      "geometry": {
        "type": "Point",
        "coordinates": [
          136.496896,
          35.058858
        ]
      },
      "properties": {
        "municipality_code": "24341",
        "city_name": "三重郡菰野町",
        "town_name": "大字杉谷",
        "full_address": "三重郡菰野町 大字杉谷",
        "postal_code": "5101326",
        "source": "miegun.komono.zip"
      }
    },
    {
      "type": "Feature",
      "geometry": {
        "type": "Point",
        "coordinates": [
          136.538034,
          35.032517
        ]
      },
      "properties": {
        "municipality_code": "24341",
        "city_name": "三重郡菰野町",
        "town_name": "大字諏訪",
        "full_address": "三重郡菰野町 大字諏訪",
        "postal_code": "5101223",
        "source": "miegun.komono.zip"
      }
    },
    {
      "type": "Feature",
      "geometry": {
        "type": "Point",
        "coordinates": [
          136.486245,
          35.083646
        ]
      },
      "properties": {
        "municipality_code": "24341",
        "city_name": "三重郡菰野町",
        "town_name": "大字田口",
        "full_address": "三重郡菰野町 大字田口",
        "postal_code": "5101321",
        "source": "miegun.komono.zip"
      }
    },
    {
      "type": "Feature",
      "geometry": {
        "type": "Point",
        "coordinates": [
          136.519073,
          35.083559
        ]
      },
      "properties": {
        "municipality_code": "24341",
        "city_name": "三重郡菰野町",
        "town_name": "大字田口新田",
        "full_address": "三重郡菰野町 大字田口新田",
        "postal_code": "5101322",
        "source": "miegun.komono.zip"
      }
    },
    {
      "type": "Feature",
      "geometry": {
        "type": "Point",
        "coordinates": [
          136.514606,
          35.047501
        ]
      },
      "properties": {
        "municipality_code": "24341",
        "city_name": "三重郡菰野町",
        "town_name": "大字竹成",
        "full_address": "三重郡菰野町 大字竹成",
        "postal_code": "5101312",
        "source": "miegun.komono.zip"
      }
    },
    {
      "type": "Feature",
      "geometry": {
        "type": "Point",
        "coordinates": [
          136.499386,
          35.074415
        ]
      },
      "properties": {
        "municipality_code": "24341",
        "city_name": "三重郡菰野町",
        "town_name": "大字田光",
        "full_address": "三重郡菰野町 大字田光",
        "postal_code": "5101324",
        "source": "miegun.komono.zip"
      }
    },
    {
      "type": "Feature",
      "geometry": {
        "type": "Point",
        "coordinates": [
          136.465665,
          35.038931
        ]
      },
      "properties": {
        "municipality_code": "24341",
        "city_name": "三重郡菰野町",
        "town_name": "大字千草",
        "full_address": "三重郡菰野町 大字千草",
        "postal_code": "5101251",
        "source": "miegun.komono.zip"
      }
    },
    {
      "type": "Feature",
      "geometry": {
        "type": "Point",
        "coordinates": [
          136.530574,
          35.051455
        ]
      },
      "properties": {
        "municipality_code": "24341",
        "city_name": "三重郡菰野町",
        "town_name": "大字永井",
        "full_address": "三重郡菰野町 大字永井",
        "postal_code": "5101311",
        "source": "miegun.komono.zip"
      }
    },
    {
      "type": "Feature",
      "geometry": {
        "type": "Point",
        "coordinates": [
          136.483023,
          35.058843
        ]
      },
      "properties": {
        "municipality_code": "24341",
        "city_name": "三重郡菰野町",
        "town_name": "大字根の平",
        "full_address": "三重郡菰野町 大字根の平",
        "postal_code": "5101327",
        "source": "miegun.komono.zip"
      }
    },
    {
      "type": "Feature",
      "geometry": {
        "type": "Point",
        "coordinates": [
          136.523633,
          35.01245
        ]
      },
      "properties": {
        "municipality_code": "24341",
        "city_name": "三重郡菰野町",
        "town_name": "大字福村",
        "full_address": "三重郡菰野町 大字福村",
        "postal_code": "5101234",
        "source": "miegun.komono.zip"
      }
    },
    {
      "type": "Feature",
      "geometry": {
        "type": "Point",
        "coordinates": [
          136.5285,
          35.016125
        ]
      },
      "properties": {
        "municipality_code": "24341",
        "city_name": "三重郡菰野町",
        "town_name": "大字吉澤",
        "full_address": "三重郡菰野町 大字吉澤",
        "postal_code": "5101226",
        "source": "miegun.komono.zip"
      }
    },
    {
      "type": "Feature",
      "geometry": {
        "type": "Point",
        "coordinates": [
          136.48873,
          35.014907
        ]
      },
      "properties": {
        "municipality_code": "24341",
        "city_name": "三重郡菰野町",
        "town_name": "大羽根園青葉町",
        "full_address": "三重郡菰野町 大羽根園青葉町",
        "postal_code": "5101246",
        "source": "miegun.komono.zip"
      }
    },
    {
      "type": "Feature",
      "geometry": {
        "type": "Point",
        "coordinates": [
          136.496492,
          35.014777
        ]
      },
      "properties": {
        "municipality_code": "24341",
        "city_name": "三重郡菰野町",
        "town_name": "大羽根園呉竹町",
        "full_address": "三重郡菰野町 大羽根園呉竹町",
        "postal_code": "5101243",
        "source": "miegun.komono.zip"
      }
    },
    {
      "type": "Feature",
      "geometry": {
        "type": "Point",
        "coordinates": [
          136.498295,
          35.016595
        ]
      },
      "properties": {
        "municipality_code": "24341",
        "city_name": "三重郡菰野町",
        "town_name": "大羽根園柴垣町",
        "full_address": "三重郡菰野町 大羽根園柴垣町",
        "postal_code": "5101242",
        "source": "miegun.komono.zip"
      }
    },
    {
      "type": "Feature",
      "geometry": {
        "type": "Point",
        "coordinates": [
          136.49374,
          35.017576
        ]
      },
      "properties": {
        "municipality_code": "24341",
        "city_name": "三重郡菰野町",
        "town_name": "大羽根園新林町",
        "full_address": "三重郡菰野町 大羽根園新林町",
        "postal_code": "5101241",
        "source": "miegun.komono.zip"
      }
    },
    {
      "type": "Feature",
      "geometry": {
        "type": "Point",
        "coordinates": [
          136.494249,
          35.015749
        ]
      },
      "properties": {
        "municipality_code": "24341",
        "city_name": "三重郡菰野町",
        "town_name": "大羽根園並木通り",
        "full_address": "三重郡菰野町 大羽根園並木通り",
        "postal_code": "5101244",
        "source": "miegun.komono.zip"
      }
    },
    {
      "type": "Feature",
      "geometry": {
        "type": "Point",
        "coordinates": [
          136.491397,
          35.014151
        ]
      },
      "properties": {
        "municipality_code": "24341",
        "city_name": "三重郡菰野町",
        "town_name": "大羽根園松ケ枝町",
        "full_address": "三重郡菰野町 大羽根園松ケ枝町",
        "postal_code": "5101245",
        "source": "miegun.komono.zip"
      }
    },
    {
      "type": "Feature",
      "geometry": {
        "type": "Point",
        "coordinates": [
          136.502286,
          35.011594
        ]
      },
      "properties": {
        "municipality_code": "24341",
        "city_name": "三重郡菰野町",
        "town_name": "初若の郷",
        "full_address": "三重郡菰野町 初若の郷",
        "postal_code": "5101236",
        "source": "miegun.komono.zip"
      }
    },
    {
      "type": "Feature",
      "geometry": {
        "type": "Point",
        "coordinates": [
          136.512749,
          35.013866
        ]
      },
      "properties": {
        "municipality_code": "24341",
        "city_name": "三重郡菰野町",
        "town_name": "宝永台",
        "full_address": "三重郡菰野町 宝永台",
        "postal_code": "5101235",
        "source": "miegun.komono.zip"
      }
    },
    {
      "type": "Feature",
      "geometry": {
        "type": "Point",
        "coordinates": [
          136.645787,
          35.035443
        ]
      },
      "properties": {
        "municipality_code": "24343",
        "city_name": "三重郡朝日町",
        "town_name": "大字埋縄",
        "full_address": "三重郡朝日町 大字埋縄",
        "postal_code": "5108104",
        "source": "miegun.asahi.zip"
      }
    },
    {
      "type": "Feature",
      "geometry": {
        "type": "Point",
        "coordinates": [
          136.668153,
          35.034806
        ]
      },
      "properties": {
        "municipality_code": "24343",
        "city_name": "三重郡朝日町",
        "town_name": "大字小向",
        "full_address": "三重郡朝日町 大字小向",
        "postal_code": "5108102",
        "source": "miegun.asahi.zip"
      }
    },
    {
      "type": "Feature",
      "geometry": {
        "type": "Point",
        "coordinates": [
          136.657153,
          35.033941
        ]
      },
      "properties": {
        "municipality_code": "24343",
        "city_name": "三重郡朝日町",
        "town_name": "大字柿",
        "full_address": "三重郡朝日町 大字柿",
        "postal_code": "5108103",
        "source": "miegun.asahi.zip"
      }
    },
    {
      "type": "Feature",
      "geometry": {
        "type": "Point",
        "coordinates": [
          136.675224,
          35.039087
        ]
      },
      "properties": {
        "municipality_code": "24343",
        "city_name": "三重郡朝日町",
        "town_name": "大字縄生",
        "full_address": "三重郡朝日町 大字縄生",
        "postal_code": "5108101",
        "source": "miegun.asahi.zip"
      }
    },
    {
      "type": "Feature",
      "geometry": {
        "type": "Point",
        "coordinates": [
          136.656085,
          35.038714
        ]
      },
      "properties": {
        "municipality_code": "24343",
        "city_name": "三重郡朝日町",
        "town_name": "向陽台一丁目",
        "full_address": "三重郡朝日町 向陽台一丁目",
        "postal_code": "5108105",
        "source": "miegun.asahi.zip"
      }
    },
    {
      "type": "Feature",
      "geometry": {
        "type": "Point",
        "coordinates": [
          136.654657,
          35.037106
        ]
      },
      "properties": {
        "municipality_code": "24343",
        "city_name": "三重郡朝日町",
        "town_name": "向陽台二丁目",
        "full_address": "三重郡朝日町 向陽台二丁目",
        "postal_code": "5108105",
        "source": "miegun.asahi.zip"
      }
    },
    {
      "type": "Feature",
      "geometry": {
        "type": "Point",
        "coordinates": [
          136.656368,
          35.035356
        ]
      },
      "properties": {
        "municipality_code": "24343",
        "city_name": "三重郡朝日町",
        "town_name": "向陽台三丁目",
        "full_address": "三重郡朝日町 向陽台三丁目",
        "postal_code": "5108105",
        "source": "miegun.asahi.zip"
      }
    },
    {
      "type": "Feature",
      "geometry": {
        "type": "Point",
        "coordinates": [
          136.657029,
          35.041148
        ]
      },
      "properties": {
        "municipality_code": "24343",
        "city_name": "三重郡朝日町",
        "town_name": "白梅の丘西一丁目",
        "full_address": "三重郡朝日町 白梅の丘西一丁目",
        "postal_code": "5108107",
        "source": "miegun.asahi.zip"
      }
    },
    {
      "type": "Feature",
      "geometry": {
        "type": "Point",
        "coordinates": [
          136.65861,
          35.039611
        ]
      },
      "properties": {
        "municipality_code": "24343",
        "city_name": "三重郡朝日町",
        "town_name": "白梅の丘西二丁目",
        "full_address": "三重郡朝日町 白梅の丘西二丁目",
        "postal_code": "5108107",
        "source": "miegun.asahi.zip"
      }
    },
    {
      "type": "Feature",
      "geometry": {
        "type": "Point",
        "coordinates": [
          136.662722,
          35.040615
        ]
      },
      "properties": {
        "municipality_code": "24343",
        "city_name": "三重郡朝日町",
        "town_name": "白梅の丘東一丁目",
        "full_address": "三重郡朝日町 白梅の丘東一丁目",
        "postal_code": "5108106",
        "source": "miegun.asahi.zip"
      }
    },
    {
      "type": "Feature",
      "geometry": {
        "type": "Point",
        "coordinates": [
          136.660223,
          35.038292
        ]
      },
      "properties": {
        "municipality_code": "24343",
        "city_name": "三重郡朝日町",
        "town_name": "白梅の丘東二丁目",
        "full_address": "三重郡朝日町 白梅の丘東二丁目",
        "postal_code": "5108106",
        "source": "miegun.asahi.zip"
      }
    },
    {
      "type": "Feature",
      "geometry": {
        "type": "Point",
        "coordinates": [
          136.692969,
          35.028618
        ]
      },
      "properties": {
        "municipality_code": "24344",
        "city_name": "三重郡川越町",
        "town_name": "大字亀尾新田",
        "full_address": "三重郡川越町 大字亀尾新田",
        "postal_code": "5108113",
        "source": "miegun.kawagoe.zip"
      }
    },
    {
      "type": "Feature",
      "geometry": {
        "type": "Point",
        "coordinates": [
          136.69152,
          35.015756
        ]
      },
      "properties": {
        "municipality_code": "24344",
        "city_name": "三重郡川越町",
        "town_name": "大字亀崎新田",
        "full_address": "三重郡川越町 大字亀崎新田",
        "postal_code": "5108114",
        "source": "miegun.kawagoe.zip"
      }
    },
    {
      "type": "Feature",
      "geometry": {
        "type": "Point",
        "coordinates": [
          136.6897,
          35.029413
        ]
      },
      "properties": {
        "municipality_code": "24344",
        "city_name": "三重郡川越町",
        "town_name": "大字亀須新田",
        "full_address": "三重郡川越町 大字亀須新田",
        "postal_code": "5108112",
        "source": "miegun.kawagoe.zip"
      }
    },
    {
      "type": "Feature",
      "geometry": {
        "type": "Point",
        "coordinates": [
          136.677625,
          35.028868
        ]
      },
      "properties": {
        "municipality_code": "24344",
        "city_name": "三重郡川越町",
        "town_name": "大字北福崎",
        "full_address": "三重郡川越町 大字北福崎",
        "postal_code": "5108125",
        "source": "miegun.kawagoe.zip"
      }
    },
    {
      "type": "Feature",
      "geometry": {
        "type": "Point",
        "coordinates": [
          136.675512,
          35.015206
        ]
      },
      "properties": {
        "municipality_code": "24344",
        "city_name": "三重郡川越町",
        "town_name": "大字高松",
        "full_address": "三重郡川越町 大字高松",
        "postal_code": "5108121",
        "source": "miegun.kawagoe.zip"
      }
    },
    {
      "type": "Feature",
      "geometry": {
        "type": "Point",
        "coordinates": [
          136.681044,
          35.031949
        ]
      },
      "properties": {
        "municipality_code": "24344",
        "city_name": "三重郡川越町",
        "town_name": "大字当新田",
        "full_address": "三重郡川越町 大字当新田",
        "postal_code": "5108111",
        "source": "miegun.kawagoe.zip"
      }
    },
    {
      "type": "Feature",
      "geometry": {
        "type": "Point",
        "coordinates": [
          136.661191,
          35.02095
        ]
      },
      "properties": {
        "municipality_code": "24344",
        "city_name": "三重郡川越町",
        "town_name": "大字豊田",
        "full_address": "三重郡川越町 大字豊田",
        "postal_code": "5108122",
        "source": "miegun.kawagoe.zip"
      }
    },
    {
      "type": "Feature",
      "geometry": {
        "type": "Point",
        "coordinates": [
          136.671095,
          35.024138
        ]
      },
      "properties": {
        "municipality_code": "24344",
        "city_name": "三重郡川越町",
        "town_name": "大字豊田一色",
        "full_address": "三重郡川越町 大字豊田一色",
        "postal_code": "5108123",
        "source": "miegun.kawagoe.zip"
      }
    },
    {
      "type": "Feature",
      "geometry": {
        "type": "Point",
        "coordinates": [
          136.678621,
          35.034731
        ]
      },
      "properties": {
        "municipality_code": "24344",
        "city_name": "三重郡川越町",
        "town_name": "大字縄生",
        "full_address": "三重郡川越町 大字縄生",
        "postal_code": "",
        "source": "miegun.kawagoe.zip"
      }
    },
    {
      "type": "Feature",
      "geometry": {
        "type": "Point",
        "coordinates": [
          136.679139,
          35.021088
        ]
      },
      "properties": {
        "municipality_code": "24344",
        "city_name": "三重郡川越町",
        "town_name": "大字南福崎",
        "full_address": "三重郡川越町 大字南福崎",
        "postal_code": "5108124",
        "source": "miegun.kawagoe.zip"
      }
    }
  ]
}