area_id,district_id,prefecture,city,town,postal_code,municipality_code,source,generated_at,version,status,hash,latitude,longitude,coordinate_source,coordinate_accuracy,spatial_status
MIE03-000001,MIE-03,三重県,四日市市（一部）,羽津1丁目 第2区画,5100012,24202,POSTAL+ADMIN,2026-07-25,v1,FROZEN,902035a4ef543661f8e0da21f99906d5460be420f2d3422655f9746dce1a0b64,34.99144,136.63514,TOWN_CENTROID,B,VERIFIED
MIE03-000002,MIE-03,三重県,四日市市（一部）,羽津2丁目 第2区画,5100012,24202,POSTAL+ADMIN,2026-07-25,v1,FROZEN,5ccb4cf5ae41661fefc73e231ee7c73881a081108068c8bd404c0f5cf7b5f0ea,34.99944,136.6358,OAZA_CENTROID,C,VERIFIED
MIE03-000003,MIE-03,三重県,四日市市（一部）,羽津1丁目 第3区画,5100012,24202,POSTAL+ADMIN,2026-07-25,v1,FROZEN,741153f14309638887fe8d5d8225c83d0766be204f61dcb7ee53864ce627d796,34.99936,136.63628,OAZA_CENTROID,C,VERIFIED
MIE03-000004,MIE-03,三重県,四日市市（一部）,羽津2丁目 第3区画,5100012,24202,POSTAL+ADMIN,2026-07-25,v1,FROZEN,73583358deed19132e50d93433143e382690f73fda6f019401b9a0c10cbaff4a,34.99872,136.63554,MUNICIPALITY_CENTER,D,VERIFIED
MIE03-000005,MIE-03,三重県,四日市市（一部）,羽津1丁目 第4区画,5100012,24202,POSTAL+ADMIN,2026-07-25,v1,FROZEN,0604771a32b26a32f0d0f48c7cb97059befe130a369abe126c3c2a1a1f0370c7,34.99872,136.635,OAZA_CENTROID,C,VERIFIED
MIE03-000006,MIE-03,三重県,四日市市（一部）,羽津2丁目 第4区画,5100012,24202,POSTAL+ADMIN,2026-07-25,v1,FROZEN,b7486a5ce17c104fb46c8b9becd906454d41d7370952a34044da09d802ebd853,34.99064,136.64216,TOWN_CENTROID,B,VERIFIED
MIE03-000007,MIE-03,三重県,四日市市（一部）,羽津1丁目 第5区画,5100012,24202,POSTAL+ADMIN,2026-07-25,v1,FROZEN,6ea27659c3b93c070d8ff0321585318c62049b1be071b19aa208408bdc89d6ba,34.99024,136.64414,TOWN_CENTROID,B,VERIFIED
MIE03-000008,MIE-03,三重県,四日市市（一部）,羽津2丁目 第5区画,5100012,24202,POSTAL+ADMIN,2026-07-25,v1,FROZEN,18151144aea1a3a17971e20b32a9a2e73692b8dfaa08fb7cc8e1e3e46a867867,34.9992,136.63628,OAZA_CENTROID,C,VERIFIED
MIE03-000009,MIE-03,三重県,四日市市（一部）,羽津1丁目 第6区画,5100012,24202,POSTAL+ADMIN,2026-07-25,v1,FROZEN,0a4da5f5132a531e48377df1bce5cca3f992b8e2580552eea434d2930be6b5da,34.99008,136.64762,TOWN_CENTROID,B,VERIFIED
MIE03-000010,MIE-03,三重県,四日市市（一部）,羽津2丁目 第6区画,5100012,24202,POSTAL+ADMIN,2026-07-25,v1,FROZEN,abf4328bfc1a7a93db0448f367e4151ec4ea9eba5b60ab06b956c9530fb7c780,34.99104,136.64992,TOWN_CENTROID,B,VERIFIED
MIE03-000011,MIE-03,三重県,四日市市（一部）,羽津1丁目 第7区画,5100012,24202,POSTAL+ADMIN,2026-07-25,v1,FROZEN,e813155fb540914847af1ceeb880955e5193f1002693aabc15cb4cfe07de87b0,34.99112,136.65214,TOWN_CENTROID,B,VERIFIED
MIE03-000012,MIE-03,三重県,四日市市（一部）,羽津2丁目 第7区画,5100012,24202,POSTAL+ADMIN,2026-07-25,v1,FROZEN,265b0895c32e4da92b17174da9b887bbeb38ccd85d059742157fcd42178a1d44,34.99,136.65332,TOWN_CENTROID,B,VERIFIED
MIE03-000013,MIE-03,三重県,四日市市（一部）,羽津1丁目 第8区画,5100012,24202,POSTAL+ADMIN,2026-07-25,v1,FROZEN,15fad5d02ac63b824cb972bd863e24dbf7f672c630d7bfb27741f54e357e83ea,34.99072,136.6541,TOWN_CENTROID,B,VERIFIED
MIE03-000014,MIE-03,三重県,四日市市（一部）,羽津2丁目 第8区画,5100012,24202,POSTAL+ADMIN,2026-07-25,v1,FROZEN,34640a4caa29c7825f9561d954971d260fa0c5d6409bb0ed516ea2dfd3a56e23,34.9904,136.6556,TOWN_CENTROID,B,VERIFIED
MIE03-000015,MIE-03,三重県,四日市市（一部）,羽津1丁目 第9区画,5100012,24202,POSTAL+ADMIN,2026-07-25,v1,FROZEN,05958359c1b62b4d65f95ec21bca0629aa68791ea183813709ae635669e6d30a,34.99976,136.6358,OAZA_CENTROID,C,VERIFIED
MIE03-000016,MIE-03,三重県,四日市市（一部）,羽津2丁目 第9区画,5100012,24202,POSTAL+ADMIN,2026-07-25,v1,FROZEN,729dd7f1e915e6033aff3077cb24b953c1475645e327b1ec9ef1b36af604eebd,34.99856,136.63498,MUNICIPALITY_CENTER,D,FAIL_CEO_REVIEW_REQUIRED
MIE03-000017,MIE-03,三重県,四日市市（一部）,羽津1丁目 第10区画,5100012,24202,POSTAL+ADMIN,2026-07-25,v1,FROZEN,5518d91d4f765657c3b2a58bdebb4953d7846295f7d2a486a5d16fb7408de2e9,34.99064,136.66114,TOWN_CENTROID,B,VERIFIED
MIE03-000018,MIE-03,三重県,四日市市（一部）,羽津2丁目 第10区画,5100012,24202,POSTAL+ADMIN,2026-07-25,v1,FROZEN,e592dff93ba20a00e48dabe61fb65bdfd1923acb3a1c1e6b3c593247c2de8de9,34.998,136.63596,OAZA_CENTROID,C,VERIFIED
MIE03-000019,MIE-03,三重県,四日市市（一部）,羽津1丁目 第11区画,5100012,24202,POSTAL+ADMIN,2026-07-25,v1,FROZEN,38389271010344eb60f0834335e8dfcf4698aa747fc0af88216806bcecd4287c,34.99928,136.63578,MUNICIPALITY_CENTER,D,VERIFIED
MIE03-000020,MIE-03,三重県,四日市市（一部）,羽津2丁目 第11区画,5100012,24202,POSTAL+ADMIN,2026-07-25,v1,FROZEN,d73ad67f8d6a63aeabd2b333dfda6729f896cfc8c5a07d678e77fe92abb7cf9a,34.99182,136.6354,TOWN_CENTROID,B,VERIFIED
MIE03-000021,MIE-03,三重県,四日市市（一部）,羽津1丁目 第12区画,5100012,24202,POSTAL+ADMIN,2026-07-25,v1,FROZEN,bca3578179c814989d6eabe309b7398eb9ad837965ed06b715e8243a910c405c,34.9923,136.63666,TOWN_CENTROID,B,VERIFIED
MIE03-000022,MIE-03,三重県,四日市市（一部）,羽津2丁目 第12区画,5100012,24202,POSTAL+ADMIN,2026-07-25,v1,FROZEN,5df7f355970a39a92723a3d7aa7846eea7eac9a934c2a3d312790e201080231b,34.99808,136.63594,MUNICIPALITY_CENTER,D,VERIFIED
MIE03-000023,MIE-03,三重県,四日市市（一部）,羽津1丁目 第13区画,5100012,24202,POSTAL+ADMIN,2026-07-25,v1,FROZEN,c23f854d6b63dc882368ded6f79e415a5985400e4df81ae847942d40ce1ffd45,34.99294,136.64022,TOWN_CENTROID,B,VERIFIED
MIE03-000024,MIE-03,三重県,四日市市（一部）,羽津2丁目 第13区画,5100012,24202,POSTAL+ADMIN,2026-07-25,v1,FROZEN,ddffe38f9d1555a9b99894865f216e5fcca61d8cd902815bb436cee0e2aa225f,34.99808,136.63546,MUNICIPALITY_CENTER,D,VERIFIED
MIE03-000025,MIE-03,三重県,四日市市（一部）,羽津1丁目 第14区画,5100012,24202,POSTAL+ADMIN,2026-07-25,v1,FROZEN,0c67e004f877cef4fc58465353d87cccf22d93a4cf4149221d3cc65fb2a36011,34.99246,136.64194,TOWN_CENTROID,B,VERIFIED
MIE03-000026,MIE-03,三重県,四日市市（一部）,羽津2丁目 第14区画,5100012,24202,POSTAL+ADMIN,2026-07-25,v1,FROZEN,0d9e5ae3ff06e08aeb8b13862061bdec98fccfc4340725416e53e03de62b1f1c,34.99174,136.64264,TOWN_CENTROID,B,VERIFIED
MIE03-000027,MIE-03,三重県,四日市市（一部）,羽津1丁目 第15区画,5100012,24202,POSTAL+ADMIN,2026-07-25,v1,FROZEN,94d718647c1ebdd26c207656239674d58e3c58a095962c347c1f9dc2d8c2065a,34.99006,136.64654,TOWN_CENTROID,B,VERIFIED
MIE03-000028,MIE-03,三重県,四日市市（一部）,羽津2丁目 第15区画,5100012,24202,POSTAL+ADMIN,2026-07-25,v1,FROZEN,5024f97cc077e8de71922fd272305d8edebc9d03d63a3cb55306c127e5a029de,34.99166,136.6466,TOWN_CENTROID,B,VERIFIED
MIE03-000029,MIE-03,三重県,四日市市（一部）,羽津1丁目 第16区画,5100012,24202,POSTAL+ADMIN,2026-07-25,v1,FROZEN,7eb18743d45cfef266c24312e9083986253b961af7c6daeac141803b302d52b5,34.998,136.63594,MUNICIPALITY_CENTER,D,VERIFIED
MIE03-000030,MIE-03,三重県,四日市市（一部）,羽津2丁目 第16区画,5100012,24202,POSTAL+ADMIN,2026-07-25,v1,FROZEN,fe63945344d41891288e18b4b4f14b7e1f7e47d999576fec5e0e394bec5249f0,34.99808,136.6357,MUNICIPALITY_CENTER,D,VERIFIED
MIE03-000031,MIE-03,三重県,四日市市（一部）,羽津1丁目 第17区画,5100012,24202,POSTAL+ADMIN,2026-07-25,v1,FROZEN,1cd62002df8b1ac13c3c4b5d77f0086ccdec41e17d35bafe21be60ec9867ffc1,34.99254,136.64966,TOWN_CENTROID,B,VERIFIED
MIE03-000032,MIE-03,三重県,四日市市（一部）,羽津2丁目 第17区画,5100012,24202,POSTAL+ADMIN,2026-07-25,v1,FROZEN,9fd161cf96c0b2aa6b4f00518ec5cd0142accfdf784c39377b458b6675a3d95a,34.99222,136.65468,TOWN_CENTROID,B,VERIFIED
MIE03-000033,MIE-03,三重県,四日市市（一部）,羽津1丁目 第18区画,5100012,24202,POSTAL+ADMIN,2026-07-25,v1,FROZEN,f42fca4e672fb4e3cf890607ce5eba29842a4ad7ed13fb4f9987c30e04d9da0d,34.99238,136.65418,TOWN_CENTROID,B,VERIFIED
MIE03-000034,MIE-03,三重県,四日市市（一部）,羽津2丁目 第18区画,5100012,24202,POSTAL+ADMIN,2026-07-25,v1,FROZEN,4355e50d8e0869dfb8a69dd4f415af05d83cb716574d8b5a0092820c049cd928,34.9988,136.63554,MUNICIPALITY_CENTER,D,VERIFIED
MIE03-000035,MIE-03,三重県,四日市市（一部）,羽津1丁目 第19区画,5100012,24202,POSTAL+ADMIN,2026-07-25,v1,FROZEN,f0e2532456d4581190b06db4e7d03cbe420d3c68bc0d6304fc4c3fee76b3aff8,34.99848,136.63652,OAZA_CENTROID,C,VERIFIED
MIE03-000036,MIE-03,三重県,四日市市（一部）,羽津2丁目 第19区画,5100012,24202,POSTAL+ADMIN,2026-07-25,v1,FROZEN,155d74f0f5d8a6860eb02cd8cc8a70e8508abbdbf81fee78e9514edda4a43f6f,34.99054,136.65852,TOWN_CENTROID,B,VERIFIED
MIE03-000037,MIE-03,三重県,四日市市（一部）,羽津1丁目 第20区画,5100012,24202,POSTAL+ADMIN,2026-07-25,v1,FROZEN,36b29f9f79636a7782567c49d69afca0402e2c068c604f6ef1a0f169eb8c33e5,34.99856,136.63652,OAZA_CENTROID,C,VERIFIED
MIE03-000038,MIE-03,三重県,四日市市（一部）,羽津2丁目 第20区画,5100012,24202,POSTAL+ADMIN,2026-07-25,v1,FROZEN,03fd565106b647b3cbdb1630e24a54494ad1865a560c24a54c82dbb91b74525f,34.99238,136.66016,TOWN_CENTROID,B,VERIFIED
MIE03-000039,MIE-03,三重県,四日市市（一部）,羽津1丁目,5100012,24202,POSTAL+ADMIN,2026-07-25,v1,FROZEN,7b36886810fcc615c3fb2b02766a8a7fb28408f2ea1e9d59fffde0ebce87cea6,34.99808,136.63618,MUNICIPALITY_CENTER,D,VERIFIED
MIE03-000040,MIE-03,三重県,四日市市（一部）,羽津2丁目,5100012,24202,POSTAL+ADMIN,2026-07-25,v1,FROZEN,a02aab7a188e134ff92e114e31617eeef02afe7441a1f0c633701d03c6f2785a,35.00024,136.63586,MUNICIPALITY_CENTER,D,VERIFIED
MIE03-000041,MIE-03,三重県,四日市市（一部）,富田1丁目 第2区画,5108014,24202,POSTAL+ADMIN,2026-07-25,v1,FROZEN,315fd6a0fe94627c7f588f5c90323e4f1c9aba82ea62361d12437119da408dec,34.99992,136.63482,MUNICIPALITY_CENTER,D,FAIL_CEO_REVIEW_REQUIRED
MIE03-000042,MIE-03,三重県,四日市市（一部）,富田2丁目 第2区画,5108014,24202,POSTAL+ADMIN,2026-07-25,v1,FROZEN,19ab714d4dcb699d88d74dcb325925119f041a3d4b55fc0152c6b5e705aa227c,34.993,136.63992,TOWN_CENTROID,B,VERIFIED
MIE03-000043,MIE-03,三重県,四日市市（一部）,富田3丁目 第2区画,5108014,24202,POSTAL+ADMIN,2026-07-25,v1,FROZEN,99b6e6dff8e18ce3261b48ee732b0c6ec5aebec5c35e87a6b8b0e9b7437d959d,34.9918,136.63806,TOWN_CENTROID,B,VERIFIED
MIE03-000044,MIE-03,三重県,四日市市（一部）,富田1丁目 第3区画,5108014,24202,POSTAL+ADMIN,2026-07-25,v1,FROZEN,276340b545a3e03455be5fe1aeeccfafbdc8ae2f31c85e447970d8f018cf0796,34.99356,136.63996,TOWN_CENTROID,B,VERIFIED
MIE03-000045,MIE-03,三重県,四日市市（一部）,富田2丁目 第3区画,5108014,24202,POSTAL+ADMIN,2026-07-25,v1,FROZEN,4f0130c32e612d540a46b5e3c8bceb5b6c14ec4fbabde44ac5ba235cfb10dc95,34.99356,136.64066,TOWN_CENTROID,B,VERIFIED
MIE03-000046,MIE-03,三重県,四日市市（一部）,富田3丁目 第3区画,5108014,24202,POSTAL+ADMIN,2026-07-25,v1,FROZEN,b168dbb3076abd7d867d05d92f362efab5040c96291b55e43f4bdbe5fb4abb6c,34.99412,136.6432,TOWN_CENTROID,B,VERIFIED
MIE03-000047,MIE-03,三重県,四日市市（一部）,富田1丁目 第4区画,5108014,24202,POSTAL+ADMIN,2026-07-25,v1,FROZEN,f72f09e65a43f594c553409d9f878d548c5c91c25c2a6ea80a0db3e5f47f5ac5,34.99324,136.6439,TOWN_CENTROID,B,VERIFIED
MIE03-000048,MIE-03,三重県,四日市市（一部）,富田2丁目 第4区画,5108014,24202,POSTAL+ADMIN,2026-07-25,v1,FROZEN,a6f7b04dc8de30c4e4a3c33fee78c46863ae077e051cc4268fa4b5f4222d7cb4,34.99364,136.6462,TOWN_CENTROID,B,VERIFIED
MIE03-000049,MIE-03,三重県,四日市市（一部）,富田3丁目 第4区画,5108014,24202,POSTAL+ADMIN,2026-07-25,v1,FROZEN,ee60dcd0f75bb5bf410604344d3a51d2c6bd19de2ea8815e7638305883d24a1e,34.9906,136.64826,TOWN_CENTROID,B,VERIFIED
MIE03-000050,MIE-03,三重県,四日市市（一部）,富田1丁目 第5区画,5108014,24202,POSTAL+ADMIN,2026-07-25,v1,FROZEN,9fe2c9738f9c9606c3f990bb88c8531fe3fdb450684631887eefa128f3b217bd,34.9926,136.6516,TOWN_CENTROID,B,VERIFIED
MIE03-000051,MIE-03,三重県,四日市市（一部）,富田2丁目 第5区画,5108014,24202,POSTAL+ADMIN,2026-07-25,v1,FROZEN,fab3417a3bd0fc7272347a5f24680984b358a61d11b299b48a54a43432a68690,34.99348,136.6499,TOWN_CENTROID,B,VERIFIED
MIE03-000052,MIE-03,三重県,四日市市（一部）,富田3丁目 第5区画,5108014,24202,POSTAL+ADMIN,2026-07-25,v1,FROZEN,3ac7ebe5f64bf52378c8488f0756c5498ffdfcbd92732dd1393e13801fdfaa55,34.9934,136.65444,TOWN_CENTROID,B,VERIFIED
MIE03-000053,MIE-03,三重県,四日市市（一部）,富田1丁目 第6区画,5108014,24202,POSTAL+ADMIN,2026-07-25,v1,FROZEN,1f04333b8b28cf83f83da23fea2d28c5580e80b0d4105a5ed795ecd694650dca,34.99108,136.6545,TOWN_CENTROID,B,VERIFIED
MIE03-000054,MIE-03,三重県,四日市市（一部）,富田2丁目 第6区画,5108014,24202,POSTAL+ADMIN,2026-07-25,v1,FROZEN,8b6a7035821d1b828c4eccfc903592e12551b948455f3f1836645afa2f5d0203,34.99356,136.65592,TOWN_CENTROID,B,VERIFIED
MIE03-000055,MIE-03,三重県,四日市市（一部）,富田3丁目 第6区画,5108014,24202,POSTAL+ADMIN,2026-07-25,v1,FROZEN,97b7d81dc8b525f88a70de88951f369311a59739d531f6cb6119ec9d3be3689c,34.99108,136.65926,TOWN_CENTROID,B,VERIFIED
MIE03-000056,MIE-03,三重県,四日市市（一部）,富田1丁目 第7区画,5108014,24202,POSTAL+ADMIN,2026-07-25,v1,FROZEN,4e16fbbbea28b57440de2364df90bf1626e0a5a3b15f343eb7ad0131ad1daf6b,34.9906,136.65924,TOWN_CENTROID,B,VERIFIED
MIE03-000057,MIE-03,三重県,四日市市（一部）,富田2丁目 第7区画,5108014,24202,POSTAL+ADMIN,2026-07-25,v1,FROZEN,d65a2903c4df3a9635a90f945f5b2faac9cff45d695c7f6208caf48315cde8c3,34.99084,136.65922,TOWN_CENTROID,B,VERIFIED
MIE03-000058,MIE-03,三重県,四日市市（一部）,富田3丁目 第7区画,5108014,24202,POSTAL+ADMIN,2026-07-25,v1,FROZEN,7918916e41aa22259e639c8fe9e11dcd95e7ef0e97b157dd4338d783221a85fc,34.99156,136.66056,TOWN_CENTROID,B,VERIFIED
MIE03-000059,MIE-03,三重県,四日市市（一部）,富田1丁目 第8区画,5108014,24202,POSTAL+ADMIN,2026-07-25,v1,FROZEN,afc1b59c81de04de7ebd7706da4e4759988940c8c914d141fade684ee8f94b40,34.99124,136.63802,TOWN_CENTROID,B,VERIFIED
MIE03-000060,MIE-03,三重県,四日市市（一部）,富田2丁目 第8区画,5108014,24202,POSTAL+ADMIN,2026-07-25,v1,FROZEN,6407ad503fdb1780c613b8940316e0de83b215406d249a14604f80b2d90ff5cc,34.99888,136.63578,MUNICIPALITY_CENTER,D,VERIFIED
MIE03-000061,MIE-03,三重県,四日市市（一部）,富田3丁目 第8区画,5108014,24202,POSTAL+ADMIN,2026-07-25,v1,FROZEN,dd39e662dabf5de5671a8c1452d6ef73b393c97f483def5a2cee5ad94c860f70,34.9921,136.63602,TOWN_CENTROID,B,VERIFIED
MIE03-000062,MIE-03,三重県,四日市市（一部）,富田1丁目 第9区画,5108014,24202,POSTAL+ADMIN,2026-07-25,v1,FROZEN,1d0ffefaa5f70ed08ceae578bacde52b53d05e640df7802e29f2d2bf59a1cd53,34.99474,136.63968,TOWN_CENTROID,B,VERIFIED
MIE03-000063,MIE-03,三重県,四日市市（一部）,富田2丁目 第9区画,5108014,24202,POSTAL+ADMIN,2026-07-25,v1,FROZEN,fb1332ccb3131cee69b105234fe0825d1a7096d86ec0274eb23f2537a32d489d,34.99338,136.6391,TOWN_CENTROID,B,VERIFIED
MIE03-000064,MIE-03,三重県,四日市市（一部）,富田3丁目 第9区画,5108014,24202,POSTAL+ADMIN,2026-07-25,v1,FROZEN,648348d75ff3f4dee8028fec589458bf997ff070a90682cc6ab89087e1490e8e,34.99458,136.64164,TOWN_CENTROID,B,VERIFIED
MIE03-000065,MIE-03,三重県,四日市市（一部）,富田1丁目 第10区画,5108014,24202,POSTAL+ADMIN,2026-07-25,v1,FROZEN,15b3be370fdb5bba888062302124e99fa10288c382ceb96e7abcd168a1cb75a1,34.99354,136.6421,TOWN_CENTROID,B,VERIFIED
MIE03-000066,MIE-03,三重県,四日市市（一部）,富田2丁目 第10区画,5108014,24202,POSTAL+ADMIN,2026-07-25,v1,FROZEN,d68f1ef77d0822e99879a2c5469981504271fefa2c9e0c5e2ed49f40d42b05a6,34.99514,136.64224,TOWN_CENTROID,B,VERIFIED
MIE03-000067,MIE-03,三重県,四日市市（一部）,富田3丁目 第10区画,5108014,24202,POSTAL+ADMIN,2026-07-25,v1,FROZEN,3e46707829ea74b0e9f58c4ec81e181ac2e33410798fec677ff743f7808ff918,34.99466,136.64694,TOWN_CENTROID,B,VERIFIED
MIE03-000068,MIE-03,三重県,四日市市（一部）,富田1丁目 第11区画,5108014,24202,POSTAL+ADMIN,2026-07-25,v1,FROZEN,457a9e65a629dc1851e8173be915ac5eb2c96cddb05ced94755e7f55ffd287b3,34.99354,136.64788,TOWN_CENTROID,B,VERIFIED
MIE03-000069,MIE-03,三重県,四日市市（一部）,富田2丁目 第11区画,5108014,24202,POSTAL+ADMIN,2026-07-25,v1,FROZEN,4c37d5dfd47a67640f77019b860eadff654994af10798244a12de37b11254a1d,34.99186,136.64802,TOWN_CENTROID,B,VERIFIED
MIE03-000070,MIE-03,三重県,四日市市（一部）,富田3丁目 第11区画,5108014,24202,POSTAL+ADMIN,2026-07-25,v1,FROZEN,b964c637ff0f35e0c9c1fcdd9438aabf6979309b9f82f0777ee09aeca73463fe,34.9913,136.64872,TOWN_CENTROID,B,VERIFIED
MIE03-000071,MIE-03,三重県,四日市市（一部）,富田1丁目 第12区画,5108014,24202,POSTAL+ADMIN,2026-07-25,v1,FROZEN,af006ac14ee02d69b710aeced4957aa89a3a7f29ec743f0097b4d29ea128657c,34.99394,136.64966,TOWN_CENTROID,B,VERIFIED
MIE03-000072,MIE-03,三重県,四日市市（一部）,富田2丁目 第12区画,5108014,24202,POSTAL+ADMIN,2026-07-25,v1,FROZEN,5b577de33c6e947ea637106bfd3ed473728545d2a3ffae9670b0787fee2c9947,34.99434,136.65212,TOWN_CENTROID,B,VERIFIED
MIE03-000073,MIE-03,三重県,四日市市（一部）,富田3丁目 第12区画,5108014,24202,POSTAL+ADMIN,2026-07-25,v1,FROZEN,aecb1b93c17025029e5ff1248de22d86adf686978df64153aa9f4f202747c4ac,34.99378,136.65514,TOWN_CENTROID,B,VERIFIED
MIE03-000074,MIE-03,三重県,四日市市（一部）,富田1丁目 第13区画,5108014,24202,POSTAL+ADMIN,2026-07-25,v1,FROZEN,34f2db37e368d72d6bb82c72dc9d3552f1267308747f11c735cb406acb05b677,34.99458,136.65792,TOWN_CENTROID,B,VERIFIED
MIE03-000075,MIE-03,三重県,四日市市（一部）,富田2丁目 第13区画,5108014,24202,POSTAL+ADMIN,2026-07-25,v1,FROZEN,e7ff5740957e4dddf89812c650533e3a2273265f9b6fef3dc814b3f5c53845d8,34.99338,136.65934,TOWN_CENTROID,B,VERIFIED
MIE03-000076,MIE-03,三重県,四日市市（一部）,富田3丁目 第13区画,5108014,24202,POSTAL+ADMIN,2026-07-25,v1,FROZEN,7b624b63b0281822b0ba9dcbd5bf01f6fd6ece58e46d0d862fec8ee300217e01,34.99394,136.65916,TOWN_CENTROID,B,VERIFIED
MIE03-000077,MIE-03,三重県,四日市市（一部）,富田1丁目 第14区画,5108014,24202,POSTAL+ADMIN,2026-07-25,v1,FROZEN,12189e471b1f4ff9da0966ab1ec7156ad3631ada93e2b564f323ed6d40e5320a,34.99226,136.66002,TOWN_CENTROID,B,VERIFIED
MIE03-000078,MIE-03,三重県,四日市市（一部）,富田2丁目 第14区画,5108014,24202,POSTAL+ADMIN,2026-07-25,v1,FROZEN,5eafe35490406fe27b129c5498e1f66b06c413ce9432f27e8eb7052fe85c078a,35.00056,136.63612,OAZA_CENTROID,C,VERIFIED
MIE03-000079,MIE-03,三重県,四日市市（一部）,富田3丁目 第14区画,5108014,24202,POSTAL+ADMIN,2026-07-25,v1,FROZEN,6bd6d46515621cd25b029823143eabdc62cab90ba96be283313e723d6f2d0fc7,34.99402,136.63642,TOWN_CENTROID,B,VERIFIED
MIE03-000080,MIE-03,三重県,四日市市（一部）,富田1丁目 第15区画,5108014,24202,POSTAL+ADMIN,2026-07-25,v1,FROZEN,c8856f08db1687522103e3907bdffb93a205ffbe59a5ed45eefad8dcbf3abe7e,34.99288,136.63548,TOWN_CENTROID,B,VERIFIED
MIE03-000081,MIE-03,三重県,四日市市（一部）,富田2丁目 第15区画,5108014,24202,POSTAL+ADMIN,2026-07-25,v1,FROZEN,30b5d23637b34ecca95fc3a20f520e0fe8383c24b80bb05471e326814dd9da29,34.99592,136.63666,TOWN_CENTROID,B,VERIFIED
MIE03-000082,MIE-03,三重県,四日市市（一部）,富田3丁目 第15区画,5108014,24202,POSTAL+ADMIN,2026-07-25,v1,FROZEN,3fbf672bf7f3d7c73818e7e62ff57abf07caa438810b115170f68c789797c26d,34.9936,136.63656,TOWN_CENTROID,B,VERIFIED
MIE03-000083,MIE-03,三重県,四日市市（一部）,富田1丁目 第16区画,5108014,24202,POSTAL+ADMIN,2026-07-25,v1,FROZEN,afd5131b34e938005052bb8c8905622e3c859f0bbe49692046198e90e3ce1acb,34.99528,136.64062,TOWN_CENTROID,B,VERIFIED
MIE03-000084,MIE-03,三重県,四日市市（一部）,富田2丁目 第16区画,5108014,24202,POSTAL+ADMIN,2026-07-25,v1,FROZEN,bc0981d2e81d4bf89ab4c7d7ff7a000f9d25b2026169ea9113c619c06839a711,34.99288,136.63948,TOWN_CENTROID,B,VERIFIED
MIE03-000085,MIE-03,三重県,四日市市（一部）,富田3丁目 第16区画,5108014,24202,POSTAL+ADMIN,2026-07-25,v1,FROZEN,61a6a02ae1bda060c694ce840d0422e6cb7feb0cb68a8e99546d098bf0d24a9c,34.996,136.64346,TOWN_CENTROID,B,VERIFIED
MIE03-000086,MIE-03,三重県,四日市市（一部）,富田1丁目 第17区画,5108014,24202,POSTAL+ADMIN,2026-07-25,v1,FROZEN,7676845a56adebd038e787dcb09097754237f55b0e3889328235828dae08e3a4,34.99552,136.64264,TOWN_CENTROID,B,VERIFIED
MIE03-000087,MIE-03,三重県,四日市市（一部）,富田2丁目 第17区画,5108014,24202,POSTAL+ADMIN,2026-07-25,v1,FROZEN,2a5122f0e57a9dd893c4842d89ee702c890b42a0dc5704e45aaee438450a3cb0,34.99384,136.64358,TOWN_CENTROID,B,VERIFIED
MIE03-000088,MIE-03,三重県,四日市市（一部）,富田3丁目 第17区画,5108014,24202,POSTAL+ADMIN,2026-07-25,v1,FROZEN,2ec7aac71e575d1510174408ea73249ae9274cec1317010a82a1a916e84c36ed,34.99272,136.64572,TOWN_CENTROID,B,VERIFIED
MIE03-000089,MIE-03,三重県,四日市市（一部）,富田1丁目 第18区画,5108014,24202,POSTAL+ADMIN,2026-07-25,v1,FROZEN,3e6912a66e07621f0eba41946937294b0986ffe280e6f8cdb7d2bca7aec29b7d,34.99624,136.64722,TOWN_CENTROID,B,VERIFIED
MIE03-000090,MIE-03,三重県,四日市市（一部）,富田2丁目 第18区画,5108014,24202,POSTAL+ADMIN,2026-07-25,v1,FROZEN,e34841ce9cd291e6f742241a7173be5f442ca07594085950d26b37774e52e4f8,34.9924,136.65168,TOWN_CENTROID,B,VERIFIED
MIE03-000091,MIE-03,三重県,四日市市（一部）,富田3丁目 第18区画,5108014,24202,POSTAL+ADMIN,2026-07-25,v1,FROZEN,08a4852e20a20202531b10e1a469f3be9ffebfd19dfdb5abee25f8c0e00a114f,34.99352,136.65254,TOWN_CENTROID,B,VERIFIED
MIE03-000092,MIE-03,三重県,四日市市（一部）,富田1丁目 第19区画,5108014,24202,POSTAL+ADMIN,2026-07-25,v1,FROZEN,fb773f0e41c52969d4404b5e3fb2feef080e0a90e6c541347fcc62b5597e2338,34.99408,136.65284,TOWN_CENTROID,B,VERIFIED
MIE03-000093,MIE-03,三重県,四日市市（一部）,富田2丁目 第19区画,5108014,24202,POSTAL+ADMIN,2026-07-25,v1,FROZEN,9bace8371f918fc2dd15fe267c129bc747fce4d2fde36ff8c7968bb7d64a7018,34.99256,136.65522,TOWN_CENTROID,B,VERIFIED
MIE03-000094,MIE-03,三重県,四日市市（一部）,富田3丁目 第19区画,5108014,24202,POSTAL+ADMIN,2026-07-25,v1,FROZEN,a9928c1d81792f4c1706b94599754b6efd98bf3c11eb35ba5bdfc7eb248536eb,34.99584,136.65592,TOWN_CENTROID,B,VERIFIED
MIE03-000095,MIE-03,三重県,四日市市（一部）,富田1丁目 第20区画,5108014,24202,POSTAL+ADMIN,2026-07-25,v1,FROZEN,a80c158ab99b859e8990356250a9915a7c22f420cc46877bd7c037b87d6424b9,34.99328,136.6555,TOWN_CENTROID,B,VERIFIED
MIE03-000096,MIE-03,三重県,四日市市（一部）,富田2丁目 第20区画,5108014,24202,POSTAL+ADMIN,2026-07-25,v1,FROZEN,fe7d60b280117304beefb4fed7e5c8846d532e3c2f6795c3c5b746bb874ac20c,34.99288,136.65996,TOWN_CENTROID,B,VERIFIED
MIE03-000097,MIE-03,三重県,四日市市（一部）,富田3丁目 第20区画,5108014,24202,POSTAL+ADMIN,2026-07-25,v1,FROZEN,00199a005d829a8fc77973dfe5092e0c31ad642ada08ad63cfbadce73dda3ffd,34.99376,136.66154,TOWN_CENTROID,B,VERIFIED
MIE03-000098,MIE-03,三重県,四日市市（一部）,富田1丁目 第21区画,5108014,24202,POSTAL+ADMIN,2026-07-25,v1,FROZEN,35f0e749e687143713db75fa1b4fcd9e02b837d30830989e5253bb83b95b7ada,34.994,136.66008,TOWN_CENTROID,B,VERIFIED
MIE03-000099,MIE-03,三重県,四日市市（一部）,富田2丁目 第21区画,5108014,24202,POSTAL+ADMIN,2026-07-25,v1,FROZEN,0c818e0ca988834b4b513aab53dcaf75c8e03ce41a5ecc353bd676afcf131dcc,34.9944,136.63706,TOWN_CENTROID,B,VERIFIED
MIE03-000100,MIE-03,三重県,四日市市（一部）,富田3丁目 第21区画,5108014,24202,POSTAL+ADMIN,2026-07-25,v1,FROZEN,f31c057b36c8b635a93ed50931b3961cdb827677a928aba98e7a04ee3cfb1f00,34.99358,136.635,TOWN_CENTROID,B,VERIFIED
MIE03-000101,MIE-03,三重県,四日市市（一部）,富田1丁目,5108014,24202,POSTAL+ADMIN,2026-07-25,v1,FROZEN,2141d7cec37c3897e52216082751699b0f22973986f0be281940d2326f8fec81,34.99486,136.63682,TOWN_CENTROID,B,VERIFIED
MIE03-000102,MIE-03,三重県,四日市市（一部）,富田2丁目,5108014,24202,POSTAL+ADMIN,2026-07-25,v1,FROZEN,ab9ccee6608a2512e4a600dddbe0df9773cb5e4fc042847b7f309c2c583f547b,34.99502,136.63832,TOWN_CENTROID,B,VERIFIED
MIE03-000103,MIE-03,三重県,四日市市（一部）,富田3丁目,5108014,24202,POSTAL+ADMIN,2026-07-25,v1,FROZEN,e52e0d6fbd22e57ff350cbb3025bbd3dffcccd82db98cd665b9ed4f3e21eab0a,34.99422,136.63878,TOWN_CENTROID,B,VERIFIED
MIE03-000104,MIE-03,三重県,四日市市（一部）,富州原町 第2区画,5108016,24202,POSTAL+ADMIN,2026-07-25,v1,FROZEN,b537d317de13e4a41866046662c85c5bea7378b0f680be2e36915ac50b870559,34.99622,136.6426,TOWN_CENTROID,B,VERIFIED
MIE03-000105,MIE-03,三重県,四日市市（一部）,富州原町 第3区画,5108016,24202,POSTAL+ADMIN,2026-07-25,v1,FROZEN,ff6c650858a78446266cf058e9debc854f10d28c489c462fbb17ed27e6d69cb0,34.99694,136.64066,TOWN_CENTROID,B,VERIFIED
MIE03-000106,MIE-03,三重県,四日市市（一部）,富州原町 第4区画,5108016,24202,POSTAL+ADMIN,2026-07-25,v1,FROZEN,c165fe36e77f6156f5c52b98f042eb0141280ae154b2920600495e718cff07c2,34.9963,136.64536,TOWN_CENTROID,B,VERIFIED
MIE03-000107,MIE-03,三重県,四日市市（一部）,富州原町 第5区画,5108016,24202,POSTAL+ADMIN,2026-07-25,v1,FROZEN,92a45bc0fb2d0f5dcc2491bced4a4251912d9b04f9cf0299d61570853037f7a6,34.99398,136.64374,TOWN_CENTROID,B,VERIFIED
MIE03-000108,MIE-03,三重県,四日市市（一部）,富州原町 第6区画,5108016,24202,POSTAL+ADMIN,2026-07-25,v1,FROZEN,ee15acf885c01ce72df9eb20333e2d42c59968432d64ff217d71b0aa619db5bb,34.99558,136.64836,TOWN_CENTROID,B,VERIFIED
MIE03-000109,MIE-03,三重県,四日市市（一部）,富州原町 第7区画,5108016,24202,POSTAL+ADMIN,2026-07-25,v1,FROZEN,5eaa1c3d87a425ff7abc2f7deda6b65fbd077afa649c2f022c0c7f235dc8fbdd,34.99662,136.64994,TOWN_CENTROID,B,VERIFIED
MIE03-000110,MIE-03,三重県,四日市市（一部）,富州原町 第8区画,5108016,24202,POSTAL+ADMIN,2026-07-25,v1,FROZEN,69ca2556669cda4882564544b99a1c9b3f9135f36e8b5766d5aa53dd1ecb2607,34.99542,136.6508,TOWN_CENTROID,B,VERIFIED
MIE03-000111,MIE-03,三重県,四日市市（一部）,富州原町 第9区画,5108016,24202,POSTAL+ADMIN,2026-07-25,v1,FROZEN,c6be9171251ef9095720ebb43a6c2c97d93bf3cb2d97120b910ca4c8f677e010,34.99558,136.65062,TOWN_CENTROID,B,VERIFIED
MIE03-000112,MIE-03,三重県,四日市市（一部）,富州原町 第10区画,5108016,24202,POSTAL+ADMIN,2026-07-25,v1,FROZEN,e7ab9e07343bc43758f968c28338236a89c611b3ceac01612db965d558ff9ff3,34.99422,136.65124,TOWN_CENTROID,B,VERIFIED
MIE03-000113,MIE-03,三重県,四日市市（一部）,富州原町 第11区画,5108016,24202,POSTAL+ADMIN,2026-07-25,v1,FROZEN,32f36299204e629aad2ff2ec25ac394665838afdade6bad3e138fc723a234170,34.99638,136.65386,TOWN_CENTROID,B,VERIFIED
MIE03-000114,MIE-03,三重県,四日市市（一部）,富州原町 第12区画,5108016,24202,POSTAL+ADMIN,2026-07-25,v1,FROZEN,3c779d8930329ae4e979084b979fbb24082c476d2835b70ed986b2f1d6d48101,34.99358,136.656,TOWN_CENTROID,B,VERIFIED
MIE03-000115,MIE-03,三重県,四日市市（一部）,富州原町 第13区画,5108016,24202,POSTAL+ADMIN,2026-07-25,v1,FROZEN,d7676e219e87a4789b1141e501712c086f5a9d2264a39bf575fbe16e6e07c9a7,34.99494,136.65758,TOWN_CENTROID,B,VERIFIED
MIE03-000116,MIE-03,三重県,四日市市（一部）,富州原町 第14区画,5108016,24202,POSTAL+ADMIN,2026-07-25,v1,FROZEN,66b2ccbb207750c710e85e10876af99a2606733d3e6f0b63e75d848b1fde1fdd,34.9935,136.66068,TOWN_CENTROID,B,VERIFIED
MIE03-000117,MIE-03,三重県,四日市市（一部）,富州原町 第15区画,5108016,24202,POSTAL+ADMIN,2026-07-25,v1,FROZEN,02f4aa011e3e31a058605673897c36126a05fb2e724227a66ce1a6e123bcfb5c,34.99494,136.66082,TOWN_CENTROID,B,VERIFIED
MIE03-000118,MIE-03,三重県,四日市市（一部）,富州原町 第16区画,5108016,24202,POSTAL+ADMIN,2026-07-25,v1,FROZEN,960327a06b561009755f9310a260328e6a797558959d92198e9238789e7376d4,34.99494,136.66104,TOWN_CENTROID,B,VERIFIED
MIE03-000119,MIE-03,三重県,四日市市（一部）,富州原町 第17区画,5108016,24202,POSTAL+ADMIN,2026-07-25,v1,FROZEN,14395e580a9b61178dbc640dcc37e06a00444a3b68035db60bf39f1ea5d8b188,34.9935,136.63618,TOWN_CENTROID,B,VERIFIED
MIE03-000120,MIE-03,三重県,四日市市（一部）,富州原町 第18区画,5108016,24202,POSTAL+ADMIN,2026-07-25,v1,FROZEN,3dea6f7e279f843f9b6919ad8767945b5a203533574519c652669278c8418403,35.00112,136.6349,MUNICIPALITY_CENTER,D,FAIL_CEO_REVIEW_REQUIRED
MIE03-000121,MIE-03,三重県,四日市市（一部）,富州原町 第19区画,5108016,24202,POSTAL+ADMIN,2026-07-25,v1,FROZEN,97a5c35b930c1a6358084cca5a32ae1765d95181aa5e5b200d7cfe92e61520ce,34.99548,136.6365,TOWN_CENTROID,B,VERIFIED
MIE03-000122,MIE-03,三重県,四日市市（一部）,富州原町 第20区画,5108016,24202,POSTAL+ADMIN,2026-07-25,v1,FROZEN,ff66f82433e6942e6b82a6661fe1dd8434821f5138b9723ac1734636517d850a,34.99508,136.63648,TOWN_CENTROID,B,VERIFIED
MIE03-000123,MIE-03,三重県,四日市市（一部）,富州原町 第21区画,5108016,24202,POSTAL+ADMIN,2026-07-25,v1,FROZEN,8f8f622f47587728636f6d00c57d53b3c58e8f4bcf3d854f24fdc7168834bef4,34.99812,136.64046,TOWN_CENTROID,B,VERIFIED
MIE03-000124,MIE-03,三重県,四日市市（一部）,富州原町,5108016,24202,POSTAL+ADMIN,2026-07-25,v1,FROZEN,19a4255e033332a2c151e0ded35e18f4aaf101b86189c16a2c46101288cdcd2c,34.99844,136.6422,TOWN_CENTROID,B,VERIFIED
MIE03-000125,MIE-03,三重県,桑名郡,木曽岬町加畑,5110001,24202,POSTAL+ADMIN,2026-07-25,v1,FROZEN,f106cc7ee635d3ed0ee90a81536075f825edee0bd265c684428a6ae367199212,35.05352,136.64274,TOWN_CENTROID,B,VERIFIED
MIE03-000126,MIE-03,三重県,桑名郡,木曽岬町源緑輪中,5110001,24202,POSTAL+ADMIN,2026-07-25,v1,FROZEN,9c7a06a564cc6a7dd3f63795a2e1c66659fa905f8de9e005d6328cc3fb416f01,35.0512,136.64456,TOWN_CENTROID,B,VERIFIED
MIE03-000127,MIE-03,三重県,員弁郡,東員町穴太,5110001,24202,POSTAL+ADMIN,2026-07-25,v1,FROZEN,2fb36c1f829a5f9bb1a7286b283aa89fd3e0aff3b67842dadd3089ccf0a8224c,35.05168,136.64734,TOWN_CENTROID,B,VERIFIED
MIE03-000128,MIE-03,三重県,員弁郡,東員町笹尾東1丁目,5110001,24202,POSTAL+ADMIN,2026-07-25,v1,FROZEN,fb54b114c3b62de4e3d2cd61b12bd7052312c45103f4ab7835f33de6501b4b2d,35.0504,136.64548,TOWN_CENTROID,B,VERIFIED
MIE03-000129,MIE-03,三重県,員弁郡,東員町笹尾東2丁目,5110001,24202,POSTAL+ADMIN,2026-07-25,v1,FROZEN,e49d9d3cdb261b0fd515a80358dc808055c7cc9cdfbfe93c05b879616df350ac,35.05152,136.64858,TOWN_CENTROID,B,VERIFIED
MIE03-000130,MIE-03,三重県,員弁郡,東員町笹尾東3丁目,5110001,24202,POSTAL+ADMIN,2026-07-25,v1,FROZEN,e4195bbc75c1362513f23a01cf506854b79be115ba9ffbab02ba9c7a1c826eca,35.04976,136.64896,TOWN_CENTROID,B,VERIFIED
MIE03-000131,MIE-03,三重県,三重郡,菰野町大字菰野,5110001,24202,POSTAL+ADMIN,2026-07-25,v1,FROZEN,989a88a7eb2926d50e4dae4508d80ff639fa168c319d342cd5e0ff66165ae08a,35.05184,136.65038,TOWN_CENTROID,B,VERIFIED
MIE03-000132,MIE-03,三重県,三重郡,朝日町大字柿,5110001,24202,POSTAL+ADMIN,2026-07-25,v1,FROZEN,c43b8524340054461e6eed6f1229b1e85f3fc4eb8bce19b231b24bd792e4e5ea,35.05088,136.65356,TOWN_CENTROID,B,VERIFIED
MIE03-000133,MIE-03,三重県,三重郡,川越町大字豊田,5110001,24202,POSTAL+ADMIN,2026-07-25,v1,FROZEN,f7770f3b2c6d964fb826af67613415dc52fcf1c3438ce9e865fd2aaa4533a473,35.05008,136.65322,TOWN_CENTROID,B,VERIFIED
MIE03-000134,MIE-03,三重県,桑名郡,木曽岬町加畑 第2区画,5110001,24202,POSTAL+ADMIN,2026-07-25,v1,FROZEN,012a7b085c64253684babb725790b69cf5bed1e40954dd0d495c5a8f4dd02066,35.0532,136.65592,TOWN_CENTROID,B,VERIFIED
MIE03-000135,MIE-03,三重県,桑名郡,木曽岬町源緑輪中 第2区画,5110001,24202,POSTAL+ADMIN,2026-07-25,v1,FROZEN,c0bc9f68c42cd3e04e6f932163f56a4633e948284ca1f3c15cdf85032409aa8d,35.0516,136.65606,TOWN_CENTROID,B,VERIFIED
MIE03-000136,MIE-03,三重県,員弁郡,東員町穴太 第2区画,5110001,24202,POSTAL+ADMIN,2026-07-25,v1,FROZEN,0658b66540b6801a2042fc09c18f458f920eb61eb629012e7258e146766a5b8a,35.05008,136.659,TOWN_CENTROID,B,VERIFIED
MIE03-000137,MIE-03,三重県,員弁郡,東員町笹尾東1丁目 第2区画,5110001,24202,POSTAL+ADMIN,2026-07-25,v1,FROZEN,3dc586b05e1b6ee87745c4cc118e8248b7cc0f02cb89825fc8e1360b7f8816cd,35.05144,136.65986,TOWN_CENTROID,B,VERIFIED
MIE03-000138,MIE-03,三重県,員弁郡,東員町笹尾東2丁目 第2区画,5110001,24202,POSTAL+ADMIN,2026-07-25,v1,FROZEN,f097f3450e1855bbcac1e913b92ce16ac93e0c30b8a1730f16216811b325394b,35.05328,136.66016,TOWN_CENTROID,B,VERIFIED
MIE03-000139,MIE-03,三重県,員弁郡,東員町笹尾東3丁目 第2区画,5110001,24202,POSTAL+ADMIN,2026-07-25,v1,FROZEN,83d178356502dca7c0da41aa8c15b785ab84c1d58fdf7c0ad5efc306cfb92fc0,35.05312,136.66518,TOWN_CENTROID,B,VERIFIED
MIE03-000140,MIE-03,三重県,三重郡,菰野町大字菰野 第2区画,5110001,24202,POSTAL+ADMIN,2026-07-25,v1,FROZEN,78b9d7e869ff76a22461c447eec4d2eddbd27f2a357c129cbd8ed5fc0ececc9d,35.05094,136.63676,TOWN_CENTROID,B,VERIFIED
MIE03-000141,MIE-03,三重県,三重郡,朝日町大字柿 第2区画,5110001,24202,POSTAL+ADMIN,2026-07-25,v1,FROZEN,9c594824ee3759b5e26c375b8ea7b23e8a648dadd25deea98bc3afc0f85b76c4,35.05286,136.63738,TOWN_CENTROID,B,VERIFIED
MIE03-000142,MIE-03,三重県,三重郡,川越町大字豊田 第2区画,5110001,24202,POSTAL+ADMIN,2026-07-25,v1,FROZEN,4b4c09cbd4034b3c7ff91ac42f0c204aec788b9ecab6107ee96e4cdfec7c907c,35.05286,136.63856,TOWN_CENTROID,B,VERIFIED
MIE03-000143,MIE-03,三重県,桑名郡,木曽岬町加畑 第3区画,5110001,24202,POSTAL+ADMIN,2026-07-25,v1,FROZEN,cd9b1d89d2cdb22a3f30a8006c61390083dc26d06e8d45e4f3e44a5178c8a44c,35.05374,136.64014,TOWN_CENTROID,B,VERIFIED
MIE03-000144,MIE-03,三重県,桑名郡,木曽岬町源緑輪中 第3区画,5110001,24202,POSTAL+ADMIN,2026-07-25,v1,FROZEN,08bb516f3f357e64179b62ba4ec57cac49b87cee487982e3e90ce45287a79ba3,35.05206,136.64108,TOWN_CENTROID,B,VERIFIED
MIE03-000145,MIE-03,三重県,員弁郡,東員町穴太 第3区画,5110001,24202,POSTAL+ADMIN,2026-07-25,v1,FROZEN,86fe146633f4d46156463807a0dedad3c71b49700a4f0d700b995c6266291ffd,35.05358,136.64314,TOWN_CENTROID,B,VERIFIED
MIE03-000146,MIE-03,三重県,員弁郡,東員町笹尾東1丁目 第3区画,5110001,24202,POSTAL+ADMIN,2026-07-25,v1,FROZEN,812ca6fca985e3918053eed2e30b4e7d66df1fe5a8c331eea4aa2248e4096619,35.05166,136.64304,TOWN_CENTROID,B,VERIFIED
MIE03-000147,MIE-03,三重県,員弁郡,東員町笹尾東2丁目 第3区画,5110001,24202,POSTAL+ADMIN,2026-07-25,v1,FROZEN,d832f04565d93ca13ca39a4ee2ffd34f31cccad50a9e0043f2ee53de2d5970c5,35.05374,136.64462,TOWN_CENTROID,B,VERIFIED
MIE03-000148,MIE-03,三重県,員弁郡,東員町笹尾東3丁目 第3区画,5110001,24202,POSTAL+ADMIN,2026-07-25,v1,FROZEN,0528e4cdd8bb7c8f16153fa8e5423ef18c1f0f671838bd901dd37f914fafa755,35.05102,136.64572,TOWN_CENTROID,B,VERIFIED
MIE03-000149,MIE-03,三重県,三重郡,菰野町大字菰野 第3区画,5110001,24202,POSTAL+ADMIN,2026-07-25,v1,FROZEN,a0d8c29ab5bc8a9342b5cc83af742c37997d51ad72fc7b68b74aac7da34f0e3d,35.05158,136.64802,TOWN_CENTROID,B,VERIFIED
MIE03-000150,MIE-03,三重県,三重郡,朝日町大字柿 第3区画,5110001,24202,POSTAL+ADMIN,2026-07-25,v1,FROZEN,e532413b69aedce6476f27ca72b519fd68f5101caab6a98298bf6a3c4a62a7a6,35.05102,136.65024,TOWN_CENTROID,B,VERIFIED
MIE03-000151,MIE-03,三重県,三重郡,川越町大字豊田 第3区画,5110001,24202,POSTAL+ADMIN,2026-07-25,v1,FROZEN,fe284b8fe120b2bef167b5170cca718cf7e130c67d747e7203a0a8c2dffab6dc,35.05158,136.65326,TOWN_CENTROID,B,VERIFIED
MIE03-000152,MIE-03,三重県,桑名郡,木曽岬町加畑 第4区画,5110001,24202,POSTAL+ADMIN,2026-07-25,v1,FROZEN,91b4c0322f44a2c649eb836f41b9afc1f06fbc45d784ee4bd533cab48d30e03e,35.05182,136.653,TOWN_CENTROID,B,VERIFIED
MIE03-000153,MIE-03,三重県,桑名郡,木曽岬町源緑輪中 第4区画,5110001,24202,POSTAL+ADMIN,2026-07-25,v1,FROZEN,3f30e2a6ea16c10c40be3fb0a291aabd1e68de8137b094dfe5b8ce83c3f7c9a2,35.05262,136.65562,TOWN_CENTROID,B,VERIFIED
MIE03-000154,MIE-03,三重県,員弁郡,東員町穴太 第4区画,5110001,24202,POSTAL+ADMIN,2026-07-25,v1,FROZEN,477b2764697e5d00e227dd21c0d0850477547c8f93c9c787ca6805cb050a3269,35.0539,136.65568,TOWN_CENTROID,B,VERIFIED
MIE03-000155,MIE-03,三重県,員弁郡,東員町笹尾東1丁目 第4区画,5110001,24202,POSTAL+ADMIN,2026-07-25,v1,FROZEN,e13ced6a197b7ecc40d2d7a75fbefd00bca7cc32b91691957bc02eb1b735306d,35.05222,136.65782,TOWN_CENTROID,B,VERIFIED
MIE03-000156,MIE-03,三重県,員弁郡,東員町笹尾東2丁目 第4区画,5110001,24202,POSTAL+ADMIN,2026-07-25,v1,FROZEN,5d010115997339b6efe29d66c4d4a98f40cc6424d187ace3aadb9b1be6f331cc,35.05294,136.65884,TOWN_CENTROID,B,VERIFIED
MIE03-000157,MIE-03,三重県,員弁郡,東員町笹尾東3丁目 第4区画,5110001,24202,POSTAL+ADMIN,2026-07-25,v1,FROZEN,a97431a5593f74bb077e70483a7f286d76c246df12fe6eb2c10d24befbfead8f,35.05182,136.66202,TOWN_CENTROID,B,VERIFIED
MIE03-000158,MIE-03,三重県,三重郡,菰野町大字菰野 第4区画,5110001,24202,POSTAL+ADMIN,2026-07-25,v1,FROZEN,d5d7127727819055df77683e3b10bb185601396aa1003dbd23c6dd87aca855f0,35.05374,136.66112,TOWN_CENTROID,B,VERIFIED
MIE03-000159,MIE-03,三重県,三重郡,朝日町大字柿 第4区画,5110001,24202,POSTAL+ADMIN,2026-07-25,v1,FROZEN,f0c52e54aa7692155982a63be34742f2442140c3e5c7eee09c7596fdc8113777,35.05262,136.66382,TOWN_CENTROID,B,VERIFIED
MIE03-000160,MIE-03,三重県,三重郡,川越町大字豊田 第4区画,5110001,24202,POSTAL+ADMIN,2026-07-25,v1,FROZEN,4f4815edd997ac29773d339e5e18152ce21f66019b19794853dda85b7c2f390d,35.05492,136.63492,TOWN_CENTROID,B,VERIFIED
MIE03-000161,MIE-03,三重県,桑名郡,木曽岬町加畑 第5区画,5110001,24202,POSTAL+ADMIN,2026-07-25,v1,FROZEN,3e926444d23ede0cf7ea8197c64b63ae3a6d7971ccae6467e29dd54b9273f6cd,35.05524,136.63642,TOWN_CENTROID,B,VERIFIED
MIE03-000162,MIE-03,三重県,桑名郡,木曽岬町源緑輪中 第5区画,5110001,24202,POSTAL+ADMIN,2026-07-25,v1,FROZEN,099cac73e725d1faa1ba98f94b4b04a3256be62447de68191f3a17d06a8a4c33,35.05364,136.63632,TOWN_CENTROID,B,VERIFIED
MIE03-000163,MIE-03,三重県,員弁郡,東員町穴太 第5区画,5110001,24202,POSTAL+ADMIN,2026-07-25,v1,FROZEN,a2d6dc4b6e21072cb29eea4b39183d829828a00ff4c11a12f647ae60db91dda4,35.0526,136.63998,TOWN_CENTROID,B,VERIFIED
MIE03-000164,MIE-03,三重県,員弁郡,東員町笹尾東1丁目 第5区画,5110001,24202,POSTAL+ADMIN,2026-07-25,v1,FROZEN,8f4448afc7e9e83149b0eb58bd65f241b15d0eb9ef21898dacac89a6a4bb4f1c,35.05244,136.64004,TOWN_CENTROID,B,VERIFIED
MIE03-000165,MIE-03,三重県,員弁郡,東員町笹尾東2丁目 第5区画,5110001,24202,POSTAL+ADMIN,2026-07-25,v1,FROZEN,bcc8c435295f8f31134f24013699401841f77a7c8cec6618844d05a29d733507,35.0522,136.6425,TOWN_CENTROID,B,VERIFIED
MIE03-000166,MIE-03,三重県,員弁郡,東員町笹尾東3丁目 第5区画,5110001,24202,POSTAL+ADMIN,2026-07-25,v1,FROZEN,e5a25fca7b32d9a3ab561e0dee63dc34a6ce40379426f2cea38edcf77ad94ce8,35.0546,136.64288,TOWN_CENTROID,B,VERIFIED
MIE03-000167,MIE-03,三重県,三重郡,菰野町大字菰野 第5区画,5110001,24202,POSTAL+ADMIN,2026-07-25,v1,FROZEN,9b1a6bf5a7c64a467c9126f0c1e3557e2b6f5bb402db80c94ee53ff1f5b0fddd,35.05396,136.64606,TOWN_CENTROID,B,VERIFIED
MIE03-000168,MIE-03,三重県,三重郡,朝日町大字柿 第5区画,5110001,24202,POSTAL+ADMIN,2026-07-25,v1,FROZEN,4759fb29ec5509953b3e28093e6b16d7665024cd4a9d208e0e16c2909b8e3d1a,35.05548,136.64868,TOWN_CENTROID,B,VERIFIED
MIE03-000169,MIE-03,三重県,三重郡,川越町大字豊田 第5区画,5110001,24202,POSTAL+ADMIN,2026-07-25,v1,FROZEN,c2288ade07453b1be7a134faf1f4bb64be68f6d63e933a0eb4e4e0c679033157,35.0546,136.64666,TOWN_CENTROID,B,VERIFIED
MIE03-000170,MIE-03,三重県,桑名郡,木曽岬町加畑 第6区画,5110001,24202,POSTAL+ADMIN,2026-07-25,v1,FROZEN,7469c722215dde2bbca796145a18301b9d5a84890fd5028e2f2c20cb26ad54e2,35.05428,136.65088,TOWN_CENTROID,B,VERIFIED
MIE03-000171,MIE-03,三重県,桑名郡,木曽岬町源緑輪中 第6区画,5110001,24202,POSTAL+ADMIN,2026-07-25,v1,FROZEN,e6c7a079b183810db2da112c5018d20eb2fa4e5259294a3737734af02815604e,35.05268,136.6503,TOWN_CENTROID,B,VERIFIED
MIE03-000172,MIE-03,三重県,員弁郡,東員町穴太 第6区画,5110001,24202,POSTAL+ADMIN,2026-07-25,v1,FROZEN,47e695e48fb8ecee9eb35a808b9f371346540e262a209781eb1d6150678055b5,35.0526,136.65404,TOWN_CENTROID,B,VERIFIED
MIE03-000173,MIE-03,三重県,員弁郡,東員町笹尾東1丁目 第6区画,5110001,24202,POSTAL+ADMIN,2026-07-25,v1,FROZEN,7fcb49629dc2e40965354e053942453b452db67afaf168101f977416387986cd,35.05324,136.65506,TOWN_CENTROID,B,VERIFIED
MIE03-000174,MIE-03,三重県,員弁郡,東員町笹尾東2丁目 第6区画,5110001,24202,POSTAL+ADMIN,2026-07-25,v1,FROZEN,2221a1bcfb0f9e1db7eab3c32c87d645c9090fdac85cbb356a78faea460b7d30,35.05564,136.65792,TOWN_CENTROID,B,VERIFIED
MIE03-000175,MIE-03,三重県,員弁郡,東員町笹尾東3丁目 第6区画,5110001,24202,POSTAL+ADMIN,2026-07-25,v1,FROZEN,baa8ecd77ca1589fdd2c32ef91e831f204cd3b11b106a82bce2e986a9d83cbd9,35.05516,136.65614,TOWN_CENTROID,B,VERIFIED
MIE03-000176,MIE-03,三重県,三重郡,菰野町大字菰野 第6区画,5110001,24202,POSTAL+ADMIN,2026-07-25,v1,FROZEN,03ca7a6f1411847b79b57374d1417b895dcfb7ba8a2de4f93f5c947549a92146,35.05356,136.65708,TOWN_CENTROID,B,VERIFIED
MIE03-000177,MIE-03,三重県,三重郡,朝日町大字柿 第6区画,5110001,24202,POSTAL+ADMIN,2026-07-25,v1,FROZEN,b60238e887f11ec93484aa1b7b7f184dcbb86731eb62a253c9ad2189ff7fc747,35.05572,136.65994,TOWN_CENTROID,B,VERIFIED
MIE03-000178,MIE-03,三重県,三重郡,川越町大字豊田 第6区画,5110001,24202,POSTAL+ADMIN,2026-07-25,v1,FROZEN,4ecdb84d4d5663605a9d916a92ec360a72e9133020bf32a27f845df1f7598758,35.05228,136.66176,TOWN_CENTROID,B,VERIFIED
MIE03-000179,MIE-03,三重県,桑名郡,木曽岬町加畑 第7区画,5110001,24202,POSTAL+ADMIN,2026-07-25,v1,FROZEN,b47037d404f2af534718e02ef611493e68165b183697e49cdf75b89eb24a71ec,35.05188,136.66446,TOWN_CENTROID,B,VERIFIED
MIE03-000180,MIE-03,三重県,桑名郡,木曽岬町源緑輪中 第7区画,5110001,24202,POSTAL+ADMIN,2026-07-25,v1,FROZEN,a668d9679d72afb71ae4fc192de66ee492c8ba8e254300e4e4630d319e0ae419,35.05546,136.6354,TOWN_CENTROID,B,VERIFIED
MIE03-000181,MIE-03,三重県,員弁郡,東員町穴太 第7区画,5110001,24202,POSTAL+ADMIN,2026-07-25,v1,FROZEN,99c8ad10697dfc49e70224473321a5dbae29c7353430b4eecf9709038324cfad,35.05658,136.63522,TOWN_CENTROID,B,VERIFIED
MIE03-000182,MIE-03,三重県,員弁郡,東員町笹尾東1丁目 第7区画,5110001,24202,POSTAL+ADMIN,2026-07-25,v1,FROZEN,2ad78687df016ffada035135ad39c69e56348a57f1206ec243563365694f6403,35.05386,136.63704,TOWN_CENTROID,B,VERIFIED
MIE03-000183,MIE-03,三重県,員弁郡,東員町笹尾東2丁目 第7区画,5110001,24202,POSTAL+ADMIN,2026-07-25,v1,FROZEN,d2cb83f6f1487d3af791385e228e1015250bcebf38edf6cca517e749abba8dac,35.05386,136.63774,TOWN_CENTROID,B,VERIFIED
MIE03-000184,MIE-03,三重県,員弁郡,東員町笹尾東3丁目 第7区画,5110001,24202,POSTAL+ADMIN,2026-07-25,v1,FROZEN,73eb26efafdb17ffed24c0019aa721068b7c543302c66de510eaddaf458f6ded,35.05466,136.64084,TOWN_CENTROID,B,VERIFIED
MIE03-000185,MIE-03,三重県,三重郡,菰野町大字菰野 第7区画,5110001,24202,POSTAL+ADMIN,2026-07-25,v1,FROZEN,85b5c1f2e51f8368732b4e33c122ad949024c9d592b7240d37e8464deb8f16b1,35.05554,136.64314,TOWN_CENTROID,B,VERIFIED
MIE03-000186,MIE-03,三重県,三重郡,朝日町大字柿 第7区画,5110001,24202,POSTAL+ADMIN,2026-07-25,v1,FROZEN,18e7545e16299d94a13d57cbf49633217b12ca11b63bae13f11981aa0e4ddc68,35.05418,136.64552,TOWN_CENTROID,B,VERIFIED
MIE03-000187,MIE-03,三重県,三重郡,川越町大字豊田 第7区画,5110001,24202,POSTAL+ADMIN,2026-07-25,v1,FROZEN,dc730e37351c0066a9ef7564df445dee06bc19cec75c023c7182cd3e525cf2e7,35.0557,136.6459,TOWN_CENTROID,B,VERIFIED
MIE03-000188,MIE-03,三重県,桑名郡,木曽岬町加畑 第8区画,5110001,24202,POSTAL+ADMIN,2026-07-25,v1,FROZEN,0c45766d0dfa3245837ac1053e383ed28631b17e6fe9fe9072c08191faa187a4,35.05666,136.64548,TOWN_CENTROID,B,VERIFIED
MIE03-000189,MIE-03,三重県,桑名郡,木曽岬町源緑輪中 第8区画,5110001,24202,POSTAL+ADMIN,2026-07-25,v1,FROZEN,436f2192c4eae9f93ac7021da572e8417ae048ee58ef587cf0309ffd538f201e,35.05594,136.64866,TOWN_CENTROID,B,VERIFIED
MIE03-000190,MIE-03,三重県,員弁郡,東員町穴太 第8区画,5110001,24202,POSTAL+ADMIN,2026-07-25,v1,FROZEN,d94df46f05985b227379b464854c54ecdf168932060d659291c3d0da8710c733,35.05314,136.65096,TOWN_CENTROID,B,VERIFIED
MIE03-000191,MIE-03,三重県,員弁郡,東員町笹尾東1丁目 第8区画,5110001,24202,POSTAL+ADMIN,2026-07-25,v1,FROZEN,f56dcbd9898317b062050e7d81ce97306b2556986827c4bfd382f237768cb964,35.05442,136.65102,TOWN_CENTROID,B,VERIFIED
MIE03-000192,MIE-03,三重県,員弁郡,東員町笹尾東2丁目 第8区画,5110001,24202,POSTAL+ADMIN,2026-07-25,v1,FROZEN,56c83808066879678f0e27fac6a4027ab31fa81695fa6687ac4420e2d0dabaf6,35.05354,136.65276,TOWN_CENTROID,B,VERIFIED
MIE03-000193,MIE-03,三重県,員弁郡,東員町笹尾東3丁目 第8区画,5110001,24202,POSTAL+ADMIN,2026-07-25,v1,FROZEN,0345a03121e8f703e112c2d1fa6834f650c70a7cfecfbb6feaea2e789525df9b,35.0549,136.65506,TOWN_CENTROID,B,VERIFIED
MIE03-000194,MIE-03,三重県,三重郡,菰野町大字菰野 第8区画,5110001,24202,POSTAL+ADMIN,2026-07-25,v1,FROZEN,3c67cac349d7a4770d5cf2f71ae6989f20444001c8e6f34498bf35fff99f8f46,35.05362,136.65448,TOWN_CENTROID,B,VERIFIED
MIE03-000195,MIE-03,三重県,三重郡,朝日町大字柿 第8区画,5110001,24202,POSTAL+ADMIN,2026-07-25,v1,FROZEN,b6ad38b630dac89345d50240c03f19986d9f5bfdc85c1e28dd4edc61ed1f259c,35.05402,136.6563,TOWN_CENTROID,B,VERIFIED
MIE03-000196,MIE-03,三重県,三重郡,川越町大字豊田 第8区画,5110001,24202,POSTAL+ADMIN,2026-07-25,v1,FROZEN,99a2aa08f08b8bc72e260548df684fa4825f4d6e3854c8becde2726fe3a728d9,35.05594,136.6574,TOWN_CENTROID,B,VERIFIED
MIE03-000197,MIE-03,三重県,桑名郡,木曽岬町加畑 第9区画,5110001,24202,POSTAL+ADMIN,2026-07-25,v1,FROZEN,f2b72ade56c4e131a72dd79a5fe326afd19d8fc0f99cadfa19f4343838e52813,35.05514,136.66186,TOWN_CENTROID,B,VERIFIED
MIE03-000198,MIE-03,三重県,桑名郡,木曽岬町源緑輪中 第9区画,5110001,24202,POSTAL+ADMIN,2026-07-25,v1,FROZEN,bc85e2a749990f70d2f632e2975331b85f5a2718b5601e32c0ada9385c25fc33,35.05434,136.66128,TOWN_CENTROID,B,VERIFIED
MIE03-000199,MIE-03,三重県,員弁郡,東員町穴太 第9区画,5110001,24202,POSTAL+ADMIN,2026-07-25,v1,FROZEN,0b037b497651c082a283d7c2c7f685c4b4094a0da828db785225204581b60bec,35.05482,136.66462,TOWN_CENTROID,B,VERIFIED
MIE03-000200,MIE-03,三重県,員弁郡,東員町笹尾東1丁目 第9区画,5110001,24202,POSTAL+ADMIN,2026-07-25,v1,FROZEN,d1ea8714c48e6acbc5130ec11910383ca28093742bebdded3d7ff25d3ac675e4,35.0572,136.6354,TOWN_CENTROID,B,VERIFIED
MIE03-000201,MIE-03,三重県,員弁郡,東員町笹尾東2丁目 第9区画,5110001,24202,POSTAL+ADMIN,2026-07-25,v1,FROZEN,4378fb1f46dafdabe5f283f213cc987e758ed849b2b0385b36987e5004e2c5fb,35.05664,136.63762,TOWN_CENTROID,B,VERIFIED
MIE03-000202,MIE-03,三重県,員弁郡,東員町笹尾東3丁目 第9区画,5110001,24202,POSTAL+ADMIN,2026-07-25,v1,FROZEN,bb9e850ac64620a5a533898e515c12b8f02c3e38ddfc4c74631aa03f61a2db0e,35.05568,136.63608,TOWN_CENTROID,B,VERIFIED
MIE03-000203,MIE-03,三重県,三重郡,菰野町大字菰野 第9区画,5110001,24202,POSTAL+ADMIN,2026-07-25,v1,FROZEN,01277adbfb896bc7df2337eb06f91ea83a949c000e23593a154024cbaa7b205b,35.05608,136.63862,TOWN_CENTROID,B,VERIFIED
MIE03-000204,MIE-03,三重県,三重郡,朝日町大字柿 第9区画,5110001,24202,POSTAL+ADMIN,2026-07-25,v1,FROZEN,293e97a786f1d30ba68a3bc18566228338365359d41597ccb9e60ae669ae02dd,35.0556,136.6426,TOWN_CENTROID,B,VERIFIED
MIE03-000205,MIE-03,三重県,三重郡,川越町大字豊田 第9区画,5110001,24202,POSTAL+ADMIN,2026-07-25,v1,FROZEN,6f07ef0f20e5a7dab5198b3760ea8f0dc2bddc025da298c15698133797c64948,35.05424,136.64274,TOWN_CENTROID,B,VERIFIED
MIE03-000206,MIE-03,三重県,桑名郡,木曽岬町加畑 第10区画,5110001,24202,POSTAL+ADMIN,2026-07-25,v1,FROZEN,16cf67f513b4d026c0905acdf6fc6180edd37385f06bac0157c34a7e55eb6d67,35.056,136.64512,TOWN_CENTROID,B,VERIFIED
MIE03-000207,MIE-03,三重県,桑名郡,木曽岬町源緑輪中 第10区画,5110001,24202,POSTAL+ADMIN,2026-07-25,v1,FROZEN,27185653c72b812dcf91912941b8a11f071ff5ef3a3b23496a387915b449339f,35.05568,136.64454,TOWN_CENTROID,B,VERIFIED
MIE03-000208,MIE-03,三重県,員弁郡,東員町穴太 第10区画,5110001,24202,POSTAL+ADMIN,2026-07-25,v1,FROZEN,ea17eb1934bdd5e4ca5030373a8a2b5e0dfbc637866a4831bf5fd6222458e7fe,35.0576,136.64772,TOWN_CENTROID,B,VERIFIED
MIE03-000209,MIE-03,三重県,員弁郡,東員町笹尾東1丁目 第10区画,5110001,24202,POSTAL+ADMIN,2026-07-25,v1,FROZEN,4b235bc4a224d8d0bd74cb129118ebcd22fdbf9cbd6ef3d525aa8b48b405ec71,35.05472,136.64978,TOWN_CENTROID,B,VERIFIED
MIE03-000210,MIE-03,三重県,員弁郡,東員町笹尾東2丁目 第10区画,5110001,24202,POSTAL+ADMIN,2026-07-25,v1,FROZEN,1a646002c45c59c0c76ec53faaf98d654c19ae825277112f31ad41c8925782f6,35.05592,136.65032,TOWN_CENTROID,B,VERIFIED
MIE03-000211,MIE-03,三重県,員弁郡,東員町笹尾東3丁目 第10区画,5110001,24202,POSTAL+ADMIN,2026-07-25,v1,FROZEN,78486b78729830216c5bdc312607909653b02197664832e91e381eeda35e60ba,35.05456,136.65022,TOWN_CENTROID,B,VERIFIED
MIE03-000212,MIE-03,三重県,三重郡,菰野町大字菰野 第10区画,5110001,24202,POSTAL+ADMIN,2026-07-25,v1,FROZEN,4a50ca08c46c7b86d89a5f5f370819785cbb0b43581eccfaa6f99f49ca89dc3b,35.0572,136.65268,TOWN_CENTROID,B,VERIFIED
MIE03-000213,MIE-03,三重県,三重郡,朝日町大字柿 第10区画,5110001,24202,POSTAL+ADMIN,2026-07-25,v1,FROZEN,71bfc90eae4f5c59b098c1ff4e55e41faf435052cf07e5724c0c8982d45dad0a,35.0564,136.65538,TOWN_CENTROID,B,VERIFIED
MIE03-000214,MIE-03,三重県,三重郡,川越町大字豊田 第10区画,5110001,24202,POSTAL+ADMIN,2026-07-25,v1,FROZEN,59392e3bd1ef45719f6f3f98b258c10bbbbf32e00a65ef53410da8bafd182a6d,35.05536,136.65704,TOWN_CENTROID,B,VERIFIED
MIE03-000215,MIE-03,三重県,桑名郡,木曽岬町加畑 第11区画,5110001,24202,POSTAL+ADMIN,2026-07-25,v1,FROZEN,315724cee9e882d8a101d7facc3d0f599025cd77bb01bcd1c29d0c3b61b67352,35.05408,136.65846,TOWN_CENTROID,B,VERIFIED
MIE03-000216,MIE-03,三重県,桑名郡,木曽岬町源緑輪中 第11区画,5110001,24202,POSTAL+ADMIN,2026-07-25,v1,FROZEN,2222292b88e121a27994b5408cff51cb8cf5b3ac4d7978b91c5aa3abb2028083,35.05456,136.65948,TOWN_CENTROID,B,VERIFIED
MIE03-000217,MIE-03,三重県,員弁郡,東員町穴太 第11区画,5110001,24202,POSTAL+ADMIN,2026-07-25,v1,FROZEN,fdb93032bb2a37d230d878fde2004f40e5c0a70f2b600e5689d6e4b5af999646,35.05696,136.66162,TOWN_CENTROID,B,VERIFIED
MIE03-000218,MIE-03,三重県,員弁郡,東員町笹尾東1丁目 第11区画,5110001,24202,POSTAL+ADMIN,2026-07-25,v1,FROZEN,37561de8d436173135acf393eab5e922765c0aeeed8a386a1b4942dfb98b4956,35.05776,136.6612,TOWN_CENTROID,B,VERIFIED
MIE03-000219,MIE-03,三重県,員弁郡,東員町笹尾東2丁目 第11区画,5110001,24202,POSTAL+ADMIN,2026-07-25,v1,FROZEN,44b0e9480a37f815f36107bf5b938a6e090b79ed6eaa744978a61b6dcfe548db,35.05576,136.6651,TOWN_CENTROID,B,VERIFIED
MIE03-000220,MIE-03,三重県,員弁郡,東員町笹尾東3丁目 第11区画,5110001,24202,POSTAL+ADMIN,2026-07-25,v1,FROZEN,3ba2d9ca831ead362064227db357e0826b2adb2f2ffbbf55fc69125621a0ea09,35.0559,136.6358,TOWN_CENTROID,B,VERIFIED
MIE03-000221,MIE-03,三重県,三重郡,菰野町大字菰野 第11区画,5110001,24202,POSTAL+ADMIN,2026-07-25,v1,FROZEN,c5e007dee0af9040e91f53ba0b28db4647d75a21299bda7e205205d2ad266db7,35.0563,136.6365,TOWN_CENTROID,B,VERIFIED
MIE03-000222,MIE-03,三重県,三重郡,朝日町大字柿 第11区画,5110001,24202,POSTAL+ADMIN,2026-07-25,v1,FROZEN,4e843e4535c96d69b5ce2e4ccfa7478a9394bf96ee16db558219ddc4f0d75107,35.05622,136.63928,TOWN_CENTROID,B,VERIFIED
MIE03-000223,MIE-03,三重県,三重郡,川越町大字豊田 第11区画,5110001,24202,POSTAL+ADMIN,2026-07-25,v1,FROZEN,57aee6951e7be5cf41f3a799ecd5aa8701dcf65a1e344415fb20f46cc476d6c0,35.0575,136.64038,TOWN_CENTROID,B,VERIFIED
MIE03-000224,MIE-03,三重県,桑名郡,木曽岬町加畑 第12区画,5110001,24202,POSTAL+ADMIN,2026-07-25,v1,FROZEN,188df2a85c0bb89ef9e51a537bef5e04da9df5c1af5e9350008d38b9d365bd5b,35.0551,136.641,TOWN_CENTROID,B,VERIFIED
MIE03-000225,MIE-03,三重県,桑名郡,木曽岬町源緑輪中 第12区画,5110001,24202,POSTAL+ADMIN,2026-07-25,v1,FROZEN,907b43d5789f6d187de0a2d53dae4e2688e0c0bc2e0a4b5e07cee01490a2fc83,35.0587,136.6429,TOWN_CENTROID,B,VERIFIED
MIE03-000226,MIE-03,三重県,員弁郡,東員町穴太 第12区画,5110001,24202,POSTAL+ADMIN,2026-07-25,v1,FROZEN,817e700b0cee0a3930ddacadfa6008a3a7950b213d271c26294b64384e6ec68a,35.05622,136.6448,TOWN_CENTROID,B,VERIFIED
MIE03-000227,MIE-03,三重県,員弁郡,東員町笹尾東1丁目 第12区画,5110001,24202,POSTAL+ADMIN,2026-07-25,v1,FROZEN,445ca43eab0f09354769b15970f5de1a67c051ba93cd82e876a2fb56e3b18471,35.0571,136.64662,TOWN_CENTROID,B,VERIFIED
MIE03-000228,MIE-03,三重県,員弁郡,東員町笹尾東2丁目 第12区画,5110001,24202,POSTAL+ADMIN,2026-07-25,v1,FROZEN,783a2cdffe57e9f4c7043c1694ffebb3c13da4e389d3a9f843288cd2a2b0c3f7,35.05558,136.64724,TOWN_CENTROID,B,VERIFIED
MIE03-000229,MIE-03,三重県,員弁郡,東員町笹尾東3丁目 第12区画,5110001,24202,POSTAL+ADMIN,2026-07-25,v1,FROZEN,203b2968985a4bf96c2e51a2c71736a402123092de6b53c943c4c819399cc52f,35.05862,136.64666,TOWN_CENTROID,B,VERIFIED
MIE03-000230,MIE-03,三重県,三重郡,菰野町大字菰野 第12区画,5110001,24202,POSTAL+ADMIN,2026-07-25,v1,FROZEN,a5aaa48de04bcfa37ee0bba8d302f9f65f453cffc21235126cc3f6ae8623beac,35.05574,136.65048,TOWN_CENTROID,B,VERIFIED
MIE03-000231,MIE-03,三重県,三重郡,朝日町大字柿 第12区画,5110001,24202,POSTAL+ADMIN,2026-07-25,v1,FROZEN,f3a50cfc12ae84670a0fea072d07a2bc308f4dc7c20e382d057641de94fd78f8,35.0559,136.64974,TOWN_CENTROID,B,VERIFIED
MIE03-000232,MIE-03,三重県,三重郡,川越町大字豊田 第12区画,5110001,24202,POSTAL+ADMIN,2026-07-25,v1,FROZEN,cfa29bc86e0816cbbd73c271b4229bd3553421a261769549652448571a02328f,35.05878,136.65492,TOWN_CENTROID,B,VERIFIED
MIE03-000233,MIE-03,三重県,桑名郡,木曽岬町加畑 第13区画,5110001,24202,POSTAL+ADMIN,2026-07-25,v1,FROZEN,28976bcc99f685f287b8900388859c793294c62db259630c667863d041742b44,35.05606,136.65306,TOWN_CENTROID,B,VERIFIED
MIE03-000234,MIE-03,三重県,桑名郡,木曽岬町源緑輪中 第13区画,5110001,24202,POSTAL+ADMIN,2026-07-25,v1,FROZEN,831d07f85a2b9e8e38537986225d085ded4ecc8c68f4f4f3fec7b6687f0e2bb4,35.05662,136.65704,TOWN_CENTROID,B,VERIFIED
MIE03-000235,MIE-03,三重県,員弁郡,東員町穴太 第13区画,5110001,24202,POSTAL+ADMIN,2026-07-25,v1,FROZEN,619d0243a090e1a1da2b29e342675a0c0ffb9fa59f43017e8f01ad522bfa12af,35.05782,136.65566,TOWN_CENTROID,B,VERIFIED
MIE03-000236,MIE-03,三重県,員弁郡,東員町笹尾東1丁目 第13区画,5110001,24202,POSTAL+ADMIN,2026-07-25,v1,FROZEN,c0649d96a94926c3adf63fbe28c73f3a6ccba8f526055812eb990d89b48539b0,35.05782,136.65812,TOWN_CENTROID,B,VERIFIED
MIE03-000237,MIE-03,三重県,員弁郡,東員町笹尾東2丁目 第13区画,5110001,24202,POSTAL+ADMIN,2026-07-25,v1,FROZEN,6a498667f8affb3cceef742fae1b4a552175c2a35eb5861ffd8a9fcd79c597f0,35.05638,136.65954,TOWN_CENTROID,B,VERIFIED
MIE03-000238,MIE-03,三重県,員弁郡,東員町笹尾東3丁目 第13区画,5110001,24202,POSTAL+ADMIN,2026-07-25,v1,FROZEN,58a3dcdc32a1e7d39eb69a12f2f4c7f27e7b4eb87f6aad770b6304724fe09b15,35.05742,136.66232,TOWN_CENTROID,B,VERIFIED
MIE03-000239,MIE-03,三重県,三重郡,菰野町大字菰野 第13区画,5110001,24202,POSTAL+ADMIN,2026-07-25,v1,FROZEN,9c8541dcc253344af7fc751f371b8fb93abcb4d81326d15d384be4091a9d538b,35.05566,136.66246,TOWN_CENTROID,B,VERIFIED
MIE03-000240,MIE-03,三重県,三重郡,朝日町大字柿 第13区画,5110001,24202,POSTAL+ADMIN,2026-07-25,v1,FROZEN,f42537466698b8d954ec8697a512e51b02503151a7461cbac02489bc0552d0c9,35.05708,136.63548,TOWN_CENTROID,B,VERIFIED
MIE03-000241,MIE-03,三重県,三重郡,川越町大字豊田 第13区画,5110001,24202,POSTAL+ADMIN,2026-07-25,v1,FROZEN,4c292c309e3df65d1ea2102227b6dc030379fa88f4038ac9c5200d0e396e17cb,35.05772,136.63682,TOWN_CENTROID,B,VERIFIED
MIE03-000242,MIE-03,三重県,桑名郡,木曽岬町加畑 第14区画,5110001,24202,POSTAL+ADMIN,2026-07-25,v1,FROZEN,695573cfc744f1d36b9b0bc5c0ef6141b76d626d86006800795942bc969c3c62,35.0582,136.63656,TOWN_CENTROID,B,VERIFIED
MIE03-000243,MIE-03,三重県,桑名郡,木曽岬町源緑輪中 第14区画,5110001,24202,POSTAL+ADMIN,2026-07-25,v1,FROZEN,bf19cdfabdb04f9d5cfec0bbb0f74e84d3f055821ff0ef284e52928951370890,35.05996,136.63846,TOWN_CENTROID,B,VERIFIED
MIE03-000244,MIE-03,三重県,員弁郡,東員町穴太 第14区画,5110001,24202,POSTAL+ADMIN,2026-07-25,v1,FROZEN,1130c64affb7dd8ae216db069adb93816ac8911590f746848b68a448879cafec,35.0574,136.6398,TOWN_CENTROID,B,VERIFIED
MIE03-000245,MIE-03,三重県,員弁郡,東員町笹尾東1丁目 第14区画,5110001,24202,POSTAL+ADMIN,2026-07-25,v1,FROZEN,e134efb45a6064506f213bbd829a87047fae3774bbc6a9cc9b8cbd532be289c9,35.0562,136.6425,TOWN_CENTROID,B,VERIFIED
MIE03-000246,MIE-03,三重県,員弁郡,東員町笹尾東2丁目 第14区画,5110001,24202,POSTAL+ADMIN,2026-07-25,v1,FROZEN,4b9a342961e4083992151fc7c6c2805d0827d000b514f572d53e5e82801f51e2,35.05964,136.64296,TOWN_CENTROID,B,VERIFIED
MIE03-000247,MIE-03,三重県,員弁郡,東員町笹尾東3丁目 第14区画,5110001,24202,POSTAL+ADMIN,2026-07-25,v1,FROZEN,afffa4e4822e7369210f5d95c117cc36e352772b96cb2d3364471760afb95b4b,35.057,136.64526,TOWN_CENTROID,B,VERIFIED
MIE03-000248,MIE-03,三重県,三重郡,菰野町大字菰野 第14区画,5110001,24202,POSTAL+ADMIN,2026-07-25,v1,FROZEN,0fa06d128c2451a6b0aef48c522a2eb35c2b89365e9e356cad60aa8aa4c69706,35.05892,136.64788,TOWN_CENTROID,B,VERIFIED
MIE03-000249,MIE-03,三重県,三重郡,朝日町大字柿 第14区画,5110001,24202,POSTAL+ADMIN,2026-07-25,v1,FROZEN,0da3cafa5d8618e34044598e4de7defde4c1fed114d6eea9f2c145fbc1384db3,35.05868,136.64986,TOWN_CENTROID,B,VERIFIED
MIE03-000250,MIE-03,三重県,三重郡,川越町大字豊田 第14区画,5110001,24202,POSTAL+ADMIN,2026-07-25,v1,FROZEN,8858087bf9ff693b8b6257263e5ecceff8cbc0a1d933a68ed41b06d18d21d935,35.05964,136.65168,TOWN_CENTROID,B,VERIFIED
MIE03-000251,MIE-03,三重県,桑名郡,木曽岬町加畑 第15区画,5110001,24202,POSTAL+ADMIN,2026-07-25,v1,FROZEN,425cf61012de9c01a20a5a334f798efe88c004ab3ee1d1b62014f8b0679d74b1,35.05628,136.65246,TOWN_CENTROID,B,VERIFIED
MIE03-000252,MIE-03,三重県,桑名郡,木曽岬町源緑輪中 第15区画,5110001,24202,POSTAL+ADMIN,2026-07-25,v1,FROZEN,851ebb71faf4c774b589c531b4699a44a7e9365df22cd9304366c597c1242769,35.05668,136.65228,TOWN_CENTROID,B,VERIFIED
MIE03-000253,MIE-03,三重県,員弁郡,東員町穴太 第15区画,5110001,24202,POSTAL+ADMIN,2026-07-25,v1,FROZEN,dcc3be8b41c39c29730d276b7385f9784e541b334e1722cbd11af25516746b38,35.05788,136.6553,TOWN_CENTROID,B,VERIFIED
MIE03-000254,MIE-03,三重県,員弁郡,東員町笹尾東1丁目 第15区画,5110001,24202,POSTAL+ADMIN,2026-07-25,v1,FROZEN,10c2813bf8c50c98ae27b8c75f4ec41138641b4d2c80dbdfbbf41463722e9447,35.0586,136.65584,TOWN_CENTROID,B,VERIFIED
MIE03-000255,MIE-03,三重県,員弁郡,東員町笹尾東2丁目 第15区画,5110001,24202,POSTAL+ADMIN,2026-07-25,v1,FROZEN,fc9b3729fd8b3e97487b6a24317dd117a367c6dc3ba6224ea63be16cced84c3b,35.05876,136.6571,TOWN_CENTROID,B,VERIFIED
MIE03-000256,MIE-03,三重県,員弁郡,東員町笹尾東3丁目 第15区画,5110001,24202,POSTAL+ADMIN,2026-07-25,v1,FROZEN,ac3bd9fcca4295796efd66fae2996cef5b86bea20b890a3d5f71df7303a4dba6,35.05852,136.65908,TOWN_CENTROID,B,VERIFIED
MIE03-000257,MIE-03,三重県,三重郡,菰野町大字菰野 第15区画,5110001,24202,POSTAL+ADMIN,2026-07-25,v1,FROZEN,68eb13619835282aeb6f6b3db5c1afea81e012544a89e89dcd05a4daebfdadb4,35.0566,136.6597,TOWN_CENTROID,B,VERIFIED
MIE03-000258,MIE-03,三重県,三重郡,朝日町大字柿 第15区画,5110001,24202,POSTAL+ADMIN,2026-07-25,v1,FROZEN,d413a0c1aa4dde8b207dafb59861ad9bd2607887dedcd85ddaba462cc8ca0a2a,35.0578,136.66304,TOWN_CENTROID,B,VERIFIED
MIE03-000259,MIE-03,三重県,三重郡,川越町大字豊田 第15区画,5110001,24202,POSTAL+ADMIN,2026-07-25,v1,FROZEN,f2feab6c576939a2ce0356de1c58c5ffcab5c22dc09915f8170c5fe42cd5f934,35.05908,136.66542,TOWN_CENTROID,B,VERIFIED
MIE03-000260,MIE-03,三重県,桑名郡,木曽岬町加畑 第16区画,5110001,24202,POSTAL+ADMIN,2026-07-25,v1,FROZEN,13492aa7874871fde815eb2c6dd7b33efd607b3cca068bd122e2c9f6ced8ac5f,35.05762,136.63396,TOWN_CENTROID,B,VERIFIED
MIE03-000261,MIE-03,三重県,桑名郡,木曽岬町源緑輪中 第16区画,5110001,24202,POSTAL+ADMIN,2026-07-25,v1,FROZEN,d581a4d314771213640e86ce10408d41af0874bff5b2f058a94eea2e9ed54f33,35.06018,136.63586,TOWN_CENTROID,B,VERIFIED
MIE03-000262,MIE-03,三重県,員弁郡,東員町穴太 第16区画,5110001,24202,POSTAL+ADMIN,2026-07-25,v1,FROZEN,51d8ed9ebc2d2809d9bdf92dbae61efcf9708c1532d850c04d24e8e3d5f1024d,35.05914,136.63856,TOWN_CENTROID,B,VERIFIED
MIE03-000263,MIE-03,三重県,員弁郡,東員町笹尾東1丁目 第16区画,5110001,24202,POSTAL+ADMIN,2026-07-25,v1,FROZEN,a122b3fc2efa5c9ed169e12c0a68a797192ff9803af4a751681e3b02bc92d99e,35.06066,136.6399,TOWN_CENTROID,B,VERIFIED
MIE03-000264,MIE-03,三重県,員弁郡,東員町笹尾東2丁目 第16区画,5110001,24202,POSTAL+ADMIN,2026-07-25,v1,FROZEN,9fc7431f19849a37689f7276a52af6a5d79ef02b8da704bb6ded409928dbfa80,35.05866,136.6418,TOWN_CENTROID,B,VERIFIED
MIE03-000265,MIE-03,三重県,員弁郡,東員町笹尾東3丁目 第16区画,5110001,24202,POSTAL+ADMIN,2026-07-25,v1,FROZEN,62b02c14b63033189a09bbbc0cc1f1ce6d408efb38d2d4c696e15fc287c6b688,35.0589,136.64234,TOWN_CENTROID,B,VERIFIED
MIE03-000266,MIE-03,三重県,三重郡,菰野町大字菰野 第16区画,5110001,24202,POSTAL+ADMIN,2026-07-25,v1,FROZEN,1990f3a34ad71523b7b18f0b4fb3f62b7a84da9a985ab49d24df64e9abc790be,35.05914,136.64432,TOWN_CENTROID,B,VERIFIED
MIE03-000267,MIE-03,三重県,三重郡,朝日町大字柿 第16区画,5110001,24202,POSTAL+ADMIN,2026-07-25,v1,FROZEN,95084ecd8c1805e405d2408ee8612e6b61ba82e920c65ed6a0a50704c5512f0d,35.06114,136.6467,TOWN_CENTROID,B,VERIFIED
MIE03-000268,MIE-03,三重県,三重郡,川越町大字豊田 第16区画,5110001,24202,POSTAL+ADMIN,2026-07-25,v1,FROZEN,760a93f53f3f55356cd82a4a94371e003471f234440e282d08f006f2f6fe0ab5,35.05994,136.6466,TOWN_CENTROID,B,VERIFIED
MIE03-000269,MIE-03,三重県,桑名郡,木曽岬町加畑 第17区画,5110001,24202,POSTAL+ADMIN,2026-07-25,v1,FROZEN,566fd1b3b47140eecbf59dbfadf6d189071fe093ebe68d669b51119bb912cc86,35.05986,136.64762,TOWN_CENTROID,B,VERIFIED
MIE03-000270,MIE-03,三重県,桑名郡,木曽岬町源緑輪中 第17区画,5110001,24202,POSTAL+ADMIN,2026-07-25,v1,FROZEN,6bb688c3a491188ff0788b2d428ab9e7fbb0452be32bd1aa4168956b2bb235f9,35.06074,136.6512,TOWN_CENTROID,B,VERIFIED
MIE03-000271,MIE-03,三重県,員弁郡,東員町穴太 第17区画,5110001,24202,POSTAL+ADMIN,2026-07-25,v1,FROZEN,491719c2b314226772b3d2b31eefb7b0db3095fcbac36f90f41cf8a01da7fedf,35.06098,136.65342,TOWN_CENTROID,B,VERIFIED
MIE03-000272,MIE-03,三重県,員弁郡,東員町笹尾東1丁目 第17区画,5110001,24202,POSTAL+ADMIN,2026-07-25,v1,FROZEN,b6a13bb76d4995bbd8d04b40fb4240108a9755906154b7add50b2c82e53b2458,35.05834,136.65228,TOWN_CENTROID,B,VERIFIED
MIE03-000273,MIE-03,三重県,員弁郡,東員町笹尾東2丁目 第17区画,5110001,24202,POSTAL+ADMIN,2026-07-25,v1,FROZEN,2ce7060fd7b82676f8691e63724fc26d8e3064a5eee7ceb6d3d56c56ccd1efe8,35.05778,136.65578,TOWN_CENTROID,B,VERIFIED
MIE03-000274,MIE-03,三重県,員弁郡,東員町笹尾東3丁目 第17区画,5110001,24202,POSTAL+ADMIN,2026-07-25,v1,FROZEN,abbeb99d54e8d0418b62a2970d5f5258edd4a140b00fd99fde2ac85c90612b1d,35.05986,136.65736,TOWN_CENTROID,B,VERIFIED
MIE03-000275,MIE-03,三重県,三重郡,菰野町大字菰野 第17区画,5110001,24202,POSTAL+ADMIN,2026-07-25,v1,FROZEN,43dae9914d112c01c087a9ac56eb85222e383901551a6720b986f996b6e62791,35.06002,136.65766,TOWN_CENTROID,B,VERIFIED
MIE03-000276,MIE-03,三重県,三重郡,朝日町大字柿 第17区画,5110001,24202,POSTAL+ADMIN,2026-07-25,v1,FROZEN,7ccc17e6d7f56bae8bb243623f2da990d4976f878be68369c97f57f78638507a,35.05994,136.66036,TOWN_CENTROID,B,VERIFIED
MIE03-000277,MIE-03,三重県,三重郡,川越町大字豊田 第17区画,5110001,24202,POSTAL+ADMIN,2026-07-25,v1,FROZEN,6db1aba35a5123455d469ba7d24b340c5ce6b3d23eb3ac354211cba9b149de17,35.05914,136.6601,TOWN_CENTROID,B,VERIFIED
MIE03-000278,MIE-03,三重県,桑名郡,木曽岬町加畑 第18区画,5110001,24202,POSTAL+ADMIN,2026-07-25,v1,FROZEN,6f267489da62212036ccd59d3827ff04f7de635fb3adab0853521a31a62f17ff,35.06058,136.66144,TOWN_CENTROID,B,VERIFIED
MIE03-000279,MIE-03,三重県,桑名郡,木曽岬町源緑輪中 第18区画,5110001,24202,POSTAL+ADMIN,2026-07-25,v1,FROZEN,85e5230a7fdf5a71ffdaf91a8124135d0e30df8bf1ead8ac68c979b756fabea5,35.05946,136.66462,TOWN_CENTROID,B,VERIFIED
MIE03-000280,MIE-03,三重県,員弁郡,東員町穴太 第18区画,5110001,24202,POSTAL+ADMIN,2026-07-25,v1,FROZEN,f819f86263cda71642c1bac8ab61aa59117d1d0dc86074e2d4b8ef6b505e5bcb,35.06,136.6338,TOWN_CENTROID,B,VERIFIED
MIE03-000281,MIE-03,三重県,員弁郡,東員町笹尾東1丁目 第18区画,5110001,24202,POSTAL+ADMIN,2026-07-25,v1,FROZEN,ff6f714d69a18929a6da7a6af3f408eac6a93b655835eb4d3162ee7d85cda75b,35.06096,136.63466,TOWN_CENTROID,B,VERIFIED
MIE03-000282,MIE-03,三重県,員弁郡,東員町笹尾東2丁目 第18区画,5110001,24202,POSTAL+ADMIN,2026-07-25,v1,FROZEN,c7896aa15b3ae430daaf6794409b12f83e77edb9043f46335f7476b4f7d2927c,35.06184,136.6384,TOWN_CENTROID,B,VERIFIED
MIE03-000283,MIE-03,三重県,員弁郡,東員町笹尾東3丁目 第18区画,5110001,24202,POSTAL+ADMIN,2026-07-25,v1,FROZEN,6d3a9ade712634b3d21bc846364918d05b58e9b924879b19a178da41734b4ee6,35.06088,136.6391,TOWN_CENTROID,B,VERIFIED
MIE03-000284,MIE-03,三重県,三重郡,菰野町大字菰野 第18区画,5110001,24202,POSTAL+ADMIN,2026-07-25,v1,FROZEN,66a55618e0d1ddada06c48709d9d30755a1e4764a35e601a2db1c8681198101b,35.06032,136.6426,TOWN_CENTROID,B,VERIFIED
MIE03-000285,MIE-03,三重県,三重郡,朝日町大字柿 第18区画,5110001,24202,POSTAL+ADMIN,2026-07-25,v1,FROZEN,99df429ae4d0768e28af44ec6ebac2c8f232d0906cad6c6f17194b25fbbcd38d,35.05912,136.64354,TOWN_CENTROID,B,VERIFIED
MIE03-000286,MIE-03,三重県,三重郡,川越町大字豊田 第18区画,5110001,24202,POSTAL+ADMIN,2026-07-25,v1,FROZEN,aa452935f6b956173a9e9df54d72561c63673415d3c98d89412fb6b36d81dd1f,35.0596,136.6448,TOWN_CENTROID,B,VERIFIED
MIE03-000287,MIE-03,三重県,桑名郡,木曽岬町加畑 第19区画,5110001,24202,POSTAL+ADMIN,2026-07-25,v1,FROZEN,3bb54d2cf791eaa39144aa9edc1217ae2f293eec67ac9fd71742be4417d503e9,35.062,136.64742,TOWN_CENTROID,B,VERIFIED
MIE03-000288,MIE-03,三重県,桑名郡,木曽岬町源緑輪中 第19区画,5110001,24202,POSTAL+ADMIN,2026-07-25,v1,FROZEN,b19cd691250d0d6f28f9c591a3c35282448c805e095b6b0e2753bc1e7710c4e7,35.06168,136.64716,TOWN_CENTROID,B,VERIFIED
MIE03-000289,MIE-03,三重県,員弁郡,東員町穴太 第19区画,5110001,24202,POSTAL+ADMIN,2026-07-25,v1,FROZEN,7ad87288be60509c04ce46c460fd09fa944bd58b1ff3b787e0dc537032fc56f1,35.06088,136.64714,TOWN_CENTROID,B,VERIFIED
MIE03-000290,MIE-03,三重県,員弁郡,東員町笹尾東1丁目 第19区画,5110001,24202,POSTAL+ADMIN,2026-07-25,v1,FROZEN,23f26cacf0d6bb49246681b329a1bcf9271f9d6e2e1cb8db325a5b9490b2394e,35.06152,136.64816,TOWN_CENTROID,B,VERIFIED
MIE03-000291,MIE-03,三重県,員弁郡,東員町笹尾東2丁目 第19区画,5110001,24202,POSTAL+ADMIN,2026-07-25,v1,FROZEN,19e5a89403f67f5376da8ee0687473f7963050b42026056337ea12f01b9489ec,35.05976,136.65326,TOWN_CENTROID,B,VERIFIED
MIE03-000292,MIE-03,三重県,員弁郡,東員町笹尾東3丁目 第19区画,5110001,24202,POSTAL+ADMIN,2026-07-25,v1,FROZEN,d45b56bf8f0a3e1ef676be9b3e8d165b264eb8137aa3aaa4c281754fe5a0fcb9,35.06,136.65308,TOWN_CENTROID,B,VERIFIED
MIE03-000293,MIE-03,三重県,三重郡,菰野町大字菰野 第19区画,5110001,24202,POSTAL+ADMIN,2026-07-25,v1,FROZEN,5b72de630a1bd64f3c7900d6128aa5e47d0315a64216f2be08da0f160c32d100,35.05936,136.6553,TOWN_CENTROID,B,VERIFIED
MIE03-000294,MIE-03,三重県,三重郡,朝日町大字柿 第19区画,5110001,24202,POSTAL+ADMIN,2026-07-25,v1,FROZEN,791ab0466c282a9e9b253a2f2a463a15e656da7ff7e8b9d35b4e84341e8dc307,35.06048,136.65608,TOWN_CENTROID,B,VERIFIED
MIE03-000295,MIE-03,三重県,三重郡,川越町大字豊田 第19区画,5110001,24202,POSTAL+ADMIN,2026-07-25,v1,FROZEN,e9dd3eb8b49a01e2f9e4b8f666c287eb688399312c4eca15bde59d4de7bf8432,35.06016,136.65758,TOWN_CENTROID,B,VERIFIED
MIE03-000296,MIE-03,三重県,桑名郡,木曽岬町加畑 第20区画,5110001,24202,POSTAL+ADMIN,2026-07-25,v1,FROZEN,2c4cac8599c09271e242b88432f555c99bf880d140d118d684d3950b1eef2c48,35.06024,136.65884,TOWN_CENTROID,B,VERIFIED
MIE03-000297,MIE-03,三重県,桑名郡,木曽岬町源緑輪中 第20区画,5110001,24202,POSTAL+ADMIN,2026-07-25,v1,FROZEN,a147579036471b80eea588d17e2320bca28207db735d524471ca20151a7485a5,35.05896,136.66026,TOWN_CENTROID,B,VERIFIED
MIE03-000298,MIE-03,三重県,員弁郡,東員町穴太 第20区画,5110001,24202,POSTAL+ADMIN,2026-07-25,v1,FROZEN,ffdd18203790c7f210ddb4c1c6fcee21804277d2b12ea8c1c4c58638097b9743,35.05896,136.66,TOWN_CENTROID,B,VERIFIED
MIE03-000299,MIE-03,三重県,員弁郡,東員町笹尾東1丁目 第20区画,5110001,24202,POSTAL+ADMIN,2026-07-25,v1,FROZEN,abd8940c094fbce8499fb794dc85caac4fd101ed782aefe65558d69274c7494f,35.06152,136.66262,TOWN_CENTROID,B,VERIFIED
MIE03-000300,MIE-03,三重県,員弁郡,東員町笹尾東2丁目 第20区画,5110001,24202,POSTAL+ADMIN,2026-07-25,v1,FROZEN,1344513e9a04f53381f7ffeac6aee201a09fa0a3bd554f575a90e107a4abd10e,35.0631,136.6362,TOWN_CENTROID,B,VERIFIED
MIE03-000301,MIE-03,三重県,員弁郡,東員町笹尾東3丁目 第20区画,5110001,24202,POSTAL+ADMIN,2026-07-25,v1,FROZEN,a54d8ad8c8e23ffafbc2666031f61d2a08c5364e2feb7cb6ec9fc2b328b1881c,35.0619,136.63458,TOWN_CENTROID,B,VERIFIED
MIE03-000302,MIE-03,三重県,三重郡,菰野町大字菰野 第20区画,5110001,24202,POSTAL+ADMIN,2026-07-25,v1,FROZEN,ad14d2a62655faca656a7dcd86ba8a32b264edbb9c831509c5ca16ae03e55e40,35.06238,136.6384,TOWN_CENTROID,B,VERIFIED
MIE03-000303,MIE-03,三重県,三重郡,朝日町大字柿 第20区画,5110001,24202,POSTAL+ADMIN,2026-07-25,v1,FROZEN,e034993c04c1e097ba8fde3129406a983754037b88e8d64e1e386969310ab03a,35.06206,136.64134,TOWN_CENTROID,B,VERIFIED
MIE03-000304,MIE-03,三重県,三重郡,川越町大字豊田 第20区画,5110001,24202,POSTAL+ADMIN,2026-07-25,v1,FROZEN,23efebb2c7f081df0ec25aeed6fcf498796f5043174880b551efc73fe969e901,35.0615,136.64212,TOWN_CENTROID,B,VERIFIED
MIE03-000305,MIE-03,三重県,桑名市,吉之丸 第2区画,5110032,24202,POSTAL+ADMIN,2026-07-25,v1,FROZEN,888e068c0e27068e6b2008e2fdf53d357a70c5a79b55fae3e74691bad558e481,35.06254,136.64242,TOWN_CENTROID,B,VERIFIED
MIE03-000306,MIE-03,三重県,桑名市,吉之丸 第3区画,5110032,24202,POSTAL+ADMIN,2026-07-25,v1,FROZEN,1969704dabd3951b4834c9ccbd5dc21d84604e60ffdf2132b95f4a985fd9c9ed,35.06094,136.64304,TOWN_CENTROID,B,VERIFIED
MIE03-000307,MIE-03,三重県,桑名市,吉之丸 第4区画,5110032,24202,POSTAL+ADMIN,2026-07-25,v1,FROZEN,66c05193a229ac740191e1f5d6fd1e4b05e45e3a552adca90718e21d61d7f12c,35.06214,136.64614,TOWN_CENTROID,B,VERIFIED
MIE03-000308,MIE-03,三重県,桑名市,吉之丸 第5区画,5110032,24202,POSTAL+ADMIN,2026-07-25,v1,FROZEN,635f4af461cb99fa8a6975b3223e7a1a381beeb32d903f8df0a0960b7ce2231f,35.06286,136.64796,TOWN_CENTROID,B,VERIFIED
MIE03-000309,MIE-03,三重県,桑名市,吉之丸 第6区画,5110032,24202,POSTAL+ADMIN,2026-07-25,v1,FROZEN,716f1c6c57b4fe1008f3329a3389e071b51cad47c5decdb05970bc06c0635752,35.06046,136.6493,TOWN_CENTROID,B,VERIFIED
MIE03-000310,MIE-03,三重県,桑名市,吉之丸 第7区画,5110032,24202,POSTAL+ADMIN,2026-07-25,v1,FROZEN,d6aa72bd0dad9587369e1256f21c47d2be1d50c994b0a158b9cda00ed3906124,35.06302,136.6512,TOWN_CENTROID,B,VERIFIED
MIE03-000311,MIE-03,三重県,桑名市,吉之丸 第8区画,5110032,24202,POSTAL+ADMIN,2026-07-25,v1,FROZEN,c02f66162cf112cb6645fd13ddd7657ba692d982213a3b51d4ff61f944c6832e,35.0599,136.65126,TOWN_CENTROID,B,VERIFIED
MIE03-000312,MIE-03,三重県,桑名市,吉之丸 第9区画,5110032,24202,POSTAL+ADMIN,2026-07-25,v1,FROZEN,9a31ed1c8d61c37d98c5020376fcac73295d7a00a6b16664d28c7f8417e2dd7a,35.06286,136.6542,TOWN_CENTROID,B,VERIFIED
MIE03-000313,MIE-03,三重県,桑名市,吉之丸 第10区画,5110032,24202,POSTAL+ADMIN,2026-07-25,v1,FROZEN,b58c0b8f4f8b86fd21bd43ffe501030c31cd8c463113cfe672a6be1ba95159ef,35.06342,136.65394,TOWN_CENTROID,B,VERIFIED
MIE03-000314,MIE-03,三重県,桑名市,吉之丸 第11区画,5110032,24202,POSTAL+ADMIN,2026-07-25,v1,FROZEN,c1b6efdd0d04d6b59ff0682a335b6bf83c0de4ce8f7c05073aa5a1935dd62c6b,35.06326,136.65544,TOWN_CENTROID,B,VERIFIED
MIE03-000315,MIE-03,三重県,桑名市,吉之丸 第12区画,5110032,24202,POSTAL+ADMIN,2026-07-25,v1,FROZEN,bf0f4c16b8278fffc5789c3876d554d2691f1a8ba0593819a195b644657573b0,35.06166,136.65734,TOWN_CENTROID,B,VERIFIED
MIE03-000316,MIE-03,三重県,桑名市,吉之丸 第13区画,5110032,24202,POSTAL+ADMIN,2026-07-25,v1,FROZEN,df1a858d078419d5c8df9c9f229769b0d1214467a7c13fb795ecf67077fa01b8,35.05982,136.65748,TOWN_CENTROID,B,VERIFIED
MIE03-000317,MIE-03,三重県,桑名市,吉之丸 第14区画,5110032,24202,POSTAL+ADMIN,2026-07-25,v1,FROZEN,a14e559b757efaee832af454171c37778fbd68d7eeacbe6ff86e462f6e622e4e,35.06278,136.6617,TOWN_CENTROID,B,VERIFIED
MIE03-000318,MIE-03,三重県,桑名市,吉之丸 第15区画,5110032,24202,POSTAL+ADMIN,2026-07-25,v1,FROZEN,1f72f1bb01f7268855cec656bff46d910a7f754ca97e78eac537243459dce5d5,35.06278,136.6632,TOWN_CENTROID,B,VERIFIED
MIE03-000319,MIE-03,三重県,桑名市,吉之丸 第16区画,5110032,24202,POSTAL+ADMIN,2026-07-25,v1,FROZEN,de166abffc79fea30d2baa1a30fa2aca7158140f9713654962d4f4b575162277,35.06254,136.66342,TOWN_CENTROID,B,VERIFIED
MIE03-000320,MIE-03,三重県,桑名市,吉之丸 第17区画,5110032,24202,POSTAL+ADMIN,2026-07-25,v1,FROZEN,6ebab9c2d4cd9cc51f93b644e1e428c441aa2528cc6f9e8a99368d9bc31164ce,35.06412,136.63644,TOWN_CENTROID,B,VERIFIED
MIE03-000321,MIE-03,三重県,桑名市,吉之丸 第18区画,5110032,24202,POSTAL+ADMIN,2026-07-25,v1,FROZEN,6bb181751360249c0be7ffb16f659f4e025f4ab488a0378eae97614d23add786,35.06076,136.63722,TOWN_CENTROID,B,VERIFIED
MIE03-000322,MIE-03,三重県,桑名市,吉之丸 第19区画,5110032,24202,POSTAL+ADMIN,2026-07-25,v1,FROZEN,8edeb11e56473b16866f0a7b934bbf72c88046f79acb875818e4a1fbec0e3acf,35.06428,136.6392,TOWN_CENTROID,B,VERIFIED
MIE03-000323,MIE-03,三重県,桑名市,吉之丸 第20区画,5110032,24202,POSTAL+ADMIN,2026-07-25,v1,FROZEN,5295c9efa87f93233ea466f8e4f3159bbbf5d1dfbdb98e120283c2f39fae7a46,35.06196,136.64078,TOWN_CENTROID,B,VERIFIED
MIE03-000324,MIE-03,三重県,桑名市,吉之丸,5110032,24202,POSTAL+ADMIN,2026-07-25,v1,FROZEN,1b530d9783821f93b4b086ba0f3b4e56267347de59dbbc07359dc7dd47cd5525,35.06404,136.64044,TOWN_CENTROID,B,VERIFIED
MIE03-000325,MIE-03,三重県,桑名市,多度町香取 第2区画,5110102,24202,POSTAL+ADMIN,2026-07-25,v1,FROZEN,e31bfe8c2730d31b54ee57294b30d1f19c93985a7f854ec2a710f76b20b3e59a,35.06148,136.64426,TOWN_CENTROID,B,VERIFIED
MIE03-000326,MIE-03,三重県,桑名市,多度町香取 第3区画,5110102,24202,POSTAL+ADMIN,2026-07-25,v1,FROZEN,6248a7c3ece546dd7170683721b069e4d4682b699122009fb2e641e630c28ccd,35.06412,136.64416,TOWN_CENTROID,B,VERIFIED
MIE03-000327,MIE-03,三重県,桑名市,多度町香取 第4区画,5110102,24202,POSTAL+ADMIN,2026-07-25,v1,FROZEN,2fad386b6068098cdf5fd144ecd6ff5e8b162339b6cdad1f820c26d0405c233b,35.0606,136.6447,TOWN_CENTROID,B,VERIFIED
MIE03-000328,MIE-03,三重県,桑名市,多度町香取 第5区画,5110102,24202,POSTAL+ADMIN,2026-07-25,v1,FROZEN,aa577ca2c0b67cf5205c659a329eec8a823ebb99a3ec125e7d50777dbfec8597,35.06308,136.64588,TOWN_CENTROID,B,VERIFIED
MIE03-000329,MIE-03,三重県,桑名市,多度町香取 第6区画,5110102,24202,POSTAL+ADMIN,2026-07-25,v1,FROZEN,e9097f31e0fdcd23c838e6082746aa56c8f542d9dc8ddb7a67525caf1015b82a,35.06412,136.64794,TOWN_CENTROID,B,VERIFIED
MIE03-000330,MIE-03,三重県,桑名市,多度町香取 第7区画,5110102,24202,POSTAL+ADMIN,2026-07-25,v1,FROZEN,0fe1350fee49108492b1dbcea44b0b46b3f2168dd1b825cfb2ddb4966de052c5,35.0622,136.64928,TOWN_CENTROID,B,VERIFIED
MIE03-000331,MIE-03,三重県,桑名市,多度町香取 第8区画,5110102,24202,POSTAL+ADMIN,2026-07-25,v1,FROZEN,e6b6bcb8958eaa022dd8385bd2f46bc32397ea92c87a85eddfba3dabafe1d43f,35.0614,136.6515,TOWN_CENTROID,B,VERIFIED
MIE03-000332,MIE-03,三重県,桑名市,多度町香取 第9区画,5110102,24202,POSTAL+ADMIN,2026-07-25,v1,FROZEN,5d67a9661c9225b8e868cabf866b7f8c581f34196d902f47b97b7bdc39946f27,35.06428,136.6542,TOWN_CENTROID,B,VERIFIED
MIE03-000333,MIE-03,三重県,桑名市,多度町香取 第10区画,5110102,24202,POSTAL+ADMIN,2026-07-25,v1,FROZEN,a02071b2d7121e12eac579d9f700a9e3ffac8bc314d5a4ecfbbc1d6b709c54e2,35.061,136.6545,TOWN_CENTROID,B,VERIFIED
MIE03-000334,MIE-03,三重県,桑名市,多度町香取 第11区画,5110102,24202,POSTAL+ADMIN,2026-07-25,v1,FROZEN,9f0393ca50d14ba0e312e3658c8fb3de15c21753ff0b703a46f677cac327b50f,35.06116,136.656,TOWN_CENTROID,B,VERIFIED
MIE03-000335,MIE-03,三重県,桑名市,多度町香取 第12区画,5110102,24202,POSTAL+ADMIN,2026-07-25,v1,FROZEN,033299c083de7532dccfeea6f425d92abd9d09850fe19421709eaafb4febb1d3,35.06148,136.65926,TOWN_CENTROID,B,VERIFIED
MIE03-000336,MIE-03,三重県,桑名市,多度町香取 第13区画,5110102,24202,POSTAL+ADMIN,2026-07-25,v1,FROZEN,4420b2861e1673f46758fbb4ed29be8a8e036fbaa204ad3572a67bbd8a26e4b2,35.06156,136.66004,TOWN_CENTROID,B,VERIFIED
MIE03-000337,MIE-03,三重県,桑名市,多度町香取 第14区画,5110102,24202,POSTAL+ADMIN,2026-07-25,v1,FROZEN,2c04f5beaa2f9b6ec08329e2bfb6068157ae3db7133f0f8cdfb65c8d4efc25e7,35.06196,136.66058,TOWN_CENTROID,B,VERIFIED
MIE03-000338,MIE-03,三重県,桑名市,多度町香取 第15区画,5110102,24202,POSTAL+ADMIN,2026-07-25,v1,FROZEN,b67ed222623eb78e5be2456e422418d5b05504df23b3670b969374ef88d80ca2,35.06244,136.66056,TOWN_CENTROID,B,VERIFIED
MIE03-000339,MIE-03,三重県,桑名市,多度町香取 第16区画,5110102,24202,POSTAL+ADMIN,2026-07-25,v1,FROZEN,9251f91debb08eb2ee8b1d001b797d2c37e3e2fbbadef0078c6a6974dabc3830,35.06212,136.66254,TOWN_CENTROID,B,VERIFIED
MIE03-000340,MIE-03,三重県,桑名市,多度町香取 第17区画,5110102,24202,POSTAL+ADMIN,2026-07-25,v1,FROZEN,574eb693cb0f2c19bf99cac5c9c01c5885e3d89ef96553990b75eaf7d0db8c3b,35.06178,136.63396,TOWN_CENTROID,B,VERIFIED
MIE03-000341,MIE-03,三重県,桑名市,多度町香取 第18区画,5110102,24202,POSTAL+ADMIN,2026-07-25,v1,FROZEN,56d0e80d7c5a8871d3c82a51b875c4aac1f3f5e7422ac6ddd8a2e88f84344a4b,35.06394,136.63738,TOWN_CENTROID,B,VERIFIED
MIE03-000342,MIE-03,三重県,桑名市,多度町香取 第19区画,5110102,24202,POSTAL+ADMIN,2026-07-25,v1,FROZEN,4e3fec2c563815d96f5e8c788adc1a47044efe6ea1af3d6444d4500361635651,35.06562,136.63824,TOWN_CENTROID,B,VERIFIED
MIE03-000343,MIE-03,三重県,桑名市,多度町香取 第20区画,5110102,24202,POSTAL+ADMIN,2026-07-25,v1,FROZEN,858c2cb28abef603aaf95614f70bd32fece41cd14e8cf6afd8f3ed0f557d93d4,35.06506,136.64014,TOWN_CENTROID,B,VERIFIED
MIE03-000344,MIE-03,三重県,桑名市,多度町香取,5110102,24202,POSTAL+ADMIN,2026-07-25,v1,FROZEN,2e2eb9147fced2e4c95b88ccc2f04258a08955a21d04ce03f4955fb179e2b589,35.06498,136.6422,TOWN_CENTROID,B,VERIFIED
MIE03-000345,MIE-03,三重県,いなべ市,大安町丹生川 第10区画,5110201,24202,POSTAL+ADMIN,2026-07-25,v1,FROZEN,9d449efc59d1496934754cdaa7f762b8d12143cd043d684029bc978853854901,35.13926,136.48838,TOWN_CENTROID,B,VERIFIED
MIE03-000346,MIE-03,三重県,いなべ市,大安町丹生川 第11区画,5110201,24202,POSTAL+ADMIN,2026-07-25,v1,FROZEN,bac3534464290572ce6a33ef2b2256ca9e6208c7d35cbb8dd27eaf0e49eef95d,35.1399,136.49044,TOWN_CENTROID,B,VERIFIED
MIE03-000347,MIE-03,三重県,いなべ市,大安町丹生川 第12区画,5110201,24202,POSTAL+ADMIN,2026-07-25,v1,FROZEN,ffe733185295935f1ff273078c9618d072e0c3590cee0c3f634772c4bcf21fe8,35.14038,136.4917,TOWN_CENTROID,B,VERIFIED
MIE03-000348,MIE-03,三重県,いなべ市,大安町丹生川 第13区画,5110201,24202,POSTAL+ADMIN,2026-07-25,v1,FROZEN,82c873bf168223d1f16838a4adcc143809576f0985a132c43dea632334334ff7,35.14006,136.49344,TOWN_CENTROID,B,VERIFIED
MIE03-000349,MIE-03,三重県,いなべ市,大安町丹生川 第14区画,5110201,24202,POSTAL+ADMIN,2026-07-25,v1,FROZEN,3b730bae5f29bc2de2cfd68d3cd49647c183f878ba1326b3757c0b2f25157b47,35.1379,136.49254,TOWN_CENTROID,B,VERIFIED
MIE03-000350,MIE-03,三重県,いなべ市,大安町丹生川 第15区画,5110201,24202,POSTAL+ADMIN,2026-07-25,v1,FROZEN,d6b31f5e576fe11a48405086e4724d6dac2bde0c3d24ba83b0f88cf3b8cdf000,35.13838,136.49556,TOWN_CENTROID,B,VERIFIED
MIE03-000351,MIE-03,三重県,いなべ市,大安町丹生川 第16区画,5110201,24202,POSTAL+ADMIN,2026-07-25,v1,FROZEN,b2211f96e592adf1adfa16438cee875c404f9e8d428c635447f761896ec65059,35.1375,136.49802,TOWN_CENTROID,B,VERIFIED
MIE03-000352,MIE-03,三重県,いなべ市,大安町丹生川 第17区画,5110201,24202,POSTAL+ADMIN,2026-07-25,v1,FROZEN,63fc32836438b472c69315454c0746a169fedcd79eef0fa92396410e73062179,35.13854,136.49936,TOWN_CENTROID,B,VERIFIED
MIE03-000353,MIE-03,三重県,いなべ市,大安町丹生川 第18区画,5110201,24202,POSTAL+ADMIN,2026-07-25,v1,FROZEN,6c53381a38cc1ef426eabe3f38318dd77788aafd707fe7f561ad31919c10115a,35.13734,136.49878,TOWN_CENTROID,B,VERIFIED
MIE03-000354,MIE-03,三重県,いなべ市,大安町丹生川 第19区画,5110201,24202,POSTAL+ADMIN,2026-07-25,v1,FROZEN,d9a3d9f6bcc5ccf8b75135e6056156391c005d39d6c140f89fc2af5aa5640364,35.13958,136.50036,TOWN_CENTROID,B,VERIFIED
MIE03-000355,MIE-03,三重県,いなべ市,大安町丹生川 第20区画,5110201,24202,POSTAL+ADMIN,2026-07-25,v1,FROZEN,6758d95f0c05223df99cfbe6dcf8c87f0173f5cd915fdf4e7ebfe849b25be3a3,35.13814,136.5013,TOWN_CENTROID,B,VERIFIED
MIE03-000356,MIE-03,三重県,いなべ市,員弁町大泉 第2区画,5110224,24202,POSTAL+ADMIN,2026-07-25,v1,FROZEN,05fbb4df8113c3dc2928f1ffbd874d62343247f8f78004178a2b366f2d886aa9,35.13974,136.50264,TOWN_CENTROID,B,VERIFIED
MIE03-000357,MIE-03,三重県,いなべ市,員弁町大泉 第3区画,5110224,24202,POSTAL+ADMIN,2026-07-25,v1,FROZEN,7cd5a30a3a16fd9bbc46256d8157b497edaf618f7aeb2f24eb77b2fd339a8627,35.13822,136.50678,TOWN_CENTROID,B,VERIFIED
MIE03-000358,MIE-03,三重県,いなべ市,員弁町大泉 第4区画,5110224,24202,POSTAL+ADMIN,2026-07-25,v1,FROZEN,34af3acaee88c7bd57b1a6b70f81ce8cd2bf24584c70d1d5283863a891c8e17d,35.1403,136.50572,TOWN_CENTROID,B,VERIFIED
MIE03-000359,MIE-03,三重県,いなべ市,員弁町大泉 第5区画,5110224,24202,POSTAL+ADMIN,2026-07-25,v1,FROZEN,39488e67fd36471a9af2f903a2201897b6b0247125766f011e312a9a965e13a5,35.13822,136.50858,TOWN_CENTROID,B,VERIFIED
MIE03-000360,MIE-03,三重県,いなべ市,員弁町大泉 第6区画,5110224,24202,POSTAL+ADMIN,2026-07-25,v1,FROZEN,963d551a83efd843b161519f26b1f0bdeafef233fff79ec1f021934cd01c7838,35.14108,136.48064,TOWN_CENTROID,B,VERIFIED
MIE03-000361,MIE-03,三重県,いなべ市,員弁町大泉 第7区画,5110224,24202,POSTAL+ADMIN,2026-07-25,v1,FROZEN,d2fd6a106f54e4a84be451249e2a63ec05ed167ff3f796dfdce7b3a48a879054,35.13788,136.48174,TOWN_CENTROID,B,VERIFIED
MIE03-000362,MIE-03,三重県,いなべ市,員弁町大泉 第8区画,5110224,24202,POSTAL+ADMIN,2026-07-25,v1,FROZEN,846371ffc1e663a4fd60a91905cdeb4bc2fee198c983c7f6434abf8a9b63b0d9,35.13844,136.48372,TOWN_CENTROID,B,VERIFIED
MIE03-000363,MIE-03,三重県,いなべ市,員弁町大泉 第9区画,5110224,24202,POSTAL+ADMIN,2026-07-25,v1,FROZEN,ef4fb5ec2e216471966936dc69095fff4b1a8b3a78ce6b2c8d66310b776cd785,35.13972,136.48482,TOWN_CENTROID,B,VERIFIED
MIE03-000364,MIE-03,三重県,いなべ市,員弁町大泉 第10区画,5110224,24202,POSTAL+ADMIN,2026-07-25,v1,FROZEN,00651788e7fda7da57fe536f134b49cf1d8cfe7d2ecf2981793de4ca0b0c8180,35.13948,136.48656,TOWN_CENTROID,B,VERIFIED
MIE03-000365,MIE-03,三重県,いなべ市,員弁町大泉 第11区画,5110224,24202,POSTAL+ADMIN,2026-07-25,v1,FROZEN,e878c4b4ec7bccdddc262c569aca8b470f05dabfd45a4509a59d9754195cc040,35.1378,136.4875,TOWN_CENTROID,B,VERIFIED
MIE03-000366,MIE-03,三重県,いなべ市,員弁町大泉 第12区画,5110224,24202,POSTAL+ADMIN,2026-07-25,v1,FROZEN,f8c5c78c90fa4160f35e1025e09fe73657ba6a80d7aee9ac053270372085548a,35.13932,136.49004,TOWN_CENTROID,B,VERIFIED
MIE03-000367,MIE-03,三重県,いなべ市,員弁町大泉 第13区画,5110224,24202,POSTAL+ADMIN,2026-07-25,v1,FROZEN,c5164b93f30b1ffcb4cebf62be1a3efd2ef6fd8040f53daee5a09b8937e305cc,35.139,136.48954,TOWN_CENTROID,B,VERIFIED
MIE03-000368,MIE-03,三重県,いなべ市,員弁町大泉 第14区画,5110224,24202,POSTAL+ADMIN,2026-07-25,v1,FROZEN,811d3142b5a0dca77e3de897a6ead91e2de0902b54eef49cb69b223bdb41ed3c,35.14092,136.49112,TOWN_CENTROID,B,VERIFIED
MIE03-000369,MIE-03,三重県,いなべ市,員弁町大泉 第15区画,5110224,24202,POSTAL+ADMIN,2026-07-25,v1,FROZEN,ef1421067446ef56b86ae6228f46db6242647b01a25d23fb6ab22182b73f627a,35.13852,136.49302,TOWN_CENTROID,B,VERIFIED
MIE03-000370,MIE-03,三重県,いなべ市,員弁町大泉 第16区画,5110224,24202,POSTAL+ADMIN,2026-07-25,v1,FROZEN,bd28245cdc48d8be99c574e36abc55b6e2f36955979ff518586234b950cf1dac,35.13884,136.49524,TOWN_CENTROID,B,VERIFIED
MIE03-000371,MIE-03,三重県,いなべ市,員弁町大泉 第17区画,5110224,24202,POSTAL+ADMIN,2026-07-25,v1,FROZEN,443153c6ea7894fd260df091ef80685d246aa454a116e75f7f329547cfe07327,35.1378,136.49594,TOWN_CENTROID,B,VERIFIED
MIE03-000372,MIE-03,三重県,いなべ市,員弁町大泉 第18区画,5110224,24202,POSTAL+ADMIN,2026-07-25,v1,FROZEN,2c124ffb061e7637bffbc5a088355f7137b27cb141a000625d73862511d56e12,35.14084,136.49744,TOWN_CENTROID,B,VERIFIED
MIE03-000373,MIE-03,三重県,いなべ市,員弁町大泉 第19区画,5110224,24202,POSTAL+ADMIN,2026-07-25,v1,FROZEN,8e3781782dc04f52a2bb19116e6e419f9c70553ef0321d113ab20f6bcfe44174,35.14028,136.5011,TOWN_CENTROID,B,VERIFIED
MIE03-000374,MIE-03,三重県,いなべ市,員弁町大泉 第20区画,5110224,24202,POSTAL+ADMIN,2026-07-25,v1,FROZEN,0907f167f45c7d0f7b87965c24f7b6e1fe3a33152d1ab81e4c1ff89202d10353,35.13948,136.50028,TOWN_CENTROID,B,VERIFIED
MIE03-000375,MIE-03,三重県,いなべ市,員弁町大泉,5110224,24202,POSTAL+ADMIN,2026-07-25,v1,FROZEN,b86a2f1a130599d9e0312a4205b1968e6f1e5ffa5b82f08cd7f2524e423c0958,35.1382,136.50426,TOWN_CENTROID,B,VERIFIED
MIE03-000376,MIE-03,三重県,いなべ市,大安町丹生川,5110261,24202,POSTAL+ADMIN,2026-07-25,v1,FROZEN,c03c5479e367bb0d94e4de97bf13ad2e20b9c7417373a4efe7b602e5539c40bf,35.1382,136.5032,TOWN_CENTROID,B,VERIFIED
MIE03-000377,MIE-03,三重県,いなべ市,大安町丹生川 第2区画,5110261,24202,POSTAL+ADMIN,2026-07-25,v1,FROZEN,d57a7a929bba1d381f365de196e406966ce98d91ba130a3da374f5e128621b5c,35.14164,136.50398,TOWN_CENTROID,B,VERIFIED
MIE03-000378,MIE-03,三重県,いなべ市,大安町丹生川 第3区画,5110261,24202,POSTAL+ADMIN,2026-07-25,v1,FROZEN,9ab4c7ca589d267691efb3b871e6519d8b457195e515fa3e2fd613b8b7b9e823,35.13844,136.50628,TOWN_CENTROID,B,VERIFIED
MIE03-000379,MIE-03,三重県,いなべ市,大安町丹生川 第4区画,5110261,24202,POSTAL+ADMIN,2026-07-25,v1,FROZEN,d3ef59fcd4677dae48793d8c47cba3612c3055b3bb3afccfbe5243a55ce82202,35.13972,136.50706,TOWN_CENTROID,B,VERIFIED
MIE03-000380,MIE-03,三重県,いなべ市,大安町丹生川 第5区画,5110261,24202,POSTAL+ADMIN,2026-07-25,v1,FROZEN,59bae7998775e95a0104503f904fffd8863d427c5c6c87c1cdf393fdebb93fe1,35.14234,136.48192,TOWN_CENTROID,B,VERIFIED
MIE03-000381,MIE-03,三重県,いなべ市,大安町丹生川 第6区画,5110261,24202,POSTAL+ADMIN,2026-07-25,v1,FROZEN,14e284e1eb81b59a00f8717ff8ebe76f521ef84392be12ecc443ca2b0ad277a2,35.13898,136.48118,TOWN_CENTROID,B,VERIFIED
MIE03-000382,MIE-03,三重県,いなべ市,大安町丹生川 第7区画,5110261,24202,POSTAL+ADMIN,2026-07-25,v1,FROZEN,4593e7ce83389e9fa2176ec6b4348210bfba3751a744fe720ff25efd06195bdc,35.1405,136.48132,TOWN_CENTROID,B,VERIFIED
MIE03-000383,MIE-03,三重県,いなべ市,大安町丹生川 第8区画,5110261,24202,POSTAL+ADMIN,2026-07-25,v1,FROZEN,c93fe170f1c173e0104d341f3aa8db09995d4f687abdec80c33750c36e76b0d2,35.13986,136.48426,TOWN_CENTROID,B,VERIFIED
MIE03-000384,MIE-03,三重県,いなべ市,大安町丹生川 第9区画,5110261,24202,POSTAL+ADMIN,2026-07-25,v1,FROZEN,9ebef051860e7b588662c3a2b1d3b79e82ad60caf956ecf7063a3119a4a0b1aa,35.14226,136.48792,TOWN_CENTROID,B,VERIFIED
MIE03-000385,MIE-03,三重県,いなべ市,北勢町阿下喜 第2区画,5110428,24202,POSTAL+ADMIN,2026-07-25,v1,FROZEN,143cd8bc7deb4809c689f85349c06385880579e7422a23802260259c7de65d02,35.14162,136.48862,TOWN_CENTROID,B,VERIFIED
MIE03-000386,MIE-03,三重県,いなべ市,北勢町阿下喜 第3区画,5110428,24202,POSTAL+ADMIN,2026-07-25,v1,FROZEN,f7a73e991f768d559ad9b6c2977a9c6db6070ee52f924a314bd85f4ba2d13737,35.13978,136.49052,TOWN_CENTROID,B,VERIFIED
MIE03-000387,MIE-03,三重県,いなべ市,北勢町阿下喜 第4区画,5110428,24202,POSTAL+ADMIN,2026-07-25,v1,FROZEN,83e580d0485425b28c4658bd4b9c084da4a70137bfdc9f222b3d8cbd2747c913,35.1397,136.49074,TOWN_CENTROID,B,VERIFIED
MIE03-000388,MIE-03,三重県,いなべ市,北勢町阿下喜 第5区画,5110428,24202,POSTAL+ADMIN,2026-07-25,v1,FROZEN,c42132c927113c4e957f6347187127e468d46ee7c1db5f227f6fc80aaf74b6d9,35.13954,136.49248,TOWN_CENTROID,B,VERIFIED
MIE03-000389,MIE-03,三重県,いなべ市,北勢町阿下喜 第6区画,5110428,24202,POSTAL+ADMIN,2026-07-25,v1,FROZEN,00144880f32eb857ddc28540df1301892800a484e4873d0460197ac5399e48a0,35.14194,136.49414,TOWN_CENTROID,B,VERIFIED
MIE03-000390,MIE-03,三重県,いなべ市,北勢町阿下喜 第7区画,5110428,24202,POSTAL+ADMIN,2026-07-25,v1,FROZEN,6acf9cd2f196177af6fb115a3871f57e6685e2eaaf1273d6ddff1d38457032ee,35.14058,136.49404,TOWN_CENTROID,B,VERIFIED
MIE03-000391,MIE-03,三重県,いなべ市,北勢町阿下喜 第8区画,5110428,24202,POSTAL+ADMIN,2026-07-25,v1,FROZEN,82afa6ce1e7ce619ce9cfde7603cd073d6a1c8d6be82e9d87f7bcdd33addf38d,35.14074,136.4981,TOWN_CENTROID,B,VERIFIED
MIE03-000392,MIE-03,三重県,いなべ市,北勢町阿下喜 第9区画,5110428,24202,POSTAL+ADMIN,2026-07-25,v1,FROZEN,d0f453aac326ec141052f0a337d22eeaa80b01b1d666ce794ca7b346f0c45d54,35.1393,136.49848,TOWN_CENTROID,B,VERIFIED
MIE03-000393,MIE-03,三重県,いなべ市,北勢町阿下喜 第10区画,5110428,24202,POSTAL+ADMIN,2026-07-25,v1,FROZEN,44687c974420e99d10c4a0b47090f7f1550d5237368c468fd75e28e96c4163d4,35.1413,136.49886,TOWN_CENTROID,B,VERIFIED
MIE03-000394,MIE-03,三重県,いなべ市,北勢町阿下喜 第11区画,5110428,24202,POSTAL+ADMIN,2026-07-25,v1,FROZEN,ae3702a229b71e52e7c4a702210ad3e9712bdc69567240d21e7f250b9e4d4d2c,35.14002,136.50132,TOWN_CENTROID,B,VERIFIED
MIE03-000395,MIE-03,三重県,いなべ市,北勢町阿下喜 第12区画,5110428,24202,POSTAL+ADMIN,2026-07-25,v1,FROZEN,d5cd6f8ff1f0e123f95cca02575b4514d0ac8a897310ca00d3ea2de78b5f8e71,35.1393,136.50074,TOWN_CENTROID,B,VERIFIED
MIE03-000396,MIE-03,三重県,いなべ市,北勢町阿下喜 第13区画,5110428,24202,POSTAL+ADMIN,2026-07-25,v1,FROZEN,de133b47a6467df1770cda524ad40a7de2a2c2e758814c7b44c4bdbd64493784,35.14114,136.50584,TOWN_CENTROID,B,VERIFIED
MIE03-000397,MIE-03,三重県,いなべ市,北勢町阿下喜 第14区画,5110428,24202,POSTAL+ADMIN,2026-07-25,v1,FROZEN,5184807d6f830ea9b315fa14cf41465916744eb4bf12103f8db66c9001be87b1,35.13946,136.50446,TOWN_CENTROID,B,VERIFIED
MIE03-000398,MIE-03,三重県,いなべ市,北勢町阿下喜 第15区画,5110428,24202,POSTAL+ADMIN,2026-07-25,v1,FROZEN,0f5c7ce03c886cbabd40f935efe4ee640bb36e176c4d9f814291f6d3766bbf09,35.14042,136.50804,TOWN_CENTROID,B,VERIFIED
MIE03-000399,MIE-03,三重県,いなべ市,北勢町阿下喜 第16区画,5110428,24202,POSTAL+ADMIN,2026-07-25,v1,FROZEN,200df0c8d9895660ace5389ed0e955ad831f3915cce0609bc8215886a17b8da1,35.13946,136.50674,TOWN_CENTROID,B,VERIFIED
MIE03-000400,MIE-03,三重県,いなべ市,北勢町阿下喜 第17区画,5110428,24202,POSTAL+ADMIN,2026-07-25,v1,FROZEN,2f0cf6f90734f5f7c30086ceae0e24f8c013260964d2a598d75b635cc3939231,35.14328,136.48192,TOWN_CENTROID,B,VERIFIED
MIE03-000401,MIE-03,三重県,いなべ市,北勢町阿下喜 第18区画,5110428,24202,POSTAL+ADMIN,2026-07-25,v1,FROZEN,5178df319ac122fdee1f2db3241e973fa4efe6c0c495729cfae0d88123db607c,35.14368,136.48094,TOWN_CENTROID,B,VERIFIED
MIE03-000402,MIE-03,三重県,いなべ市,北勢町阿下喜 第19区画,5110428,24202,POSTAL+ADMIN,2026-07-25,v1,FROZEN,9b307523cd60f44414d167daae905d159ed5548cf64fdbc20ab1950b198ac975,35.14208,136.48356,TOWN_CENTROID,B,VERIFIED
MIE03-000403,MIE-03,三重県,いなべ市,北勢町阿下喜 第20区画,5110428,24202,POSTAL+ADMIN,2026-07-25,v1,FROZEN,198b59556c5a0103268533fb43e77700b5a33d1e5f5471bcd7103078e3992834,35.142,136.4833,TOWN_CENTROID,B,VERIFIED
MIE03-000404,MIE-03,三重県,いなべ市,北勢町阿下喜,5110428,24202,POSTAL+ADMIN,2026-07-25,v1,FROZEN,4f2b5928470eec62f4fdd38e4e5055f67dd4006e7eb984be5f015b917fe5fbba,35.14,136.48768,TOWN_CENTROID,B,VERIFIED
MIE03-000405,MIE-03,三重県,いなべ市,藤原町市場 第2区画,5110511,24202,POSTAL+ADMIN,2026-07-25,v1,FROZEN,137c9597d74de634f20e2815645ccd2440cb01dbacee5cc59ab29acd46d32384,35.14256,136.48766,TOWN_CENTROID,B,VERIFIED
MIE03-000406,MIE-03,三重県,いなべ市,藤原町市場 第3区画,5110511,24202,POSTAL+ADMIN,2026-07-25,v1,FROZEN,df43b74cc74f7ed27ffbf95a8712ea4f54dd53d7d664c03035fae07b79861146,35.14248,136.48788,TOWN_CENTROID,B,VERIFIED
MIE03-000407,MIE-03,三重県,いなべ市,藤原町市場 第4区画,5110511,24202,POSTAL+ADMIN,2026-07-25,v1,FROZEN,c2b777c398ffb9dd838968ae1d5f72dcfca2e4e11925653a5b5aeadf5fbadc1e,35.14136,136.49106,TOWN_CENTROID,B,VERIFIED
MIE03-000408,MIE-03,三重県,いなべ市,藤原町市場 第5区画,5110511,24202,POSTAL+ADMIN,2026-07-25,v1,FROZEN,a06ea9db3770540303819c13250df43a0ad08e529e4a900677ab16fafb8292e0,35.14096,136.49224,TOWN_CENTROID,B,VERIFIED
MIE03-000409,MIE-03,三重県,いなべ市,藤原町市場 第6区画,5110511,24202,POSTAL+ADMIN,2026-07-25,v1,FROZEN,57ad8d0655c54e05edd33f16d7c5ccca83347f70a6dd169b86ae900f7f953a70,35.14232,136.49462,TOWN_CENTROID,B,VERIFIED
MIE03-000410,MIE-03,三重県,いなべ市,藤原町市場 第7区画,5110511,24202,POSTAL+ADMIN,2026-07-25,v1,FROZEN,1b2eb5ddd6ff56254a60b9320b2b7e84131f4c87424a56b1324d9682db218790,35.14368,136.49668,TOWN_CENTROID,B,VERIFIED
MIE03-000411,MIE-03,三重県,いなべ市,藤原町市場 第8区画,5110511,24202,POSTAL+ADMIN,2026-07-25,v1,FROZEN,2393e41a91c37e5218e0510233bcc3509ed242a9d1493b9a9b02a46421ea8350,35.14216,136.49682,TOWN_CENTROID,B,VERIFIED
MIE03-000412,MIE-03,三重県,いなべ市,藤原町市場 第9区画,5110511,24202,POSTAL+ADMIN,2026-07-25,v1,FROZEN,a1d5625bf01b698dbb30edade2f0040a221e7d2d66f9d4f5b6cf46e1629d8a45,35.14232,136.49664,TOWN_CENTROID,B,VERIFIED
MIE03-000413,MIE-03,三重県,いなべ市,藤原町市場 第10区画,5110511,24202,POSTAL+ADMIN,2026-07-25,v1,FROZEN,bf1b0e3838bb407c254485dae98f4e07c29100c8af80e8b57404befe6dd9ddb9,35.142,136.50134,TOWN_CENTROID,B,VERIFIED
MIE03-000414,MIE-03,三重県,いなべ市,藤原町市場 第11区画,5110511,24202,POSTAL+ADMIN,2026-07-25,v1,FROZEN,0c7db1b026cf851743f1e8854dc67214fdf1b31c6d62b408d40b6d7adabbb082,35.14376,136.49948,TOWN_CENTROID,B,VERIFIED
MIE03-000415,MIE-03,三重県,いなべ市,藤原町市場 第12区画,5110511,24202,POSTAL+ADMIN,2026-07-25,v1,FROZEN,98c0df2c0038e2c47fe6a84f1ebab8131f5322ecff0b1585f68895b6baf1be83,35.1412,136.5005,TOWN_CENTROID,B,VERIFIED
MIE03-000416,MIE-03,三重県,いなべ市,藤原町市場 第13区画,5110511,24202,POSTAL+ADMIN,2026-07-25,v1,FROZEN,cceb5bb79ff18002e63653fc36335ed30fe93b206adea83fedd83fc5a251b0f7,35.14304,136.50592,TOWN_CENTROID,B,VERIFIED
MIE03-000417,MIE-03,三重県,いなべ市,藤原町市場 第14区画,5110511,24202,POSTAL+ADMIN,2026-07-25,v1,FROZEN,02013f341b810835e11ce89cc93521253e962628a19610c12c26a6289f553eec,35.14176,136.5051,TOWN_CENTROID,B,VERIFIED
MIE03-000418,MIE-03,三重県,いなべ市,藤原町市場 第15区画,5110511,24202,POSTAL+ADMIN,2026-07-25,v1,FROZEN,ce2875e4d71992223686e84532011803e9cc3ef0a2748d13a98ed34ebe74688d,35.14352,136.50668,TOWN_CENTROID,B,VERIFIED
MIE03-000419,MIE-03,三重県,いなべ市,藤原町市場 第16区画,5110511,24202,POSTAL+ADMIN,2026-07-25,v1,FROZEN,96971f6092a91daf451591087cb1906baf9f181c5fd4a3574cecbec22b6c66f5,35.14256,136.50866,TOWN_CENTROID,B,VERIFIED
MIE03-000420,MIE-03,三重県,いなべ市,藤原町市場 第17区画,5110511,24202,POSTAL+ADMIN,2026-07-25,v1,FROZEN,c9de123732e4f4c75ad5975d983ea5a51e5b47e1aca82e0b89d45903c72fad06,35.14166,136.48176,TOWN_CENTROID,B,VERIFIED
MIE03-000421,MIE-03,三重県,いなべ市,藤原町市場 第18区画,5110511,24202,POSTAL+ADMIN,2026-07-25,v1,FROZEN,bedad59e46a153b5d914bc9ae535cf98e7e4a3860c6db5ff3000ff3610d496f2,35.14262,136.48134,TOWN_CENTROID,B,VERIFIED
MIE03-000422,MIE-03,三重県,いなべ市,藤原町市場 第19区画,5110511,24202,POSTAL+ADMIN,2026-07-25,v1,FROZEN,b31a1ca747ceb6c3458e6b6584a4d1c48d8e57a3ddd1c87440ca9bfe494b0c25,35.1443,136.48292,TOWN_CENTROID,B,VERIFIED
MIE03-000423,MIE-03,三重県,いなべ市,藤原町市場 第20区画,5110511,24202,POSTAL+ADMIN,2026-07-25,v1,FROZEN,42c8cb4c5e39646de70cb3f26b641d0b31a735bee060c03bc305049707ca8222,35.14174,136.48626,TOWN_CENTROID,B,VERIFIED
MIE03-000424,MIE-03,三重県,いなべ市,藤原町市場,5110511,24202,POSTAL+ADMIN,2026-07-25,v1,FROZEN,0c481cf4093b539f220028237824a3eafcc31d7ddc585468ae021ae5a99ba363,35.14382,136.48592,TOWN_CENTROID,B,VERIFIED
MIE03-000425,MIE-03,三重県,桑名市,江場1丁目 第2区画,5110836,24202,POSTAL+ADMIN,2026-07-25,v1,FROZEN,278c470988854a48f6a990e342d4dfa72cb4fd763dde43ed38d71193299c547f,35.06786,136.64386,TOWN_CENTROID,B,VERIFIED
MIE03-000426,MIE-03,三重県,桑名市,江場2丁目 第2区画,5110836,24202,POSTAL+ADMIN,2026-07-25,v1,FROZEN,3fb2ab68d7343aa0882c919a3aac365ccb1de968992e321260293ed795664ee9,35.06722,136.644,TOWN_CENTROID,B,VERIFIED
MIE03-000427,MIE-03,三重県,桑名市,江場3丁目 第2区画,5110836,24202,POSTAL+ADMIN,2026-07-25,v1,FROZEN,87855643f4513c736f392f1cc682885699215c297529fbb392999d5983d3bd26,35.06778,136.6471,TOWN_CENTROID,B,VERIFIED
MIE03-000428,MIE-03,三重県,桑名市,江場1丁目 第3区画,5110836,24202,POSTAL+ADMIN,2026-07-25,v1,FROZEN,c47233f77b433f7f6a356b13e228932f51d54ad2099e6820999381e0318d0d7b,35.06866,136.6486,TOWN_CENTROID,B,VERIFIED
MIE03-000429,MIE-03,三重県,桑名市,江場2丁目 第3区画,5110836,24202,POSTAL+ADMIN,2026-07-25,v1,FROZEN,f3e071a43ca89ac727faa3b8d98d53b4a9da16786088ddae4b7e43b9385cc896,35.06978,136.64746,TOWN_CENTROID,B,VERIFIED
MIE03-000430,MIE-03,三重県,桑名市,江場3丁目 第3区画,5110836,24202,POSTAL+ADMIN,2026-07-25,v1,FROZEN,a96d2357d1545213ac8591bd28e2ccf48c01fd6f7855babf12dd0672cc71a656,35.06826,136.64808,TOWN_CENTROID,B,VERIFIED
MIE03-000431,MIE-03,三重県,桑名市,江場1丁目 第4区画,5110836,24202,POSTAL+ADMIN,2026-07-25,v1,FROZEN,6e1ae38424e734d413902a008b801926f7aaff1a40f53c48d9dfcad18f9c9321,35.06898,136.65142,TOWN_CENTROID,B,VERIFIED
MIE03-000432,MIE-03,三重県,桑名市,江場2丁目 第4区画,5110836,24202,POSTAL+ADMIN,2026-07-25,v1,FROZEN,1ef13ba0a4177b8f744644045f8ee928e63da3793d995be1167138b6ff3aa80a,35.06666,136.65452,TOWN_CENTROID,B,VERIFIED
MIE03-000433,MIE-03,三重県,桑名市,江場3丁目 第4区画,5110836,24202,POSTAL+ADMIN,2026-07-25,v1,FROZEN,e41bcc3f8339b982912f563fb85a8072bff55ce57a36d06ea5088f0c751952a2,35.0677,136.6561,TOWN_CENTROID,B,VERIFIED
MIE03-000434,MIE-03,三重県,桑名市,江場1丁目 第5区画,5110836,24202,POSTAL+ADMIN,2026-07-25,v1,FROZEN,c9b3ea46cffe5a922234d69da94e2d6c6e270ddabf95c8c274e3b6f3a36258d9,35.06818,136.65456,TOWN_CENTROID,B,VERIFIED
MIE03-000435,MIE-03,三重県,桑名市,江場2丁目 第5区画,5110836,24202,POSTAL+ADMIN,2026-07-25,v1,FROZEN,0eb06242c141700414b63b8445d4bb52970ca00c4b6b3f48ba23887a30dcee84,35.0685,136.65734,TOWN_CENTROID,B,VERIFIED
MIE03-000436,MIE-03,三重県,桑名市,江場3丁目 第5区画,5110836,24202,POSTAL+ADMIN,2026-07-25,v1,FROZEN,675e394d9d13f80928d15ebb9480a50a227e8efa4ef07a4fb7bfc184d7869fdb,35.07002,136.66044,TOWN_CENTROID,B,VERIFIED
MIE03-000437,MIE-03,三重県,桑名市,江場1丁目 第6区画,5110836,24202,POSTAL+ADMIN,2026-07-25,v1,FROZEN,f187cb2a877c627dc23c4fc010485e30e832db2f5a3b59bab3362f86b407096a,35.06922,136.66066,TOWN_CENTROID,B,VERIFIED
MIE03-000438,MIE-03,三重県,桑名市,江場2丁目 第6区画,5110836,24202,POSTAL+ADMIN,2026-07-25,v1,FROZEN,521507eba5a5fab0c4ac2042ec7fdfff762ee0a4f6d943c4bd12bf1b048e40ea,35.06722,136.66232,TOWN_CENTROID,B,VERIFIED
MIE03-000439,MIE-03,三重県,桑名市,江場3丁目 第6区画,5110836,24202,POSTAL+ADMIN,2026-07-25,v1,FROZEN,208e8a32d4c9b374d1098aa0c75b98da579fb1f0bee4b7fcfeeeb2284acf7615,35.0669,136.66174,TOWN_CENTROID,B,VERIFIED
MIE03-000440,MIE-03,三重県,桑名市,江場1丁目 第7区画,5110836,24202,POSTAL+ADMIN,2026-07-25,v1,FROZEN,c7bad432b7630e9dbebae8d5fef4fad2ebf405ff3336c6d927f50a0c4cce01d7,35.06912,136.6358,TOWN_CENTROID,B,VERIFIED
MIE03-000441,MIE-03,三重県,桑名市,江場2丁目 第7区画,5110836,24202,POSTAL+ADMIN,2026-07-25,v1,FROZEN,2aa75b0fa2ca06539eb99d1bcec3c787c425caae0f9ba4b0ddd1186171b429fb,35.06736,136.63594,TOWN_CENTROID,B,VERIFIED
MIE03-000442,MIE-03,三重県,桑名市,江場3丁目 第7区画,5110836,24202,POSTAL+ADMIN,2026-07-25,v1,FROZEN,c7a0d1c71779b3af17b73b8e5f040b786dc4e2111ddfe70e2df6fd6753949946,35.0696,136.63712,TOWN_CENTROID,B,VERIFIED
MIE03-000443,MIE-03,三重県,桑名市,江場1丁目 第8区画,5110836,24202,POSTAL+ADMIN,2026-07-25,v1,FROZEN,cf4e7190f31aaa7f759e1c220877bf02a8ee63604fd1c26cfaaa37c4e27e518a,35.06848,136.63958,TOWN_CENTROID,B,VERIFIED
MIE03-000444,MIE-03,三重県,桑名市,江場2丁目 第8区画,5110836,24202,POSTAL+ADMIN,2026-07-25,v1,FROZEN,3244c9d49e6eb2e0c20799d5cad5d7a13f8f102b2d7756b3d536a5fbc0740617,35.06784,136.641,TOWN_CENTROID,B,VERIFIED
MIE03-000445,MIE-03,三重県,桑名市,江場3丁目 第8区画,5110836,24202,POSTAL+ADMIN,2026-07-25,v1,FROZEN,ea01117585e3d53648d8b642e4e1b1b965f8e8f9d4b13b47224501652ec6417f,35.06872,136.64434,TOWN_CENTROID,B,VERIFIED
MIE03-000446,MIE-03,三重県,桑名市,江場1丁目 第9区画,5110836,24202,POSTAL+ADMIN,2026-07-25,v1,FROZEN,a689e104f3ff766cfc01c918c4b8b5802067df169dd382069ee781e2fd441544,35.06776,136.64448,TOWN_CENTROID,B,VERIFIED
MIE03-000447,MIE-03,三重県,桑名市,江場2丁目 第9区画,5110836,24202,POSTAL+ADMIN,2026-07-25,v1,FROZEN,42b44e7d0ab0ad9e07f2315b03bfa3b586758f3afe29b5e31d349c8453da66db,35.06848,136.64702,TOWN_CENTROID,B,VERIFIED
MIE03-000448,MIE-03,三重県,桑名市,江場3丁目 第9区画,5110836,24202,POSTAL+ADMIN,2026-07-25,v1,FROZEN,6e21439b90bc74eebfa4c0daed9d62c64066c64923170e4cfa3ec1e124aba198,35.06936,136.64788,TOWN_CENTROID,B,VERIFIED
MIE03-000449,MIE-03,三重県,桑名市,江場1丁目 第10区画,5110836,24202,POSTAL+ADMIN,2026-07-25,v1,FROZEN,85e0601aff9e6a93bca041945995659285c71f0d376074eaf5ab7d1c1f1a8133,35.07024,136.64842,TOWN_CENTROID,B,VERIFIED
MIE03-000450,MIE-03,三重県,桑名市,江場2丁目 第10区画,5110836,24202,POSTAL+ADMIN,2026-07-25,v1,FROZEN,721aab7da407f6bf9d8ee4c55065d31c1aeb0e8b3153c818b7d3a325989a1c3e,35.0684,136.64856,TOWN_CENTROID,B,VERIFIED
MIE03-000451,MIE-03,三重県,桑名市,江場3丁目 第10区画,5110836,24202,POSTAL+ADMIN,2026-07-25,v1,FROZEN,e0a289a5f8fcfabd0b36fde8ee68b89417f0f23c506f640d0c4ac828371f7bc8,35.06936,136.65062,TOWN_CENTROID,B,VERIFIED
MIE03-000452,MIE-03,三重県,桑名市,江場1丁目 第11区画,5110836,24202,POSTAL+ADMIN,2026-07-25,v1,FROZEN,9aa5d7b7cb0f5282eef6798b9d8f004fc31f165665d7d83b2fcb44ab5a64ecb6,35.07016,136.65116,TOWN_CENTROID,B,VERIFIED
MIE03-000453,MIE-03,三重県,桑名市,江場2丁目 第11区画,5110836,24202,POSTAL+ADMIN,2026-07-25,v1,FROZEN,a2815343e7c345dad8978ba7996273353152ecdcd4f495b2257eb23af712eb26,35.06944,136.65434,TOWN_CENTROID,B,VERIFIED
MIE03-000454,MIE-03,三重県,桑名市,江場3丁目 第11区画,5110836,24202,POSTAL+ADMIN,2026-07-25,v1,FROZEN,a4ccada01d82d8398bad11e5e91f1ef00aa51cf466bcd7976fe0563bc51cf4de,35.06792,136.65752,TOWN_CENTROID,B,VERIFIED
MIE03-000455,MIE-03,三重県,桑名市,江場1丁目 第12区画,5110836,24202,POSTAL+ADMIN,2026-07-25,v1,FROZEN,872d2b91e95d49931711dd5777510efc2abbeccf4d042c9b426fe80a3a2989bc,35.06992,136.6579,TOWN_CENTROID,B,VERIFIED
MIE03-000456,MIE-03,三重県,桑名市,江場2丁目 第12区画,5110836,24202,POSTAL+ADMIN,2026-07-25,v1,FROZEN,580b91378afe9fc0b066e33de38f296f892e3b2e31c5f5f279baf6a041e585ef,35.07056,136.65892,TOWN_CENTROID,B,VERIFIED
MIE03-000457,MIE-03,三重県,桑名市,江場3丁目 第12区画,5110836,24202,POSTAL+ADMIN,2026-07-25,v1,FROZEN,ba747cc201534e3a7b6a66600f1d99f6e969a2347ef1d1d9ba2f9f31f86129ea,35.07,136.65866,TOWN_CENTROID,B,VERIFIED
MIE03-000458,MIE-03,三重県,桑名市,江場1丁目 第13区画,5110836,24202,POSTAL+ADMIN,2026-07-25,v1,FROZEN,4a6cf712be7a386cceb7aed962b28217494f331520a45c5f6a37b021a965b51c,35.06928,136.6616,TOWN_CENTROID,B,VERIFIED
MIE03-000459,MIE-03,三重県,桑名市,江場2丁目 第13区画,5110836,24202,POSTAL+ADMIN,2026-07-25,v1,FROZEN,b945b615214235718d47f66c99bb4af306fc7b968f9e0b50d1f990b3516f0c04,35.06912,136.66262,TOWN_CENTROID,B,VERIFIED
MIE03-000460,MIE-03,三重県,桑名市,江場3丁目 第13区画,5110836,24202,POSTAL+ADMIN,2026-07-25,v1,FROZEN,6d5b7b5f7d69a0faf68b413feb14c4862bcd5fad9442c52f0bde1a4888a08c98,35.07222,136.63348,TOWN_CENTROID,B,VERIFIED
MIE03-000461,MIE-03,三重県,桑名市,江場1丁目 第14区画,5110836,24202,POSTAL+ADMIN,2026-07-25,v1,FROZEN,380fa4c67fba1f6e3f77cd04f5a615be3c642c3016c6e0524f5af580446b24e2,35.07142,136.6369,TOWN_CENTROID,B,VERIFIED
MIE03-000462,MIE-03,三重県,桑名市,江場2丁目 第14区画,5110836,24202,POSTAL+ADMIN,2026-07-25,v1,FROZEN,116e7566d970487eca396c0156d445f68bb96bbfd5ca686b4115e9fcccb22dfc,35.06878,136.63776,TOWN_CENTROID,B,VERIFIED
MIE03-000463,MIE-03,三重県,桑名市,江場3丁目 第14区画,5110836,24202,POSTAL+ADMIN,2026-07-25,v1,FROZEN,e3cbefe0d68bd852f097709a38e0966901b19803063acfe90220e9b9d85971d3,35.0719,136.6387,TOWN_CENTROID,B,VERIFIED
MIE03-000464,MIE-03,三重県,桑名市,江場1丁目 第15区画,5110836,24202,POSTAL+ADMIN,2026-07-25,v1,FROZEN,8e434f660d56e775c6435e9e8e4725441084ae29ace234579bf422a5a0b7e2c8,35.07206,136.64172,TOWN_CENTROID,B,VERIFIED
MIE03-000465,MIE-03,三重県,桑名市,江場2丁目 第15区画,5110836,24202,POSTAL+ADMIN,2026-07-25,v1,FROZEN,89fae4b3c82ec0064c07280a2e828531eba488ec0b0f56ef7aa0883d01d1a737,35.07198,136.6437,TOWN_CENTROID,B,VERIFIED
MIE03-000466,MIE-03,三重県,桑名市,江場3丁目 第15区画,5110836,24202,POSTAL+ADMIN,2026-07-25,v1,FROZEN,93d36cd221055c8e60a295071730998e0c413613c9932225e799c1017d551551,35.0707,136.64536,TOWN_CENTROID,B,VERIFIED
MIE03-000467,MIE-03,三重県,桑名市,江場1丁目 第16区画,5110836,24202,POSTAL+ADMIN,2026-07-25,v1,FROZEN,617902cd1d63227250094091d40876ed693087604a3725d7839efce3f8a9b670,35.07054,136.64382,TOWN_CENTROID,B,VERIFIED
MIE03-000468,MIE-03,三重県,桑名市,江場2丁目 第16区画,5110836,24202,POSTAL+ADMIN,2026-07-25,v1,FROZEN,6717122e0ca0f8dfe14a6f23d09583ff45f0e4bd6ddc8c1fc1df673e275193ad,35.06974,136.64884,TOWN_CENTROID,B,VERIFIED
MIE03-000469,MIE-03,三重県,桑名市,江場3丁目 第16区画,5110836,24202,POSTAL+ADMIN,2026-07-25,v1,FROZEN,e0039a45f86edd3e58aa9c16b348367665cefaf17849d469d4c1f6d4deffcba2,35.07006,136.6501,TOWN_CENTROID,B,VERIFIED
MIE03-000470,MIE-03,三重県,桑名市,江場1丁目 第17区画,5110836,24202,POSTAL+ADMIN,2026-07-25,v1,FROZEN,f261e5a2126db8420dca1cff86972d16a8f28f8ccb97adb3c4671800cfacd8a1,35.07166,136.65016,TOWN_CENTROID,B,VERIFIED
MIE03-000471,MIE-03,三重県,桑名市,江場2丁目 第17区画,5110836,24202,POSTAL+ADMIN,2026-07-25,v1,FROZEN,c7525945f0d51a30dc901accd3862986d8857ecea56cab3961720b05b80e4299,35.07126,136.65214,TOWN_CENTROID,B,VERIFIED
MIE03-000472,MIE-03,三重県,桑名市,江場3丁目 第17区画,5110836,24202,POSTAL+ADMIN,2026-07-25,v1,FROZEN,c106f5ad87c73f70b51d712f9d9fbdc9227b9ab2193bc868f03df851a30c7319,35.07182,136.6514,TOWN_CENTROID,B,VERIFIED
MIE03-000473,MIE-03,三重県,桑名市,江場1丁目 第18区画,5110836,24202,POSTAL+ADMIN,2026-07-25,v1,FROZEN,8a886fe82ac2ad387801b4db2f10778f384caf9f5adeb4747530028feab12f70,35.07062,136.65562,TOWN_CENTROID,B,VERIFIED
MIE03-000474,MIE-03,三重県,桑名市,江場2丁目 第18区画,5110836,24202,POSTAL+ADMIN,2026-07-25,v1,FROZEN,a186d8303b5528e47a8d61413f8de82a2c79355f3b66a25072f190423cf30bd0,35.07006,136.6568,TOWN_CENTROID,B,VERIFIED
MIE03-000475,MIE-03,三重県,桑名市,江場3丁目 第18区画,5110836,24202,POSTAL+ADMIN,2026-07-25,v1,FROZEN,6266f97373dd4d5f140ea5955a43887c94b11dc349b853fb2b1cafa78800cc8a,35.0699,136.65934,TOWN_CENTROID,B,VERIFIED
MIE03-000476,MIE-03,三重県,桑名市,江場1丁目 第19区画,5110836,24202,POSTAL+ADMIN,2026-07-25,v1,FROZEN,8972f8dd2f9695dc50bfa6eda9d5358a2be87b82c43fdf70feed7951a94ca51d,35.07078,136.6574,TOWN_CENTROID,B,VERIFIED
MIE03-000477,MIE-03,三重県,桑名市,江場2丁目 第19区画,5110836,24202,POSTAL+ADMIN,2026-07-25,v1,FROZEN,7fa3191268bcdd076c5c7a169cae68d9a6a71dcc6eaf839a2552b1f33a3f92a8,35.06926,136.65978,TOWN_CENTROID,B,VERIFIED
MIE03-000478,MIE-03,三重県,桑名市,江場3丁目 第19区画,5110836,24202,POSTAL+ADMIN,2026-07-25,v1,FROZEN,15085f68bc9a5481e16ad857576ebdca75363dc33874e3c1a91061f78583bcfb,35.0711,136.66192,TOWN_CENTROID,B,VERIFIED
MIE03-000479,MIE-03,三重県,桑名市,江場1丁目 第20区画,5110836,24202,POSTAL+ADMIN,2026-07-25,v1,FROZEN,0b84f8bd5f56fe954635b01bc4eb8b0f967df73336e3d3287e6d04a653d650e7,35.06974,136.66454,TOWN_CENTROID,B,VERIFIED
MIE03-000480,MIE-03,三重県,桑名市,江場2丁目 第20区画,5110836,24202,POSTAL+ADMIN,2026-07-25,v1,FROZEN,5107611260701c014184318d01e10eb7af44b37095fabce2cdc9ba943ba7943d,35.06956,136.63348,TOWN_CENTROID,B,VERIFIED
MIE03-000481,MIE-03,三重県,桑名市,江場3丁目 第20区画,5110836,24202,POSTAL+ADMIN,2026-07-25,v1,FROZEN,28e8a5cb044dae7f1dfe1069f102debf7805735977a2335bb92b2c55f0e7efae,35.07012,136.63698,TOWN_CENTROID,B,VERIFIED
MIE03-000482,MIE-03,三重県,桑名市,江場1丁目,5110836,24202,POSTAL+ADMIN,2026-07-25,v1,FROZEN,59ece4c155c95f8d1b27ee88f09b63783da6246876229ddeb62b1b8e54de3857,35.07276,136.63944,TOWN_CENTROID,B,VERIFIED
MIE03-000483,MIE-03,三重県,桑名市,江場2丁目,5110836,24202,POSTAL+ADMIN,2026-07-25,v1,FROZEN,a60da9f3f75a273953d8af7d3c812f18116ff5aeff1341fe48d018aa1d91ddae,35.06948,136.64022,TOWN_CENTROID,B,VERIFIED
MIE03-000484,MIE-03,三重県,桑名市,江場3丁目,5110836,24202,POSTAL+ADMIN,2026-07-25,v1,FROZEN,6b1b55133558501d10ef70c8836bbdec63c4f2b171f3ab2e892737f8699af947,35.0694,136.64068,TOWN_CENTROID,B,VERIFIED
MIE03-000485,MIE-03,三重県,桑名市,播磨 第2区画,5110862,24202,POSTAL+ADMIN,2026-07-25,v1,FROZEN,2d0aea2cd53879bef38dc36b68b67461a8d4e1fd251d24239b865d9066f70978,35.07108,136.6433,TOWN_CENTROID,B,VERIFIED
MIE03-000486,MIE-03,三重県,桑名市,播磨 第3区画,5110862,24202,POSTAL+ADMIN,2026-07-25,v1,FROZEN,f35bd20a1dd1d6e7ae20c54fc1768d32d203c03a35684ec0c852c1737de6780c,35.073,136.64296,TOWN_CENTROID,B,VERIFIED
MIE03-000487,MIE-03,三重県,桑名市,播磨 第4区画,5110862,24202,POSTAL+ADMIN,2026-07-25,v1,FROZEN,fdcae96dc23c8ba2750ee404f64f269698af0b13dbf619f2d19160a836035fbf,35.07148,136.64486,TOWN_CENTROID,B,VERIFIED
MIE03-000488,MIE-03,三重県,桑名市,播磨 第5区画,5110862,24202,POSTAL+ADMIN,2026-07-25,v1,FROZEN,1cb17f55bf0e9c0e30caa387adb962a65ed443161c65ad9431168eda526371d7,35.07052,136.64652,TOWN_CENTROID,B,VERIFIED
MIE03-000489,MIE-03,三重県,桑名市,播磨 第6区画,5110862,24202,POSTAL+ADMIN,2026-07-25,v1,FROZEN,82e2408e122ab448e00c8466a34294deb980739a1dd1288be11d61a1bd2ece23,35.073,136.64818,TOWN_CENTROID,B,VERIFIED
MIE03-000490,MIE-03,三重県,桑名市,播磨 第7区画,5110862,24202,POSTAL+ADMIN,2026-07-25,v1,FROZEN,8b327bfcfd6268891053227c4883b9bd4a07c542d8dfb04c02d1aac36faca793,35.07084,136.6508,TOWN_CENTROID,B,VERIFIED
MIE03-000491,MIE-03,三重県,桑名市,播磨 第8区画,5110862,24202,POSTAL+ADMIN,2026-07-25,v1,FROZEN,b822db7ca66c10503094bc85741a59bb90852189d909a04befd1b6b8fb608b51,35.07316,136.65318,TOWN_CENTROID,B,VERIFIED
MIE03-000492,MIE-03,三重県,桑名市,播磨 第9区画,5110862,24202,POSTAL+ADMIN,2026-07-25,v1,FROZEN,10bf970b5c0e0c5a544fc34df5f39a5977e6248ebcf243e8c00443984c27379a,35.0706,136.6518,TOWN_CENTROID,B,VERIFIED
MIE03-000493,MIE-03,三重県,桑名市,播磨 第10区画,5110862,24202,POSTAL+ADMIN,2026-07-25,v1,FROZEN,83db9ac9f4045e5a5c0ba40c9b39eb00ca4600c080c5f3173d546f042d500ddd,35.07012,136.65274,TOWN_CENTROID,B,VERIFIED
MIE03-000494,MIE-03,三重県,桑名市,播磨 第11区画,5110862,24202,POSTAL+ADMIN,2026-07-25,v1,FROZEN,d9883524e2727d7c9d5da33ae316aa986e0e04efc13fde97f873f93a966d72b3,35.0706,136.65576,TOWN_CENTROID,B,VERIFIED
MIE03-000495,MIE-03,三重県,桑名市,播磨 第12区画,5110862,24202,POSTAL+ADMIN,2026-07-25,v1,FROZEN,fe3a4e4b3d73694fb96670a7dd009d8181e2ece5bd54483dbf925f255330bbed,35.07236,136.65742,TOWN_CENTROID,B,VERIFIED
MIE03-000496,MIE-03,三重県,桑名市,播磨 第13区画,5110862,24202,POSTAL+ADMIN,2026-07-25,v1,FROZEN,09dceea76cc0708c57798ecd3be60a887b0bc736efa4f0b09e7ad597e6c29035,35.07132,136.65812,TOWN_CENTROID,B,VERIFIED
MIE03-000497,MIE-03,三重県,桑名市,播磨 第14区画,5110862,24202,POSTAL+ADMIN,2026-07-25,v1,FROZEN,d0c39772e743291400875c3a36e9a8c25c5a40ae40a78de1c144ab95b3de0b37,35.0698,136.6617,TOWN_CENTROID,B,VERIFIED
MIE03-000498,MIE-03,三重県,桑名市,播磨 第15区画,5110862,24202,POSTAL+ADMIN,2026-07-25,v1,FROZEN,e79b085dcad36282e0663d6095ba6775fbf8bb36d66df6c9d3cae6614fb301e3,35.07012,136.66072,TOWN_CENTROID,B,VERIFIED
MIE03-000499,MIE-03,三重県,桑名市,播磨 第16区画,5110862,24202,POSTAL+ADMIN,2026-07-25,v1,FROZEN,d5df1299a9bacbd24b16f6081d2675944f398420b78e3cdf375d03e66bdd9477,35.06956,136.66198,TOWN_CENTROID,B,VERIFIED
MIE03-000500,MIE-03,三重県,桑名市,播磨 第17区画,5110862,24202,POSTAL+ADMIN,2026-07-25,v1,FROZEN,1ef774443e289eab58fdeb17441124464faae3f92899a775de6359081ce1a864,35.0721,136.63332,TOWN_CENTROID,B,VERIFIED
MIE03-000501,MIE-03,三重県,桑名市,播磨 第18区画,5110862,24202,POSTAL+ADMIN,2026-07-25,v1,FROZEN,bc074bcf5d6bb7d1de865089a992072ecb6622af198c37f5213b3d0628121e38,35.07386,136.63714,TOWN_CENTROID,B,VERIFIED
MIE03-000502,MIE-03,三重県,桑名市,播磨 第19区画,5110862,24202,POSTAL+ADMIN,2026-07-25,v1,FROZEN,4a67335a7d297ede248b9dd9a3e4eab0381a4b9c7aa44d272d57f93bb798cf46,35.07122,136.63704,TOWN_CENTROID,B,VERIFIED
MIE03-000503,MIE-03,三重県,桑名市,播磨 第20区画,5110862,24202,POSTAL+ADMIN,2026-07-25,v1,FROZEN,656366ae34a2c8a826c911dd7c6c497c91ce34b0daebdf50071fc85f79bc0734,35.0725,136.64086,TOWN_CENTROID,B,VERIFIED
MIE03-000504,MIE-03,三重県,桑名市,播磨,5110862,24202,POSTAL+ADMIN,2026-07-25,v1,FROZEN,72300e7c96f74e01203bbc103f2e544559fbde6ddcb016e3406f06681885cea6,35.0705,136.6422,TOWN_CENTROID,B,VERIFIED
MIE03-000505,MIE-03,三重県,桑名市,大山田1丁目 第2区画,5110903,24202,POSTAL+ADMIN,2026-07-25,v1,FROZEN,0cd4c2a8973bf347a997d71d8c5aaaf7ee5380fdf4e521e9d39d1f624fe95177,35.07146,136.6433,TOWN_CENTROID,B,VERIFIED
MIE03-000506,MIE-03,三重県,桑名市,大山田2丁目 第2区画,5110903,24202,POSTAL+ADMIN,2026-07-25,v1,FROZEN,7a4e884a46d6ea4935b6d1b88c75924b1a64a8209352b5675939ae3c3a1e8780,35.0741,136.6444,TOWN_CENTROID,B,VERIFIED
MIE03-000507,MIE-03,三重県,桑名市,大山田3丁目 第2区画,5110903,24202,POSTAL+ADMIN,2026-07-25,v1,FROZEN,9336e29da2867cc5897ce5f37f64796e190b842c2cc92eef42c6644eb6fe7c9a,35.07298,136.64734,TOWN_CENTROID,B,VERIFIED
MIE03-000508,MIE-03,三重県,桑名市,大山田4丁目 第2区画,5110903,24202,POSTAL+ADMIN,2026-07-25,v1,FROZEN,f7dcce44b7eee08c1b5dc01bac92e70e47c69034337cb3d6d2718f0bb5a8d5bd,35.07354,136.64764,TOWN_CENTROID,B,VERIFIED
MIE03-000509,MIE-03,三重県,桑名市,大山田5丁目 第2区画,5110903,24202,POSTAL+ADMIN,2026-07-25,v1,FROZEN,a15ed96ddd1a5664d7c95e452f0ba7219599bd41f6cf11c694d2f467e82ee57e,35.07138,136.64874,TOWN_CENTROID,B,VERIFIED
MIE03-000510,MIE-03,三重県,桑名市,大山田6丁目 第2区画,5110903,24202,POSTAL+ADMIN,2026-07-25,v1,FROZEN,68b86f12b5abeda3032748308be87a4568dfaa2f886eca1f9981d88ca9a7b3b8,35.07434,136.65144,TOWN_CENTROID,B,VERIFIED
MIE03-000511,MIE-03,三重県,桑名市,大山田7丁目 第2区画,5110903,24202,POSTAL+ADMIN,2026-07-25,v1,FROZEN,969a1c4834d58c745584ea128129f1407fd0b99cfa6f4689e96fe89e401c5ce5,35.07114,136.65302,TOWN_CENTROID,B,VERIFIED
MIE03-000512,MIE-03,三重県,桑名市,大山田8丁目 第2区画,5110903,24202,POSTAL+ADMIN,2026-07-25,v1,FROZEN,841ee185e2c6d7a5d07cd08b0470cff2318375e7d979a9c91408f938af03cadd,35.0705,136.65196,TOWN_CENTROID,B,VERIFIED
MIE03-000513,MIE-03,三重県,桑名市,大山田1丁目 第3区画,5110903,24202,POSTAL+ADMIN,2026-07-25,v1,FROZEN,7f14a00f65ce59237d33775b1550c57fcfc13a98fa0f64256d393ec3f18242d2,35.0717,136.6525,TOWN_CENTROID,B,VERIFIED
MIE03-000514,MIE-03,三重県,桑名市,大山田2丁目 第3区画,5110903,24202,POSTAL+ADMIN,2026-07-25,v1,FROZEN,99526523248f8e68bc30161bda31529df245f81196ebba14cce1e05baee035ac,35.0737,136.65792,TOWN_CENTROID,B,VERIFIED
MIE03-000515,MIE-03,三重県,桑名市,大山田3丁目 第3区画,5110903,24202,POSTAL+ADMIN,2026-07-25,v1,FROZEN,827b75b016428916b0d32d3f7050a1bb5ea3b1f99975b60e9db69100de0ccb02,35.07402,136.65766,TOWN_CENTROID,B,VERIFIED
MIE03-000516,MIE-03,三重県,桑名市,大山田4丁目 第3区画,5110903,24202,POSTAL+ADMIN,2026-07-25,v1,FROZEN,5aab0967445edc215196daea50a2f7fa185ccbee1d5a5c24972192d31c8dbff5,35.07242,136.65812,TOWN_CENTROID,B,VERIFIED
MIE03-000517,MIE-03,三重県,桑名市,大山田5丁目 第3区画,5110903,24202,POSTAL+ADMIN,2026-07-25,v1,FROZEN,ae16e603261ff6ea9d5423b033aaa5c1025c28552f4b8e14a25c583c62186497,35.07362,136.66042,TOWN_CENTROID,B,VERIFIED
MIE03-000518,MIE-03,三重県,桑名市,大山田6丁目 第3区画,5110903,24202,POSTAL+ADMIN,2026-07-25,v1,FROZEN,6ca2b8178c16a30bd9677c450e31d665b17f6667650adbb45242202b252066aa,35.07098,136.66272,TOWN_CENTROID,B,VERIFIED
MIE03-000519,MIE-03,三重県,桑名市,大山田7丁目 第3区画,5110903,24202,POSTAL+ADMIN,2026-07-25,v1,FROZEN,ea60ffd2724530b4ae400caff851a847219fe044242a4170cc7f0f2849d1c929,35.0729,136.66238,TOWN_CENTROID,B,VERIFIED
MIE03-000520,MIE-03,三重県,桑名市,大山田8丁目 第3区画,5110903,24202,POSTAL+ADMIN,2026-07-25,v1,FROZEN,014528269c2643f4027c58395d20de0050a94c800e3e95e8d4b12fcddd4b2931,35.07472,136.63564,TOWN_CENTROID,B,VERIFIED
MIE03-000521,MIE-03,三重県,桑名市,大山田1丁目 第4区画,5110903,24202,POSTAL+ADMIN,2026-07-25,v1,FROZEN,2c713364b52ddfbc0c30b31351c91b249169932f98cf10a7d2d3d160de4437c9,35.07376,136.63834,TOWN_CENTROID,B,VERIFIED
MIE03-000522,MIE-03,三重県,桑名市,大山田2丁目 第4区画,5110903,24202,POSTAL+ADMIN,2026-07-25,v1,FROZEN,dd6246a4ceeb7abfd89a7690a452c15e51f9e5d533d2889db3508438642d0017,35.0752,136.63872,TOWN_CENTROID,B,VERIFIED
MIE03-000523,MIE-03,三重県,桑名市,大山田3丁目 第4区画,5110903,24202,POSTAL+ADMIN,2026-07-25,v1,FROZEN,687b515ca8a97674af20cba61ac162021c1e9b6c09ad2b6c6da4338ba29d9c07,35.07312,136.63934,TOWN_CENTROID,B,VERIFIED
MIE03-000524,MIE-03,三重県,桑名市,大山田4丁目 第4区画,5110903,24202,POSTAL+ADMIN,2026-07-25,v1,FROZEN,3d4a84ba55f69186b1c03203952e2bf6602bbf8fa7ae10d9e7640c7172e1be71,35.07248,136.64276,TOWN_CENTROID,B,VERIFIED
MIE03-000525,MIE-03,三重県,桑名市,大山田5丁目 第4区画,5110903,24202,POSTAL+ADMIN,2026-07-25,v1,FROZEN,3d687803ea3e161a45345b94ab8915e0452e574672c364664a93cac1168478d5,35.07384,136.64434,TOWN_CENTROID,B,VERIFIED
MIE03-000526,MIE-03,三重県,桑名市,大山田6丁目 第4区画,5110903,24202,POSTAL+ADMIN,2026-07-25,v1,FROZEN,de87af5246e9aec4ef0137d98410e48dd9972d042258b2af6a32683987732cae,35.07232,136.64472,TOWN_CENTROID,B,VERIFIED
MIE03-000527,MIE-03,三重県,桑名市,大山田7丁目 第4区画,5110903,24202,POSTAL+ADMIN,2026-07-25,v1,FROZEN,ca8b4fc59dc3da1a9561e57c366bc63d9d79b8b2fa0805e0dd7a00bf59d4b4fe,35.07304,136.64702,TOWN_CENTROID,B,VERIFIED
MIE03-000528,MIE-03,三重県,桑名市,大山田8丁目 第4区画,5110903,24202,POSTAL+ADMIN,2026-07-25,v1,FROZEN,0124f9dbbb3cc854a2d77ed1bd38593cde39f55399fada7926263e21ef23a120,35.07408,136.64684,TOWN_CENTROID,B,VERIFIED
MIE03-000529,MIE-03,三重県,桑名市,大山田1丁目 第5区画,5110903,24202,POSTAL+ADMIN,2026-07-25,v1,FROZEN,3eb07820b0533a49fb89372dd8a196dd6f370d97093bc47690bd6bace6ec1f96,35.07456,136.64666,TOWN_CENTROID,B,VERIFIED
MIE03-000530,MIE-03,三重県,桑名市,大山田2丁目 第5区画,5110903,24202,POSTAL+ADMIN,2026-07-25,v1,FROZEN,e7c074d85defebcbe4e4888dd189b2b7f1c6f19b92beb78eab5b7be37dd32184,35.07352,136.64856,TOWN_CENTROID,B,VERIFIED
MIE03-000531,MIE-03,三重県,桑名市,大山田3丁目 第5区画,5110903,24202,POSTAL+ADMIN,2026-07-25,v1,FROZEN,72d4cca66615d06d1613f0feab066cbbae60fa09a6eb78e4d8bb91d81540421f,35.07376,136.65206,TOWN_CENTROID,B,VERIFIED
MIE03-000532,MIE-03,三重県,桑名市,大山田4丁目 第5区画,5110903,24202,POSTAL+ADMIN,2026-07-25,v1,FROZEN,d192529ef55dd20afa30cc342c4e8a947dc7dd8d2d74a53e2f37cc8a394604cb,35.07344,136.65308,TOWN_CENTROID,B,VERIFIED
MIE03-000533,MIE-03,三重県,桑名市,大山田5丁目 第5区画,5110903,24202,POSTAL+ADMIN,2026-07-25,v1,FROZEN,ce3c008735cc5873b7a13ef6587ea5cfee65e02c5bb0781a8573cf069acc209b,35.07368,136.65306,TOWN_CENTROID,B,VERIFIED
MIE03-000534,MIE-03,三重県,桑名市,大山田6丁目 第5区画,5110903,24202,POSTAL+ADMIN,2026-07-25,v1,FROZEN,c9bd983fdbd5da9748ba174be088c923ef916b75c05955a15ae02e8cf1e95b9b,35.07232,136.65704,TOWN_CENTROID,B,VERIFIED
MIE03-000535,MIE-03,三重県,桑名市,大山田7丁目 第5区画,5110903,24202,POSTAL+ADMIN,2026-07-25,v1,FROZEN,adf403b3bc17d3ca766f2fae72f52a8689a5df4472965129f4803fee73adf238,35.07552,136.65894,TOWN_CENTROID,B,VERIFIED
MIE03-000536,MIE-03,三重県,桑名市,大山田8丁目 第5区画,5110903,24202,POSTAL+ADMIN,2026-07-25,v1,FROZEN,fb0ca346673b6791d2db9e457fe1e2fcf8b7e543ef5483621c39f7472f1d9801,35.07168,136.65772,TOWN_CENTROID,B,VERIFIED
MIE03-000537,MIE-03,三重県,桑名市,大山田1丁目 第6区画,5110903,24202,POSTAL+ADMIN,2026-07-25,v1,FROZEN,4b959bfa8790006bd88536581e240daf3ac9776bd8fa53139231111728592cae,35.07376,136.66082,TOWN_CENTROID,B,VERIFIED
MIE03-000538,MIE-03,三重県,桑名市,大山田2丁目 第6区画,5110903,24202,POSTAL+ADMIN,2026-07-25,v1,FROZEN,ca0faf206b1cfe6b425211b6a95cf385329701b9986065bff95b387fa237c582,35.07352,136.66056,TOWN_CENTROID,B,VERIFIED
MIE03-000539,MIE-03,三重県,桑名市,大山田3丁目 第6区画,5110903,24202,POSTAL+ADMIN,2026-07-25,v1,FROZEN,af22db42485c44855bb1690ad56d68e5b4c7a3f6cd1d68fb745db98cb481e2ad,35.07224,136.66398,TOWN_CENTROID,B,VERIFIED
MIE03-000540,MIE-03,三重県,桑名市,大山田4丁目 第6区画,5110903,24202,POSTAL+ADMIN,2026-07-25,v1,FROZEN,40b017a947ba3a1bbcfbb6103aa02fb764604c83e3d35990f34e5297e5630e61,35.07398,136.63652,TOWN_CENTROID,B,VERIFIED
MIE03-000541,MIE-03,三重県,桑名市,大山田5丁目 第6区画,5110903,24202,POSTAL+ADMIN,2026-07-25,v1,FROZEN,85afcc5d082c545627b07b50290300fd57a6ac94e02cec7dca3de0b4c4e56680,35.07646,136.63642,TOWN_CENTROID,B,VERIFIED
MIE03-000542,MIE-03,三重県,桑名市,大山田6丁目 第6区画,5110903,24202,POSTAL+ADMIN,2026-07-25,v1,FROZEN,c80f11ca8bc6b10d8f52c3b9c9b3fdc0cda6b9dde8500b4ccfa989842f270463,35.07454,136.63736,TOWN_CENTROID,B,VERIFIED
MIE03-000543,MIE-03,三重県,桑名市,大山田7丁目 第6区画,5110903,24202,POSTAL+ADMIN,2026-07-25,v1,FROZEN,f4a245f37e5ad39be7cec79b42ab349402a0f14813f3d0bb659c2b5378355856,35.07422,136.64134,TOWN_CENTROID,B,VERIFIED
MIE03-000544,MIE-03,三重県,桑名市,大山田8丁目 第6区画,5110903,24202,POSTAL+ADMIN,2026-07-25,v1,FROZEN,8543788b539b4a21fde1c5aea2652795ba5f5f91945c598f013d1f3ac439683e,35.07534,136.64084,TOWN_CENTROID,B,VERIFIED
MIE03-000545,MIE-03,三重県,桑名市,大山田1丁目 第7区画,5110903,24202,POSTAL+ADMIN,2026-07-25,v1,FROZEN,529074ddbffaa1de25a69015b7fe21d0b1767f7c53f4366872716c5acd9b727e,35.07526,136.64386,TOWN_CENTROID,B,VERIFIED
MIE03-000546,MIE-03,三重県,桑名市,大山田2丁目 第7区画,5110903,24202,POSTAL+ADMIN,2026-07-25,v1,FROZEN,472871e743c94a045c206dd5d3b12ba0dffbf8df80f6619ea769ddd91755f1a7,35.07438,136.64432,TOWN_CENTROID,B,VERIFIED
MIE03-000547,MIE-03,三重県,桑名市,大山田3丁目 第7区画,5110903,24202,POSTAL+ADMIN,2026-07-25,v1,FROZEN,d76f939dc2596938b6218a32ee537ce06d0de26f691ca3bb7ea16e6499569689,35.07422,136.6443,TOWN_CENTROID,B,VERIFIED
MIE03-000548,MIE-03,三重県,桑名市,大山田4丁目 第7区画,5110903,24202,POSTAL+ADMIN,2026-07-25,v1,FROZEN,b11a05172f2a62045610d5a9770dfa86c63c0f6607334a8db11619f040eed50d,35.07366,136.64652,TOWN_CENTROID,B,VERIFIED
MIE03-000549,MIE-03,三重県,桑名市,大山田5丁目 第7区画,5110903,24202,POSTAL+ADMIN,2026-07-25,v1,FROZEN,203a9676020e4245015587e42b9a80eaabc9a845179ae00bede4688982be15f2,35.07646,136.6497,TOWN_CENTROID,B,VERIFIED
MIE03-000550,MIE-03,三重県,桑名市,大山田6丁目 第7区画,5110903,24202,POSTAL+ADMIN,2026-07-25,v1,FROZEN,6a5040e0d8ced2a5051fa0718ee37bdf80aac3fb27bf2ecda239337432b5cbe5,35.07294,136.65072,TOWN_CENTROID,B,VERIFIED
MIE03-000551,MIE-03,三重県,桑名市,大山田7丁目 第7区画,5110903,24202,POSTAL+ADMIN,2026-07-25,v1,FROZEN,6a26dd2d7454a691fecdb6b5d0ccb2a6e5a1fad0b7ed963d2efe36573d35cb43,35.07294,136.64998,TOWN_CENTROID,B,VERIFIED
MIE03-000552,MIE-03,三重県,桑名市,大山田8丁目 第7区画,5110903,24202,POSTAL+ADMIN,2026-07-25,v1,FROZEN,44b62b97c4bc4d6e5d90ce3a941ba5e40c29da8d42852233cd74354ab0a04103,35.07302,136.65396,TOWN_CENTROID,B,VERIFIED
MIE03-000553,MIE-03,三重県,桑名市,大山田1丁目 第8区画,5110903,24202,POSTAL+ADMIN,2026-07-25,v1,FROZEN,a7c7546ea5a998a04cad5d2284451f7ca257ba13357dade7643e0b44a4a1348f,35.07294,136.65274,TOWN_CENTROID,B,VERIFIED
MIE03-000554,MIE-03,三重県,桑名市,大山田2丁目 第8区画,5110903,24202,POSTAL+ADMIN,2026-07-25,v1,FROZEN,b64470f4d272e6d6e3a0d4889fc2e659d56523437371fb603e012b76e477e305,35.07622,136.6564,TOWN_CENTROID,B,VERIFIED
MIE03-000555,MIE-03,三重県,桑名市,大山田3丁目 第8区画,5110903,24202,POSTAL+ADMIN,2026-07-25,v1,FROZEN,fb9027b423abe9ed55662875d832af8f4b634814dc8a05f1582cc8a46a3dda71,35.0763,136.6567,TOWN_CENTROID,B,VERIFIED
MIE03-000556,MIE-03,三重県,桑名市,大山田4丁目 第8区画,5110903,24202,POSTAL+ADMIN,2026-07-25,v1,FROZEN,fc728bc7ce0f5987da70ee22c95d9fb80a4a2f5238b6d058d6b526be0dd4c9ca,35.07662,136.65844,TOWN_CENTROID,B,VERIFIED
MIE03-000557,MIE-03,三重県,桑名市,大山田5丁目 第8区画,5110903,24202,POSTAL+ADMIN,2026-07-25,v1,FROZEN,fbf309a6d06890ae443e2df51276a90bd6a4b34c2590cd25b4d47a53e00fa85d,35.0735,136.6605,TOWN_CENTROID,B,VERIFIED
MIE03-000558,MIE-03,三重県,桑名市,大山田6丁目 第8区画,5110903,24202,POSTAL+ADMIN,2026-07-25,v1,FROZEN,b061593e6bfca772a7f89f570ea3f774a90dbe823c4aba85abb95b0dc862085d,35.07558,136.66136,TOWN_CENTROID,B,VERIFIED
MIE03-000559,MIE-03,三重県,桑名市,大山田7丁目 第8区画,5110903,24202,POSTAL+ADMIN,2026-07-25,v1,FROZEN,9a2960c6b09662f23d7b8f3772e2dbf86f45d672cfc2d6c8b4317d7bf58f88db,35.07614,136.6619,TOWN_CENTROID,B,VERIFIED
MIE03-000560,MIE-03,三重県,桑名市,大山田8丁目 第8区画,5110903,24202,POSTAL+ADMIN,2026-07-25,v1,FROZEN,a4ca271d086b855870197d401c293b17a35c989927b8a6b78bfae0dea411c5c1,35.07596,136.63612,TOWN_CENTROID,B,VERIFIED
MIE03-000561,MIE-03,三重県,桑名市,大山田1丁目 第9区画,5110903,24202,POSTAL+ADMIN,2026-07-25,v1,FROZEN,26eb2b66410951bebe0821b3652bb0c1c9574426985f9ba5111471e8a94d4e61,35.07388,136.6357,TOWN_CENTROID,B,VERIFIED
MIE03-000562,MIE-03,三重県,桑名市,大山田2丁目 第9区画,5110903,24202,POSTAL+ADMIN,2026-07-25,v1,FROZEN,071c281ae3042ef5a79b6dfa3e8beeb48376b6a466a4535decee6e549141f765,35.07564,136.63808,TOWN_CENTROID,B,VERIFIED
MIE03-000563,MIE-03,三重県,桑名市,大山田3丁目 第9区画,5110903,24202,POSTAL+ADMIN,2026-07-25,v1,FROZEN,15b1dcc81868d47c9603eb058501b45c7256ca5e289cb4023581a0b183b08078,35.07716,136.64046,TOWN_CENTROID,B,VERIFIED
MIE03-000564,MIE-03,三重県,桑名市,大山田4丁目 第9区画,5110903,24202,POSTAL+ADMIN,2026-07-25,v1,FROZEN,1a3a5808a87305694020e4bfc402b8ac05a661be0fafdd70378d51fe13afa0a2,35.077,136.64164,TOWN_CENTROID,B,VERIFIED
MIE03-000565,MIE-03,三重県,桑名市,大山田5丁目 第9区画,5110903,24202,POSTAL+ADMIN,2026-07-25,v1,FROZEN,19b30cd6533f9b71d9d70dda93a14a994c89f9180c5ec2db0e6fb0bde5b96333,35.07684,136.64418,TOWN_CENTROID,B,VERIFIED
MIE03-000566,MIE-03,三重県,桑名市,大山田6丁目 第9区画,5110903,24202,POSTAL+ADMIN,2026-07-25,v1,FROZEN,a7ef9f18ef70d8ea7c01ca69ce8fc3650060ee80ad9e1760961101deb7d5f49f,35.07452,136.64224,TOWN_CENTROID,B,VERIFIED
MIE03-000567,MIE-03,三重県,桑名市,大山田7丁目 第9区画,5110903,24202,POSTAL+ADMIN,2026-07-25,v1,FROZEN,bd7dddd7c8db6c6db13ee609f936a3643bbdcd620872ce308fa25362bacde025,35.07684,136.64542,TOWN_CENTROID,B,VERIFIED
MIE03-000568,MIE-03,三重県,桑名市,大山田8丁目 第9区画,5110903,24202,POSTAL+ADMIN,2026-07-25,v1,FROZEN,f1a6f770663a36942b188db456f7e0c6aff39aa1536f4aa9933e8ede031fd18f,35.07548,136.64828,TOWN_CENTROID,B,VERIFIED
MIE03-000569,MIE-03,三重県,桑名市,大山田1丁目 第10区画,5110903,24202,POSTAL+ADMIN,2026-07-25,v1,FROZEN,f3ff1dd50e5a1630a3ab4768729fb0c4ddc93ac94188348fc183f8321e278e4f,35.07436,136.64922,TOWN_CENTROID,B,VERIFIED
MIE03-000570,MIE-03,三重県,桑名市,大山田2丁目 第10区画,5110903,24202,POSTAL+ADMIN,2026-07-25,v1,FROZEN,3e95bc8e3427e9c3ad84ecc25daa905493af2fe6bfaaad07e7e3f6e44de21fb2,35.0754,136.6488,TOWN_CENTROID,B,VERIFIED
MIE03-000571,MIE-03,三重県,桑名市,大山田3丁目 第10区画,5110903,24202,POSTAL+ADMIN,2026-07-25,v1,FROZEN,50eca6c7b06ea3a79bf98e027393e4b5bb9a62d18fbde5c3bbb5be897e5ea6bd,35.07468,136.65254,TOWN_CENTROID,B,VERIFIED
MIE03-000572,MIE-03,三重県,桑名市,大山田4丁目 第10区画,5110903,24202,POSTAL+ADMIN,2026-07-25,v1,FROZEN,dd9b02c2cd920b74211215bed3d2bbe00cc7387acd71f4652de86ca982dc8909,35.0754,136.65228,TOWN_CENTROID,B,VERIFIED
MIE03-000573,MIE-03,三重県,桑名市,大山田5丁目 第10区画,5110903,24202,POSTAL+ADMIN,2026-07-25,v1,FROZEN,a0c8fc377b538d1e856be2f1c6cde9043b6b59a56c163d8f15b269781cdd9964,35.07612,136.65514,TOWN_CENTROID,B,VERIFIED
MIE03-000574,MIE-03,三重県,桑名市,大山田6丁目 第10区画,5110903,24202,POSTAL+ADMIN,2026-07-25,v1,FROZEN,5aaf2c4f48a82bf4d91305db90f0c5ec89201a02f2f7b6b670d533ec55be5000,35.07684,136.65712,TOWN_CENTROID,B,VERIFIED
MIE03-000575,MIE-03,三重県,桑名市,大山田7丁目 第10区画,5110903,24202,POSTAL+ADMIN,2026-07-25,v1,FROZEN,0a9922a1bdcf14f194671b0f74633d19fe607144a0b30201b8dbcf85ffee9d05,35.07756,136.65694,TOWN_CENTROID,B,VERIFIED
MIE03-000576,MIE-03,三重県,桑名市,大山田8丁目 第10区画,5110903,24202,POSTAL+ADMIN,2026-07-25,v1,FROZEN,0c633f387ad6fd832e05c29d648371420a32ca86e6a97debf62e1b8b8ba9b098,35.07492,136.6578,TOWN_CENTROID,B,VERIFIED
MIE03-000577,MIE-03,三重県,桑名市,大山田1丁目 第11区画,5110903,24202,POSTAL+ADMIN,2026-07-25,v1,FROZEN,887a9540a4e46a9ee0146369b5879cf63b8fd6710a0fce8a1590e46cb505ca63,35.07708,136.65914,TOWN_CENTROID,B,VERIFIED
MIE03-000578,MIE-03,三重県,桑名市,大山田2丁目 第11区画,5110903,24202,POSTAL+ADMIN,2026-07-25,v1,FROZEN,fc771690f2dfc2efbf6efa6ca4148decd6005848f9ad5459b7b22e53796735b6,35.07724,136.6604,TOWN_CENTROID,B,VERIFIED
MIE03-000579,MIE-03,三重県,桑名市,大山田3丁目 第11区画,5110903,24202,POSTAL+ADMIN,2026-07-25,v1,FROZEN,39d6c77efdbce1070773bc3e594a010572a523e2989951db57e747a88e5c5e6f,35.07388,136.6635,TOWN_CENTROID,B,VERIFIED
MIE03-000580,MIE-03,三重県,桑名市,大山田4丁目 第11区画,5110903,24202,POSTAL+ADMIN,2026-07-25,v1,FROZEN,e47ce597cdcb9457bd9bde8d5f6aeb08b6b1fd946de438f9fffdf88634646aeb,35.07666,136.63684,TOWN_CENTROID,B,VERIFIED
MIE03-000581,MIE-03,三重県,桑名市,大山田5丁目 第11区画,5110903,24202,POSTAL+ADMIN,2026-07-25,v1,FROZEN,906da63540a2988ce1fc2d19b1ad05a4f0a6e3ed05ba4a03d6f629392a2dc474,35.0757,136.6353,TOWN_CENTROID,B,VERIFIED
MIE03-000582,MIE-03,三重県,桑名市,大山田6丁目 第11区画,5110903,24202,POSTAL+ADMIN,2026-07-25,v1,FROZEN,e0ec4b01bbaa615146b330100a56e6e35ecead6d958de7dc3ce7fd3916a73ce2,35.07634,136.6368,TOWN_CENTROID,B,VERIFIED
MIE03-000583,MIE-03,三重県,桑名市,大山田7丁目 第11区画,5110903,24202,POSTAL+ADMIN,2026-07-25,v1,FROZEN,e10cd756e9f5e3584744f2857bf05402909de5bd2978fe0df95590b6fd590391,35.07562,136.64022,TOWN_CENTROID,B,VERIFIED
MIE03-000584,MIE-03,三重県,桑名市,大山田8丁目 第11区画,5110903,24202,POSTAL+ADMIN,2026-07-25,v1,FROZEN,35069bd813d5acd0c01d12323516f10d003dabde2bdb01e64e53974709294900,35.07522,136.639,TOWN_CENTROID,B,VERIFIED
MIE03-000585,MIE-03,三重県,桑名市,大山田1丁目 第12区画,5110903,24202,POSTAL+ADMIN,2026-07-25,v1,FROZEN,6d9c369b8c5e284170022a56b187b38f004c89a3e445dbce74e864833c11cc11,35.07538,136.64274,TOWN_CENTROID,B,VERIFIED
MIE03-000586,MIE-03,三重県,桑名市,大山田2丁目 第12区画,5110903,24202,POSTAL+ADMIN,2026-07-25,v1,FROZEN,ee85c378e84918ee14962fc8c6d63aa3396c85ef3a478d507cf58a7bdbb79327,35.07498,136.64424,TOWN_CENTROID,B,VERIFIED
MIE03-000587,MIE-03,三重県,桑名市,大山田3丁目 第12区画,5110903,24202,POSTAL+ADMIN,2026-07-25,v1,FROZEN,e2a18504e61f5bc9528e8faea142e28b11ac0010394aef43c941dfafc1c00971,35.07842,136.64718,TOWN_CENTROID,B,VERIFIED
MIE03-000588,MIE-03,三重県,桑名市,大山田4丁目 第12区画,5110903,24202,POSTAL+ADMIN,2026-07-25,v1,FROZEN,3a83af53d66b1de946ac40ddfca6526bd0bf58e573b7fe101b4169d9781058c0,35.07874,136.64748,TOWN_CENTROID,B,VERIFIED
MIE03-000589,MIE-03,三重県,桑名市,大山田5丁目 第12区画,5110903,24202,POSTAL+ADMIN,2026-07-25,v1,FROZEN,f82a4470b9e8a917582f61099265f2cfa5e5b4b1bc3ec495f6db9cedd7bbe71f,35.07634,136.64778,TOWN_CENTROID,B,VERIFIED
MIE03-000590,MIE-03,三重県,桑名市,大山田6丁目 第12区画,5110903,24202,POSTAL+ADMIN,2026-07-25,v1,FROZEN,e69c90050cfeb886f14076c80dad1b19639b18f6b439f7759493f858044b56b7,35.07634,136.6488,TOWN_CENTROID,B,VERIFIED
MIE03-000591,MIE-03,三重県,桑名市,大山田7丁目 第12区画,5110903,24202,POSTAL+ADMIN,2026-07-25,v1,FROZEN,ef2fa515f39913fb05daba189df225a78f8a0847fb886b2619465fec5f473b6e,35.0785,136.6527,TOWN_CENTROID,B,VERIFIED
MIE03-000592,MIE-03,三重県,桑名市,大山田8丁目 第12区画,5110903,24202,POSTAL+ADMIN,2026-07-25,v1,FROZEN,8da759a301ce47f196444bc70435be28be00a3f8edb2484f89e3c77fa44bd3d7,35.0785,136.65172,TOWN_CENTROID,B,VERIFIED
MIE03-000593,MIE-03,三重県,桑名市,大山田1丁目 第13区画,5110903,24202,POSTAL+ADMIN,2026-07-25,v1,FROZEN,51b02f7dc3dc6c10205aa28f3bb5a1f7c7347a8710dee8d8c11ae7ea16a04350,35.07642,136.6533,TOWN_CENTROID,B,VERIFIED
MIE03-000594,MIE-03,三重県,桑名市,大山田2丁目 第13区画,5110903,24202,POSTAL+ADMIN,2026-07-25,v1,FROZEN,0851392be7d82b6316803b3092283ec4447a9c0513b64822216470b6af426a6f,35.07674,136.65608,TOWN_CENTROID,B,VERIFIED
MIE03-000595,MIE-03,三重県,桑名市,大山田3丁目 第13区画,5110903,24202,POSTAL+ADMIN,2026-07-25,v1,FROZEN,b7bec2ca02a06cd1f06cd6d93a6527832a36f7ca6a580e7e143c93047557d2b9,35.07682,136.6583,TOWN_CENTROID,B,VERIFIED
MIE03-000596,MIE-03,三重県,桑名市,大山田4丁目 第13区画,5110903,24202,POSTAL+ADMIN,2026-07-25,v1,FROZEN,da12152a9665b7f4d60b3b87dffac879bac3a3ff50df353ffe1dd95f16db69b4,35.0761,136.66028,TOWN_CENTROID,B,VERIFIED
MIE03-000597,MIE-03,三重県,桑名市,大山田5丁目 第13区画,5110903,24202,POSTAL+ADMIN,2026-07-25,v1,FROZEN,8e84ce29a81efa504f81ed4f473e0c30d1c7cdfb571dc5913d9cda0c3ab63c43,35.07746,136.6589,TOWN_CENTROID,B,VERIFIED
MIE03-000598,MIE-03,三重県,桑名市,大山田6丁目 第13区画,5110903,24202,POSTAL+ADMIN,2026-07-25,v1,FROZEN,7f3cc270e112fdec16ff7e5f78e0e335bc1613e3549515e3edbac478b93d6573,35.07506,136.66024,TOWN_CENTROID,B,VERIFIED
MIE03-000599,MIE-03,三重県,桑名市,大山田7丁目 第13区画,5110903,24202,POSTAL+ADMIN,2026-07-25,v1,FROZEN,9ba9a00124a86bb962ce09969e862db693d09db3924331c21fafc31bc2f4898b,35.07738,136.6651,TOWN_CENTROID,B,VERIFIED
MIE03-000600,MIE-03,三重県,桑名市,大山田8丁目 第13区画,5110903,24202,POSTAL+ADMIN,2026-07-25,v1,FROZEN,27a31e3e816ef739546c0d0ce19965572b75107435942037e3843d6dbe095712,35.07736,136.63508,TOWN_CENTROID,B,VERIFIED
MIE03-000601,MIE-03,三重県,桑名市,大山田1丁目 第14区画,5110903,24202,POSTAL+ADMIN,2026-07-25,v1,FROZEN,763d6287c5527eb2616673aed060e734f50d75e098486fd76a84dedb73715da4,35.07704,136.6365,TOWN_CENTROID,B,VERIFIED
MIE03-000602,MIE-03,三重県,桑名市,大山田2丁目 第14区画,5110903,24202,POSTAL+ADMIN,2026-07-25,v1,FROZEN,404daecd2719acae6915d77451ec66619508262021f2ce89af81bede09a3dcd9,35.07824,136.6376,TOWN_CENTROID,B,VERIFIED
MIE03-000603,MIE-03,三重県,桑名市,大山田3丁目 第14区画,5110903,24202,POSTAL+ADMIN,2026-07-25,v1,FROZEN,cd26c252a2399928c69a54c74a40774d0100ac315cf3da2c18012d89e0cd8f70,35.07608,136.63798,TOWN_CENTROID,B,VERIFIED
MIE03-000604,MIE-03,三重県,桑名市,大山田4丁目 第14区画,5110903,24202,POSTAL+ADMIN,2026-07-25,v1,FROZEN,92ae0ca875dbdcf5144d7c5432957651015a4ea9390a5309668d78bd4ef18a9b,35.07808,136.6426,TOWN_CENTROID,B,VERIFIED
MIE03-000605,MIE-03,三重県,桑名市,大山田5丁目 第14区画,5110903,24202,POSTAL+ADMIN,2026-07-25,v1,FROZEN,95faa0c4de433483cf26a14bc62e783145cdd10463317c98200b3a66e0766545,35.07696,136.6405,TOWN_CENTROID,B,VERIFIED
MIE03-000606,MIE-03,三重県,桑名市,大山田6丁目 第14区画,5110903,24202,POSTAL+ADMIN,2026-07-25,v1,FROZEN,190d32bf4801c41cd5f5e8e7b7416a6bf6af3fbb04f5d22bc0bd7ba48e2f64a1,35.07832,136.64264,TOWN_CENTROID,B,VERIFIED
MIE03-000607,MIE-03,三重県,桑名市,大山田7丁目 第14区画,5110903,24202,POSTAL+ADMIN,2026-07-25,v1,FROZEN,c8dcdb0e5b53538335d6748ed868f862f844c9ec853d09d6f68ad2c26a18a8ed,35.07896,136.64438,TOWN_CENTROID,B,VERIFIED
MIE03-000608,MIE-03,三重県,桑名市,大山田8丁目 第14区画,5110903,24202,POSTAL+ADMIN,2026-07-25,v1,FROZEN,a62ee134fa5fb1376fd2e96abd7732cc73caa94600a732bb73dd456ba758d79d,35.0792,136.64516,TOWN_CENTROID,B,VERIFIED
MIE03-000609,MIE-03,三重県,桑名市,大山田1丁目 第15区画,5110903,24202,POSTAL+ADMIN,2026-07-25,v1,FROZEN,6be555d4d33d2d88f4504733dbe4412670abf813fc81ba177cc8f3f6cdef59c9,35.0784,136.64738,TOWN_CENTROID,B,VERIFIED
MIE03-000610,MIE-03,三重県,桑名市,大山田2丁目 第15区画,5110903,24202,POSTAL+ADMIN,2026-07-25,v1,FROZEN,b76a0f6ae123c67fa360087d2ab50cb721063c43b60e50a706ebb55bc7b44668,35.07648,136.65096,TOWN_CENTROID,B,VERIFIED
MIE03-000611,MIE-03,三重県,桑名市,大山田3丁目 第15区画,5110903,24202,POSTAL+ADMIN,2026-07-25,v1,FROZEN,f7d323ca36ee144f88e5874ed6179951e33cc1ee2544b8daf8e1fda3f559239e,35.07904,136.65166,TOWN_CENTROID,B,VERIFIED
MIE03-000612,MIE-03,三重県,桑名市,大山田4丁目 第15区画,5110903,24202,POSTAL+ADMIN,2026-07-25,v1,FROZEN,8d804beb104b2bb40513032dc7eff78c51eba21d1196e2ca6412bb174981b7c8,35.07952,136.65116,TOWN_CENTROID,B,VERIFIED
MIE03-000613,MIE-03,三重県,桑名市,大山田5丁目 第15区画,5110903,24202,POSTAL+ADMIN,2026-07-25,v1,FROZEN,837e3423596312399793369b22933154b8f28ee35768b4b4f294ec358378ba0e,35.07992,136.65474,TOWN_CENTROID,B,VERIFIED
MIE03-000614,MIE-03,三重県,桑名市,大山田6丁目 第15区画,5110903,24202,POSTAL+ADMIN,2026-07-25,v1,FROZEN,1cb2eafb7e865fd2fa5dbeea8e57eeb85980e0862a70dd4bbb4144abf87066bc,35.0796,136.65616,TOWN_CENTROID,B,VERIFIED
MIE03-000615,MIE-03,三重県,桑名市,大山田7丁目 第15区画,5110903,24202,POSTAL+ADMIN,2026-07-25,v1,FROZEN,7386894e3a906daccc78aa4d2e0bb91aec632194bf6b059d758e8fa5ab41806b,35.07792,136.65862,TOWN_CENTROID,B,VERIFIED
MIE03-000616,MIE-03,三重県,桑名市,大山田8丁目 第15区画,5110903,24202,POSTAL+ADMIN,2026-07-25,v1,FROZEN,890b711fa21fa32148ec5de20916152d175c01f2d16ae9f1c8c935ebd8a0eb65,35.0772,136.66004,TOWN_CENTROID,B,VERIFIED
MIE03-000617,MIE-03,三重県,桑名市,大山田1丁目 第16区画,5110903,24202,POSTAL+ADMIN,2026-07-25,v1,FROZEN,bf6ce5d61dbe2811a50b123007e8c109a378ea9faa66f2b68a0950d66148fb9c,35.07712,136.6593,TOWN_CENTROID,B,VERIFIED
MIE03-000618,MIE-03,三重県,桑名市,大山田2丁目 第16区画,5110903,24202,POSTAL+ADMIN,2026-07-25,v1,FROZEN,9249ba1c8d19a702bd8e5b21b87eba9e2cbee5bb70843d9f69c10e878253e98f,35.07944,136.6604,TOWN_CENTROID,B,VERIFIED
MIE03-000619,MIE-03,三重県,桑名市,大山田3丁目 第16区画,5110903,24202,POSTAL+ADMIN,2026-07-25,v1,FROZEN,9f8b3dc80d5695b4e8a91e3fef9bf36c59371ec35f6b2b475773d8354f49b9e9,35.07808,136.66238,TOWN_CENTROID,B,VERIFIED
MIE03-000620,MIE-03,三重県,桑名市,大山田4丁目 第16区画,5110903,24202,POSTAL+ADMIN,2026-07-25,v1,FROZEN,06b4263a3db07a2138e358a9fc9316fdf8151d57058e85d03deccf6ebe8a332a,35.07718,136.63468,TOWN_CENTROID,B,VERIFIED
MIE03-000621,MIE-03,三重県,桑名市,大山田5丁目 第16区画,5110903,24202,POSTAL+ADMIN,2026-07-25,v1,FROZEN,d32ae938f0598f4bed4d2a0f2fb6d7d58de164cd60e63a00fe5ff8f74a8a4967,35.07982,136.63466,TOWN_CENTROID,B,VERIFIED
MIE03-000622,MIE-03,三重県,桑名市,大山田6丁目 第16区画,5110903,24202,POSTAL+ADMIN,2026-07-25,v1,FROZEN,d5ad039212546307c50f24b8689f2f667a94ce66bd287ef2851735ee21b277b0,35.07878,136.63656,TOWN_CENTROID,B,VERIFIED
MIE03-000623,MIE-03,三重県,桑名市,大山田7丁目 第16区画,5110903,24202,POSTAL+ADMIN,2026-07-25,v1,FROZEN,2eec66062b8e2e4cd7d0ac2024177d410137cfab976126d22bea40218221264b,35.0795,136.6379,TOWN_CENTROID,B,VERIFIED
MIE03-000624,MIE-03,三重県,桑名市,大山田8丁目 第16区画,5110903,24202,POSTAL+ADMIN,2026-07-25,v1,FROZEN,43399b1f7c39a0a9978a6170ccefafb83350c8aa1c28078a4631bf042ff7498b,35.08086,136.6402,TOWN_CENTROID,B,VERIFIED
MIE03-000625,MIE-03,三重県,桑名市,大山田1丁目 第17区画,5110903,24202,POSTAL+ADMIN,2026-07-25,v1,FROZEN,9a3097ba93fdeded4ab92263ce3bcda3413b06a41a456ffb8a8e1c4b61f53914,35.07934,136.64186,TOWN_CENTROID,B,VERIFIED
MIE03-000626,MIE-03,三重県,桑名市,大山田2丁目 第17区画,5110903,24202,POSTAL+ADMIN,2026-07-25,v1,FROZEN,1caae6f2cf9a9c448a42bda1cc2491c4a82490ba7294162d3f59231bc1d98645,35.08038,136.64464,TOWN_CENTROID,B,VERIFIED
MIE03-000627,MIE-03,三重県,桑名市,大山田3丁目 第17区画,5110903,24202,POSTAL+ADMIN,2026-07-25,v1,FROZEN,fd7a87cf87188b46c742168a57402878fabed111a004b94cdffbf8f38264b414,35.07918,136.6451,TOWN_CENTROID,B,VERIFIED
MIE03-000628,MIE-03,三重県,桑名市,大山田4丁目 第17区画,5110903,24202,POSTAL+ADMIN,2026-07-25,v1,FROZEN,fafb1338d8dc65e7300455087b0567f4224cceeafd28feb7e351adfa741e06db,35.07758,136.64748,TOWN_CENTROID,B,VERIFIED
MIE03-000629,MIE-03,三重県,桑名市,大山田5丁目 第17区画,5110903,24202,POSTAL+ADMIN,2026-07-25,v1,FROZEN,d8cada10597df9f5518d85a1d43eab2d97255db856d71a21f51d52f038b8fb1a,35.07726,136.64698,TOWN_CENTROID,B,VERIFIED
MIE03-000630,MIE-03,三重県,桑名市,大山田6丁目 第17区画,5110903,24202,POSTAL+ADMIN,2026-07-25,v1,FROZEN,a404516ca53b464dbe5f0bb0506ac6b8fd1d84634f6f0c4670ddc427c726b93a,35.07718,136.64896,TOWN_CENTROID,B,VERIFIED
MIE03-000631,MIE-03,三重県,桑名市,大山田7丁目 第17区画,5110903,24202,POSTAL+ADMIN,2026-07-25,v1,FROZEN,c2d872abee8d86ddda4cf77f87a9d010ea8df1c52fb51028f8a1af08df56f94a,35.07974,136.6519,TOWN_CENTROID,B,VERIFIED
MIE03-000632,MIE-03,三重県,桑名市,大山田8丁目 第17区画,5110903,24202,POSTAL+ADMIN,2026-07-25,v1,FROZEN,41e5126df19895c0b8edde0f32ee2f196c4e185f40d76507132bab8f556e20f6,35.07894,136.65484,TOWN_CENTROID,B,VERIFIED
MIE03-000633,MIE-03,三重県,桑名市,大山田1丁目 第18区画,5110903,24202,POSTAL+ADMIN,2026-07-25,v1,FROZEN,96b8d08f41f68678d61b98850409d5f9cdd5fc75509bbc25c73f96b7d5f1beb9,35.07782,136.65554,TOWN_CENTROID,B,VERIFIED
MIE03-000634,MIE-03,三重県,桑名市,大山田2丁目 第18区画,5110903,24202,POSTAL+ADMIN,2026-07-25,v1,FROZEN,b20a57551b186d9f59ad48dd77e82cbaafaf89073fa779a8adff5df77fc25d7c,35.07846,136.6568,TOWN_CENTROID,B,VERIFIED
MIE03-000635,MIE-03,三重県,桑名市,大山田3丁目 第18区画,5110903,24202,POSTAL+ADMIN,2026-07-25,v1,FROZEN,0bea734e02f2d92372e88bc2018d5c2c3d68fa45190146e3c437dae342f8940c,35.07758,136.65678,TOWN_CENTROID,B,VERIFIED
MIE03-000636,MIE-03,三重県,桑名市,大山田4丁目 第18区画,5110903,24202,POSTAL+ADMIN,2026-07-25,v1,FROZEN,53d2bf00e22ce9d00e25432afe37c70037f290347cd8c64d3ac2efa22e53096e,35.07894,136.6586,TOWN_CENTROID,B,VERIFIED
MIE03-000637,MIE-03,三重県,桑名市,大山田5丁目 第18区画,5110903,24202,POSTAL+ADMIN,2026-07-25,v1,FROZEN,bb6d1a2ee1dd183c6cd685b1e8bdcd010c79857aede32b940ba267c249ae02bd,35.0775,136.65874,TOWN_CENTROID,B,VERIFIED
MIE03-000638,MIE-03,三重県,桑名市,大山田6丁目 第18区画,5110903,24202,POSTAL+ADMIN,2026-07-25,v1,FROZEN,1c32e7a1f3ba4e9fe4e0e2fa52310a5f6c12449cb320337dd4cc49728750916d,35.07774,136.662,TOWN_CENTROID,B,VERIFIED
MIE03-000639,MIE-03,三重県,桑名市,大山田7丁目 第18区画,5110903,24202,POSTAL+ADMIN,2026-07-25,v1,FROZEN,b182e3b0b24ac8d6689cdf40d32ee43bb6dcc3fce4f911eff04de0f6c1a3495f,35.0771,136.66174,TOWN_CENTROID,B,VERIFIED
MIE03-000640,MIE-03,三重県,桑名市,大山田8丁目 第18区画,5110903,24202,POSTAL+ADMIN,2026-07-25,v1,FROZEN,85a1874f4486e0b71bca85f700ceae906a5204bdf369eb0517797ad34d6ded10,35.08004,136.63356,TOWN_CENTROID,B,VERIFIED
MIE03-000641,MIE-03,三重県,桑名市,大山田1丁目 第19区画,5110903,24202,POSTAL+ADMIN,2026-07-25,v1,FROZEN,243da9091aeea94aef6ad477e6e4959bead2e1138518090473b715a9753f54bb,35.07956,136.63682,TOWN_CENTROID,B,VERIFIED
MIE03-000642,MIE-03,三重県,桑名市,大山田2丁目 第19区画,5110903,24202,POSTAL+ADMIN,2026-07-25,v1,FROZEN,0dc1bea17228a83137c87729a710fc69c1b88b3aee781febd14dce8d4fa0b5cd,35.07916,136.6368,TOWN_CENTROID,B,VERIFIED
MIE03-000643,MIE-03,三重県,桑名市,大山田3丁目 第19区画,5110903,24202,POSTAL+ADMIN,2026-07-25,v1,FROZEN,4abbe8d9beaaa5bfd2ae083ead98c43e851bb71221a4f0186f45995eca8ed6ec,35.07916,136.63854,TOWN_CENTROID,B,VERIFIED
MIE03-000644,MIE-03,三重県,桑名市,大山田4丁目 第19区画,5110903,24202,POSTAL+ADMIN,2026-07-25,v1,FROZEN,d234b16791b8622dd72d51c54056561c421a3d61ccd96c5002030ab83b879b11,35.08212,136.64268,TOWN_CENTROID,B,VERIFIED
MIE03-000645,MIE-03,三重県,桑名市,大山田5丁目 第19区画,5110903,24202,POSTAL+ADMIN,2026-07-25,v1,FROZEN,b95577f6ad010c4409644f9f8d31bbe78b012f99808b1464f210d62359c9ae97,35.08148,136.64418,TOWN_CENTROID,B,VERIFIED
MIE03-000646,MIE-03,三重県,桑名市,大山田6丁目 第19区画,5110903,24202,POSTAL+ADMIN,2026-07-25,v1,FROZEN,74affc53b33fd8036386aca7ec6ffe78989ff6b559a95b5e0ab0bcf91bc1ec3d,35.07836,136.64576,TOWN_CENTROID,B,VERIFIED
MIE03-000647,MIE-03,三重県,桑名市,大山田7丁目 第19区画,5110903,24202,POSTAL+ADMIN,2026-07-25,v1,FROZEN,9086f2ac7d8f7094dd500eaaea4df94c00d536df3455d5c5d20566bcfa033d66,35.08148,136.6459,TOWN_CENTROID,B,VERIFIED
MIE03-000648,MIE-03,三重県,桑名市,大山田8丁目 第19区画,5110903,24202,POSTAL+ADMIN,2026-07-25,v1,FROZEN,0f60edf45a651e50514477fe1f0a8344bec5637c4303077b68b2e27a93469acc,35.08188,136.64716,TOWN_CENTROID,B,VERIFIED
MIE03-000649,MIE-03,三重県,桑名市,大山田1丁目 第20区画,5110903,24202,POSTAL+ADMIN,2026-07-25,v1,FROZEN,5f65eb0f0bde7a9d4cb2043b285c1ffe2ebb22fa887401e49e0c9c2e52a09458,35.081,136.6501,TOWN_CENTROID,B,VERIFIED
MIE03-000650,MIE-03,三重県,桑名市,大山田2丁目 第20区画,5110903,24202,POSTAL+ADMIN,2026-07-25,v1,FROZEN,c2a7dc86722a5535bb5ce51939bd29c7e5f11028d19cc41332852af59b71f3e5,35.08116,136.65064,TOWN_CENTROID,B,VERIFIED
MIE03-000651,MIE-03,三重県,桑名市,大山田3丁目 第20区画,5110903,24202,POSTAL+ADMIN,2026-07-25,v1,FROZEN,130e2b2f74cbc62626a49a9239a506fb14187d8928351b1f1b47bb9d5261c3d8,35.0818,136.65246,TOWN_CENTROID,B,VERIFIED
MIE03-000652,MIE-03,三重県,桑名市,大山田4丁目 第20区画,5110903,24202,POSTAL+ADMIN,2026-07-25,v1,FROZEN,af587e9a02f41581182a21bc1b8773106c69b7cded5e2d07a31d4616276c077d,35.07948,136.65332,TOWN_CENTROID,B,VERIFIED
MIE03-000653,MIE-03,三重県,桑名市,大山田5丁目 第20区画,5110903,24202,POSTAL+ADMIN,2026-07-25,v1,FROZEN,2972fe6c312cecc1cc23ad14091a73fedcf0cf011616fa632ce20c235cc285fc,35.07836,136.65498,TOWN_CENTROID,B,VERIFIED
MIE03-000654,MIE-03,三重県,桑名市,大山田6丁目 第20区画,5110903,24202,POSTAL+ADMIN,2026-07-25,v1,FROZEN,93fd824a184eeefbdfcbdf08b7c1a3b5d22f6c08b8cb696834ec1fff2d56275c,35.07972,136.65704,TOWN_CENTROID,B,VERIFIED
MIE03-000655,MIE-03,三重県,桑名市,大山田7丁目 第20区画,5110903,24202,POSTAL+ADMIN,2026-07-25,v1,FROZEN,48a5fca33fc3aa5bc8d5eb6ac6ff34bef79ebc5d03bddd46eccf95bd0af38ba0,35.07916,136.65678,TOWN_CENTROID,B,VERIFIED
MIE03-000656,MIE-03,三重県,桑名市,大山田8丁目 第20区画,5110903,24202,POSTAL+ADMIN,2026-07-25,v1,FROZEN,580ec080e495d048e835a4ef427532e2750239dc97835abada3f631d5c5ee42b,35.08036,136.65988,TOWN_CENTROID,B,VERIFIED
MIE03-000657,MIE-03,三重県,桑名市,大山田1丁目,5110903,24202,POSTAL+ADMIN,2026-07-25,v1,FROZEN,f79df0ff3a5eb64cb9992a8ec15a919f38a5f6ad03d5820b87248b0aaaeb5ce6,35.07988,136.66082,TOWN_CENTROID,B,VERIFIED
MIE03-000658,MIE-03,三重県,桑名市,大山田2丁目,5110903,24202,POSTAL+ADMIN,2026-07-25,v1,FROZEN,08eaf31b73d467bbe25ee8eec9194bca791b10db490500e07e0320d71f404807,35.0786,136.66072,TOWN_CENTROID,B,VERIFIED
MIE03-000659,MIE-03,三重県,桑名市,大山田3丁目,5110903,24202,POSTAL+ADMIN,2026-07-25,v1,FROZEN,214c937759d16276b550da0512945a52a64688f40f242f3721e600d2edf86799,35.08204,136.6627,TOWN_CENTROID,B,VERIFIED
MIE03-000660,MIE-03,三重県,桑名市,大山田4丁目,5110903,24202,POSTAL+ADMIN,2026-07-25,v1,FROZEN,067f806c949d3dc508184484398696d0f890f004c6b94557e7f2ec6628e10ffa,35.07946,136.63348,TOWN_CENTROID,B,VERIFIED
MIE03-000661,MIE-03,三重県,桑名市,大山田5丁目,5110903,24202,POSTAL+ADMIN,2026-07-25,v1,FROZEN,a5cf72154120d5e647f4b2efd9734c5cccf817071246d50712ac83a73c8649f2,35.08234,136.6369,TOWN_CENTROID,B,VERIFIED
MIE03-000662,MIE-03,三重県,桑名市,大山田6丁目,5110903,24202,POSTAL+ADMIN,2026-07-25,v1,FROZEN,c576a508f86ffca2355c53205e3cb2d5f6abfcd55a3a0f56ad18adf945dfbb54,35.0813,136.63984,TOWN_CENTROID,B,VERIFIED
MIE03-000663,MIE-03,三重県,桑名市,大山田7丁目,5110903,24202,POSTAL+ADMIN,2026-07-25,v1,FROZEN,ea0a66e0ccd52088510debac15825cf40167df501ba4b884d5f8b5738a1d26e6,35.08114,136.6383,TOWN_CENTROID,B,VERIFIED
MIE03-000664,MIE-03,三重県,桑名市,大山田8丁目,5110903,24202,POSTAL+ADMIN,2026-07-25,v1,FROZEN,3b9be4fb7e2e90ae9662395516a525873f22c91666ce60a76365c1c41a432f7e,35.08306,136.64196,TOWN_CENTROID,B,VERIFIED
MIE03-000665,MIE-03,三重県,桑名市,長島町駒江 第2区画,5111144,24202,POSTAL+ADMIN,2026-07-25,v1,FROZEN,87ad972029a70d9c6aa9e3dab451aba0d2fd47f0372bdac3e6d608555207b776,35.04306,136.70394,TOWN_CENTROID,B,VERIFIED
MIE03-000666,MIE-03,三重県,桑名市,長島町駒江 第3区画,5111144,24202,POSTAL+ADMIN,2026-07-25,v1,FROZEN,cfb8acaca0eccaf8618e920f9b1093d48742dd23e26ba7a107536e2ca512da91,35.04034,136.70456,TOWN_CENTROID,B,VERIFIED
MIE03-000667,MIE-03,三重県,桑名市,長島町駒江 第4区画,5111144,24202,POSTAL+ADMIN,2026-07-25,v1,FROZEN,ee3758ada764d483f41a61b62a3b7261975a5e7f46b98c52335cc67c6501d452,35.03954,136.70622,TOWN_CENTROID,B,VERIFIED
MIE03-000668,MIE-03,三重県,桑名市,長島町駒江 第5区画,5111144,24202,POSTAL+ADMIN,2026-07-25,v1,FROZEN,8e038c4c4e45bf6da74f4e87517a50b57cc74641044c308df1383d5e2b6212f5,35.04082,136.70732,TOWN_CENTROID,B,VERIFIED
MIE03-000669,MIE-03,三重県,桑名市,長島町駒江 第6区画,5111144,24202,POSTAL+ADMIN,2026-07-25,v1,FROZEN,f55bc381f3c7bed59818801d7a13c7e5309d42209d9c743e8f364ccd24872a66,35.04186,136.7069,TOWN_CENTROID,B,VERIFIED
MIE03-000670,MIE-03,三重県,桑名市,長島町駒江 第7区画,5111144,24202,POSTAL+ADMIN,2026-07-25,v1,FROZEN,db42a780bec959bc4055a91dc51a8af0822ab9208215d73db121ad9f0e25ba9c,35.0413,136.70108,TOWN_CENTROID,B,VERIFIED
MIE03-000671,MIE-03,三重県,桑名市,長島町駒江 第8区画,5111144,24202,POSTAL+ADMIN,2026-07-25,v1,FROZEN,f3219b1b0fd9452b19b76b1cdc87f5d7ca2e63cedb14c55dfb404b8066705bac,35.04082,136.70378,TOWN_CENTROID,B,VERIFIED
MIE03-000672,MIE-03,三重県,桑名市,長島町駒江 第9区画,5111144,24202,POSTAL+ADMIN,2026-07-25,v1,FROZEN,faad996eb07f94c34082a9fadae101dd334ebd2bb7972e14b88d413071a48124,35.0397,136.70448,TOWN_CENTROID,B,VERIFIED
MIE03-000673,MIE-03,三重県,桑名市,長島町駒江 第10区画,5111144,24202,POSTAL+ADMIN,2026-07-25,v1,FROZEN,bb4e3dc49c0e60242fb70555f53f0eb74583ff39f8023dac24fdc1b61da4f865,35.04298,136.70846,TOWN_CENTROID,B,VERIFIED
MIE03-000674,MIE-03,三重県,桑名市,長島町駒江 第11区画,5111144,24202,POSTAL+ADMIN,2026-07-25,v1,FROZEN,863a1f232cb6fc761f158754544686a1e7c405b626aa93c367da963f27470dd8,35.0409,136.70884,TOWN_CENTROID,B,VERIFIED
MIE03-000675,MIE-03,三重県,桑名市,長島町駒江 第12区画,5111144,24202,POSTAL+ADMIN,2026-07-25,v1,FROZEN,8cc4b0dc1fe2eb8fe781ee0301077996b00b7366765bfb0d7a3f8dfee3046095,35.04146,136.70286,TOWN_CENTROID,B,VERIFIED
MIE03-000676,MIE-03,三重県,桑名市,長島町駒江 第13区画,5111144,24202,POSTAL+ADMIN,2026-07-25,v1,FROZEN,9691b529d249330ffe6356ee949607cacb6ff18d970236fa240beb91ec6c28ec,35.04114,136.70556,TOWN_CENTROID,B,VERIFIED
MIE03-000677,MIE-03,三重県,桑名市,長島町駒江 第14区画,5111144,24202,POSTAL+ADMIN,2026-07-25,v1,FROZEN,f02eb64673920567b10dd1e2733b90375db01f005de0b572d49317bce202997b,35.04234,136.7049,TOWN_CENTROID,B,VERIFIED
MIE03-000678,MIE-03,三重県,桑名市,長島町駒江 第15区画,5111144,24202,POSTAL+ADMIN,2026-07-25,v1,FROZEN,e29ac73bfc215de57c35f3834aacca820f2faf79b6e10a62acb81401705d0c3a,35.04186,136.70888,TOWN_CENTROID,B,VERIFIED
MIE03-000679,MIE-03,三重県,桑名市,長島町駒江 第16区画,5111144,24202,POSTAL+ADMIN,2026-07-25,v1,FROZEN,ebdf035841bec2e0cccd31abe6c59d9d21ef4d19aa2f7b7723706c92307ffede,35.0401,136.7025,TOWN_CENTROID,B,VERIFIED
MIE03-000680,MIE-03,三重県,桑名市,長島町駒江 第17区画,5111144,24202,POSTAL+ADMIN,2026-07-25,v1,FROZEN,57b639b06dd4e1d06a82c82943e98af288a99a6cc996f494f270d5b6e18807d0,35.04256,136.70112,TOWN_CENTROID,B,VERIFIED
MIE03-000681,MIE-03,三重県,桑名市,長島町駒江 第18区画,5111144,24202,POSTAL+ADMIN,2026-07-25,v1,FROZEN,d21ee181b0fb0f9b93d0da5e33ce33c5624c7b0f4ebf5b6a889fc7ce3590138a,35.04136,136.7035,TOWN_CENTROID,B,VERIFIED
MIE03-000682,MIE-03,三重県,桑名市,長島町駒江 第19区画,5111144,24202,POSTAL+ADMIN,2026-07-25,v1,FROZEN,61016c36638d130de0aedf2e426aee0438bb09a41158f81e4f8ec93bd952a774,35.04096,136.70548,TOWN_CENTROID,B,VERIFIED
MIE03-000683,MIE-03,三重県,桑名市,長島町駒江 第20区画,5111144,24202,POSTAL+ADMIN,2026-07-25,v1,FROZEN,f0d4dbe471804965f514a22503afb4b5bf916d75f4224f822d5277e3b986357f,35.042,136.70506,TOWN_CENTROID,B,VERIFIED
MIE03-000684,MIE-03,三重県,桑名市,長島町駒江,5111144,24202,POSTAL+ADMIN,2026-07-25,v1,FROZEN,572eafed7bdfd34ccb9de0c9965d6482054ec2edbb02e7f71fe0c1ac7ca08d59,35.04432,136.7092,TOWN_CENTROID,B,VERIFIED